cluster_id	dup_class4	region	meta_index	rel_pos	n_summit	width_bp	cov_frac	density_per_kb
clust0006	clustered_SSD_tandem	left_flank	0	-0.975	0	5000	0.0	0.0
clust0006	clustered_SSD_tandem	left_flank	1	-0.925	0	5000	0.0	0.0
clust0006	clustered_SSD_tandem	left_flank	2	-0.875	0	5000	0.0	0.0
clust0006	clustered_SSD_tandem	left_flank	3	-0.825	0	5000	0.0	0.0
clust0006	clustered_SSD_tandem	left_flank	4	-0.775	0	5000	0.0	0.0
clust0006	clustered_SSD_tandem	left_flank	5	-0.725	0	5000	0.0	0.0
clust0006	clustered_SSD_tandem	left_flank	6	-0.675	0	5000	0.0	0.0
clust0006	clustered_SSD_tandem	left_flank	7	-0.625	0	5000	0.0	0.0
clust0006	clustered_SSD_tandem	left_flank	8	-0.575	0	5000	0.0	0.0
clust0006	clustered_SSD_tandem	left_flank	9	-0.525	0	5000	0.0	0.0
clust0006	clustered_SSD_tandem	left_flank	10	-0.475	0	5000	0.0	0.0
clust0006	clustered_SSD_tandem	left_flank	11	-0.425	0	5000	0.0	0.0
clust0006	clustered_SSD_tandem	left_flank	12	-0.375	0	5000	0.0	0.0
clust0006	clustered_SSD_tandem	left_flank	13	-0.325	1	5000	0.0328	0.2
clust0006	clustered_SSD_tandem	left_flank	14	-0.275	1	5000	0.0432	0.2
clust0006	clustered_SSD_tandem	left_flank	15	-0.225	0	5000	0.0	0.0
clust0006	clustered_SSD_tandem	left_flank	16	-0.175	1	5000	0.0432	0.2
clust0006	clustered_SSD_tandem	left_flank	17	-0.125	1	5000	0.022	0.2
clust0006	clustered_SSD_tandem	left_flank	18	-0.075	0	5000	0.0	0.0
clust0006	clustered_SSD_tandem	left_flank	19	-0.025	0	5000	0.0	0.0
clust0006	clustered_SSD_tandem	body	20	0.025	0	1046	0.0	0.0
clust0006	clustered_SSD_tandem	body	21	0.075	0	1047	0.0	0.0
clust0006	clustered_SSD_tandem	body	22	0.125	0	1047	0.0	0.0
clust0006	clustered_SSD_tandem	body	23	0.175	1	1046	0.206501	0.956023
clust0006	clustered_SSD_tandem	body	24	0.225	0	1047	0.0	0.0
clust0006	clustered_SSD_tandem	body	25	0.275	0	1047	0.0	0.0
clust0006	clustered_SSD_tandem	body	26	0.325	0	1046	0.0	0.0
clust0006	clustered_SSD_tandem	body	27	0.375	0	1047	0.0	0.0
clust0006	clustered_SSD_tandem	body	28	0.425	0	1047	0.0	0.0
clust0006	clustered_SSD_tandem	body	29	0.475	0	1047	0.0	0.0
clust0006	clustered_SSD_tandem	body	30	0.525	0	1046	0.0	0.0
clust0006	clustered_SSD_tandem	body	31	0.575	0	1047	0.0	0.0
clust0006	clustered_SSD_tandem	body	32	0.625	0	1047	0.0	0.0
clust0006	clustered_SSD_tandem	body	33	0.675	0	1046	0.0	0.0
clust0006	clustered_SSD_tandem	body	34	0.725	0	1047	0.0	0.0
clust0006	clustered_SSD_tandem	body	35	0.775	0	1047	0.0	0.0
clust0006	clustered_SSD_tandem	body	36	0.825	0	1046	0.0	0.0
clust0006	clustered_SSD_tandem	body	37	0.875	0	1047	0.0	0.0
clust0006	clustered_SSD_tandem	body	38	0.925	0	1047	0.010506	0.0
clust0006	clustered_SSD_tandem	body	39	0.975	2	1047	0.260745	1.91022
clust0006	clustered_SSD_tandem	right_flank	40	1.025	0	5000	0.0	0.0
clust0006	clustered_SSD_tandem	right_flank	41	1.075	0	5000	0.0	0.0
clust0006	clustered_SSD_tandem	right_flank	42	1.125	0	5000	0.0	0.0
clust0006	clustered_SSD_tandem	right_flank	43	1.175	0	5000	0.0	0.0
clust0006	clustered_SSD_tandem	right_flank	44	1.225	0	5000	0.0	0.0
clust0006	clustered_SSD_tandem	right_flank	45	1.275	0	5000	0.0	0.0
clust0006	clustered_SSD_tandem	right_flank	46	1.325	0	5000	0.0	0.0
clust0006	clustered_SSD_tandem	right_flank	47	1.375	0	5000	0.0	0.0
clust0006	clustered_SSD_tandem	right_flank	48	1.425	0	5000	0.0	0.0
clust0006	clustered_SSD_tandem	right_flank	49	1.475	1	5000	0.024	0.2
clust0006	clustered_SSD_tandem	right_flank	50	1.525	0	5000	0.0	0.0
clust0006	clustered_SSD_tandem	right_flank	51	1.575	0	5000	0.0	0.0
clust0006	clustered_SSD_tandem	right_flank	52	1.625	0	5000	0.0	0.0
clust0006	clustered_SSD_tandem	right_flank	53	1.675	1	5000	0.0188	0.2
clust0006	clustered_SSD_tandem	right_flank	54	1.725	0	5000	0.0	0.0
clust0006	clustered_SSD_tandem	right_flank	55	1.775	0	5000	0.0	0.0
clust0006	clustered_SSD_tandem	right_flank	56	1.825	0	5000	0.0	0.0
clust0006	clustered_SSD_tandem	right_flank	57	1.875	0	5000	0.0	0.0
clust0006	clustered_SSD_tandem	right_flank	58	1.925	0	5000	0.0	0.0
clust0006	clustered_SSD_tandem	right_flank	59	1.975	0	2278	0.0	0.0
clust0042	clustered_SSD_tandem	left_flank	0	-0.975	0	5000	0.0	0.0
clust0042	clustered_SSD_tandem	left_flank	1	-0.925	0	5000	0.0	0.0
clust0042	clustered_SSD_tandem	left_flank	2	-0.875	1	5000	0.0114	0.2
clust0042	clustered_SSD_tandem	left_flank	3	-0.825	0	5000	0.0	0.0
clust0042	clustered_SSD_tandem	left_flank	4	-0.775	0	5000	0.0	0.0
clust0042	clustered_SSD_tandem	left_flank	5	-0.725	0	5000	0.0	0.0
clust0042	clustered_SSD_tandem	left_flank	6	-0.675	0	5000	0.0	0.0
clust0042	clustered_SSD_tandem	left_flank	7	-0.625	0	5000	0.0	0.0
clust0042	clustered_SSD_tandem	left_flank	8	-0.575	0	5000	0.0	0.0
clust0042	clustered_SSD_tandem	left_flank	9	-0.525	0	5000	0.0	0.0
clust0042	clustered_SSD_tandem	left_flank	10	-0.475	0	5000	0.0	0.0
clust0042	clustered_SSD_tandem	left_flank	11	-0.425	0	5000	0.0	0.0
clust0042	clustered_SSD_tandem	left_flank	12	-0.375	0	5000	0.0	0.0
clust0042	clustered_SSD_tandem	left_flank	13	-0.325	0	5000	0.0	0.0
clust0042	clustered_SSD_tandem	left_flank	14	-0.275	0	5000	0.0	0.0
clust0042	clustered_SSD_tandem	left_flank	15	-0.225	0	5000	0.0	0.0
clust0042	clustered_SSD_tandem	left_flank	16	-0.175	0	5000	0.0	0.0
clust0042	clustered_SSD_tandem	left_flank	17	-0.125	0	5000	0.0	0.0
clust0042	clustered_SSD_tandem	left_flank	18	-0.075	0	5000	0.0	0.0
clust0042	clustered_SSD_tandem	left_flank	19	-0.025	0	5000	0.0	0.0
clust0042	clustered_SSD_tandem	body	20	0.025	0	1696	0.0	0.0
clust0042	clustered_SSD_tandem	body	21	0.075	0	1697	0.0	0.0
clust0042	clustered_SSD_tandem	body	22	0.125	0	1696	0.0	0.0
clust0042	clustered_SSD_tandem	body	23	0.175	0	1697	0.0	0.0
clust0042	clustered_SSD_tandem	body	24	0.225	0	1696	0.0	0.0
clust0042	clustered_SSD_tandem	body	25	0.275	0	1697	0.0	0.0
clust0042	clustered_SSD_tandem	body	26	0.325	0	1696	0.0	0.0
clust0042	clustered_SSD_tandem	body	27	0.375	0	1697	0.0	0.0
clust0042	clustered_SSD_tandem	body	28	0.425	0	1696	0.0	0.0
clust0042	clustered_SSD_tandem	body	29	0.475	0	1697	0.0	0.0
clust0042	clustered_SSD_tandem	body	30	0.525	0	1696	0.0	0.0
clust0042	clustered_SSD_tandem	body	31	0.575	0	1697	0.0	0.0
clust0042	clustered_SSD_tandem	body	32	0.625	0	1696	0.0	0.0
clust0042	clustered_SSD_tandem	body	33	0.675	0	1697	0.0	0.0
clust0042	clustered_SSD_tandem	body	34	0.725	0	1696	0.0	0.0
clust0042	clustered_SSD_tandem	body	35	0.775	0	1697	0.0	0.0
clust0042	clustered_SSD_tandem	body	36	0.825	0	1696	0.0	0.0
clust0042	clustered_SSD_tandem	body	37	0.875	0	1697	0.0	0.0
clust0042	clustered_SSD_tandem	body	38	0.925	0	1696	0.0	0.0
clust0042	clustered_SSD_tandem	body	39	0.975	0	1697	0.0	0.0
clust0042	clustered_SSD_tandem	right_flank	40	1.025	0	5000	0.0	0.0
clust0042	clustered_SSD_tandem	right_flank	41	1.075	1	5000	0.0238	0.2
clust0042	clustered_SSD_tandem	right_flank	42	1.125	0	5000	0.0	0.0
clust0042	clustered_SSD_tandem	right_flank	43	1.175	0	5000	0.0	0.0
clust0042	clustered_SSD_tandem	right_flank	44	1.225	0	5000	0.0	0.0
clust0042	clustered_SSD_tandem	right_flank	45	1.275	0	5000	0.0	0.0
clust0042	clustered_SSD_tandem	right_flank	46	1.325	1	5000	0.0432	0.2
clust0042	clustered_SSD_tandem	right_flank	47	1.375	0	5000	0.0	0.0
clust0042	clustered_SSD_tandem	right_flank	48	1.425	0	5000	0.0	0.0
clust0042	clustered_SSD_tandem	right_flank	49	1.475	0	5000	0.0	0.0
clust0042	clustered_SSD_tandem	right_flank	50	1.525	0	5000	0.0	0.0
clust0042	clustered_SSD_tandem	right_flank	51	1.575	0	5000	0.0	0.0
clust0042	clustered_SSD_tandem	right_flank	52	1.625	1	5000	0.0188	0.2
clust0042	clustered_SSD_tandem	right_flank	53	1.675	0	5000	0.0	0.0
clust0042	clustered_SSD_tandem	right_flank	54	1.725	0	5000	0.0	0.0
clust0042	clustered_SSD_tandem	right_flank	55	1.775	0	5000	0.0	0.0
clust0042	clustered_SSD_tandem	right_flank	56	1.825	0	5000	0.0	0.0
clust0042	clustered_SSD_tandem	right_flank	57	1.875	0	5000	0.0	0.0
clust0042	clustered_SSD_tandem	right_flank	58	1.925	0	5000	0.0	0.0
clust0042	clustered_SSD_tandem	right_flank	59	1.975	0	5000	0.0	0.0
clust0072	clustered_SSD_tandem	left_flank	0	-0.975	0	5000	0.0	0.0
clust0072	clustered_SSD_tandem	left_flank	1	-0.925	0	5000	0.0	0.0
clust0072	clustered_SSD_tandem	left_flank	2	-0.875	0	5000	0.0	0.0
clust0072	clustered_SSD_tandem	left_flank	3	-0.825	0	5000	0.0	0.0
clust0072	clustered_SSD_tandem	left_flank	4	-0.775	0	5000	0.0	0.0
clust0072	clustered_SSD_tandem	left_flank	5	-0.725	0	5000	0.0	0.0
clust0072	clustered_SSD_tandem	left_flank	6	-0.675	0	5000	0.0	0.0
clust0072	clustered_SSD_tandem	left_flank	7	-0.625	0	5000	0.0	0.0
clust0072	clustered_SSD_tandem	left_flank	8	-0.575	0	5000	0.0	0.0
clust0072	clustered_SSD_tandem	left_flank	9	-0.525	0	5000	0.0	0.0
clust0072	clustered_SSD_tandem	left_flank	10	-0.475	0	5000	0.0	0.0
clust0072	clustered_SSD_tandem	left_flank	11	-0.425	0	5000	0.0	0.0
clust0072	clustered_SSD_tandem	left_flank	12	-0.375	0	5000	0.0	0.0
clust0072	clustered_SSD_tandem	left_flank	13	-0.325	0	5000	0.0	0.0
clust0072	clustered_SSD_tandem	left_flank	14	-0.275	0	5000	0.0	0.0
clust0072	clustered_SSD_tandem	left_flank	15	-0.225	0	5000	0.0	0.0
clust0072	clustered_SSD_tandem	left_flank	16	-0.175	0	5000	0.0	0.0
clust0072	clustered_SSD_tandem	left_flank	17	-0.125	0	5000	0.0	0.0
clust0072	clustered_SSD_tandem	left_flank	18	-0.075	0	5000	0.0	0.0
clust0072	clustered_SSD_tandem	left_flank	19	-0.025	0	5000	0.0	0.0
clust0072	clustered_SSD_tandem	body	20	0.025	0	6481	0.0	0.0
clust0072	clustered_SSD_tandem	body	21	0.075	0	6481	0.0	0.0
clust0072	clustered_SSD_tandem	body	22	0.125	0	6481	0.0	0.0
clust0072	clustered_SSD_tandem	body	23	0.175	0	6482	0.0	0.0
clust0072	clustered_SSD_tandem	body	24	0.225	0	6481	0.0	0.0
clust0072	clustered_SSD_tandem	body	25	0.275	0	6481	0.0	0.0
clust0072	clustered_SSD_tandem	body	26	0.325	0	6481	0.0	0.0
clust0072	clustered_SSD_tandem	body	27	0.375	0	6482	0.0	0.0
clust0072	clustered_SSD_tandem	body	28	0.425	0	6481	0.0	0.0
clust0072	clustered_SSD_tandem	body	29	0.475	0	6481	0.0	0.0
clust0072	clustered_SSD_tandem	body	30	0.525	0	6481	0.0	0.0
clust0072	clustered_SSD_tandem	body	31	0.575	0	6482	0.0	0.0
clust0072	clustered_SSD_tandem	body	32	0.625	0	6481	0.0	0.0
clust0072	clustered_SSD_tandem	body	33	0.675	0	6481	0.0	0.0
clust0072	clustered_SSD_tandem	body	34	0.725	0	6481	0.0	0.0
clust0072	clustered_SSD_tandem	body	35	0.775	0	6482	0.0	0.0
clust0072	clustered_SSD_tandem	body	36	0.825	1	6481	0.033328	0.154297
clust0072	clustered_SSD_tandem	body	37	0.875	1	6481	0.016973	0.154297
clust0072	clustered_SSD_tandem	body	38	0.925	0	6481	0.0	0.0
clust0072	clustered_SSD_tandem	body	39	0.975	0	6482	0.0	0.0
clust0072	clustered_SSD_tandem	right_flank	40	1.025	0	5000	0.0	0.0
clust0072	clustered_SSD_tandem	right_flank	41	1.075	0	5000	0.0	0.0
clust0072	clustered_SSD_tandem	right_flank	42	1.125	0	5000	0.0	0.0
clust0072	clustered_SSD_tandem	right_flank	43	1.175	0	5000	0.0	0.0
clust0072	clustered_SSD_tandem	right_flank	44	1.225	0	5000	0.0	0.0
clust0072	clustered_SSD_tandem	right_flank	45	1.275	0	5000	0.0	0.0
clust0072	clustered_SSD_tandem	right_flank	46	1.325	0	5000	0.0	0.0
clust0072	clustered_SSD_tandem	right_flank	47	1.375	0	5000	0.0	0.0
clust0072	clustered_SSD_tandem	right_flank	48	1.425	0	5000	0.0	0.0
clust0072	clustered_SSD_tandem	right_flank	49	1.475	1	5000	0.0324	0.2
clust0072	clustered_SSD_tandem	right_flank	50	1.525	0	5000	0.0	0.0
clust0072	clustered_SSD_tandem	right_flank	51	1.575	0	5000	0.0	0.0
clust0072	clustered_SSD_tandem	right_flank	52	1.625	0	5000	0.0	0.0
clust0072	clustered_SSD_tandem	right_flank	53	1.675	0	5000	0.0	0.0
clust0072	clustered_SSD_tandem	right_flank	54	1.725	0	5000	0.0	0.0
clust0072	clustered_SSD_tandem	right_flank	55	1.775	0	5000	0.0	0.0
clust0072	clustered_SSD_tandem	right_flank	56	1.825	0	5000	0.0	0.0
clust0072	clustered_SSD_tandem	right_flank	57	1.875	0	5000	0.0	0.0
clust0072	clustered_SSD_tandem	right_flank	58	1.925	0	5000	0.0	0.0
clust0072	clustered_SSD_tandem	right_flank	59	1.975	1	5000	0.0148	0.2
clust0003	clustered_SSD_tandem	left_flank	0	-0.975	0	5000	0.0	0.0
clust0003	clustered_SSD_tandem	left_flank	1	-0.925	0	5000	0.0	0.0
clust0003	clustered_SSD_tandem	left_flank	2	-0.875	0	5000	0.0	0.0
clust0003	clustered_SSD_tandem	left_flank	3	-0.825	0	5000	0.0	0.0
clust0003	clustered_SSD_tandem	left_flank	4	-0.775	0	5000	0.0	0.0
clust0003	clustered_SSD_tandem	left_flank	5	-0.725	0	5000	0.0	0.0
clust0003	clustered_SSD_tandem	left_flank	6	-0.675	0	5000	0.0	0.0
clust0003	clustered_SSD_tandem	left_flank	7	-0.625	0	5000	0.0	0.0
clust0003	clustered_SSD_tandem	left_flank	8	-0.575	0	5000	0.0	0.0
clust0003	clustered_SSD_tandem	left_flank	9	-0.525	0	5000	0.0	0.0
clust0003	clustered_SSD_tandem	left_flank	10	-0.475	0	5000	0.0	0.0
clust0003	clustered_SSD_tandem	left_flank	11	-0.425	0	5000	0.0	0.0
clust0003	clustered_SSD_tandem	left_flank	12	-0.375	0	5000	0.0	0.0
clust0003	clustered_SSD_tandem	left_flank	13	-0.325	0	5000	0.0	0.0
clust0003	clustered_SSD_tandem	left_flank	14	-0.275	0	5000	0.0	0.0
clust0003	clustered_SSD_tandem	left_flank	15	-0.225	0	5000	0.0	0.0
clust0003	clustered_SSD_tandem	left_flank	16	-0.175	1	5000	0.024	0.2
clust0003	clustered_SSD_tandem	left_flank	17	-0.125	0	5000	0.0	0.0
clust0003	clustered_SSD_tandem	left_flank	18	-0.075	0	5000	0.0	0.0
clust0003	clustered_SSD_tandem	left_flank	19	-0.025	1	5000	0.0432	0.2
clust0003	clustered_SSD_tandem	body	20	0.025	0	4229	0.0	0.0
clust0003	clustered_SSD_tandem	body	21	0.075	0	4229	0.0	0.0
clust0003	clustered_SSD_tandem	body	22	0.125	0	4229	0.0	0.0
clust0003	clustered_SSD_tandem	body	23	0.175	1	4229	0.051076	0.236463
clust0003	clustered_SSD_tandem	body	24	0.225	1	4230	0.051064	0.236407
clust0003	clustered_SSD_tandem	body	25	0.275	0	4229	0.0	0.0
clust0003	clustered_SSD_tandem	body	26	0.325	0	4229	0.0	0.0
clust0003	clustered_SSD_tandem	body	27	0.375	1	4229	0.051076	0.236463
clust0003	clustered_SSD_tandem	body	28	0.425	0	4229	0.0	0.0
clust0003	clustered_SSD_tandem	body	29	0.475	0	4230	0.0	0.0
clust0003	clustered_SSD_tandem	body	30	0.525	0	4229	0.0	0.0
clust0003	clustered_SSD_tandem	body	31	0.575	0	4229	0.0	0.0
clust0003	clustered_SSD_tandem	body	32	0.625	1	4229	0.051076	0.236463
clust0003	clustered_SSD_tandem	body	33	0.675	0	4229	0.0	0.0
clust0003	clustered_SSD_tandem	body	34	0.725	1	4230	0.03026	0.236407
clust0003	clustered_SSD_tandem	body	35	0.775	0	4229	0.0	0.0
clust0003	clustered_SSD_tandem	body	36	0.825	0	4229	0.0	0.0
clust0003	clustered_SSD_tandem	body	37	0.875	0	4229	0.0	0.0
clust0003	clustered_SSD_tandem	body	38	0.925	0	4229	0.0	0.0
clust0003	clustered_SSD_tandem	body	39	0.975	0	4230	0.0	0.0
clust0003	clustered_SSD_tandem	right_flank	40	1.025	0	5000	0.0	0.0
clust0003	clustered_SSD_tandem	right_flank	41	1.075	1	5000	0.0432	0.2
clust0003	clustered_SSD_tandem	right_flank	42	1.125	0	5000	0.0	0.0
clust0003	clustered_SSD_tandem	right_flank	43	1.175	0	5000	0.0	0.0
clust0003	clustered_SSD_tandem	right_flank	44	1.225	0	5000	0.0	0.0
clust0003	clustered_SSD_tandem	right_flank	45	1.275	0	5000	0.0	0.0
clust0003	clustered_SSD_tandem	right_flank	46	1.325	0	5000	0.0	0.0
clust0003	clustered_SSD_tandem	right_flank	47	1.375	0	5000	0.0	0.0
clust0003	clustered_SSD_tandem	right_flank	48	1.425	0	5000	0.0	0.0
clust0003	clustered_SSD_tandem	right_flank	49	1.475	0	5000	0.0	0.0
clust0003	clustered_SSD_tandem	right_flank	50	1.525	0	5000	0.0	0.0
clust0003	clustered_SSD_tandem	right_flank	51	1.575	0	5000	0.0	0.0
clust0003	clustered_SSD_tandem	right_flank	52	1.625	0	5000	0.0	0.0
clust0003	clustered_SSD_tandem	right_flank	53	1.675	0	5000	0.0	0.0
clust0003	clustered_SSD_tandem	right_flank	54	1.725	0	5000	0.0	0.0
clust0003	clustered_SSD_tandem	right_flank	55	1.775	0	5000	0.0	0.0
clust0003	clustered_SSD_tandem	right_flank	56	1.825	0	5000	0.0	0.0
clust0003	clustered_SSD_tandem	right_flank	57	1.875	0	5000	0.0	0.0
clust0003	clustered_SSD_tandem	right_flank	58	1.925	0	5000	0.0	0.0
clust0003	clustered_SSD_tandem	right_flank	59	1.975	0	5000	0.0	0.0
clust0073	clustered_SSD_tandem	left_flank	0	-0.975	0	5000	0.0	0.0
clust0073	clustered_SSD_tandem	left_flank	1	-0.925	0	5000	0.0	0.0
clust0073	clustered_SSD_tandem	left_flank	2	-0.875	0	5000	0.0	0.0
clust0073	clustered_SSD_tandem	left_flank	3	-0.825	0	5000	0.0	0.0
clust0073	clustered_SSD_tandem	left_flank	4	-0.775	1	5000	0.0432	0.2
clust0073	clustered_SSD_tandem	left_flank	5	-0.725	0	5000	0.0	0.0
clust0073	clustered_SSD_tandem	left_flank	6	-0.675	0	5000	0.0	0.0
clust0073	clustered_SSD_tandem	left_flank	7	-0.625	0	5000	0.0	0.0
clust0073	clustered_SSD_tandem	left_flank	8	-0.575	0	5000	0.0	0.0
clust0073	clustered_SSD_tandem	left_flank	9	-0.525	0	5000	0.0	0.0
clust0073	clustered_SSD_tandem	left_flank	10	-0.475	0	5000	0.0	0.0
clust0073	clustered_SSD_tandem	left_flank	11	-0.425	0	5000	0.0	0.0
clust0073	clustered_SSD_tandem	left_flank	12	-0.375	0	5000	0.0	0.0
clust0073	clustered_SSD_tandem	left_flank	13	-0.325	0	5000	0.0	0.0
clust0073	clustered_SSD_tandem	left_flank	14	-0.275	0	5000	0.0	0.0
clust0073	clustered_SSD_tandem	left_flank	15	-0.225	0	5000	0.0	0.0
clust0073	clustered_SSD_tandem	left_flank	16	-0.175	0	5000	0.0	0.0
clust0073	clustered_SSD_tandem	left_flank	17	-0.125	0	5000	0.0	0.0
clust0073	clustered_SSD_tandem	left_flank	18	-0.075	1	5000	0.027	0.2
clust0073	clustered_SSD_tandem	left_flank	19	-0.025	0	5000	0.0	0.0
clust0073	clustered_SSD_tandem	body	20	0.025	1	1443	0.149688	0.693001
clust0073	clustered_SSD_tandem	body	21	0.075	0	1444	0.0	0.0
clust0073	clustered_SSD_tandem	body	22	0.125	0	1444	0.0	0.0
clust0073	clustered_SSD_tandem	body	23	0.175	0	1444	0.0	0.0
clust0073	clustered_SSD_tandem	body	24	0.225	0	1444	0.0	0.0
clust0073	clustered_SSD_tandem	body	25	0.275	0	1444	0.0	0.0
clust0073	clustered_SSD_tandem	body	26	0.325	0	1444	0.0	0.0
clust0073	clustered_SSD_tandem	body	27	0.375	1	1444	0.110803	0.692521
clust0073	clustered_SSD_tandem	body	28	0.425	0	1444	0.0	0.0
clust0073	clustered_SSD_tandem	body	29	0.475	0	1444	0.0	0.0
clust0073	clustered_SSD_tandem	body	30	0.525	0	1444	0.0	0.0
clust0073	clustered_SSD_tandem	body	31	0.575	0	1444	0.0	0.0
clust0073	clustered_SSD_tandem	body	32	0.625	0	1444	0.0	0.0
clust0073	clustered_SSD_tandem	body	33	0.675	0	1444	0.0	0.0
clust0073	clustered_SSD_tandem	body	34	0.725	0	1444	0.0	0.0
clust0073	clustered_SSD_tandem	body	35	0.775	0	1444	0.0	0.0
clust0073	clustered_SSD_tandem	body	36	0.825	0	1444	0.0	0.0
clust0073	clustered_SSD_tandem	body	37	0.875	0	1444	0.0	0.0
clust0073	clustered_SSD_tandem	body	38	0.925	1	1444	0.149584	0.692521
clust0073	clustered_SSD_tandem	body	39	0.975	0	1444	0.0	0.0
clust0073	clustered_SSD_tandem	right_flank	40	1.025	0	5000	0.0	0.0
clust0073	clustered_SSD_tandem	right_flank	41	1.075	0	5000	0.0	0.0
clust0073	clustered_SSD_tandem	right_flank	42	1.125	0	5000	0.0	0.0
clust0073	clustered_SSD_tandem	right_flank	43	1.175	0	5000	0.0	0.0
clust0073	clustered_SSD_tandem	right_flank	44	1.225	0	5000	0.0	0.0
clust0073	clustered_SSD_tandem	right_flank	45	1.275	0	5000	0.0	0.0
clust0073	clustered_SSD_tandem	right_flank	46	1.325	0	5000	0.0	0.0
clust0073	clustered_SSD_tandem	right_flank	47	1.375	0	5000	0.0	0.0
clust0073	clustered_SSD_tandem	right_flank	48	1.425	0	5000	0.0	0.0
clust0073	clustered_SSD_tandem	right_flank	49	1.475	0	5000	0.0	0.0
clust0073	clustered_SSD_tandem	right_flank	50	1.525	0	5000	0.0	0.0
clust0073	clustered_SSD_tandem	right_flank	51	1.575	0	5000	0.0	0.0
clust0073	clustered_SSD_tandem	right_flank	52	1.625	0	5000	0.0	0.0
clust0073	clustered_SSD_tandem	right_flank	53	1.675	0	5000	0.0	0.0
clust0073	clustered_SSD_tandem	right_flank	54	1.725	0	5000	0.0	0.0
clust0073	clustered_SSD_tandem	right_flank	55	1.775	0	5000	0.0	0.0
clust0073	clustered_SSD_tandem	right_flank	56	1.825	0	5000	0.0	0.0
clust0073	clustered_SSD_tandem	right_flank	57	1.875	0	5000	0.0	0.0
clust0073	clustered_SSD_tandem	right_flank	58	1.925	0	5000	0.0	0.0
clust0073	clustered_SSD_tandem	right_flank	59	1.975	1	5000	0.0252	0.2
clust0061	clustered_SSD_tandem	left_flank	0	-0.975	0	5000	0.0	0.0
clust0061	clustered_SSD_tandem	left_flank	1	-0.925	0	5000	0.0	0.0
clust0061	clustered_SSD_tandem	left_flank	2	-0.875	0	5000	0.0	0.0
clust0061	clustered_SSD_tandem	left_flank	3	-0.825	0	5000	0.0	0.0
clust0061	clustered_SSD_tandem	left_flank	4	-0.775	1	5000	0.0432	0.2
clust0061	clustered_SSD_tandem	left_flank	5	-0.725	0	5000	0.0	0.0
clust0061	clustered_SSD_tandem	left_flank	6	-0.675	0	5000	0.0	0.0
clust0061	clustered_SSD_tandem	left_flank	7	-0.625	0	5000	0.0	0.0
clust0061	clustered_SSD_tandem	left_flank	8	-0.575	0	5000	0.0	0.0
clust0061	clustered_SSD_tandem	left_flank	9	-0.525	0	5000	0.0	0.0
clust0061	clustered_SSD_tandem	left_flank	10	-0.475	0	5000	0.0	0.0
clust0061	clustered_SSD_tandem	left_flank	11	-0.425	0	5000	0.0	0.0
clust0061	clustered_SSD_tandem	left_flank	12	-0.375	0	5000	0.0	0.0
clust0061	clustered_SSD_tandem	left_flank	13	-0.325	0	5000	0.0	0.0
clust0061	clustered_SSD_tandem	left_flank	14	-0.275	0	5000	0.0	0.0
clust0061	clustered_SSD_tandem	left_flank	15	-0.225	0	5000	0.0	0.0
clust0061	clustered_SSD_tandem	left_flank	16	-0.175	0	5000	0.0	0.0
clust0061	clustered_SSD_tandem	left_flank	17	-0.125	0	5000	0.0	0.0
clust0061	clustered_SSD_tandem	left_flank	18	-0.075	0	5000	0.0	0.0
clust0061	clustered_SSD_tandem	left_flank	19	-0.025	0	5000	0.0	0.0
clust0061	clustered_SSD_tandem	body	20	0.025	0	1364	0.0	0.0
clust0061	clustered_SSD_tandem	body	21	0.075	0	1364	0.0	0.0
clust0061	clustered_SSD_tandem	body	22	0.125	0	1364	0.0	0.0
clust0061	clustered_SSD_tandem	body	23	0.175	0	1364	0.0	0.0
clust0061	clustered_SSD_tandem	body	24	0.225	0	1364	0.0	0.0
clust0061	clustered_SSD_tandem	body	25	0.275	0	1364	0.0	0.0
clust0061	clustered_SSD_tandem	body	26	0.325	0	1365	0.0	0.0
clust0061	clustered_SSD_tandem	body	27	0.375	0	1364	0.0	0.0
clust0061	clustered_SSD_tandem	body	28	0.425	0	1364	0.0	0.0
clust0061	clustered_SSD_tandem	body	29	0.475	0	1364	0.0	0.0
clust0061	clustered_SSD_tandem	body	30	0.525	0	1364	0.0	0.0
clust0061	clustered_SSD_tandem	body	31	0.575	0	1364	0.0	0.0
clust0061	clustered_SSD_tandem	body	32	0.625	0	1364	0.0	0.0
clust0061	clustered_SSD_tandem	body	33	0.675	0	1365	0.0	0.0
clust0061	clustered_SSD_tandem	body	34	0.725	0	1364	0.0	0.0
clust0061	clustered_SSD_tandem	body	35	0.775	0	1364	0.0	0.0
clust0061	clustered_SSD_tandem	body	36	0.825	0	1364	0.0	0.0
clust0061	clustered_SSD_tandem	body	37	0.875	0	1364	0.0	0.0
clust0061	clustered_SSD_tandem	body	38	0.925	0	1364	0.0	0.0
clust0061	clustered_SSD_tandem	body	39	0.975	0	1365	0.0	0.0
clust0061	clustered_SSD_tandem	right_flank	40	1.025	0	5000	0.0	0.0
clust0061	clustered_SSD_tandem	right_flank	41	1.075	0	5000	0.0	0.0
clust0061	clustered_SSD_tandem	right_flank	42	1.125	0	5000	0.0	0.0
clust0061	clustered_SSD_tandem	right_flank	43	1.175	0	5000	0.0	0.0
clust0061	clustered_SSD_tandem	right_flank	44	1.225	0	5000	0.0	0.0
clust0061	clustered_SSD_tandem	right_flank	45	1.275	0	5000	0.0	0.0
clust0061	clustered_SSD_tandem	right_flank	46	1.325	0	5000	0.0	0.0
clust0061	clustered_SSD_tandem	right_flank	47	1.375	0	5000	0.0	0.0
clust0061	clustered_SSD_tandem	right_flank	48	1.425	0	5000	0.0	0.0
clust0061	clustered_SSD_tandem	right_flank	49	1.475	1	5000	0.0218	0.2
clust0061	clustered_SSD_tandem	right_flank	50	1.525	1	5000	0.0432	0.2
clust0061	clustered_SSD_tandem	right_flank	51	1.575	0	5000	0.0	0.0
clust0061	clustered_SSD_tandem	right_flank	52	1.625	0	5000	0.0	0.0
clust0061	clustered_SSD_tandem	right_flank	53	1.675	0	5000	0.0	0.0
clust0061	clustered_SSD_tandem	right_flank	54	1.725	0	5000	0.0	0.0
clust0061	clustered_SSD_tandem	right_flank	55	1.775	0	5000	0.0	0.0
clust0061	clustered_SSD_tandem	right_flank	56	1.825	1	5000	0.0432	0.2
clust0061	clustered_SSD_tandem	right_flank	57	1.875	0	5000	0.0	0.0
clust0061	clustered_SSD_tandem	right_flank	58	1.925	1	5000	0.0274	0.2
clust0061	clustered_SSD_tandem	right_flank	59	1.975	0	5000	0.0	0.0
clust0010	clustered_SSD_tandem	left_flank	0	-0.975	0	5000	0.0	0.0
clust0010	clustered_SSD_tandem	left_flank	1	-0.925	0	5000	0.0	0.0
clust0010	clustered_SSD_tandem	left_flank	2	-0.875	0	5000	0.0	0.0
clust0010	clustered_SSD_tandem	left_flank	3	-0.825	0	5000	0.0	0.0
clust0010	clustered_SSD_tandem	left_flank	4	-0.775	0	5000	0.0	0.0
clust0010	clustered_SSD_tandem	left_flank	5	-0.725	0	5000	0.0	0.0
clust0010	clustered_SSD_tandem	left_flank	6	-0.675	0	5000	0.0	0.0
clust0010	clustered_SSD_tandem	left_flank	7	-0.625	0	5000	0.0	0.0
clust0010	clustered_SSD_tandem	left_flank	8	-0.575	0	5000	0.0	0.0
clust0010	clustered_SSD_tandem	left_flank	9	-0.525	0	5000	0.0	0.0
clust0010	clustered_SSD_tandem	left_flank	10	-0.475	0	5000	0.0	0.0
clust0010	clustered_SSD_tandem	left_flank	11	-0.425	0	5000	0.0	0.0
clust0010	clustered_SSD_tandem	left_flank	12	-0.375	0	5000	0.0	0.0
clust0010	clustered_SSD_tandem	left_flank	13	-0.325	0	5000	0.0	0.0
clust0010	clustered_SSD_tandem	left_flank	14	-0.275	0	5000	0.0	0.0
clust0010	clustered_SSD_tandem	left_flank	15	-0.225	0	5000	0.0	0.0
clust0010	clustered_SSD_tandem	left_flank	16	-0.175	0	5000	0.0	0.0
clust0010	clustered_SSD_tandem	left_flank	17	-0.125	0	5000	0.0	0.0
clust0010	clustered_SSD_tandem	left_flank	18	-0.075	0	5000	0.0	0.0
clust0010	clustered_SSD_tandem	left_flank	19	-0.025	0	5000	0.0	0.0
clust0010	clustered_SSD_tandem	body	20	0.025	0	2650	0.0	0.0
clust0010	clustered_SSD_tandem	body	21	0.075	0	2650	0.0	0.0
clust0010	clustered_SSD_tandem	body	22	0.125	0	2650	0.0	0.0
clust0010	clustered_SSD_tandem	body	23	0.175	0	2650	0.0	0.0
clust0010	clustered_SSD_tandem	body	24	0.225	0	2650	0.0	0.0
clust0010	clustered_SSD_tandem	body	25	0.275	0	2650	0.0	0.0
clust0010	clustered_SSD_tandem	body	26	0.325	2	2650	0.163019	0.754717
clust0010	clustered_SSD_tandem	body	27	0.375	0	2650	0.0	0.0
clust0010	clustered_SSD_tandem	body	28	0.425	0	2650	0.0	0.0
clust0010	clustered_SSD_tandem	body	29	0.475	0	2651	0.0	0.0
clust0010	clustered_SSD_tandem	body	30	0.525	0	2650	0.0	0.0
clust0010	clustered_SSD_tandem	body	31	0.575	1	2650	0.070566	0.377358
clust0010	clustered_SSD_tandem	body	32	0.625	0	2650	0.0	0.0
clust0010	clustered_SSD_tandem	body	33	0.675	0	2650	0.0	0.0
clust0010	clustered_SSD_tandem	body	34	0.725	0	2650	0.0	0.0
clust0010	clustered_SSD_tandem	body	35	0.775	1	2650	0.081509	0.377358
clust0010	clustered_SSD_tandem	body	36	0.825	0	2650	0.0	0.0
clust0010	clustered_SSD_tandem	body	37	0.875	0	2650	0.0	0.0
clust0010	clustered_SSD_tandem	body	38	0.925	0	2650	0.0	0.0
clust0010	clustered_SSD_tandem	body	39	0.975	1	2651	0.06639	0.377216
clust0010	clustered_SSD_tandem	right_flank	40	1.025	0	5000	0.0	0.0
clust0010	clustered_SSD_tandem	right_flank	41	1.075	0	5000	0.0	0.0
clust0010	clustered_SSD_tandem	right_flank	42	1.125	1	5000	0.0432	0.2
clust0010	clustered_SSD_tandem	right_flank	43	1.175	1	5000	0.0178	0.2
clust0010	clustered_SSD_tandem	right_flank	44	1.225	0	5000	0.0	0.0
clust0010	clustered_SSD_tandem	right_flank	45	1.275	0	5000	0.0	0.0
clust0010	clustered_SSD_tandem	right_flank	46	1.325	0	5000	0.0	0.0
clust0010	clustered_SSD_tandem	right_flank	47	1.375	0	5000	0.0	0.0
clust0010	clustered_SSD_tandem	right_flank	48	1.425	0	5000	0.0	0.0
clust0010	clustered_SSD_tandem	right_flank	49	1.475	0	5000	0.0	0.0
clust0010	clustered_SSD_tandem	right_flank	50	1.525	0	5000	0.0	0.0
clust0010	clustered_SSD_tandem	right_flank	51	1.575	0	5000	0.0	0.0
clust0010	clustered_SSD_tandem	right_flank	52	1.625	0	5000	0.0	0.0
clust0010	clustered_SSD_tandem	right_flank	53	1.675	0	5000	0.0	0.0
clust0010	clustered_SSD_tandem	right_flank	54	1.725	0	5000	0.0	0.0
clust0010	clustered_SSD_tandem	right_flank	55	1.775	0	5000	0.0	0.0
clust0010	clustered_SSD_tandem	right_flank	56	1.825	0	5000	0.0	0.0
clust0010	clustered_SSD_tandem	right_flank	57	1.875	0	5000	0.0	0.0
clust0010	clustered_SSD_tandem	right_flank	58	1.925	0	5000	0.0	0.0
clust0010	clustered_SSD_tandem	right_flank	59	1.975	2	5000	0.0864	0.4
clust0011	clustered_SSD_tandem	left_flank	0	-0.975	0	5000	0.0	0.0
clust0011	clustered_SSD_tandem	left_flank	1	-0.925	0	5000	0.0	0.0
clust0011	clustered_SSD_tandem	left_flank	2	-0.875	0	5000	0.0	0.0
clust0011	clustered_SSD_tandem	left_flank	3	-0.825	1	5000	0.0432	0.2
clust0011	clustered_SSD_tandem	left_flank	4	-0.775	1	5000	0.035	0.2
clust0011	clustered_SSD_tandem	left_flank	5	-0.725	0	5000	0.0	0.0
clust0011	clustered_SSD_tandem	left_flank	6	-0.675	0	5000	0.0	0.0
clust0011	clustered_SSD_tandem	left_flank	7	-0.625	0	5000	0.0	0.0
clust0011	clustered_SSD_tandem	left_flank	8	-0.575	0	5000	0.0	0.0
clust0011	clustered_SSD_tandem	left_flank	9	-0.525	0	5000	0.0	0.0
clust0011	clustered_SSD_tandem	left_flank	10	-0.475	0	5000	0.0	0.0
clust0011	clustered_SSD_tandem	left_flank	11	-0.425	1	5000	0.0432	0.2
clust0011	clustered_SSD_tandem	left_flank	12	-0.375	0	5000	0.0	0.0
clust0011	clustered_SSD_tandem	left_flank	13	-0.325	1	5000	0.0432	0.2
clust0011	clustered_SSD_tandem	left_flank	14	-0.275	0	5000	0.0	0.0
clust0011	clustered_SSD_tandem	left_flank	15	-0.225	0	5000	0.0	0.0
clust0011	clustered_SSD_tandem	left_flank	16	-0.175	0	5000	0.0	0.0
clust0011	clustered_SSD_tandem	left_flank	17	-0.125	0	5000	0.0	0.0
clust0011	clustered_SSD_tandem	left_flank	18	-0.075	0	5000	0.0	0.0
clust0011	clustered_SSD_tandem	left_flank	19	-0.025	0	5000	0.0	0.0
clust0011	clustered_SSD_tandem	body	20	0.025	0	1167	0.0	0.0
clust0011	clustered_SSD_tandem	body	21	0.075	0	1168	0.0	0.0
clust0011	clustered_SSD_tandem	body	22	0.125	0	1167	0.0	0.0
clust0011	clustered_SSD_tandem	body	23	0.175	0	1168	0.0	0.0
clust0011	clustered_SSD_tandem	body	24	0.225	0	1168	0.0	0.0
clust0011	clustered_SSD_tandem	body	25	0.275	0	1167	0.0	0.0
clust0011	clustered_SSD_tandem	body	26	0.325	0	1168	0.0	0.0
clust0011	clustered_SSD_tandem	body	27	0.375	0	1168	0.0	0.0
clust0011	clustered_SSD_tandem	body	28	0.425	0	1167	0.0	0.0
clust0011	clustered_SSD_tandem	body	29	0.475	0	1168	0.0	0.0
clust0011	clustered_SSD_tandem	body	30	0.525	0	1168	0.0	0.0
clust0011	clustered_SSD_tandem	body	31	0.575	0	1167	0.021422	0.0
clust0011	clustered_SSD_tandem	body	32	0.625	1	1168	0.163527	0.856164
clust0011	clustered_SSD_tandem	body	33	0.675	0	1168	0.0	0.0
clust0011	clustered_SSD_tandem	body	34	0.725	0	1167	0.0	0.0
clust0011	clustered_SSD_tandem	body	35	0.775	0	1168	0.0	0.0
clust0011	clustered_SSD_tandem	body	36	0.825	0	1168	0.0	0.0
clust0011	clustered_SSD_tandem	body	37	0.875	0	1167	0.0	0.0
clust0011	clustered_SSD_tandem	body	38	0.925	0	1168	0.0	0.0
clust0011	clustered_SSD_tandem	body	39	0.975	0	1168	0.0	0.0
clust0011	clustered_SSD_tandem	right_flank	40	1.025	0	5000	0.0	0.0
clust0011	clustered_SSD_tandem	right_flank	41	1.075	0	5000	0.0	0.0
clust0011	clustered_SSD_tandem	right_flank	42	1.125	1	5000	0.0196	0.2
clust0011	clustered_SSD_tandem	right_flank	43	1.175	0	5000	0.0	0.0
clust0011	clustered_SSD_tandem	right_flank	44	1.225	1	5000	0.0114	0.2
clust0011	clustered_SSD_tandem	right_flank	45	1.275	0	5000	0.0	0.0
clust0011	clustered_SSD_tandem	right_flank	46	1.325	0	5000	0.0	0.0
clust0011	clustered_SSD_tandem	right_flank	47	1.375	0	5000	0.0	0.0
clust0011	clustered_SSD_tandem	right_flank	48	1.425	0	5000	0.0	0.0
clust0011	clustered_SSD_tandem	right_flank	49	1.475	0	5000	0.0	0.0
clust0011	clustered_SSD_tandem	right_flank	50	1.525	0	5000	0.0	0.0
clust0011	clustered_SSD_tandem	right_flank	51	1.575	1	5000	0.0312	0.2
clust0011	clustered_SSD_tandem	right_flank	52	1.625	0	5000	0.0	0.0
clust0011	clustered_SSD_tandem	right_flank	53	1.675	0	5000	0.0	0.0
clust0011	clustered_SSD_tandem	right_flank	54	1.725	0	5000	0.0	0.0
clust0011	clustered_SSD_tandem	right_flank	55	1.775	1	5000	0.0432	0.2
clust0011	clustered_SSD_tandem	right_flank	56	1.825	0	5000	0.0	0.0
clust0011	clustered_SSD_tandem	right_flank	57	1.875	0	5000	0.0	0.0
clust0011	clustered_SSD_tandem	right_flank	58	1.925	0	5000	0.0	0.0
clust0011	clustered_SSD_tandem	right_flank	59	1.975	0	5000	0.0	0.0
clust0035	clustered_SSD_tandem	left_flank	0	-0.975	0	5000	0.0	0.0
clust0035	clustered_SSD_tandem	left_flank	1	-0.925	0	5000	0.0	0.0
clust0035	clustered_SSD_tandem	left_flank	2	-0.875	0	5000	0.0	0.0
clust0035	clustered_SSD_tandem	left_flank	3	-0.825	0	5000	0.0	0.0
clust0035	clustered_SSD_tandem	left_flank	4	-0.775	0	5000	0.0	0.0
clust0035	clustered_SSD_tandem	left_flank	5	-0.725	0	5000	0.0	0.0
clust0035	clustered_SSD_tandem	left_flank	6	-0.675	0	5000	0.0	0.0
clust0035	clustered_SSD_tandem	left_flank	7	-0.625	0	5000	0.0	0.0
clust0035	clustered_SSD_tandem	left_flank	8	-0.575	0	5000	0.0	0.0
clust0035	clustered_SSD_tandem	left_flank	9	-0.525	0	5000	0.0	0.0
clust0035	clustered_SSD_tandem	left_flank	10	-0.475	2	5000	0.0568	0.4
clust0035	clustered_SSD_tandem	left_flank	11	-0.425	0	5000	0.0	0.0
clust0035	clustered_SSD_tandem	left_flank	12	-0.375	0	5000	0.0	0.0
clust0035	clustered_SSD_tandem	left_flank	13	-0.325	0	5000	0.0	0.0
clust0035	clustered_SSD_tandem	left_flank	14	-0.275	0	5000	0.0	0.0
clust0035	clustered_SSD_tandem	left_flank	15	-0.225	0	5000	0.0	0.0
clust0035	clustered_SSD_tandem	left_flank	16	-0.175	0	5000	0.0	0.0
clust0035	clustered_SSD_tandem	left_flank	17	-0.125	0	5000	0.0	0.0
clust0035	clustered_SSD_tandem	left_flank	18	-0.075	0	5000	0.0	0.0
clust0035	clustered_SSD_tandem	left_flank	19	-0.025	1	5000	0.0542	0.2
clust0035	clustered_SSD_tandem	body	20	0.025	0	832	0.0	0.0
clust0035	clustered_SSD_tandem	body	21	0.075	0	832	0.0	0.0
clust0035	clustered_SSD_tandem	body	22	0.125	0	833	0.0	0.0
clust0035	clustered_SSD_tandem	body	23	0.175	0	832	0.0	0.0
clust0035	clustered_SSD_tandem	body	24	0.225	0	833	0.0	0.0
clust0035	clustered_SSD_tandem	body	25	0.275	0	832	0.0	0.0
clust0035	clustered_SSD_tandem	body	26	0.325	0	833	0.0	0.0
clust0035	clustered_SSD_tandem	body	27	0.375	0	832	0.0	0.0
clust0035	clustered_SSD_tandem	body	28	0.425	0	833	0.0	0.0
clust0035	clustered_SSD_tandem	body	29	0.475	0	832	0.0	0.0
clust0035	clustered_SSD_tandem	body	30	0.525	1	832	0.259615	1.201923
clust0035	clustered_SSD_tandem	body	31	0.575	0	833	0.0	0.0
clust0035	clustered_SSD_tandem	body	32	0.625	0	832	0.0	0.0
clust0035	clustered_SSD_tandem	body	33	0.675	0	833	0.0	0.0
clust0035	clustered_SSD_tandem	body	34	0.725	0	832	0.0	0.0
clust0035	clustered_SSD_tandem	body	35	0.775	0	833	0.0	0.0
clust0035	clustered_SSD_tandem	body	36	0.825	0	832	0.0	0.0
clust0035	clustered_SSD_tandem	body	37	0.875	0	833	0.0	0.0
clust0035	clustered_SSD_tandem	body	38	0.925	0	832	0.0	0.0
clust0035	clustered_SSD_tandem	body	39	0.975	0	833	0.0	0.0
clust0035	clustered_SSD_tandem	right_flank	40	1.025	0	5000	0.0	0.0
clust0035	clustered_SSD_tandem	right_flank	41	1.075	0	5000	0.0	0.0
clust0035	clustered_SSD_tandem	right_flank	42	1.125	0	5000	0.0	0.0
clust0035	clustered_SSD_tandem	right_flank	43	1.175	0	5000	0.0	0.0
clust0035	clustered_SSD_tandem	right_flank	44	1.225	0	5000	0.0	0.0
clust0035	clustered_SSD_tandem	right_flank	45	1.275	0	5000	0.0	0.0
clust0035	clustered_SSD_tandem	right_flank	46	1.325	0	5000	0.0	0.0
clust0035	clustered_SSD_tandem	right_flank	47	1.375	0	5000	0.0	0.0
clust0035	clustered_SSD_tandem	right_flank	48	1.425	0	5000	0.0	0.0
clust0035	clustered_SSD_tandem	right_flank	49	1.475	0	5000	0.0	0.0
clust0035	clustered_SSD_tandem	right_flank	50	1.525	0	5000	0.0	0.0
clust0035	clustered_SSD_tandem	right_flank	51	1.575	0	5000	0.0	0.0
clust0035	clustered_SSD_tandem	right_flank	52	1.625	0	5000	0.0	0.0
clust0035	clustered_SSD_tandem	right_flank	53	1.675	0	5000	0.0	0.0
clust0035	clustered_SSD_tandem	right_flank	54	1.725	0	5000	0.0	0.0
clust0035	clustered_SSD_tandem	right_flank	55	1.775	0	5000	0.0	0.0
clust0035	clustered_SSD_tandem	right_flank	56	1.825	0	5000	0.0	0.0
clust0035	clustered_SSD_tandem	right_flank	57	1.875	0	5000	0.0	0.0
clust0035	clustered_SSD_tandem	right_flank	58	1.925	0	5000	0.0	0.0
clust0035	clustered_SSD_tandem	right_flank	59	1.975	0	5000	0.0	0.0
clust0062	clustered_SSD_tandem	left_flank	0	-0.975	1	5000	0.0246	0.2
clust0062	clustered_SSD_tandem	left_flank	1	-0.925	0	5000	0.0	0.0
clust0062	clustered_SSD_tandem	left_flank	2	-0.875	0	5000	0.0	0.0
clust0062	clustered_SSD_tandem	left_flank	3	-0.825	0	5000	0.0	0.0
clust0062	clustered_SSD_tandem	left_flank	4	-0.775	0	5000	0.0	0.0
clust0062	clustered_SSD_tandem	left_flank	5	-0.725	0	5000	0.0	0.0
clust0062	clustered_SSD_tandem	left_flank	6	-0.675	0	5000	0.0	0.0
clust0062	clustered_SSD_tandem	left_flank	7	-0.625	0	5000	0.0	0.0
clust0062	clustered_SSD_tandem	left_flank	8	-0.575	1	5000	0.0264	0.2
clust0062	clustered_SSD_tandem	left_flank	9	-0.525	0	5000	0.0168	0.0
clust0062	clustered_SSD_tandem	left_flank	10	-0.475	0	5000	0.0	0.0
clust0062	clustered_SSD_tandem	left_flank	11	-0.425	0	5000	0.0	0.0
clust0062	clustered_SSD_tandem	left_flank	12	-0.375	0	5000	0.0	0.0
clust0062	clustered_SSD_tandem	left_flank	13	-0.325	0	5000	0.0	0.0
clust0062	clustered_SSD_tandem	left_flank	14	-0.275	0	5000	0.0	0.0
clust0062	clustered_SSD_tandem	left_flank	15	-0.225	0	5000	0.0	0.0
clust0062	clustered_SSD_tandem	left_flank	16	-0.175	0	5000	0.0	0.0
clust0062	clustered_SSD_tandem	left_flank	17	-0.125	0	5000	0.0	0.0
clust0062	clustered_SSD_tandem	left_flank	18	-0.075	1	5000	0.0338	0.2
clust0062	clustered_SSD_tandem	left_flank	19	-0.025	0	5000	0.0	0.0
clust0062	clustered_SSD_tandem	body	20	0.025	0	6815	0.0	0.0
clust0062	clustered_SSD_tandem	body	21	0.075	0	6815	0.0	0.0
clust0062	clustered_SSD_tandem	body	22	0.125	0	6816	0.0	0.0
clust0062	clustered_SSD_tandem	body	23	0.175	0	6815	0.0	0.0
clust0062	clustered_SSD_tandem	body	24	0.225	0	6815	0.0	0.0
clust0062	clustered_SSD_tandem	body	25	0.275	0	6816	0.0	0.0
clust0062	clustered_SSD_tandem	body	26	0.325	0	6815	0.0	0.0
clust0062	clustered_SSD_tandem	body	27	0.375	0	6815	0.0	0.0
clust0062	clustered_SSD_tandem	body	28	0.425	0	6816	0.0	0.0
clust0062	clustered_SSD_tandem	body	29	0.475	0	6815	0.0	0.0
clust0062	clustered_SSD_tandem	body	30	0.525	0	6815	0.0	0.0
clust0062	clustered_SSD_tandem	body	31	0.575	0	6816	0.0	0.0
clust0062	clustered_SSD_tandem	body	32	0.625	0	6815	0.0	0.0
clust0062	clustered_SSD_tandem	body	33	0.675	0	6815	0.0	0.0
clust0062	clustered_SSD_tandem	body	34	0.725	0	6816	0.0	0.0
clust0062	clustered_SSD_tandem	body	35	0.775	0	6815	0.0	0.0
clust0062	clustered_SSD_tandem	body	36	0.825	1	6815	0.017168	0.146735
clust0062	clustered_SSD_tandem	body	37	0.875	0	6816	0.0	0.0
clust0062	clustered_SSD_tandem	body	38	0.925	0	6815	0.0	0.0
clust0062	clustered_SSD_tandem	body	39	0.975	0	6816	0.0	0.0
clust0062	clustered_SSD_tandem	right_flank	40	1.025	0	5000	0.0	0.0
clust0062	clustered_SSD_tandem	right_flank	41	1.075	2	5000	0.0614	0.4
clust0062	clustered_SSD_tandem	right_flank	42	1.125	0	5000	0.0114	0.0
clust0062	clustered_SSD_tandem	right_flank	43	1.175	0	5000	0.0	0.0
clust0062	clustered_SSD_tandem	right_flank	44	1.225	0	5000	0.0	0.0
clust0062	clustered_SSD_tandem	right_flank	45	1.275	0	5000	0.0	0.0
clust0062	clustered_SSD_tandem	right_flank	46	1.325	1	5000	0.0248	0.2
clust0062	clustered_SSD_tandem	right_flank	47	1.375	0	5000	0.0	0.0
clust0062	clustered_SSD_tandem	right_flank	48	1.425	0	5000	0.0	0.0
clust0062	clustered_SSD_tandem	right_flank	49	1.475	0	5000	0.0	0.0
clust0062	clustered_SSD_tandem	right_flank	50	1.525	0	5000	0.0	0.0
clust0062	clustered_SSD_tandem	right_flank	51	1.575	0	5000	0.0	0.0
clust0062	clustered_SSD_tandem	right_flank	52	1.625	0	5000	0.0	0.0
clust0062	clustered_SSD_tandem	right_flank	53	1.675	0	5000	0.0	0.0
clust0062	clustered_SSD_tandem	right_flank	54	1.725	0	5000	0.0	0.0
clust0062	clustered_SSD_tandem	right_flank	55	1.775	0	5000	0.0	0.0
clust0062	clustered_SSD_tandem	right_flank	56	1.825	0	5000	0.0	0.0
clust0062	clustered_SSD_tandem	right_flank	57	1.875	0	5000	0.0	0.0
clust0062	clustered_SSD_tandem	right_flank	58	1.925	0	5000	0.0	0.0
clust0062	clustered_SSD_tandem	right_flank	59	1.975	0	5000	0.0	0.0
clust0014	clustered_SSD_tandem	left_flank	0	-0.975	0	5000	0.0	0.0
clust0014	clustered_SSD_tandem	left_flank	1	-0.925	0	5000	0.0	0.0
clust0014	clustered_SSD_tandem	left_flank	2	-0.875	0	5000	0.0	0.0
clust0014	clustered_SSD_tandem	left_flank	3	-0.825	1	5000	0.0432	0.2
clust0014	clustered_SSD_tandem	left_flank	4	-0.775	0	5000	0.0	0.0
clust0014	clustered_SSD_tandem	left_flank	5	-0.725	0	5000	0.0	0.0
clust0014	clustered_SSD_tandem	left_flank	6	-0.675	0	5000	0.0	0.0
clust0014	clustered_SSD_tandem	left_flank	7	-0.625	0	5000	0.0	0.0
clust0014	clustered_SSD_tandem	left_flank	8	-0.575	0	5000	0.0	0.0
clust0014	clustered_SSD_tandem	left_flank	9	-0.525	0	5000	0.0	0.0
clust0014	clustered_SSD_tandem	left_flank	10	-0.475	0	5000	0.0	0.0
clust0014	clustered_SSD_tandem	left_flank	11	-0.425	0	5000	0.0	0.0
clust0014	clustered_SSD_tandem	left_flank	12	-0.375	0	5000	0.0	0.0
clust0014	clustered_SSD_tandem	left_flank	13	-0.325	0	5000	0.0	0.0
clust0014	clustered_SSD_tandem	left_flank	14	-0.275	0	5000	0.0	0.0
clust0014	clustered_SSD_tandem	left_flank	15	-0.225	0	5000	0.0	0.0
clust0014	clustered_SSD_tandem	left_flank	16	-0.175	0	5000	0.0	0.0
clust0014	clustered_SSD_tandem	left_flank	17	-0.125	0	5000	0.0	0.0
clust0014	clustered_SSD_tandem	left_flank	18	-0.075	1	5000	0.0268	0.2
clust0014	clustered_SSD_tandem	left_flank	19	-0.025	0	5000	0.0	0.0
clust0014	clustered_SSD_tandem	body	20	0.025	1	30760	0.007022	0.03251
clust0014	clustered_SSD_tandem	body	21	0.075	2	30761	0.013199	0.065017
clust0014	clustered_SSD_tandem	body	22	0.125	1	30761	0.007022	0.032509
clust0014	clustered_SSD_tandem	body	23	0.175	0	30761	0.0	0.0
clust0014	clustered_SSD_tandem	body	24	0.225	0	30761	0.0	0.0
clust0014	clustered_SSD_tandem	body	25	0.275	0	30761	0.0	0.0
clust0014	clustered_SSD_tandem	body	26	0.325	1	30761	0.007022	0.032509
clust0014	clustered_SSD_tandem	body	27	0.375	0	30761	0.0	0.0
clust0014	clustered_SSD_tandem	body	28	0.425	1	30761	0.003934	0.032509
clust0014	clustered_SSD_tandem	body	29	0.475	1	30761	0.007022	0.032509
clust0014	clustered_SSD_tandem	body	30	0.525	1	30761	0.003869	0.032509
clust0014	clustered_SSD_tandem	body	31	0.575	1	30761	0.003739	0.032509
clust0014	clustered_SSD_tandem	body	32	0.625	0	30761	0.0	0.0
clust0014	clustered_SSD_tandem	body	33	0.675	0	30761	0.0	0.0
clust0014	clustered_SSD_tandem	body	34	0.725	2	30761	0.011671	0.065017
clust0014	clustered_SSD_tandem	body	35	0.775	1	30761	0.007022	0.032509
clust0014	clustered_SSD_tandem	body	36	0.825	1	30761	0.002536	0.032509
clust0014	clustered_SSD_tandem	body	37	0.875	0	30761	0.0	0.0
clust0014	clustered_SSD_tandem	body	38	0.925	2	30761	0.010468	0.065017
clust0014	clustered_SSD_tandem	body	39	0.975	0	30761	0.0	0.0
clust0014	clustered_SSD_tandem	right_flank	40	1.025	0	5000	0.0	0.0
clust0014	clustered_SSD_tandem	right_flank	41	1.075	1	5000	0.0432	0.2
clust0014	clustered_SSD_tandem	right_flank	42	1.125	1	5000	0.0226	0.2
clust0014	clustered_SSD_tandem	right_flank	43	1.175	0	5000	0.0	0.0
clust0014	clustered_SSD_tandem	right_flank	44	1.225	0	5000	0.0	0.0
clust0014	clustered_SSD_tandem	right_flank	45	1.275	1	5000	0.0292	0.2
clust0014	clustered_SSD_tandem	right_flank	46	1.325	0	5000	0.0	0.0
clust0014	clustered_SSD_tandem	right_flank	47	1.375	0	5000	0.0	0.0
clust0014	clustered_SSD_tandem	right_flank	48	1.425	0	5000	0.0	0.0
clust0014	clustered_SSD_tandem	right_flank	49	1.475	0	5000	0.0	0.0
clust0014	clustered_SSD_tandem	right_flank	50	1.525	0	5000	0.0	0.0
clust0014	clustered_SSD_tandem	right_flank	51	1.575	0	5000	0.0	0.0
clust0014	clustered_SSD_tandem	right_flank	52	1.625	0	5000	0.0	0.0
clust0014	clustered_SSD_tandem	right_flank	53	1.675	0	5000	0.0	0.0
clust0014	clustered_SSD_tandem	right_flank	54	1.725	0	5000	0.0	0.0
clust0014	clustered_SSD_tandem	right_flank	55	1.775	0	5000	0.0	0.0
clust0014	clustered_SSD_tandem	right_flank	56	1.825	1	5000	0.0202	0.2
clust0014	clustered_SSD_tandem	right_flank	57	1.875	2	5000	0.0864	0.4
clust0014	clustered_SSD_tandem	right_flank	58	1.925	1	5000	0.0432	0.2
clust0014	clustered_SSD_tandem	right_flank	59	1.975	1	5000	0.0432	0.2
clust0015	clustered_SSD_tandem	left_flank	0	-0.975	0	5000	0.0	0.0
clust0015	clustered_SSD_tandem	left_flank	1	-0.925	0	5000	0.0	0.0
clust0015	clustered_SSD_tandem	left_flank	2	-0.875	0	5000	0.0	0.0
clust0015	clustered_SSD_tandem	left_flank	3	-0.825	0	5000	0.0	0.0
clust0015	clustered_SSD_tandem	left_flank	4	-0.775	0	5000	0.0	0.0
clust0015	clustered_SSD_tandem	left_flank	5	-0.725	0	5000	0.0	0.0
clust0015	clustered_SSD_tandem	left_flank	6	-0.675	0	5000	0.0	0.0
clust0015	clustered_SSD_tandem	left_flank	7	-0.625	0	5000	0.0	0.0
clust0015	clustered_SSD_tandem	left_flank	8	-0.575	0	5000	0.0	0.0
clust0015	clustered_SSD_tandem	left_flank	9	-0.525	0	5000	0.0	0.0
clust0015	clustered_SSD_tandem	left_flank	10	-0.475	0	5000	0.0	0.0
clust0015	clustered_SSD_tandem	left_flank	11	-0.425	0	5000	0.0	0.0
clust0015	clustered_SSD_tandem	left_flank	12	-0.375	2	5000	0.0864	0.4
clust0015	clustered_SSD_tandem	left_flank	13	-0.325	1	5000	0.0292	0.2
clust0015	clustered_SSD_tandem	left_flank	14	-0.275	0	5000	0.0	0.0
clust0015	clustered_SSD_tandem	left_flank	15	-0.225	0	5000	0.0	0.0
clust0015	clustered_SSD_tandem	left_flank	16	-0.175	0	5000	0.0	0.0
clust0015	clustered_SSD_tandem	left_flank	17	-0.125	0	5000	0.0	0.0
clust0015	clustered_SSD_tandem	left_flank	18	-0.075	0	5000	0.0	0.0
clust0015	clustered_SSD_tandem	left_flank	19	-0.025	1	5000	0.0112	0.2
clust0015	clustered_SSD_tandem	body	20	0.025	0	3213	0.0	0.0
clust0015	clustered_SSD_tandem	body	21	0.075	0	3213	0.0	0.0
clust0015	clustered_SSD_tandem	body	22	0.125	0	3213	0.0	0.0
clust0015	clustered_SSD_tandem	body	23	0.175	0	3214	0.0	0.0
clust0015	clustered_SSD_tandem	body	24	0.225	0	3213	0.0	0.0
clust0015	clustered_SSD_tandem	body	25	0.275	0	3213	0.0	0.0
clust0015	clustered_SSD_tandem	body	26	0.325	0	3214	0.0	0.0
clust0015	clustered_SSD_tandem	body	27	0.375	0	3213	0.0	0.0
clust0015	clustered_SSD_tandem	body	28	0.425	0	3213	0.0	0.0
clust0015	clustered_SSD_tandem	body	29	0.475	0	3214	0.0	0.0
clust0015	clustered_SSD_tandem	body	30	0.525	1	3213	0.067227	0.311236
clust0015	clustered_SSD_tandem	body	31	0.575	0	3213	0.0	0.0
clust0015	clustered_SSD_tandem	body	32	0.625	0	3213	0.0	0.0
clust0015	clustered_SSD_tandem	body	33	0.675	0	3214	0.0	0.0
clust0015	clustered_SSD_tandem	body	34	0.725	1	3213	0.067227	0.311236
clust0015	clustered_SSD_tandem	body	35	0.775	1	3213	0.050731	0.311236
clust0015	clustered_SSD_tandem	body	36	0.825	0	3214	0.0	0.0
clust0015	clustered_SSD_tandem	body	37	0.875	0	3213	0.0	0.0
clust0015	clustered_SSD_tandem	body	38	0.925	0	3213	0.0	0.0
clust0015	clustered_SSD_tandem	body	39	0.975	0	3214	0.0	0.0
clust0015	clustered_SSD_tandem	right_flank	40	1.025	0	5000	0.0	0.0
clust0015	clustered_SSD_tandem	right_flank	41	1.075	0	5000	0.0	0.0
clust0015	clustered_SSD_tandem	right_flank	42	1.125	0	5000	0.0	0.0
clust0015	clustered_SSD_tandem	right_flank	43	1.175	0	5000	0.0	0.0
clust0015	clustered_SSD_tandem	right_flank	44	1.225	0	5000	0.0	0.0
clust0015	clustered_SSD_tandem	right_flank	45	1.275	0	5000	0.0	0.0
clust0015	clustered_SSD_tandem	right_flank	46	1.325	0	5000	0.0	0.0
clust0015	clustered_SSD_tandem	right_flank	47	1.375	0	5000	0.0	0.0
clust0015	clustered_SSD_tandem	right_flank	48	1.425	0	5000	0.0	0.0
clust0015	clustered_SSD_tandem	right_flank	49	1.475	1	5000	0.0432	0.2
clust0015	clustered_SSD_tandem	right_flank	50	1.525	0	5000	0.0	0.0
clust0015	clustered_SSD_tandem	right_flank	51	1.575	0	5000	0.0	0.0
clust0015	clustered_SSD_tandem	right_flank	52	1.625	0	5000	0.0	0.0
clust0015	clustered_SSD_tandem	right_flank	53	1.675	0	5000	0.0	0.0
clust0015	clustered_SSD_tandem	right_flank	54	1.725	0	5000	0.0	0.0
clust0015	clustered_SSD_tandem	right_flank	55	1.775	0	5000	0.0	0.0
clust0015	clustered_SSD_tandem	right_flank	56	1.825	0	5000	0.0	0.0
clust0015	clustered_SSD_tandem	right_flank	57	1.875	1	5000	0.0432	0.2
clust0015	clustered_SSD_tandem	right_flank	58	1.925	0	5000	0.0	0.0
clust0015	clustered_SSD_tandem	right_flank	59	1.975	0	5000	0.0	0.0
clust0016	clustered_SSD_tandem	left_flank	0	-0.975	0	5000	0.0	0.0
clust0016	clustered_SSD_tandem	left_flank	1	-0.925	1	5000	0.0432	0.2
clust0016	clustered_SSD_tandem	left_flank	2	-0.875	1	5000	0.0192	0.2
clust0016	clustered_SSD_tandem	left_flank	3	-0.825	0	5000	0.0	0.0
clust0016	clustered_SSD_tandem	left_flank	4	-0.775	0	5000	0.0	0.0
clust0016	clustered_SSD_tandem	left_flank	5	-0.725	0	5000	0.0	0.0
clust0016	clustered_SSD_tandem	left_flank	6	-0.675	0	5000	0.0	0.0
clust0016	clustered_SSD_tandem	left_flank	7	-0.625	0	5000	0.0	0.0
clust0016	clustered_SSD_tandem	left_flank	8	-0.575	0	5000	0.0	0.0
clust0016	clustered_SSD_tandem	left_flank	9	-0.525	0	5000	0.0	0.0
clust0016	clustered_SSD_tandem	left_flank	10	-0.475	0	5000	0.0	0.0
clust0016	clustered_SSD_tandem	left_flank	11	-0.425	0	5000	0.0	0.0
clust0016	clustered_SSD_tandem	left_flank	12	-0.375	0	5000	0.0	0.0
clust0016	clustered_SSD_tandem	left_flank	13	-0.325	0	5000	0.0	0.0
clust0016	clustered_SSD_tandem	left_flank	14	-0.275	1	5000	0.0432	0.2
clust0016	clustered_SSD_tandem	left_flank	15	-0.225	0	5000	0.0	0.0
clust0016	clustered_SSD_tandem	left_flank	16	-0.175	0	5000	0.0	0.0
clust0016	clustered_SSD_tandem	left_flank	17	-0.125	0	5000	0.0	0.0
clust0016	clustered_SSD_tandem	left_flank	18	-0.075	0	5000	0.0	0.0
clust0016	clustered_SSD_tandem	left_flank	19	-0.025	0	5000	0.0	0.0
clust0016	clustered_SSD_tandem	body	20	0.025	0	4828	0.0	0.0
clust0016	clustered_SSD_tandem	body	21	0.075	0	4829	0.0	0.0
clust0016	clustered_SSD_tandem	body	22	0.125	0	4828	0.0	0.0
clust0016	clustered_SSD_tandem	body	23	0.175	0	4829	0.0	0.0
clust0016	clustered_SSD_tandem	body	24	0.225	0	4828	0.0	0.0
clust0016	clustered_SSD_tandem	body	25	0.275	0	4829	0.0	0.0
clust0016	clustered_SSD_tandem	body	26	0.325	0	4828	0.0	0.0
clust0016	clustered_SSD_tandem	body	27	0.375	0	4829	0.0	0.0
clust0016	clustered_SSD_tandem	body	28	0.425	0	4828	0.0	0.0
clust0016	clustered_SSD_tandem	body	29	0.475	0	4829	0.0	0.0
clust0016	clustered_SSD_tandem	body	30	0.525	0	4829	0.0	0.0
clust0016	clustered_SSD_tandem	body	31	0.575	0	4828	0.0	0.0
clust0016	clustered_SSD_tandem	body	32	0.625	0	4829	0.0	0.0
clust0016	clustered_SSD_tandem	body	33	0.675	1	4828	0.025476	0.207125
clust0016	clustered_SSD_tandem	body	34	0.725	0	4829	0.0	0.0
clust0016	clustered_SSD_tandem	body	35	0.775	0	4828	0.0	0.0
clust0016	clustered_SSD_tandem	body	36	0.825	0	4829	0.0	0.0
clust0016	clustered_SSD_tandem	body	37	0.875	0	4828	0.0	0.0
clust0016	clustered_SSD_tandem	body	38	0.925	0	4829	0.0	0.0
clust0016	clustered_SSD_tandem	body	39	0.975	0	4829	0.0	0.0
clust0016	clustered_SSD_tandem	right_flank	40	1.025	0	5000	0.0	0.0
clust0016	clustered_SSD_tandem	right_flank	41	1.075	0	5000	0.0	0.0
clust0016	clustered_SSD_tandem	right_flank	42	1.125	1	5000	0.0432	0.2
clust0016	clustered_SSD_tandem	right_flank	43	1.175	0	5000	0.0	0.0
clust0016	clustered_SSD_tandem	right_flank	44	1.225	0	5000	0.0	0.0
clust0016	clustered_SSD_tandem	right_flank	45	1.275	0	5000	0.0	0.0
clust0016	clustered_SSD_tandem	right_flank	46	1.325	0	5000	0.0	0.0
clust0016	clustered_SSD_tandem	right_flank	47	1.375	0	5000	0.0	0.0
clust0016	clustered_SSD_tandem	right_flank	48	1.425	0	5000	0.0	0.0
clust0016	clustered_SSD_tandem	right_flank	49	1.475	0	5000	0.0	0.0
clust0016	clustered_SSD_tandem	right_flank	50	1.525	0	5000	0.0	0.0
clust0016	clustered_SSD_tandem	right_flank	51	1.575	0	5000	0.0	0.0
clust0016	clustered_SSD_tandem	right_flank	52	1.625	0	5000	0.0	0.0
clust0016	clustered_SSD_tandem	right_flank	53	1.675	0	5000	0.0	0.0
clust0016	clustered_SSD_tandem	right_flank	54	1.725	0	5000	0.0	0.0
clust0016	clustered_SSD_tandem	right_flank	55	1.775	0	5000	0.0	0.0
clust0016	clustered_SSD_tandem	right_flank	56	1.825	0	5000	0.0	0.0
clust0016	clustered_SSD_tandem	right_flank	57	1.875	0	5000	0.0	0.0
clust0016	clustered_SSD_tandem	right_flank	58	1.925	0	5000	0.0	0.0
clust0016	clustered_SSD_tandem	right_flank	59	1.975	0	5000	0.0	0.0
clust0018	clustered_SSD_tandem	left_flank	0	-0.975	0	5000	0.0	0.0
clust0018	clustered_SSD_tandem	left_flank	1	-0.925	1	5000	0.0432	0.2
clust0018	clustered_SSD_tandem	left_flank	2	-0.875	0	5000	0.0	0.0
clust0018	clustered_SSD_tandem	left_flank	3	-0.825	0	5000	0.0	0.0
clust0018	clustered_SSD_tandem	left_flank	4	-0.775	1	5000	0.0352	0.2
clust0018	clustered_SSD_tandem	left_flank	5	-0.725	0	5000	0.0	0.0
clust0018	clustered_SSD_tandem	left_flank	6	-0.675	0	5000	0.0	0.0
clust0018	clustered_SSD_tandem	left_flank	7	-0.625	1	5000	0.0432	0.2
clust0018	clustered_SSD_tandem	left_flank	8	-0.575	0	5000	0.0	0.0
clust0018	clustered_SSD_tandem	left_flank	9	-0.525	0	5000	0.0	0.0
clust0018	clustered_SSD_tandem	left_flank	10	-0.475	0	5000	0.0	0.0
clust0018	clustered_SSD_tandem	left_flank	11	-0.425	1	5000	0.0258	0.2
clust0018	clustered_SSD_tandem	left_flank	12	-0.375	0	5000	0.0	0.0
clust0018	clustered_SSD_tandem	left_flank	13	-0.325	0	5000	0.0	0.0
clust0018	clustered_SSD_tandem	left_flank	14	-0.275	0	5000	0.0	0.0
clust0018	clustered_SSD_tandem	left_flank	15	-0.225	0	5000	0.0	0.0
clust0018	clustered_SSD_tandem	left_flank	16	-0.175	0	5000	0.0	0.0
clust0018	clustered_SSD_tandem	left_flank	17	-0.125	0	5000	0.0	0.0
clust0018	clustered_SSD_tandem	left_flank	18	-0.075	0	5000	0.0	0.0
clust0018	clustered_SSD_tandem	left_flank	19	-0.025	1	5000	0.0392	0.2
clust0018	clustered_SSD_tandem	body	20	0.025	0	1161	0.0	0.0
clust0018	clustered_SSD_tandem	body	21	0.075	0	1162	0.0	0.0
clust0018	clustered_SSD_tandem	body	22	0.125	1	1162	0.124785	0.860585
clust0018	clustered_SSD_tandem	body	23	0.175	0	1162	0.061102	0.0
clust0018	clustered_SSD_tandem	body	24	0.225	0	1162	0.0	0.0
clust0018	clustered_SSD_tandem	body	25	0.275	0	1162	0.0	0.0
clust0018	clustered_SSD_tandem	body	26	0.325	0	1161	0.0	0.0
clust0018	clustered_SSD_tandem	body	27	0.375	0	1162	0.0	0.0
clust0018	clustered_SSD_tandem	body	28	0.425	0	1162	0.0	0.0
clust0018	clustered_SSD_tandem	body	29	0.475	0	1162	0.0	0.0
clust0018	clustered_SSD_tandem	body	30	0.525	0	1162	0.0	0.0
clust0018	clustered_SSD_tandem	body	31	0.575	0	1162	0.0	0.0
clust0018	clustered_SSD_tandem	body	32	0.625	0	1162	0.0	0.0
clust0018	clustered_SSD_tandem	body	33	0.675	0	1161	0.0	0.0
clust0018	clustered_SSD_tandem	body	34	0.725	0	1162	0.0	0.0
clust0018	clustered_SSD_tandem	body	35	0.775	0	1162	0.0	0.0
clust0018	clustered_SSD_tandem	body	36	0.825	0	1162	0.0	0.0
clust0018	clustered_SSD_tandem	body	37	0.875	0	1162	0.0	0.0
clust0018	clustered_SSD_tandem	body	38	0.925	0	1162	0.0	0.0
clust0018	clustered_SSD_tandem	body	39	0.975	0	1162	0.0	0.0
clust0018	clustered_SSD_tandem	right_flank	40	1.025	0	5000	0.0	0.0
clust0018	clustered_SSD_tandem	right_flank	41	1.075	1	5000	0.0432	0.2
clust0018	clustered_SSD_tandem	right_flank	42	1.125	0	5000	0.0	0.0
clust0018	clustered_SSD_tandem	right_flank	43	1.175	0	5000	0.0	0.0
clust0018	clustered_SSD_tandem	right_flank	44	1.225	0	5000	0.0	0.0
clust0018	clustered_SSD_tandem	right_flank	45	1.275	0	5000	0.0	0.0
clust0018	clustered_SSD_tandem	right_flank	46	1.325	1	5000	0.016	0.2
clust0018	clustered_SSD_tandem	right_flank	47	1.375	0	5000	0.0	0.0
clust0018	clustered_SSD_tandem	right_flank	48	1.425	1	5000	0.0432	0.2
clust0018	clustered_SSD_tandem	right_flank	49	1.475	1	5000	0.0134	0.2
clust0018	clustered_SSD_tandem	right_flank	50	1.525	0	5000	0.0	0.0
clust0018	clustered_SSD_tandem	right_flank	51	1.575	0	5000	0.0	0.0
clust0018	clustered_SSD_tandem	right_flank	52	1.625	0	5000	0.0	0.0
clust0018	clustered_SSD_tandem	right_flank	53	1.675	0	5000	0.0	0.0
clust0018	clustered_SSD_tandem	right_flank	54	1.725	0	5000	0.0	0.0
clust0018	clustered_SSD_tandem	right_flank	55	1.775	0	5000	0.0	0.0
clust0018	clustered_SSD_tandem	right_flank	56	1.825	0	5000	0.0	0.0
clust0018	clustered_SSD_tandem	right_flank	57	1.875	0	5000	0.0	0.0
clust0018	clustered_SSD_tandem	right_flank	58	1.925	0	5000	0.0	0.0
clust0018	clustered_SSD_tandem	right_flank	59	1.975	0	5000	0.0	0.0
clust0019	clustered_SSD_tandem	left_flank	0	-0.975	0	5000	0.0	0.0
clust0019	clustered_SSD_tandem	left_flank	1	-0.925	0	5000	0.0	0.0
clust0019	clustered_SSD_tandem	left_flank	2	-0.875	0	5000	0.0	0.0
clust0019	clustered_SSD_tandem	left_flank	3	-0.825	0	5000	0.0	0.0
clust0019	clustered_SSD_tandem	left_flank	4	-0.775	0	5000	0.0	0.0
clust0019	clustered_SSD_tandem	left_flank	5	-0.725	1	5000	0.0294	0.2
clust0019	clustered_SSD_tandem	left_flank	6	-0.675	0	5000	0.0	0.0
clust0019	clustered_SSD_tandem	left_flank	7	-0.625	0	5000	0.0	0.0
clust0019	clustered_SSD_tandem	left_flank	8	-0.575	1	5000	0.0284	0.2
clust0019	clustered_SSD_tandem	left_flank	9	-0.525	0	5000	0.0	0.0
clust0019	clustered_SSD_tandem	left_flank	10	-0.475	0	5000	0.0	0.0
clust0019	clustered_SSD_tandem	left_flank	11	-0.425	0	5000	0.0	0.0
clust0019	clustered_SSD_tandem	left_flank	12	-0.375	1	5000	0.0432	0.2
clust0019	clustered_SSD_tandem	left_flank	13	-0.325	0	5000	0.0	0.0
clust0019	clustered_SSD_tandem	left_flank	14	-0.275	0	5000	0.0	0.0
clust0019	clustered_SSD_tandem	left_flank	15	-0.225	0	5000	0.0	0.0
clust0019	clustered_SSD_tandem	left_flank	16	-0.175	0	5000	0.0	0.0
clust0019	clustered_SSD_tandem	left_flank	17	-0.125	0	5000	0.0	0.0
clust0019	clustered_SSD_tandem	left_flank	18	-0.075	0	5000	0.0	0.0
clust0019	clustered_SSD_tandem	left_flank	19	-0.025	0	5000	0.0	0.0
clust0019	clustered_SSD_tandem	body	20	0.025	0	3442	0.0	0.0
clust0019	clustered_SSD_tandem	body	21	0.075	0	3442	0.0	0.0
clust0019	clustered_SSD_tandem	body	22	0.125	0	3443	0.0	0.0
clust0019	clustered_SSD_tandem	body	23	0.175	0	3442	0.0	0.0
clust0019	clustered_SSD_tandem	body	24	0.225	0	3443	0.0	0.0
clust0019	clustered_SSD_tandem	body	25	0.275	0	3442	0.0	0.0
clust0019	clustered_SSD_tandem	body	26	0.325	0	3443	0.0	0.0
clust0019	clustered_SSD_tandem	body	27	0.375	0	3442	0.0	0.0
clust0019	clustered_SSD_tandem	body	28	0.425	1	3443	0.042405	0.290444
clust0019	clustered_SSD_tandem	body	29	0.475	0	3442	0.0	0.0
clust0019	clustered_SSD_tandem	body	30	0.525	0	3442	0.0	0.0
clust0019	clustered_SSD_tandem	body	31	0.575	0	3443	0.0	0.0
clust0019	clustered_SSD_tandem	body	32	0.625	0	3442	0.0	0.0
clust0019	clustered_SSD_tandem	body	33	0.675	0	3443	0.0	0.0
clust0019	clustered_SSD_tandem	body	34	0.725	0	3442	0.0	0.0
clust0019	clustered_SSD_tandem	body	35	0.775	1	3443	0.027302	0.290444
clust0019	clustered_SSD_tandem	body	36	0.825	1	3442	0.040674	0.290529
clust0019	clustered_SSD_tandem	body	37	0.875	0	3443	0.0	0.0
clust0019	clustered_SSD_tandem	body	38	0.925	1	3442	0.062754	0.290529
clust0019	clustered_SSD_tandem	body	39	0.975	0	3443	0.0	0.0
clust0019	clustered_SSD_tandem	right_flank	40	1.025	0	5000	0.0	0.0
clust0019	clustered_SSD_tandem	right_flank	41	1.075	1	5000	0.0438	0.2
clust0019	clustered_SSD_tandem	right_flank	42	1.125	0	5000	0.0	0.0
clust0019	clustered_SSD_tandem	right_flank	43	1.175	0	5000	0.0	0.0
clust0019	clustered_SSD_tandem	right_flank	44	1.225	0	5000	0.0	0.0
clust0019	clustered_SSD_tandem	right_flank	45	1.275	1	5000	0.0432	0.2
clust0019	clustered_SSD_tandem	right_flank	46	1.325	1	5000	0.0432	0.2
clust0019	clustered_SSD_tandem	right_flank	47	1.375	0	5000	0.0	0.0
clust0019	clustered_SSD_tandem	right_flank	48	1.425	0	5000	0.0	0.0
clust0019	clustered_SSD_tandem	right_flank	49	1.475	0	5000	0.0	0.0
clust0019	clustered_SSD_tandem	right_flank	50	1.525	0	5000	0.0	0.0
clust0019	clustered_SSD_tandem	right_flank	51	1.575	2	5000	0.0864	0.4
clust0019	clustered_SSD_tandem	right_flank	52	1.625	0	5000	0.0	0.0
clust0019	clustered_SSD_tandem	right_flank	53	1.675	0	5000	0.0	0.0
clust0019	clustered_SSD_tandem	right_flank	54	1.725	0	5000	0.0	0.0
clust0019	clustered_SSD_tandem	right_flank	55	1.775	0	5000	0.0	0.0
clust0019	clustered_SSD_tandem	right_flank	56	1.825	0	5000	0.0	0.0
clust0019	clustered_SSD_tandem	right_flank	57	1.875	0	5000	0.0	0.0
clust0019	clustered_SSD_tandem	right_flank	58	1.925	0	5000	0.0	0.0
clust0019	clustered_SSD_tandem	right_flank	59	1.975	0	5000	0.0	0.0
clust0063	clustered_SSD_tandem	left_flank	0	-0.975	0	5000	0.0	0.0
clust0063	clustered_SSD_tandem	left_flank	1	-0.925	0	5000	0.0	0.0
clust0063	clustered_SSD_tandem	left_flank	2	-0.875	0	5000	0.0	0.0
clust0063	clustered_SSD_tandem	left_flank	3	-0.825	1	5000	0.0218	0.2
clust0063	clustered_SSD_tandem	left_flank	4	-0.775	1	5000	0.0432	0.2
clust0063	clustered_SSD_tandem	left_flank	5	-0.725	0	5000	0.0	0.0
clust0063	clustered_SSD_tandem	left_flank	6	-0.675	0	5000	0.0	0.0
clust0063	clustered_SSD_tandem	left_flank	7	-0.625	0	5000	0.0	0.0
clust0063	clustered_SSD_tandem	left_flank	8	-0.575	0	5000	0.0	0.0
clust0063	clustered_SSD_tandem	left_flank	9	-0.525	0	5000	0.0	0.0
clust0063	clustered_SSD_tandem	left_flank	10	-0.475	0	5000	0.0	0.0
clust0063	clustered_SSD_tandem	left_flank	11	-0.425	0	5000	0.0	0.0
clust0063	clustered_SSD_tandem	left_flank	12	-0.375	0	5000	0.0	0.0
clust0063	clustered_SSD_tandem	left_flank	13	-0.325	1	5000	0.0432	0.2
clust0063	clustered_SSD_tandem	left_flank	14	-0.275	0	5000	0.0	0.0
clust0063	clustered_SSD_tandem	left_flank	15	-0.225	0	5000	0.0	0.0
clust0063	clustered_SSD_tandem	left_flank	16	-0.175	1	5000	0.0314	0.2
clust0063	clustered_SSD_tandem	left_flank	17	-0.125	0	5000	0.0	0.0
clust0063	clustered_SSD_tandem	left_flank	18	-0.075	0	5000	0.0	0.0
clust0063	clustered_SSD_tandem	left_flank	19	-0.025	0	5000	0.0	0.0
clust0063	clustered_SSD_tandem	body	20	0.025	0	8934	0.0	0.0
clust0063	clustered_SSD_tandem	body	21	0.075	0	8935	0.0	0.0
clust0063	clustered_SSD_tandem	body	22	0.125	0	8935	0.0	0.0
clust0063	clustered_SSD_tandem	body	23	0.175	0	8935	0.0	0.0
clust0063	clustered_SSD_tandem	body	24	0.225	0	8935	0.0	0.0
clust0063	clustered_SSD_tandem	body	25	0.275	0	8935	0.0	0.0
clust0063	clustered_SSD_tandem	body	26	0.325	0	8934	0.0	0.0
clust0063	clustered_SSD_tandem	body	27	0.375	2	8935	0.03089	0.223839
clust0063	clustered_SSD_tandem	body	28	0.425	0	8935	0.0	0.0
clust0063	clustered_SSD_tandem	body	29	0.475	0	8935	0.0	0.0
clust0063	clustered_SSD_tandem	body	30	0.525	0	8935	0.0	0.0
clust0063	clustered_SSD_tandem	body	31	0.575	0	8935	0.0	0.0
clust0063	clustered_SSD_tandem	body	32	0.625	0	8935	0.0	0.0
clust0063	clustered_SSD_tandem	body	33	0.675	1	8934	0.014887	0.111932
clust0063	clustered_SSD_tandem	body	34	0.725	0	8935	0.0	0.0
clust0063	clustered_SSD_tandem	body	35	0.775	0	8935	0.0	0.0
clust0063	clustered_SSD_tandem	body	36	0.825	1	8935	0.010968	0.111919
clust0063	clustered_SSD_tandem	body	37	0.875	1	8935	0.024175	0.111919
clust0063	clustered_SSD_tandem	body	38	0.925	1	8935	0.015109	0.111919
clust0063	clustered_SSD_tandem	body	39	0.975	0	8935	0.0	0.0
clust0063	clustered_SSD_tandem	right_flank	40	1.025	0	5000	0.0	0.0
clust0063	clustered_SSD_tandem	right_flank	41	1.075	0	5000	0.0	0.0
clust0063	clustered_SSD_tandem	right_flank	42	1.125	0	5000	0.0	0.0
clust0063	clustered_SSD_tandem	right_flank	43	1.175	0	5000	0.0	0.0
clust0063	clustered_SSD_tandem	right_flank	44	1.225	1	5000	0.0252	0.2
clust0063	clustered_SSD_tandem	right_flank	45	1.275	1	5000	0.0432	0.2
clust0063	clustered_SSD_tandem	right_flank	46	1.325	0	5000	0.0	0.0
clust0063	clustered_SSD_tandem	right_flank	47	1.375	0	5000	0.0	0.0
clust0063	clustered_SSD_tandem	right_flank	48	1.425	0	5000	0.0	0.0
clust0063	clustered_SSD_tandem	right_flank	49	1.475	0	5000	0.0	0.0
clust0063	clustered_SSD_tandem	right_flank	50	1.525	0	5000	0.0	0.0
clust0063	clustered_SSD_tandem	right_flank	51	1.575	0	5000	0.0	0.0
clust0063	clustered_SSD_tandem	right_flank	52	1.625	0	5000	0.0	0.0
clust0063	clustered_SSD_tandem	right_flank	53	1.675	0	5000	0.0	0.0
clust0063	clustered_SSD_tandem	right_flank	54	1.725	0	5000	0.0	0.0
clust0063	clustered_SSD_tandem	right_flank	55	1.775	0	5000	0.0	0.0
clust0063	clustered_SSD_tandem	right_flank	56	1.825	0	5000	0.0	0.0
clust0063	clustered_SSD_tandem	right_flank	57	1.875	0	5000	0.0	0.0
clust0063	clustered_SSD_tandem	right_flank	58	1.925	0	5000	0.0	0.0
clust0063	clustered_SSD_tandem	right_flank	59	1.975	0	5000	0.0	0.0
clust0064	clustered_SSD_tandem	left_flank	0	-0.975	0	5000	0.0	0.0
clust0064	clustered_SSD_tandem	left_flank	1	-0.925	0	5000	0.0	0.0
clust0064	clustered_SSD_tandem	left_flank	2	-0.875	1	5000	0.0432	0.2
clust0064	clustered_SSD_tandem	left_flank	3	-0.825	0	5000	0.0	0.0
clust0064	clustered_SSD_tandem	left_flank	4	-0.775	0	5000	0.0	0.0
clust0064	clustered_SSD_tandem	left_flank	5	-0.725	0	5000	0.0	0.0
clust0064	clustered_SSD_tandem	left_flank	6	-0.675	0	5000	0.0	0.0
clust0064	clustered_SSD_tandem	left_flank	7	-0.625	0	5000	0.0	0.0
clust0064	clustered_SSD_tandem	left_flank	8	-0.575	0	5000	0.0	0.0
clust0064	clustered_SSD_tandem	left_flank	9	-0.525	0	5000	0.0	0.0
clust0064	clustered_SSD_tandem	left_flank	10	-0.475	0	5000	0.0	0.0
clust0064	clustered_SSD_tandem	left_flank	11	-0.425	0	5000	0.0	0.0
clust0064	clustered_SSD_tandem	left_flank	12	-0.375	0	5000	0.0	0.0
clust0064	clustered_SSD_tandem	left_flank	13	-0.325	0	5000	0.0	0.0
clust0064	clustered_SSD_tandem	left_flank	14	-0.275	0	5000	0.0	0.0
clust0064	clustered_SSD_tandem	left_flank	15	-0.225	0	5000	0.0	0.0
clust0064	clustered_SSD_tandem	left_flank	16	-0.175	0	5000	0.0	0.0
clust0064	clustered_SSD_tandem	left_flank	17	-0.125	0	5000	0.0	0.0
clust0064	clustered_SSD_tandem	left_flank	18	-0.075	0	5000	0.0	0.0
clust0064	clustered_SSD_tandem	left_flank	19	-0.025	0	5000	0.0	0.0
clust0064	clustered_SSD_tandem	body	20	0.025	0	4220	0.0	0.0
clust0064	clustered_SSD_tandem	body	21	0.075	0	4220	0.0	0.0
clust0064	clustered_SSD_tandem	body	22	0.125	0	4220	0.0	0.0
clust0064	clustered_SSD_tandem	body	23	0.175	0	4220	0.0	0.0
clust0064	clustered_SSD_tandem	body	24	0.225	0	4220	0.0	0.0
clust0064	clustered_SSD_tandem	body	25	0.275	0	4220	0.0	0.0
clust0064	clustered_SSD_tandem	body	26	0.325	0	4220	0.0	0.0
clust0064	clustered_SSD_tandem	body	27	0.375	0	4220	0.0	0.0
clust0064	clustered_SSD_tandem	body	28	0.425	0	4220	0.0	0.0
clust0064	clustered_SSD_tandem	body	29	0.475	0	4221	0.0	0.0
clust0064	clustered_SSD_tandem	body	30	0.525	0	4220	0.0	0.0
clust0064	clustered_SSD_tandem	body	31	0.575	0	4220	0.0	0.0
clust0064	clustered_SSD_tandem	body	32	0.625	0	4220	0.0	0.0
clust0064	clustered_SSD_tandem	body	33	0.675	0	4220	0.0	0.0
clust0064	clustered_SSD_tandem	body	34	0.725	0	4220	0.0	0.0
clust0064	clustered_SSD_tandem	body	35	0.775	0	4220	0.0	0.0
clust0064	clustered_SSD_tandem	body	36	0.825	0	4220	0.0	0.0
clust0064	clustered_SSD_tandem	body	37	0.875	0	4220	0.0	0.0
clust0064	clustered_SSD_tandem	body	38	0.925	0	4220	0.0	0.0
clust0064	clustered_SSD_tandem	body	39	0.975	0	4221	0.0	0.0
clust0064	clustered_SSD_tandem	right_flank	40	1.025	0	5000	0.0	0.0
clust0064	clustered_SSD_tandem	right_flank	41	1.075	0	5000	0.0	0.0
clust0064	clustered_SSD_tandem	right_flank	42	1.125	0	5000	0.0	0.0
clust0064	clustered_SSD_tandem	right_flank	43	1.175	0	5000	0.0	0.0
clust0064	clustered_SSD_tandem	right_flank	44	1.225	0	5000	0.0	0.0
clust0064	clustered_SSD_tandem	right_flank	45	1.275	0	5000	0.0	0.0
clust0064	clustered_SSD_tandem	right_flank	46	1.325	0	5000	0.0	0.0
clust0064	clustered_SSD_tandem	right_flank	47	1.375	1	5000	0.014	0.2
clust0064	clustered_SSD_tandem	right_flank	48	1.425	0	5000	0.0	0.0
clust0064	clustered_SSD_tandem	right_flank	49	1.475	0	5000	0.0	0.0
clust0064	clustered_SSD_tandem	right_flank	50	1.525	0	5000	0.0	0.0
clust0064	clustered_SSD_tandem	right_flank	51	1.575	0	5000	0.0	0.0
clust0064	clustered_SSD_tandem	right_flank	52	1.625	1	5000	0.0432	0.2
clust0064	clustered_SSD_tandem	right_flank	53	1.675	0	5000	0.0	0.0
clust0064	clustered_SSD_tandem	right_flank	54	1.725	0	5000	0.0	0.0
clust0064	clustered_SSD_tandem	right_flank	55	1.775	0	5000	0.0	0.0
clust0064	clustered_SSD_tandem	right_flank	56	1.825	0	5000	0.0	0.0
clust0064	clustered_SSD_tandem	right_flank	57	1.875	0	5000	0.0	0.0
clust0064	clustered_SSD_tandem	right_flank	58	1.925	0	5000	0.0	0.0
clust0064	clustered_SSD_tandem	right_flank	59	1.975	0	5000	0.0	0.0
clust0020	clustered_SSD_tandem	left_flank	0	-0.975	0	5000	0.0	0.0
clust0020	clustered_SSD_tandem	left_flank	1	-0.925	0	5000	0.0	0.0
clust0020	clustered_SSD_tandem	left_flank	2	-0.875	0	5000	0.0	0.0
clust0020	clustered_SSD_tandem	left_flank	3	-0.825	0	5000	0.0	0.0
clust0020	clustered_SSD_tandem	left_flank	4	-0.775	0	5000	0.0	0.0
clust0020	clustered_SSD_tandem	left_flank	5	-0.725	0	5000	0.0	0.0
clust0020	clustered_SSD_tandem	left_flank	6	-0.675	0	5000	0.0	0.0
clust0020	clustered_SSD_tandem	left_flank	7	-0.625	0	5000	0.0	0.0
clust0020	clustered_SSD_tandem	left_flank	8	-0.575	0	5000	0.0	0.0
clust0020	clustered_SSD_tandem	left_flank	9	-0.525	0	5000	0.0	0.0
clust0020	clustered_SSD_tandem	left_flank	10	-0.475	0	5000	0.0	0.0
clust0020	clustered_SSD_tandem	left_flank	11	-0.425	0	5000	0.0	0.0
clust0020	clustered_SSD_tandem	left_flank	12	-0.375	0	5000	0.0	0.0
clust0020	clustered_SSD_tandem	left_flank	13	-0.325	0	5000	0.0	0.0
clust0020	clustered_SSD_tandem	left_flank	14	-0.275	1	5000	0.0432	0.2
clust0020	clustered_SSD_tandem	left_flank	15	-0.225	0	5000	0.0	0.0
clust0020	clustered_SSD_tandem	left_flank	16	-0.175	0	5000	0.0	0.0
clust0020	clustered_SSD_tandem	left_flank	17	-0.125	0	5000	0.0	0.0
clust0020	clustered_SSD_tandem	left_flank	18	-0.075	0	5000	0.0	0.0
clust0020	clustered_SSD_tandem	left_flank	19	-0.025	0	5000	0.0	0.0
clust0020	clustered_SSD_tandem	body	20	0.025	0	1333	0.0	0.0
clust0020	clustered_SSD_tandem	body	21	0.075	0	1334	0.0	0.0
clust0020	clustered_SSD_tandem	body	22	0.125	0	1333	0.0	0.0
clust0020	clustered_SSD_tandem	body	23	0.175	0	1334	0.0	0.0
clust0020	clustered_SSD_tandem	body	24	0.225	0	1334	0.0	0.0
clust0020	clustered_SSD_tandem	body	25	0.275	0	1333	0.0	0.0
clust0020	clustered_SSD_tandem	body	26	0.325	1	1334	0.161919	0.749625
clust0020	clustered_SSD_tandem	body	27	0.375	0	1334	0.0	0.0
clust0020	clustered_SSD_tandem	body	28	0.425	0	1333	0.0	0.0
clust0020	clustered_SSD_tandem	body	29	0.475	0	1334	0.0	0.0
clust0020	clustered_SSD_tandem	body	30	0.525	0	1334	0.0	0.0
clust0020	clustered_SSD_tandem	body	31	0.575	0	1333	0.0	0.0
clust0020	clustered_SSD_tandem	body	32	0.625	0	1334	0.0	0.0
clust0020	clustered_SSD_tandem	body	33	0.675	1	1334	0.161919	0.749625
clust0020	clustered_SSD_tandem	body	34	0.725	0	1333	0.0	0.0
clust0020	clustered_SSD_tandem	body	35	0.775	0	1334	0.0	0.0
clust0020	clustered_SSD_tandem	body	36	0.825	0	1334	0.0	0.0
clust0020	clustered_SSD_tandem	body	37	0.875	0	1333	0.0	0.0
clust0020	clustered_SSD_tandem	body	38	0.925	0	1334	0.0	0.0
clust0020	clustered_SSD_tandem	body	39	0.975	0	1334	0.0	0.0
clust0020	clustered_SSD_tandem	right_flank	40	1.025	0	5000	0.0	0.0
clust0020	clustered_SSD_tandem	right_flank	41	1.075	1	5000	0.0432	0.2
clust0020	clustered_SSD_tandem	right_flank	42	1.125	0	5000	0.0	0.0
clust0020	clustered_SSD_tandem	right_flank	43	1.175	0	5000	0.0	0.0
clust0020	clustered_SSD_tandem	right_flank	44	1.225	0	5000	0.0	0.0
clust0020	clustered_SSD_tandem	right_flank	45	1.275	2	5000	0.0864	0.4
clust0020	clustered_SSD_tandem	right_flank	46	1.325	0	5000	0.0	0.0
clust0020	clustered_SSD_tandem	right_flank	47	1.375	0	5000	0.0	0.0
clust0020	clustered_SSD_tandem	right_flank	48	1.425	0	5000	0.0	0.0
clust0020	clustered_SSD_tandem	right_flank	49	1.475	0	5000	0.0	0.0
clust0020	clustered_SSD_tandem	right_flank	50	1.525	0	5000	0.0	0.0
clust0020	clustered_SSD_tandem	right_flank	51	1.575	0	5000	0.0	0.0
clust0020	clustered_SSD_tandem	right_flank	52	1.625	0	5000	0.0	0.0
clust0020	clustered_SSD_tandem	right_flank	53	1.675	0	5000	0.0	0.0
clust0020	clustered_SSD_tandem	right_flank	54	1.725	0	5000	0.0	0.0
clust0020	clustered_SSD_tandem	right_flank	55	1.775	0	5000	0.0	0.0
clust0020	clustered_SSD_tandem	right_flank	56	1.825	0	5000	0.0	0.0
clust0020	clustered_SSD_tandem	right_flank	57	1.875	0	5000	0.0	0.0
clust0020	clustered_SSD_tandem	right_flank	58	1.925	0	5000	0.0	0.0
clust0020	clustered_SSD_tandem	right_flank	59	1.975	0	5000	0.0	0.0
clust0060	clustered_SSD_tandem	left_flank	0	-0.975	3	5000	0.1122	0.6
clust0060	clustered_SSD_tandem	left_flank	1	-0.925	0	5000	0.0	0.0
clust0060	clustered_SSD_tandem	left_flank	2	-0.875	0	5000	0.0	0.0
clust0060	clustered_SSD_tandem	left_flank	3	-0.825	0	5000	0.0	0.0
clust0060	clustered_SSD_tandem	left_flank	4	-0.775	0	5000	0.0	0.0
clust0060	clustered_SSD_tandem	left_flank	5	-0.725	0	5000	0.0	0.0
clust0060	clustered_SSD_tandem	left_flank	6	-0.675	0	5000	0.0	0.0
clust0060	clustered_SSD_tandem	left_flank	7	-0.625	0	5000	0.0	0.0
clust0060	clustered_SSD_tandem	left_flank	8	-0.575	0	5000	0.0	0.0
clust0060	clustered_SSD_tandem	left_flank	9	-0.525	0	5000	0.0	0.0
clust0060	clustered_SSD_tandem	left_flank	10	-0.475	0	5000	0.0	0.0
clust0060	clustered_SSD_tandem	left_flank	11	-0.425	0	5000	0.0	0.0
clust0060	clustered_SSD_tandem	left_flank	12	-0.375	0	5000	0.0	0.0
clust0060	clustered_SSD_tandem	left_flank	13	-0.325	0	5000	0.0	0.0
clust0060	clustered_SSD_tandem	left_flank	14	-0.275	0	5000	0.0	0.0
clust0060	clustered_SSD_tandem	left_flank	15	-0.225	0	5000	0.0	0.0
clust0060	clustered_SSD_tandem	left_flank	16	-0.175	0	5000	0.0	0.0
clust0060	clustered_SSD_tandem	left_flank	17	-0.125	0	5000	0.0	0.0
clust0060	clustered_SSD_tandem	left_flank	18	-0.075	0	5000	0.0	0.0
clust0060	clustered_SSD_tandem	left_flank	19	-0.025	1	5000	0.0432	0.2
clust0060	clustered_SSD_tandem	body	20	0.025	0	19021	0.0	0.0
clust0060	clustered_SSD_tandem	body	21	0.075	1	19021	0.007255	0.052573
clust0060	clustered_SSD_tandem	body	22	0.125	0	19021	0.0	0.0
clust0060	clustered_SSD_tandem	body	23	0.175	0	19021	0.0	0.0
clust0060	clustered_SSD_tandem	body	24	0.225	0	19021	0.0	0.0
clust0060	clustered_SSD_tandem	body	25	0.275	0	19021	0.0	0.0
clust0060	clustered_SSD_tandem	body	26	0.325	0	19021	0.0	0.0
clust0060	clustered_SSD_tandem	body	27	0.375	0	19021	0.0	0.0
clust0060	clustered_SSD_tandem	body	28	0.425	0	19021	0.0	0.0
clust0060	clustered_SSD_tandem	body	29	0.475	0	19021	0.0	0.0
clust0060	clustered_SSD_tandem	body	30	0.525	0	19021	0.0	0.0
clust0060	clustered_SSD_tandem	body	31	0.575	0	19021	0.0	0.0
clust0060	clustered_SSD_tandem	body	32	0.625	0	19021	0.0	0.0
clust0060	clustered_SSD_tandem	body	33	0.675	0	19021	0.0	0.0
clust0060	clustered_SSD_tandem	body	34	0.725	0	19021	0.0	0.0
clust0060	clustered_SSD_tandem	body	35	0.775	0	19021	0.0	0.0
clust0060	clustered_SSD_tandem	body	36	0.825	0	19021	0.0	0.0
clust0060	clustered_SSD_tandem	body	37	0.875	0	19021	0.0	0.0
clust0060	clustered_SSD_tandem	body	38	0.925	0	19021	0.0	0.0
clust0060	clustered_SSD_tandem	body	39	0.975	0	19021	0.0	0.0
clust0060	clustered_SSD_tandem	right_flank	40	1.025	0	5000	0.0	0.0
clust0060	clustered_SSD_tandem	right_flank	41	1.075	0	5000	0.0	0.0
clust0060	clustered_SSD_tandem	right_flank	42	1.125	0	5000	0.0	0.0
clust0060	clustered_SSD_tandem	right_flank	43	1.175	0	5000	0.0	0.0
clust0060	clustered_SSD_tandem	right_flank	44	1.225	0	5000	0.0	0.0
clust0060	clustered_SSD_tandem	right_flank	45	1.275	0	5000	0.0	0.0
clust0060	clustered_SSD_tandem	right_flank	46	1.325	0	5000	0.0	0.0
clust0060	clustered_SSD_tandem	right_flank	47	1.375	0	5000	0.0	0.0
clust0060	clustered_SSD_tandem	right_flank	48	1.425	1	5000	0.0432	0.2
clust0060	clustered_SSD_tandem	right_flank	49	1.475	0	5000	0.0	0.0
clust0060	clustered_SSD_tandem	right_flank	50	1.525	0	5000	0.0	0.0
clust0060	clustered_SSD_tandem	right_flank	51	1.575	0	5000	0.0	0.0
clust0060	clustered_SSD_tandem	right_flank	52	1.625	0	5000	0.0	0.0
clust0060	clustered_SSD_tandem	right_flank	53	1.675	2	5000	0.0674	0.4
clust0060	clustered_SSD_tandem	right_flank	54	1.725	0	5000	0.0	0.0
clust0060	clustered_SSD_tandem	right_flank	55	1.775	0	5000	0.0	0.0
clust0060	clustered_SSD_tandem	right_flank	56	1.825	0	5000	0.0	0.0
clust0060	clustered_SSD_tandem	right_flank	57	1.875	0	5000	0.0	0.0
clust0060	clustered_SSD_tandem	right_flank	58	1.925	0	5000	0.0	0.0
clust0060	clustered_SSD_tandem	right_flank	59	1.975	0	5000	0.0	0.0
clust0074	clustered_SSD_tandem	left_flank	0	-0.975	0	5000	0.0	0.0
clust0074	clustered_SSD_tandem	left_flank	1	-0.925	0	5000	0.0	0.0
clust0074	clustered_SSD_tandem	left_flank	2	-0.875	1	5000	0.0432	0.2
clust0074	clustered_SSD_tandem	left_flank	3	-0.825	0	5000	0.0	0.0
clust0074	clustered_SSD_tandem	left_flank	4	-0.775	0	5000	0.0	0.0
clust0074	clustered_SSD_tandem	left_flank	5	-0.725	0	5000	0.0	0.0
clust0074	clustered_SSD_tandem	left_flank	6	-0.675	0	5000	0.0	0.0
clust0074	clustered_SSD_tandem	left_flank	7	-0.625	0	5000	0.0	0.0
clust0074	clustered_SSD_tandem	left_flank	8	-0.575	0	5000	0.0	0.0
clust0074	clustered_SSD_tandem	left_flank	9	-0.525	0	5000	0.0	0.0
clust0074	clustered_SSD_tandem	left_flank	10	-0.475	0	5000	0.0	0.0
clust0074	clustered_SSD_tandem	left_flank	11	-0.425	0	5000	0.0	0.0
clust0074	clustered_SSD_tandem	left_flank	12	-0.375	0	5000	0.0	0.0
clust0074	clustered_SSD_tandem	left_flank	13	-0.325	1	5000	0.0432	0.2
clust0074	clustered_SSD_tandem	left_flank	14	-0.275	0	5000	0.0	0.0
clust0074	clustered_SSD_tandem	left_flank	15	-0.225	0	5000	0.0	0.0
clust0074	clustered_SSD_tandem	left_flank	16	-0.175	0	5000	0.0	0.0
clust0074	clustered_SSD_tandem	left_flank	17	-0.125	0	5000	0.0	0.0
clust0074	clustered_SSD_tandem	left_flank	18	-0.075	0	5000	0.0	0.0
clust0074	clustered_SSD_tandem	left_flank	19	-0.025	0	5000	0.0	0.0
clust0074	clustered_SSD_tandem	body	20	0.025	0	2323	0.0	0.0
clust0074	clustered_SSD_tandem	body	21	0.075	0	2324	0.0	0.0
clust0074	clustered_SSD_tandem	body	22	0.125	0	2324	0.0	0.0
clust0074	clustered_SSD_tandem	body	23	0.175	0	2324	0.0	0.0
clust0074	clustered_SSD_tandem	body	24	0.225	0	2324	0.0	0.0
clust0074	clustered_SSD_tandem	body	25	0.275	0	2324	0.0	0.0
clust0074	clustered_SSD_tandem	body	26	0.325	0	2324	0.0	0.0
clust0074	clustered_SSD_tandem	body	27	0.375	0	2324	0.0	0.0
clust0074	clustered_SSD_tandem	body	28	0.425	0	2324	0.0	0.0
clust0074	clustered_SSD_tandem	body	29	0.475	0	2324	0.0	0.0
clust0074	clustered_SSD_tandem	body	30	0.525	0	2323	0.0	0.0
clust0074	clustered_SSD_tandem	body	31	0.575	0	2324	0.0	0.0
clust0074	clustered_SSD_tandem	body	32	0.625	0	2324	0.0	0.0
clust0074	clustered_SSD_tandem	body	33	0.675	0	2324	0.0	0.0
clust0074	clustered_SSD_tandem	body	34	0.725	0	2324	0.0	0.0
clust0074	clustered_SSD_tandem	body	35	0.775	0	2324	0.0	0.0
clust0074	clustered_SSD_tandem	body	36	0.825	0	2324	0.0	0.0
clust0074	clustered_SSD_tandem	body	37	0.875	0	2324	0.0	0.0
clust0074	clustered_SSD_tandem	body	38	0.925	0	2324	0.0	0.0
clust0074	clustered_SSD_tandem	body	39	0.975	0	2324	0.0	0.0
clust0074	clustered_SSD_tandem	right_flank	40	1.025	0	5000	0.0	0.0
clust0074	clustered_SSD_tandem	right_flank	41	1.075	1	5000	0.0432	0.2
clust0074	clustered_SSD_tandem	right_flank	42	1.125	0	5000	0.0	0.0
clust0074	clustered_SSD_tandem	right_flank	43	1.175	0	5000	0.0	0.0
clust0074	clustered_SSD_tandem	right_flank	44	1.225	0	5000	0.0	0.0
clust0074	clustered_SSD_tandem	right_flank	45	1.275	0	5000	0.0	0.0
clust0074	clustered_SSD_tandem	right_flank	46	1.325	0	5000	0.0	0.0
clust0074	clustered_SSD_tandem	right_flank	47	1.375	0	5000	0.0	0.0
clust0074	clustered_SSD_tandem	right_flank	48	1.425	0	5000	0.0	0.0
clust0074	clustered_SSD_tandem	right_flank	49	1.475	0	5000	0.0	0.0
clust0074	clustered_SSD_tandem	right_flank	50	1.525	0	5000	0.0	0.0
clust0074	clustered_SSD_tandem	right_flank	51	1.575	2	5000	0.0722	0.4
clust0074	clustered_SSD_tandem	right_flank	52	1.625	0	5000	0.0	0.0
clust0074	clustered_SSD_tandem	right_flank	53	1.675	0	5000	0.0	0.0
clust0074	clustered_SSD_tandem	right_flank	54	1.725	0	5000	0.0	0.0
clust0074	clustered_SSD_tandem	right_flank	55	1.775	0	5000	0.0	0.0
clust0074	clustered_SSD_tandem	right_flank	56	1.825	0	5000	0.0	0.0
clust0074	clustered_SSD_tandem	right_flank	57	1.875	0	5000	0.0	0.0
clust0074	clustered_SSD_tandem	right_flank	58	1.925	0	5000	0.0	0.0
clust0074	clustered_SSD_tandem	right_flank	59	1.975	0	5000	0.0	0.0
clust0065	clustered_SSD_tandem	left_flank	0	-0.975	0	5000	0.0	0.0
clust0065	clustered_SSD_tandem	left_flank	1	-0.925	0	5000	0.0	0.0
clust0065	clustered_SSD_tandem	left_flank	2	-0.875	0	5000	0.0	0.0
clust0065	clustered_SSD_tandem	left_flank	3	-0.825	0	5000	0.0	0.0
clust0065	clustered_SSD_tandem	left_flank	4	-0.775	0	5000	0.0	0.0
clust0065	clustered_SSD_tandem	left_flank	5	-0.725	0	5000	0.0	0.0
clust0065	clustered_SSD_tandem	left_flank	6	-0.675	0	5000	0.0	0.0
clust0065	clustered_SSD_tandem	left_flank	7	-0.625	0	5000	0.0	0.0
clust0065	clustered_SSD_tandem	left_flank	8	-0.575	0	5000	0.0	0.0
clust0065	clustered_SSD_tandem	left_flank	9	-0.525	0	5000	0.0	0.0
clust0065	clustered_SSD_tandem	left_flank	10	-0.475	0	5000	0.0	0.0
clust0065	clustered_SSD_tandem	left_flank	11	-0.425	0	5000	0.0	0.0
clust0065	clustered_SSD_tandem	left_flank	12	-0.375	0	5000	0.0	0.0
clust0065	clustered_SSD_tandem	left_flank	13	-0.325	0	5000	0.0	0.0
clust0065	clustered_SSD_tandem	left_flank	14	-0.275	0	5000	0.0	0.0
clust0065	clustered_SSD_tandem	left_flank	15	-0.225	0	5000	0.0	0.0
clust0065	clustered_SSD_tandem	left_flank	16	-0.175	0	5000	0.0	0.0
clust0065	clustered_SSD_tandem	left_flank	17	-0.125	0	5000	0.0	0.0
clust0065	clustered_SSD_tandem	left_flank	18	-0.075	0	5000	0.0	0.0
clust0065	clustered_SSD_tandem	left_flank	19	-0.025	0	5000	0.0	0.0
clust0065	clustered_SSD_tandem	body	20	0.025	0	2475	0.0	0.0
clust0065	clustered_SSD_tandem	body	21	0.075	0	2476	0.0	0.0
clust0065	clustered_SSD_tandem	body	22	0.125	0	2476	0.0	0.0
clust0065	clustered_SSD_tandem	body	23	0.175	0	2475	0.0	0.0
clust0065	clustered_SSD_tandem	body	24	0.225	0	2476	0.0	0.0
clust0065	clustered_SSD_tandem	body	25	0.275	0	2476	0.0	0.0
clust0065	clustered_SSD_tandem	body	26	0.325	0	2475	0.0	0.0
clust0065	clustered_SSD_tandem	body	27	0.375	0	2476	0.0	0.0
clust0065	clustered_SSD_tandem	body	28	0.425	0	2476	0.0	0.0
clust0065	clustered_SSD_tandem	body	29	0.475	1	2476	0.087237	0.403877
clust0065	clustered_SSD_tandem	body	30	0.525	0	2475	0.0	0.0
clust0065	clustered_SSD_tandem	body	31	0.575	0	2476	0.0	0.0
clust0065	clustered_SSD_tandem	body	32	0.625	0	2476	0.0	0.0
clust0065	clustered_SSD_tandem	body	33	0.675	0	2475	0.0	0.0
clust0065	clustered_SSD_tandem	body	34	0.725	0	2476	0.0	0.0
clust0065	clustered_SSD_tandem	body	35	0.775	1	2476	0.087237	0.403877
clust0065	clustered_SSD_tandem	body	36	0.825	0	2475	0.0	0.0
clust0065	clustered_SSD_tandem	body	37	0.875	0	2476	0.0	0.0
clust0065	clustered_SSD_tandem	body	38	0.925	0	2476	0.0	0.0
clust0065	clustered_SSD_tandem	body	39	0.975	0	2476	0.0	0.0
clust0065	clustered_SSD_tandem	right_flank	40	1.025	1	5000	0.0136	0.2
clust0065	clustered_SSD_tandem	right_flank	41	1.075	0	5000	0.0	0.0
clust0065	clustered_SSD_tandem	right_flank	42	1.125	0	5000	0.0	0.0
clust0065	clustered_SSD_tandem	right_flank	43	1.175	0	5000	0.0	0.0
clust0065	clustered_SSD_tandem	right_flank	44	1.225	0	5000	0.0	0.0
clust0065	clustered_SSD_tandem	right_flank	45	1.275	0	5000	0.0	0.0
clust0065	clustered_SSD_tandem	right_flank	46	1.325	0	5000	0.0	0.0
clust0065	clustered_SSD_tandem	right_flank	47	1.375	0	5000	0.0	0.0
clust0065	clustered_SSD_tandem	right_flank	48	1.425	0	5000	0.0	0.0
clust0065	clustered_SSD_tandem	right_flank	49	1.475	0	5000	0.0	0.0
clust0065	clustered_SSD_tandem	right_flank	50	1.525	0	5000	0.0	0.0
clust0065	clustered_SSD_tandem	right_flank	51	1.575	0	5000	0.0	0.0
clust0065	clustered_SSD_tandem	right_flank	52	1.625	0	5000	0.0	0.0
clust0065	clustered_SSD_tandem	right_flank	53	1.675	0	5000	0.0	0.0
clust0065	clustered_SSD_tandem	right_flank	54	1.725	0	5000	0.0	0.0
clust0065	clustered_SSD_tandem	right_flank	55	1.775	0	5000	0.0	0.0
clust0065	clustered_SSD_tandem	right_flank	56	1.825	1	5000	0.0432	0.2
clust0065	clustered_SSD_tandem	right_flank	57	1.875	0	5000	0.0	0.0
clust0065	clustered_SSD_tandem	right_flank	58	1.925	0	5000	0.0	0.0
clust0065	clustered_SSD_tandem	right_flank	59	1.975	0	5000	0.0	0.0
clust0066	clustered_SSD_tandem	left_flank	0	-0.975	0	5000	0.0	0.0
clust0066	clustered_SSD_tandem	left_flank	1	-0.925	0	5000	0.0	0.0
clust0066	clustered_SSD_tandem	left_flank	2	-0.875	0	5000	0.0	0.0
clust0066	clustered_SSD_tandem	left_flank	3	-0.825	0	5000	0.0	0.0
clust0066	clustered_SSD_tandem	left_flank	4	-0.775	0	5000	0.0	0.0
clust0066	clustered_SSD_tandem	left_flank	5	-0.725	0	5000	0.0	0.0
clust0066	clustered_SSD_tandem	left_flank	6	-0.675	0	5000	0.0	0.0
clust0066	clustered_SSD_tandem	left_flank	7	-0.625	0	5000	0.0	0.0
clust0066	clustered_SSD_tandem	left_flank	8	-0.575	0	5000	0.0	0.0
clust0066	clustered_SSD_tandem	left_flank	9	-0.525	0	5000	0.0	0.0
clust0066	clustered_SSD_tandem	left_flank	10	-0.475	0	5000	0.0	0.0
clust0066	clustered_SSD_tandem	left_flank	11	-0.425	0	5000	0.0	0.0
clust0066	clustered_SSD_tandem	left_flank	12	-0.375	0	5000	0.0	0.0
clust0066	clustered_SSD_tandem	left_flank	13	-0.325	0	5000	0.0	0.0
clust0066	clustered_SSD_tandem	left_flank	14	-0.275	0	5000	0.0	0.0
clust0066	clustered_SSD_tandem	left_flank	15	-0.225	0	5000	0.0	0.0
clust0066	clustered_SSD_tandem	left_flank	16	-0.175	0	5000	0.0	0.0
clust0066	clustered_SSD_tandem	left_flank	17	-0.125	0	5000	0.0	0.0
clust0066	clustered_SSD_tandem	left_flank	18	-0.075	0	5000	0.0	0.0
clust0066	clustered_SSD_tandem	left_flank	19	-0.025	0	5000	0.0	0.0
clust0066	clustered_SSD_tandem	body	20	0.025	0	5940	0.0	0.0
clust0066	clustered_SSD_tandem	body	21	0.075	0	5940	0.0	0.0
clust0066	clustered_SSD_tandem	body	22	0.125	0	5941	0.0	0.0
clust0066	clustered_SSD_tandem	body	23	0.175	0	5940	0.0	0.0
clust0066	clustered_SSD_tandem	body	24	0.225	0	5941	0.0	0.0
clust0066	clustered_SSD_tandem	body	25	0.275	2	5940	0.05404	0.3367
clust0066	clustered_SSD_tandem	body	26	0.325	0	5941	0.0	0.0
clust0066	clustered_SSD_tandem	body	27	0.375	0	5940	0.0	0.0
clust0066	clustered_SSD_tandem	body	28	0.425	0	5941	0.0	0.0
clust0066	clustered_SSD_tandem	body	29	0.475	1	5940	0.036364	0.16835
clust0066	clustered_SSD_tandem	body	30	0.525	0	5940	0.0	0.0
clust0066	clustered_SSD_tandem	body	31	0.575	1	5941	0.036358	0.168322
clust0066	clustered_SSD_tandem	body	32	0.625	1	5940	0.036364	0.16835
clust0066	clustered_SSD_tandem	body	33	0.675	0	5941	0.0	0.0
clust0066	clustered_SSD_tandem	body	34	0.725	0	5940	0.0	0.0
clust0066	clustered_SSD_tandem	body	35	0.775	0	5941	0.0	0.0
clust0066	clustered_SSD_tandem	body	36	0.825	0	5940	0.0	0.0
clust0066	clustered_SSD_tandem	body	37	0.875	0	5941	0.0	0.0
clust0066	clustered_SSD_tandem	body	38	0.925	0	5940	0.0	0.0
clust0066	clustered_SSD_tandem	body	39	0.975	0	5941	0.0	0.0
clust0066	clustered_SSD_tandem	right_flank	40	1.025	0	5000	0.0	0.0
clust0066	clustered_SSD_tandem	right_flank	41	1.075	0	5000	0.0	0.0
clust0066	clustered_SSD_tandem	right_flank	42	1.125	0	5000	0.0	0.0
clust0066	clustered_SSD_tandem	right_flank	43	1.175	0	5000	0.0	0.0
clust0066	clustered_SSD_tandem	right_flank	44	1.225	0	5000	0.0	0.0
clust0066	clustered_SSD_tandem	right_flank	45	1.275	0	5000	0.0	0.0
clust0066	clustered_SSD_tandem	right_flank	46	1.325	0	5000	0.0	0.0
clust0066	clustered_SSD_tandem	right_flank	47	1.375	0	5000	0.0	0.0
clust0066	clustered_SSD_tandem	right_flank	48	1.425	0	5000	0.0	0.0
clust0066	clustered_SSD_tandem	right_flank	49	1.475	0	5000	0.0	0.0
clust0066	clustered_SSD_tandem	right_flank	50	1.525	1	5000	0.0432	0.2
clust0066	clustered_SSD_tandem	right_flank	51	1.575	0	5000	0.0	0.0
clust0066	clustered_SSD_tandem	right_flank	52	1.625	0	5000	0.0	0.0
clust0066	clustered_SSD_tandem	right_flank	53	1.675	0	5000	0.0	0.0
clust0066	clustered_SSD_tandem	right_flank	54	1.725	0	5000	0.0	0.0
clust0066	clustered_SSD_tandem	right_flank	55	1.775	0	5000	0.0	0.0
clust0066	clustered_SSD_tandem	right_flank	56	1.825	0	5000	0.0	0.0
clust0066	clustered_SSD_tandem	right_flank	57	1.875	0	5000	0.0	0.0
clust0066	clustered_SSD_tandem	right_flank	58	1.925	0	5000	0.0	0.0
clust0066	clustered_SSD_tandem	right_flank	59	1.975	1	5000	0.0432	0.2
clust0075	clustered_SSD_tandem	left_flank	0	-0.975	0	5000	0.0	0.0
clust0075	clustered_SSD_tandem	left_flank	1	-0.925	0	5000	0.0	0.0
clust0075	clustered_SSD_tandem	left_flank	2	-0.875	0	5000	0.0	0.0
clust0075	clustered_SSD_tandem	left_flank	3	-0.825	0	5000	0.0	0.0
clust0075	clustered_SSD_tandem	left_flank	4	-0.775	0	5000	0.0	0.0
clust0075	clustered_SSD_tandem	left_flank	5	-0.725	0	5000	0.0	0.0
clust0075	clustered_SSD_tandem	left_flank	6	-0.675	0	5000	0.0	0.0
clust0075	clustered_SSD_tandem	left_flank	7	-0.625	0	5000	0.0	0.0
clust0075	clustered_SSD_tandem	left_flank	8	-0.575	0	5000	0.0	0.0
clust0075	clustered_SSD_tandem	left_flank	9	-0.525	0	5000	0.0	0.0
clust0075	clustered_SSD_tandem	left_flank	10	-0.475	0	5000	0.0	0.0
clust0075	clustered_SSD_tandem	left_flank	11	-0.425	0	5000	0.0	0.0
clust0075	clustered_SSD_tandem	left_flank	12	-0.375	0	5000	0.0	0.0
clust0075	clustered_SSD_tandem	left_flank	13	-0.325	0	5000	0.0	0.0
clust0075	clustered_SSD_tandem	left_flank	14	-0.275	0	5000	0.0	0.0
clust0075	clustered_SSD_tandem	left_flank	15	-0.225	0	5000	0.0	0.0
clust0075	clustered_SSD_tandem	left_flank	16	-0.175	0	5000	0.0	0.0
clust0075	clustered_SSD_tandem	left_flank	17	-0.125	0	5000	0.0	0.0
clust0075	clustered_SSD_tandem	left_flank	18	-0.075	0	5000	0.0	0.0
clust0075	clustered_SSD_tandem	left_flank	19	-0.025	0	5000	0.0	0.0
clust0075	clustered_SSD_tandem	body	20	0.025	0	6221	0.0	0.0
clust0075	clustered_SSD_tandem	body	21	0.075	0	6222	0.0	0.0
clust0075	clustered_SSD_tandem	body	22	0.125	0	6221	0.0	0.0
clust0075	clustered_SSD_tandem	body	23	0.175	0	6222	0.0	0.0
clust0075	clustered_SSD_tandem	body	24	0.225	1	6221	0.01302	0.160746
clust0075	clustered_SSD_tandem	body	25	0.275	0	6222	0.0	0.0
clust0075	clustered_SSD_tandem	body	26	0.325	0	6221	0.0	0.0
clust0075	clustered_SSD_tandem	body	27	0.375	0	6222	0.0	0.0
clust0075	clustered_SSD_tandem	body	28	0.425	0	6221	0.0	0.0
clust0075	clustered_SSD_tandem	body	29	0.475	0	6222	0.0	0.0
clust0075	clustered_SSD_tandem	body	30	0.525	0	6221	0.0	0.0
clust0075	clustered_SSD_tandem	body	31	0.575	0	6222	0.0	0.0
clust0075	clustered_SSD_tandem	body	32	0.625	0	6221	0.0	0.0
clust0075	clustered_SSD_tandem	body	33	0.675	0	6222	0.0	0.0
clust0075	clustered_SSD_tandem	body	34	0.725	0	6221	0.0	0.0
clust0075	clustered_SSD_tandem	body	35	0.775	0	6222	0.0	0.0
clust0075	clustered_SSD_tandem	body	36	0.825	1	6221	0.034721	0.160746
clust0075	clustered_SSD_tandem	body	37	0.875	0	6222	0.0	0.0
clust0075	clustered_SSD_tandem	body	38	0.925	0	6221	0.0	0.0
clust0075	clustered_SSD_tandem	body	39	0.975	0	6222	0.0	0.0
clust0075	clustered_SSD_tandem	right_flank	40	1.025	0	5000	0.0	0.0
clust0075	clustered_SSD_tandem	right_flank	41	1.075	0	5000	0.0	0.0
clust0075	clustered_SSD_tandem	right_flank	42	1.125	0	5000	0.0	0.0
clust0075	clustered_SSD_tandem	right_flank	43	1.175	0	5000	0.0	0.0
clust0075	clustered_SSD_tandem	right_flank	44	1.225	0	5000	0.0	0.0
clust0075	clustered_SSD_tandem	right_flank	45	1.275	0	5000	0.0	0.0
clust0075	clustered_SSD_tandem	right_flank	46	1.325	0	5000	0.0	0.0
clust0075	clustered_SSD_tandem	right_flank	47	1.375	0	5000	0.0	0.0
clust0075	clustered_SSD_tandem	right_flank	48	1.425	0	5000	0.0	0.0
clust0075	clustered_SSD_tandem	right_flank	49	1.475	0	5000	0.0	0.0
clust0075	clustered_SSD_tandem	right_flank	50	1.525	0	5000	0.0	0.0
clust0075	clustered_SSD_tandem	right_flank	51	1.575	0	5000	0.0	0.0
clust0075	clustered_SSD_tandem	right_flank	52	1.625	0	5000	0.0	0.0
clust0075	clustered_SSD_tandem	right_flank	53	1.675	0	5000	0.0	0.0
clust0075	clustered_SSD_tandem	right_flank	54	1.725	0	5000	0.0	0.0
clust0075	clustered_SSD_tandem	right_flank	55	1.775	0	5000	0.0	0.0
clust0075	clustered_SSD_tandem	right_flank	56	1.825	0	5000	0.0	0.0
clust0075	clustered_SSD_tandem	right_flank	57	1.875	0	5000	0.0	0.0
clust0075	clustered_SSD_tandem	right_flank	58	1.925	0	5000	0.0	0.0
clust0075	clustered_SSD_tandem	right_flank	59	1.975	0	5000	0.0	0.0
clust0026	clustered_SSD_tandem	left_flank	0	-0.975	0	5000	0.0	0.0
clust0026	clustered_SSD_tandem	left_flank	1	-0.925	0	5000	0.0	0.0
clust0026	clustered_SSD_tandem	left_flank	2	-0.875	0	5000	0.0	0.0
clust0026	clustered_SSD_tandem	left_flank	3	-0.825	0	5000	0.0	0.0
clust0026	clustered_SSD_tandem	left_flank	4	-0.775	0	5000	0.0	0.0
clust0026	clustered_SSD_tandem	left_flank	5	-0.725	0	5000	0.0	0.0
clust0026	clustered_SSD_tandem	left_flank	6	-0.675	0	5000	0.0	0.0
clust0026	clustered_SSD_tandem	left_flank	7	-0.625	0	5000	0.0	0.0
clust0026	clustered_SSD_tandem	left_flank	8	-0.575	0	5000	0.0	0.0
clust0026	clustered_SSD_tandem	left_flank	9	-0.525	0	5000	0.0	0.0
clust0026	clustered_SSD_tandem	left_flank	10	-0.475	1	5000	0.0432	0.2
clust0026	clustered_SSD_tandem	left_flank	11	-0.425	1	5000	0.0432	0.2
clust0026	clustered_SSD_tandem	left_flank	12	-0.375	1	5000	0.0432	0.2
clust0026	clustered_SSD_tandem	left_flank	13	-0.325	0	5000	0.0	0.0
clust0026	clustered_SSD_tandem	left_flank	14	-0.275	0	5000	0.0	0.0
clust0026	clustered_SSD_tandem	left_flank	15	-0.225	0	5000	0.0	0.0
clust0026	clustered_SSD_tandem	left_flank	16	-0.175	0	5000	0.0	0.0
clust0026	clustered_SSD_tandem	left_flank	17	-0.125	0	5000	0.0	0.0
clust0026	clustered_SSD_tandem	left_flank	18	-0.075	0	5000	0.0	0.0
clust0026	clustered_SSD_tandem	left_flank	19	-0.025	0	5000	0.0	0.0
clust0026	clustered_SSD_tandem	body	20	0.025	0	8379	0.0	0.0
clust0026	clustered_SSD_tandem	body	21	0.075	0	8379	0.0	0.0
clust0026	clustered_SSD_tandem	body	22	0.125	0	8379	0.0	0.0
clust0026	clustered_SSD_tandem	body	23	0.175	0	8379	0.0	0.0
clust0026	clustered_SSD_tandem	body	24	0.225	0	8379	0.0	0.0
clust0026	clustered_SSD_tandem	body	25	0.275	0	8379	0.0	0.0
clust0026	clustered_SSD_tandem	body	26	0.325	0	8379	0.0	0.0
clust0026	clustered_SSD_tandem	body	27	0.375	0	8379	0.0	0.0
clust0026	clustered_SSD_tandem	body	28	0.425	0	8379	0.0	0.0
clust0026	clustered_SSD_tandem	body	29	0.475	0	8380	0.0	0.0
clust0026	clustered_SSD_tandem	body	30	0.525	0	8379	0.0	0.0
clust0026	clustered_SSD_tandem	body	31	0.575	0	8379	0.0	0.0
clust0026	clustered_SSD_tandem	body	32	0.625	0	8379	0.0	0.0
clust0026	clustered_SSD_tandem	body	33	0.675	0	8379	0.0	0.0
clust0026	clustered_SSD_tandem	body	34	0.725	0	8379	0.0	0.0
clust0026	clustered_SSD_tandem	body	35	0.775	0	8379	0.0	0.0
clust0026	clustered_SSD_tandem	body	36	0.825	0	8379	0.0	0.0
clust0026	clustered_SSD_tandem	body	37	0.875	0	8379	0.0	0.0
clust0026	clustered_SSD_tandem	body	38	0.925	0	8379	0.0	0.0
clust0026	clustered_SSD_tandem	body	39	0.975	0	8380	0.0	0.0
clust0026	clustered_SSD_tandem	right_flank	40	1.025	0	5000	0.0	0.0
clust0026	clustered_SSD_tandem	right_flank	41	1.075	0	5000	0.0	0.0
clust0026	clustered_SSD_tandem	right_flank	42	1.125	0	5000	0.0	0.0
clust0026	clustered_SSD_tandem	right_flank	43	1.175	0	5000	0.0	0.0
clust0026	clustered_SSD_tandem	right_flank	44	1.225	0	5000	0.0	0.0
clust0026	clustered_SSD_tandem	right_flank	45	1.275	0	5000	0.0	0.0
clust0026	clustered_SSD_tandem	right_flank	46	1.325	0	5000	0.0	0.0
clust0026	clustered_SSD_tandem	right_flank	47	1.375	0	5000	0.0	0.0
clust0026	clustered_SSD_tandem	right_flank	48	1.425	0	5000	0.0	0.0
clust0026	clustered_SSD_tandem	right_flank	49	1.475	0	5000	0.0	0.0
clust0026	clustered_SSD_tandem	right_flank	50	1.525	1	5000	0.0432	0.2
clust0026	clustered_SSD_tandem	right_flank	51	1.575	0	5000	0.0	0.0
clust0026	clustered_SSD_tandem	right_flank	52	1.625	0	5000	0.0	0.0
clust0026	clustered_SSD_tandem	right_flank	53	1.675	0	5000	0.0	0.0
clust0026	clustered_SSD_tandem	right_flank	54	1.725	0	5000	0.0	0.0
clust0026	clustered_SSD_tandem	right_flank	55	1.775	0	5000	0.0	0.0
clust0026	clustered_SSD_tandem	right_flank	56	1.825	0	5000	0.0	0.0
clust0026	clustered_SSD_tandem	right_flank	57	1.875	0	5000	0.0	0.0
clust0026	clustered_SSD_tandem	right_flank	58	1.925	0	5000	0.0	0.0
clust0026	clustered_SSD_tandem	right_flank	59	1.975	0	5000	0.0	0.0
clust0037	clustered_SSD_tandem	left_flank	0	-0.975	0	5000	0.0	0.0
clust0037	clustered_SSD_tandem	left_flank	1	-0.925	0	5000	0.0	0.0
clust0037	clustered_SSD_tandem	left_flank	2	-0.875	0	5000	0.0	0.0
clust0037	clustered_SSD_tandem	left_flank	3	-0.825	0	5000	0.0	0.0
clust0037	clustered_SSD_tandem	left_flank	4	-0.775	0	5000	0.0	0.0
clust0037	clustered_SSD_tandem	left_flank	5	-0.725	0	5000	0.0	0.0
clust0037	clustered_SSD_tandem	left_flank	6	-0.675	0	5000	0.0	0.0
clust0037	clustered_SSD_tandem	left_flank	7	-0.625	0	5000	0.009	0.0
clust0037	clustered_SSD_tandem	left_flank	8	-0.575	2	5000	0.0774	0.4
clust0037	clustered_SSD_tandem	left_flank	9	-0.525	1	5000	0.0306	0.2
clust0037	clustered_SSD_tandem	left_flank	10	-0.475	1	5000	0.0432	0.2
clust0037	clustered_SSD_tandem	left_flank	11	-0.425	0	5000	0.0	0.0
clust0037	clustered_SSD_tandem	left_flank	12	-0.375	1	5000	0.027	0.2
clust0037	clustered_SSD_tandem	left_flank	13	-0.325	0	5000	0.0	0.0
clust0037	clustered_SSD_tandem	left_flank	14	-0.275	0	5000	0.0	0.0
clust0037	clustered_SSD_tandem	left_flank	15	-0.225	0	5000	0.0	0.0
clust0037	clustered_SSD_tandem	left_flank	16	-0.175	0	5000	0.0	0.0
clust0037	clustered_SSD_tandem	left_flank	17	-0.125	0	5000	0.0	0.0
clust0037	clustered_SSD_tandem	left_flank	18	-0.075	0	5000	0.0	0.0
clust0037	clustered_SSD_tandem	left_flank	19	-0.025	1	5000	0.016	0.2
clust0037	clustered_SSD_tandem	body	20	0.025	0	15345	0.0	0.0
clust0037	clustered_SSD_tandem	body	21	0.075	0	15345	0.0	0.0
clust0037	clustered_SSD_tandem	body	22	0.125	0	15345	0.0	0.0
clust0037	clustered_SSD_tandem	body	23	0.175	0	15345	0.0	0.0
clust0037	clustered_SSD_tandem	body	24	0.225	0	15345	0.0	0.0
clust0037	clustered_SSD_tandem	body	25	0.275	0	15345	0.0	0.0
clust0037	clustered_SSD_tandem	body	26	0.325	0	15345	0.0	0.0
clust0037	clustered_SSD_tandem	body	27	0.375	1	15345	0.009971	0.065168
clust0037	clustered_SSD_tandem	body	28	0.425	0	15345	0.0	0.0
clust0037	clustered_SSD_tandem	body	29	0.475	0	15346	0.0	0.0
clust0037	clustered_SSD_tandem	body	30	0.525	0	15345	0.0	0.0
clust0037	clustered_SSD_tandem	body	31	0.575	1	15345	0.014076	0.065168
clust0037	clustered_SSD_tandem	body	32	0.625	0	15345	0.0	0.0
clust0037	clustered_SSD_tandem	body	33	0.675	1	15345	0.004953	0.065168
clust0037	clustered_SSD_tandem	body	34	0.725	0	15345	0.0	0.0
clust0037	clustered_SSD_tandem	body	35	0.775	0	15345	0.0	0.0
clust0037	clustered_SSD_tandem	body	36	0.825	1	15345	0.014076	0.065168
clust0037	clustered_SSD_tandem	body	37	0.875	0	15345	0.0	0.0
clust0037	clustered_SSD_tandem	body	38	0.925	0	15345	0.0	0.0
clust0037	clustered_SSD_tandem	body	39	0.975	0	15346	0.0	0.0
clust0037	clustered_SSD_tandem	right_flank	40	1.025	0	5000	0.0	0.0
clust0037	clustered_SSD_tandem	right_flank	41	1.075	0	5000	0.0	0.0
clust0037	clustered_SSD_tandem	right_flank	42	1.125	0	5000	0.0	0.0
clust0037	clustered_SSD_tandem	right_flank	43	1.175	0	5000	0.0	0.0
clust0037	clustered_SSD_tandem	right_flank	44	1.225	0	5000	0.0	0.0
clust0037	clustered_SSD_tandem	right_flank	45	1.275	0	5000	0.0	0.0
clust0037	clustered_SSD_tandem	right_flank	46	1.325	0	5000	0.0	0.0
clust0037	clustered_SSD_tandem	right_flank	47	1.375	0	5000	0.0	0.0
clust0037	clustered_SSD_tandem	right_flank	48	1.425	0	5000	0.0	0.0
clust0037	clustered_SSD_tandem	right_flank	49	1.475	0	5000	0.0	0.0
clust0037	clustered_SSD_tandem	right_flank	50	1.525	0	5000	0.0	0.0
clust0037	clustered_SSD_tandem	right_flank	51	1.575	0	5000	0.0	0.0
clust0037	clustered_SSD_tandem	right_flank	52	1.625	0	5000	0.0	0.0
clust0037	clustered_SSD_tandem	right_flank	53	1.675	0	5000	0.0	0.0
clust0037	clustered_SSD_tandem	right_flank	54	1.725	0	5000	0.0	0.0
clust0037	clustered_SSD_tandem	right_flank	55	1.775	0	5000	0.0	0.0
clust0037	clustered_SSD_tandem	right_flank	56	1.825	0	5000	0.0	0.0
clust0037	clustered_SSD_tandem	right_flank	57	1.875	0	5000	0.0	0.0
clust0037	clustered_SSD_tandem	right_flank	58	1.925	0	5000	0.0	0.0
clust0037	clustered_SSD_tandem	right_flank	59	1.975	0	5000	0.0	0.0
clust0027	clustered_SSD_tandem	left_flank	0	-0.975	0	5000	0.0	0.0
clust0027	clustered_SSD_tandem	left_flank	1	-0.925	1	5000	0.0432	0.2
clust0027	clustered_SSD_tandem	left_flank	2	-0.875	0	5000	0.0	0.0
clust0027	clustered_SSD_tandem	left_flank	3	-0.825	1	5000	0.0432	0.2
clust0027	clustered_SSD_tandem	left_flank	4	-0.775	0	5000	0.0	0.0
clust0027	clustered_SSD_tandem	left_flank	5	-0.725	0	5000	0.0	0.0
clust0027	clustered_SSD_tandem	left_flank	6	-0.675	0	5000	0.0	0.0
clust0027	clustered_SSD_tandem	left_flank	7	-0.625	0	5000	0.0	0.0
clust0027	clustered_SSD_tandem	left_flank	8	-0.575	0	5000	0.0	0.0
clust0027	clustered_SSD_tandem	left_flank	9	-0.525	0	5000	0.0	0.0
clust0027	clustered_SSD_tandem	left_flank	10	-0.475	0	5000	0.0	0.0
clust0027	clustered_SSD_tandem	left_flank	11	-0.425	1	5000	0.0432	0.2
clust0027	clustered_SSD_tandem	left_flank	12	-0.375	0	5000	0.0	0.0
clust0027	clustered_SSD_tandem	left_flank	13	-0.325	0	5000	0.0	0.0
clust0027	clustered_SSD_tandem	left_flank	14	-0.275	0	5000	0.0	0.0
clust0027	clustered_SSD_tandem	left_flank	15	-0.225	0	5000	0.0	0.0
clust0027	clustered_SSD_tandem	left_flank	16	-0.175	0	5000	0.0	0.0
clust0027	clustered_SSD_tandem	left_flank	17	-0.125	1	5000	0.0108	0.2
clust0027	clustered_SSD_tandem	left_flank	18	-0.075	0	5000	0.0	0.0
clust0027	clustered_SSD_tandem	left_flank	19	-0.025	0	5000	0.0	0.0
clust0027	clustered_SSD_tandem	body	20	0.025	0	1522	0.0	0.0
clust0027	clustered_SSD_tandem	body	21	0.075	0	1522	0.0	0.0
clust0027	clustered_SSD_tandem	body	22	0.125	0	1522	0.0	0.0
clust0027	clustered_SSD_tandem	body	23	0.175	0	1522	0.0	0.0
clust0027	clustered_SSD_tandem	body	24	0.225	0	1522	0.0	0.0
clust0027	clustered_SSD_tandem	body	25	0.275	0	1522	0.0	0.0
clust0027	clustered_SSD_tandem	body	26	0.325	1	1522	0.141919	0.65703
clust0027	clustered_SSD_tandem	body	27	0.375	0	1522	0.0	0.0
clust0027	clustered_SSD_tandem	body	28	0.425	0	1522	0.0	0.0
clust0027	clustered_SSD_tandem	body	29	0.475	0	1522	0.0	0.0
clust0027	clustered_SSD_tandem	body	30	0.525	0	1522	0.0	0.0
clust0027	clustered_SSD_tandem	body	31	0.575	0	1522	0.0	0.0
clust0027	clustered_SSD_tandem	body	32	0.625	0	1522	0.0	0.0
clust0027	clustered_SSD_tandem	body	33	0.675	0	1522	0.0	0.0
clust0027	clustered_SSD_tandem	body	34	0.725	0	1522	0.0	0.0
clust0027	clustered_SSD_tandem	body	35	0.775	0	1522	0.0	0.0
clust0027	clustered_SSD_tandem	body	36	0.825	0	1522	0.0	0.0
clust0027	clustered_SSD_tandem	body	37	0.875	0	1522	0.0	0.0
clust0027	clustered_SSD_tandem	body	38	0.925	0	1522	0.0	0.0
clust0027	clustered_SSD_tandem	body	39	0.975	0	1523	0.0	0.0
clust0027	clustered_SSD_tandem	right_flank	40	1.025	0	5000	0.0	0.0
clust0027	clustered_SSD_tandem	right_flank	41	1.075	1	5000	0.0432	0.2
clust0027	clustered_SSD_tandem	right_flank	42	1.125	0	5000	0.0	0.0
clust0027	clustered_SSD_tandem	right_flank	43	1.175	1	5000	0.0432	0.2
clust0027	clustered_SSD_tandem	right_flank	44	1.225	1	5000	0.0366	0.2
clust0027	clustered_SSD_tandem	right_flank	45	1.275	0	5000	0.0	0.0
clust0027	clustered_SSD_tandem	right_flank	46	1.325	0	5000	0.0	0.0
clust0027	clustered_SSD_tandem	right_flank	47	1.375	0	5000	0.0	0.0
clust0027	clustered_SSD_tandem	right_flank	48	1.425	0	5000	0.0	0.0
clust0027	clustered_SSD_tandem	right_flank	49	1.475	0	5000	0.0	0.0
clust0027	clustered_SSD_tandem	right_flank	50	1.525	1	5000	0.0346	0.2
clust0027	clustered_SSD_tandem	right_flank	51	1.575	0	5000	0.0	0.0
clust0027	clustered_SSD_tandem	right_flank	52	1.625	0	5000	0.0	0.0
clust0027	clustered_SSD_tandem	right_flank	53	1.675	0	5000	0.0	0.0
clust0027	clustered_SSD_tandem	right_flank	54	1.725	0	5000	0.0	0.0
clust0027	clustered_SSD_tandem	right_flank	55	1.775	0	5000	0.0	0.0
clust0027	clustered_SSD_tandem	right_flank	56	1.825	0	5000	0.0	0.0
clust0027	clustered_SSD_tandem	right_flank	57	1.875	0	5000	0.0	0.0
clust0027	clustered_SSD_tandem	right_flank	58	1.925	0	5000	0.0	0.0
clust0027	clustered_SSD_tandem	right_flank	59	1.975	0	5000	0.0	0.0
clust0029	clustered_SSD_tandem	left_flank	0	-0.975	0	5000	0.0	0.0
clust0029	clustered_SSD_tandem	left_flank	1	-0.925	0	5000	0.0	0.0
clust0029	clustered_SSD_tandem	left_flank	2	-0.875	0	5000	0.0	0.0
clust0029	clustered_SSD_tandem	left_flank	3	-0.825	1	5000	0.0432	0.2
clust0029	clustered_SSD_tandem	left_flank	4	-0.775	1	5000	0.0432	0.2
clust0029	clustered_SSD_tandem	left_flank	5	-0.725	0	5000	0.0	0.0
clust0029	clustered_SSD_tandem	left_flank	6	-0.675	0	5000	0.0	0.0
clust0029	clustered_SSD_tandem	left_flank	7	-0.625	0	5000	0.0	0.0
clust0029	clustered_SSD_tandem	left_flank	8	-0.575	0	5000	0.0	0.0
clust0029	clustered_SSD_tandem	left_flank	9	-0.525	0	5000	0.0	0.0
clust0029	clustered_SSD_tandem	left_flank	10	-0.475	0	5000	0.0	0.0
clust0029	clustered_SSD_tandem	left_flank	11	-0.425	0	5000	0.0	0.0
clust0029	clustered_SSD_tandem	left_flank	12	-0.375	0	5000	0.0	0.0
clust0029	clustered_SSD_tandem	left_flank	13	-0.325	1	5000	0.0174	0.2
clust0029	clustered_SSD_tandem	left_flank	14	-0.275	0	5000	0.0	0.0
clust0029	clustered_SSD_tandem	left_flank	15	-0.225	0	5000	0.0	0.0
clust0029	clustered_SSD_tandem	left_flank	16	-0.175	0	5000	0.0	0.0
clust0029	clustered_SSD_tandem	left_flank	17	-0.125	0	5000	0.0	0.0
clust0029	clustered_SSD_tandem	left_flank	18	-0.075	0	5000	0.0	0.0
clust0029	clustered_SSD_tandem	left_flank	19	-0.025	0	5000	0.0	0.0
clust0029	clustered_SSD_tandem	body	20	0.025	0	10793	0.0	0.0
clust0029	clustered_SSD_tandem	body	21	0.075	0	10793	0.0	0.0
clust0029	clustered_SSD_tandem	body	22	0.125	0	10793	0.0	0.0
clust0029	clustered_SSD_tandem	body	23	0.175	0	10793	0.0	0.0
clust0029	clustered_SSD_tandem	body	24	0.225	2	10793	0.031039	0.185305
clust0029	clustered_SSD_tandem	body	25	0.275	0	10793	0.0	0.0
clust0029	clustered_SSD_tandem	body	26	0.325	1	10793	0.020013	0.092653
clust0029	clustered_SSD_tandem	body	27	0.375	0	10793	0.0	0.0
clust0029	clustered_SSD_tandem	body	28	0.425	1	10793	0.020013	0.092653
clust0029	clustered_SSD_tandem	body	29	0.475	0	10794	0.0	0.0
clust0029	clustered_SSD_tandem	body	30	0.525	0	10793	0.0	0.0
clust0029	clustered_SSD_tandem	body	31	0.575	0	10793	0.0	0.0
clust0029	clustered_SSD_tandem	body	32	0.625	0	10793	0.0	0.0
clust0029	clustered_SSD_tandem	body	33	0.675	0	10793	0.0	0.0
clust0029	clustered_SSD_tandem	body	34	0.725	1	10793	0.020013	0.092653
clust0029	clustered_SSD_tandem	body	35	0.775	2	10793	0.027425	0.185305
clust0029	clustered_SSD_tandem	body	36	0.825	1	10793	0.020013	0.092653
clust0029	clustered_SSD_tandem	body	37	0.875	0	10793	0.0	0.0
clust0029	clustered_SSD_tandem	body	38	0.925	0	10793	0.0	0.0
clust0029	clustered_SSD_tandem	body	39	0.975	1	10794	0.020011	0.092644
clust0029	clustered_SSD_tandem	right_flank	40	1.025	0	5000	0.0	0.0
clust0029	clustered_SSD_tandem	right_flank	41	1.075	0	5000	0.0	0.0
clust0029	clustered_SSD_tandem	right_flank	42	1.125	0	5000	0.0	0.0
clust0029	clustered_SSD_tandem	right_flank	43	1.175	0	5000	0.0	0.0
clust0029	clustered_SSD_tandem	right_flank	44	1.225	0	5000	0.0	0.0
clust0029	clustered_SSD_tandem	right_flank	45	1.275	0	5000	0.0	0.0
clust0029	clustered_SSD_tandem	right_flank	46	1.325	0	5000	0.0	0.0
clust0029	clustered_SSD_tandem	right_flank	47	1.375	0	5000	0.0	0.0
clust0029	clustered_SSD_tandem	right_flank	48	1.425	1	5000	0.0432	0.2
clust0029	clustered_SSD_tandem	right_flank	49	1.475	0	5000	0.0	0.0
clust0029	clustered_SSD_tandem	right_flank	50	1.525	0	5000	0.0	0.0
clust0029	clustered_SSD_tandem	right_flank	51	1.575	0	5000	0.0	0.0
clust0029	clustered_SSD_tandem	right_flank	52	1.625	0	5000	0.0	0.0
clust0029	clustered_SSD_tandem	right_flank	53	1.675	0	5000	0.0	0.0
clust0029	clustered_SSD_tandem	right_flank	54	1.725	0	5000	0.0	0.0
clust0029	clustered_SSD_tandem	right_flank	55	1.775	0	5000	0.0	0.0
clust0029	clustered_SSD_tandem	right_flank	56	1.825	0	5000	0.0	0.0
clust0029	clustered_SSD_tandem	right_flank	57	1.875	0	5000	0.0	0.0
clust0029	clustered_SSD_tandem	right_flank	58	1.925	0	5000	0.0	0.0
clust0029	clustered_SSD_tandem	right_flank	59	1.975	0	5000	0.0	0.0
clust0004	clustered_SSD_tandem	left_flank	0	-0.975	1	5000	0.018	0.2
clust0004	clustered_SSD_tandem	left_flank	1	-0.925	0	5000	0.0	0.0
clust0004	clustered_SSD_tandem	left_flank	2	-0.875	0	5000	0.0	0.0
clust0004	clustered_SSD_tandem	left_flank	3	-0.825	0	5000	0.0	0.0
clust0004	clustered_SSD_tandem	left_flank	4	-0.775	0	5000	0.0	0.0
clust0004	clustered_SSD_tandem	left_flank	5	-0.725	1	5000	0.0432	0.2
clust0004	clustered_SSD_tandem	left_flank	6	-0.675	0	5000	0.0	0.0
clust0004	clustered_SSD_tandem	left_flank	7	-0.625	0	5000	0.0	0.0
clust0004	clustered_SSD_tandem	left_flank	8	-0.575	0	5000	0.0	0.0
clust0004	clustered_SSD_tandem	left_flank	9	-0.525	0	5000	0.0	0.0
clust0004	clustered_SSD_tandem	left_flank	10	-0.475	0	5000	0.0	0.0
clust0004	clustered_SSD_tandem	left_flank	11	-0.425	0	5000	0.0	0.0
clust0004	clustered_SSD_tandem	left_flank	12	-0.375	0	5000	0.0	0.0
clust0004	clustered_SSD_tandem	left_flank	13	-0.325	0	5000	0.0	0.0
clust0004	clustered_SSD_tandem	left_flank	14	-0.275	0	5000	0.0	0.0
clust0004	clustered_SSD_tandem	left_flank	15	-0.225	0	5000	0.0	0.0
clust0004	clustered_SSD_tandem	left_flank	16	-0.175	0	5000	0.0	0.0
clust0004	clustered_SSD_tandem	left_flank	17	-0.125	0	5000	0.0	0.0
clust0004	clustered_SSD_tandem	left_flank	18	-0.075	0	5000	0.0	0.0
clust0004	clustered_SSD_tandem	left_flank	19	-0.025	0	5000	0.0	0.0
clust0004	clustered_SSD_tandem	body	20	0.025	0	1172	0.0	0.0
clust0004	clustered_SSD_tandem	body	21	0.075	0	1173	0.0	0.0
clust0004	clustered_SSD_tandem	body	22	0.125	0	1173	0.0	0.0
clust0004	clustered_SSD_tandem	body	23	0.175	0	1173	0.0	0.0
clust0004	clustered_SSD_tandem	body	24	0.225	1	1173	0.184143	0.852515
clust0004	clustered_SSD_tandem	body	25	0.275	0	1172	0.0	0.0
clust0004	clustered_SSD_tandem	body	26	0.325	0	1173	0.0	0.0
clust0004	clustered_SSD_tandem	body	27	0.375	0	1173	0.0	0.0
clust0004	clustered_SSD_tandem	body	28	0.425	0	1173	0.0	0.0
clust0004	clustered_SSD_tandem	body	29	0.475	0	1173	0.0	0.0
clust0004	clustered_SSD_tandem	body	30	0.525	0	1172	0.0	0.0
clust0004	clustered_SSD_tandem	body	31	0.575	0	1173	0.0	0.0
clust0004	clustered_SSD_tandem	body	32	0.625	0	1173	0.0	0.0
clust0004	clustered_SSD_tandem	body	33	0.675	0	1173	0.0	0.0
clust0004	clustered_SSD_tandem	body	34	0.725	0	1173	0.0	0.0
clust0004	clustered_SSD_tandem	body	35	0.775	0	1172	0.0	0.0
clust0004	clustered_SSD_tandem	body	36	0.825	0	1173	0.0	0.0
clust0004	clustered_SSD_tandem	body	37	0.875	0	1173	0.0	0.0
clust0004	clustered_SSD_tandem	body	38	0.925	0	1173	0.0	0.0
clust0004	clustered_SSD_tandem	body	39	0.975	0	1173	0.0	0.0
clust0004	clustered_SSD_tandem	right_flank	40	1.025	0	5000	0.0	0.0
clust0004	clustered_SSD_tandem	right_flank	41	1.075	0	5000	0.0	0.0
clust0004	clustered_SSD_tandem	right_flank	42	1.125	0	5000	0.0	0.0
clust0004	clustered_SSD_tandem	right_flank	43	1.175	0	5000	0.0	0.0
clust0004	clustered_SSD_tandem	right_flank	44	1.225	0	5000	0.0	0.0
clust0004	clustered_SSD_tandem	right_flank	45	1.275	0	5000	0.0	0.0
clust0004	clustered_SSD_tandem	right_flank	46	1.325	0	5000	0.0	0.0
clust0004	clustered_SSD_tandem	right_flank	47	1.375	0	5000	0.0	0.0
clust0004	clustered_SSD_tandem	right_flank	48	1.425	0	5000	0.0	0.0
clust0004	clustered_SSD_tandem	right_flank	49	1.475	0	5000	0.0	0.0
clust0004	clustered_SSD_tandem	right_flank	50	1.525	0	5000	0.0	0.0
clust0004	clustered_SSD_tandem	right_flank	51	1.575	2	5000	0.0552	0.4
clust0004	clustered_SSD_tandem	right_flank	52	1.625	0	5000	0.0072	0.0
clust0004	clustered_SSD_tandem	right_flank	53	1.675	0	5000	0.0	0.0
clust0004	clustered_SSD_tandem	right_flank	54	1.725	0	5000	0.0	0.0
clust0004	clustered_SSD_tandem	right_flank	55	1.775	0	5000	0.0	0.0
clust0004	clustered_SSD_tandem	right_flank	56	1.825	0	5000	0.0	0.0
clust0004	clustered_SSD_tandem	right_flank	57	1.875	0	5000	0.0	0.0
clust0004	clustered_SSD_tandem	right_flank	58	1.925	0	5000	0.0	0.0
clust0004	clustered_SSD_tandem	right_flank	59	1.975	0	5000	0.0	0.0
clust0005	clustered_SSD_tandem	left_flank	0	-0.975	2	5000	0.0542	0.4
clust0005	clustered_SSD_tandem	left_flank	1	-0.925	0	5000	0.0	0.0
clust0005	clustered_SSD_tandem	left_flank	2	-0.875	0	5000	0.0	0.0
clust0005	clustered_SSD_tandem	left_flank	3	-0.825	0	5000	0.0	0.0
clust0005	clustered_SSD_tandem	left_flank	4	-0.775	0	5000	0.0	0.0
clust0005	clustered_SSD_tandem	left_flank	5	-0.725	0	5000	0.0	0.0
clust0005	clustered_SSD_tandem	left_flank	6	-0.675	0	5000	0.0	0.0
clust0005	clustered_SSD_tandem	left_flank	7	-0.625	0	5000	0.0	0.0
clust0005	clustered_SSD_tandem	left_flank	8	-0.575	0	5000	0.0	0.0
clust0005	clustered_SSD_tandem	left_flank	9	-0.525	0	5000	0.0	0.0
clust0005	clustered_SSD_tandem	left_flank	10	-0.475	0	5000	0.0	0.0
clust0005	clustered_SSD_tandem	left_flank	11	-0.425	0	5000	0.0	0.0
clust0005	clustered_SSD_tandem	left_flank	12	-0.375	0	5000	0.0	0.0
clust0005	clustered_SSD_tandem	left_flank	13	-0.325	1	5000	0.0432	0.2
clust0005	clustered_SSD_tandem	left_flank	14	-0.275	1	5000	0.0432	0.2
clust0005	clustered_SSD_tandem	left_flank	15	-0.225	1	5000	0.0298	0.2
clust0005	clustered_SSD_tandem	left_flank	16	-0.175	0	5000	0.0	0.0
clust0005	clustered_SSD_tandem	left_flank	17	-0.125	0	5000	0.0	0.0
clust0005	clustered_SSD_tandem	left_flank	18	-0.075	0	5000	0.0	0.0
clust0005	clustered_SSD_tandem	left_flank	19	-0.025	0	5000	0.0	0.0
clust0005	clustered_SSD_tandem	body	20	0.025	1	4043	0.053426	0.247341
clust0005	clustered_SSD_tandem	body	21	0.075	0	4044	0.0	0.0
clust0005	clustered_SSD_tandem	body	22	0.125	0	4043	0.0	0.0
clust0005	clustered_SSD_tandem	body	23	0.175	0	4044	0.0	0.0
clust0005	clustered_SSD_tandem	body	24	0.225	0	4044	0.0	0.0
clust0005	clustered_SSD_tandem	body	25	0.275	0	4043	0.0	0.0
clust0005	clustered_SSD_tandem	body	26	0.325	0	4044	0.0	0.0
clust0005	clustered_SSD_tandem	body	27	0.375	0	4043	0.0	0.0
clust0005	clustered_SSD_tandem	body	28	0.425	0	4044	0.0	0.0
clust0005	clustered_SSD_tandem	body	29	0.475	0	4044	0.0	0.0
clust0005	clustered_SSD_tandem	body	30	0.525	0	4043	0.0	0.0
clust0005	clustered_SSD_tandem	body	31	0.575	0	4044	0.0	0.0
clust0005	clustered_SSD_tandem	body	32	0.625	0	4043	0.0	0.0
clust0005	clustered_SSD_tandem	body	33	0.675	1	4044	0.044016	0.24728
clust0005	clustered_SSD_tandem	body	34	0.725	0	4044	0.0	0.0
clust0005	clustered_SSD_tandem	body	35	0.775	0	4043	0.0	0.0
clust0005	clustered_SSD_tandem	body	36	0.825	0	4044	0.0	0.0
clust0005	clustered_SSD_tandem	body	37	0.875	0	4043	0.0	0.0
clust0005	clustered_SSD_tandem	body	38	0.925	0	4044	0.0	0.0
clust0005	clustered_SSD_tandem	body	39	0.975	0	4044	0.0	0.0
clust0005	clustered_SSD_tandem	right_flank	40	1.025	0	5000	0.0	0.0
clust0005	clustered_SSD_tandem	right_flank	41	1.075	0	5000	0.0	0.0
clust0005	clustered_SSD_tandem	right_flank	42	1.125	0	5000	0.0	0.0
clust0005	clustered_SSD_tandem	right_flank	43	1.175	0	5000	0.0	0.0
clust0005	clustered_SSD_tandem	right_flank	44	1.225	0	5000	0.0	0.0
clust0005	clustered_SSD_tandem	right_flank	45	1.275	0	5000	0.0	0.0
clust0005	clustered_SSD_tandem	right_flank	46	1.325	1	5000	0.0432	0.2
clust0005	clustered_SSD_tandem	right_flank	47	1.375	0	5000	0.0	0.0
clust0005	clustered_SSD_tandem	right_flank	48	1.425	0	5000	0.0	0.0
clust0005	clustered_SSD_tandem	right_flank	49	1.475	0	5000	0.0	0.0
clust0005	clustered_SSD_tandem	right_flank	50	1.525	1	5000	0.0286	0.2
clust0005	clustered_SSD_tandem	right_flank	51	1.575	0	5000	0.0004	0.0
clust0005	clustered_SSD_tandem	right_flank	52	1.625	1	5000	0.0432	0.2
clust0005	clustered_SSD_tandem	right_flank	53	1.675	0	5000	0.0	0.0
clust0005	clustered_SSD_tandem	right_flank	54	1.725	0	5000	0.0	0.0
clust0005	clustered_SSD_tandem	right_flank	55	1.775	0	5000	0.0	0.0
clust0005	clustered_SSD_tandem	right_flank	56	1.825	1	5000	0.0156	0.2
clust0005	clustered_SSD_tandem	right_flank	57	1.875	0	5000	0.0	0.0
clust0005	clustered_SSD_tandem	right_flank	58	1.925	0	5000	0.0	0.0
clust0005	clustered_SSD_tandem	right_flank	59	1.975	0	5000	0.0	0.0
clust0055	clustered_SSD_tandem	left_flank	0	-0.975	0	5000	0.0	0.0
clust0055	clustered_SSD_tandem	left_flank	1	-0.925	1	5000	0.0432	0.2
clust0055	clustered_SSD_tandem	left_flank	2	-0.875	0	5000	0.0	0.0
clust0055	clustered_SSD_tandem	left_flank	3	-0.825	0	5000	0.0	0.0
clust0055	clustered_SSD_tandem	left_flank	4	-0.775	0	5000	0.0	0.0
clust0055	clustered_SSD_tandem	left_flank	5	-0.725	0	5000	0.0	0.0
clust0055	clustered_SSD_tandem	left_flank	6	-0.675	0	5000	0.0	0.0
clust0055	clustered_SSD_tandem	left_flank	7	-0.625	0	5000	0.0	0.0
clust0055	clustered_SSD_tandem	left_flank	8	-0.575	0	5000	0.0	0.0
clust0055	clustered_SSD_tandem	left_flank	9	-0.525	0	5000	0.0	0.0
clust0055	clustered_SSD_tandem	left_flank	10	-0.475	0	5000	0.0	0.0
clust0055	clustered_SSD_tandem	left_flank	11	-0.425	1	5000	0.0432	0.2
clust0055	clustered_SSD_tandem	left_flank	12	-0.375	0	5000	0.0	0.0
clust0055	clustered_SSD_tandem	left_flank	13	-0.325	0	5000	0.0	0.0
clust0055	clustered_SSD_tandem	left_flank	14	-0.275	0	5000	0.0	0.0
clust0055	clustered_SSD_tandem	left_flank	15	-0.225	0	5000	0.0	0.0
clust0055	clustered_SSD_tandem	left_flank	16	-0.175	0	5000	0.0	0.0
clust0055	clustered_SSD_tandem	left_flank	17	-0.125	0	5000	0.0	0.0
clust0055	clustered_SSD_tandem	left_flank	18	-0.075	0	5000	0.0	0.0
clust0055	clustered_SSD_tandem	left_flank	19	-0.025	0	5000	0.0	0.0
clust0055	clustered_SSD_tandem	body	20	0.025	0	8650	0.0	0.0
clust0055	clustered_SSD_tandem	body	21	0.075	0	8650	0.0	0.0
clust0055	clustered_SSD_tandem	body	22	0.125	1	8650	0.024971	0.115607
clust0055	clustered_SSD_tandem	body	23	0.175	0	8650	0.0	0.0
clust0055	clustered_SSD_tandem	body	24	0.225	0	8650	0.0	0.0
clust0055	clustered_SSD_tandem	body	25	0.275	0	8650	0.0	0.0
clust0055	clustered_SSD_tandem	body	26	0.325	0	8651	0.0	0.0
clust0055	clustered_SSD_tandem	body	27	0.375	0	8650	0.0	0.0
clust0055	clustered_SSD_tandem	body	28	0.425	0	8650	0.0	0.0
clust0055	clustered_SSD_tandem	body	29	0.475	0	8650	0.0	0.0
clust0055	clustered_SSD_tandem	body	30	0.525	0	8650	0.0	0.0
clust0055	clustered_SSD_tandem	body	31	0.575	0	8650	0.0	0.0
clust0055	clustered_SSD_tandem	body	32	0.625	0	8650	0.0	0.0
clust0055	clustered_SSD_tandem	body	33	0.675	0	8651	0.0	0.0
clust0055	clustered_SSD_tandem	body	34	0.725	0	8650	0.0	0.0
clust0055	clustered_SSD_tandem	body	35	0.775	0	8650	0.0	0.0
clust0055	clustered_SSD_tandem	body	36	0.825	1	8650	0.010405	0.115607
clust0055	clustered_SSD_tandem	body	37	0.875	0	8650	0.0	0.0
clust0055	clustered_SSD_tandem	body	38	0.925	0	8650	0.0	0.0
clust0055	clustered_SSD_tandem	body	39	0.975	0	8651	0.0	0.0
clust0055	clustered_SSD_tandem	right_flank	40	1.025	0	5000	0.0	0.0
clust0055	clustered_SSD_tandem	right_flank	41	1.075	1	5000	0.0126	0.2
clust0055	clustered_SSD_tandem	right_flank	42	1.125	0	5000	0.0	0.0
clust0055	clustered_SSD_tandem	right_flank	43	1.175	0	5000	0.0	0.0
clust0055	clustered_SSD_tandem	right_flank	44	1.225	0	5000	0.0	0.0
clust0055	clustered_SSD_tandem	right_flank	45	1.275	0	5000	0.0	0.0
clust0055	clustered_SSD_tandem	right_flank	46	1.325	0	5000	0.0	0.0
clust0055	clustered_SSD_tandem	right_flank	47	1.375	0	5000	0.0	0.0
clust0055	clustered_SSD_tandem	right_flank	48	1.425	0	5000	0.0	0.0
clust0055	clustered_SSD_tandem	right_flank	49	1.475	0	5000	0.0	0.0
clust0055	clustered_SSD_tandem	right_flank	50	1.525	1	5000	0.0432	0.2
clust0055	clustered_SSD_tandem	right_flank	51	1.575	0	5000	0.0	0.0
clust0055	clustered_SSD_tandem	right_flank	52	1.625	1	5000	0.0166	0.2
clust0055	clustered_SSD_tandem	right_flank	53	1.675	0	5000	0.0	0.0
clust0055	clustered_SSD_tandem	right_flank	54	1.725	1	5000	0.0432	0.2
clust0055	clustered_SSD_tandem	right_flank	55	1.775	0	5000	0.0	0.0
clust0055	clustered_SSD_tandem	right_flank	56	1.825	0	5000	0.0	0.0
clust0055	clustered_SSD_tandem	right_flank	57	1.875	0	5000	0.0	0.0
clust0055	clustered_SSD_tandem	right_flank	58	1.925	0	5000	0.0	0.0
clust0055	clustered_SSD_tandem	right_flank	59	1.975	0	5000	0.0	0.0
clust0002	clustered_cis_ohnolog	left_flank	0	-0.975	0	5000	0.0	0.0
clust0002	clustered_cis_ohnolog	left_flank	1	-0.925	1	5000	0.0432	0.2
clust0002	clustered_cis_ohnolog	left_flank	2	-0.875	0	5000	0.0	0.0
clust0002	clustered_cis_ohnolog	left_flank	3	-0.825	0	5000	0.0	0.0
clust0002	clustered_cis_ohnolog	left_flank	4	-0.775	0	5000	0.0	0.0
clust0002	clustered_cis_ohnolog	left_flank	5	-0.725	0	5000	0.0	0.0
clust0002	clustered_cis_ohnolog	left_flank	6	-0.675	0	5000	0.0	0.0
clust0002	clustered_cis_ohnolog	left_flank	7	-0.625	1	5000	0.0312	0.2
clust0002	clustered_cis_ohnolog	left_flank	8	-0.575	0	5000	0.0	0.0
clust0002	clustered_cis_ohnolog	left_flank	9	-0.525	1	5000	0.0226	0.2
clust0002	clustered_cis_ohnolog	left_flank	10	-0.475	0	5000	0.0	0.0
clust0002	clustered_cis_ohnolog	left_flank	11	-0.425	0	5000	0.0	0.0
clust0002	clustered_cis_ohnolog	left_flank	12	-0.375	0	5000	0.0	0.0
clust0002	clustered_cis_ohnolog	left_flank	13	-0.325	0	5000	0.0	0.0
clust0002	clustered_cis_ohnolog	left_flank	14	-0.275	0	5000	0.0	0.0
clust0002	clustered_cis_ohnolog	left_flank	15	-0.225	0	5000	0.0	0.0
clust0002	clustered_cis_ohnolog	left_flank	16	-0.175	2	5000	0.0614	0.4
clust0002	clustered_cis_ohnolog	left_flank	17	-0.125	0	5000	0.0	0.0
clust0002	clustered_cis_ohnolog	left_flank	18	-0.075	0	5000	0.0	0.0
clust0002	clustered_cis_ohnolog	left_flank	19	-0.025	0	5000	0.0	0.0
clust0002	clustered_cis_ohnolog	body	20	0.025	0	7043	0.0	0.0
clust0002	clustered_cis_ohnolog	body	21	0.075	0	7043	0.0	0.0
clust0002	clustered_cis_ohnolog	body	22	0.125	0	7044	0.0	0.0
clust0002	clustered_cis_ohnolog	body	23	0.175	0	7043	0.0	0.0
clust0002	clustered_cis_ohnolog	body	24	0.225	0	7044	0.0	0.0
clust0002	clustered_cis_ohnolog	body	25	0.275	0	7043	0.0	0.0
clust0002	clustered_cis_ohnolog	body	26	0.325	0	7044	0.0	0.0
clust0002	clustered_cis_ohnolog	body	27	0.375	1	7043	0.022434	0.141985
clust0002	clustered_cis_ohnolog	body	28	0.425	0	7044	0.0	0.0
clust0002	clustered_cis_ohnolog	body	29	0.475	0	7043	0.0	0.0
clust0002	clustered_cis_ohnolog	body	30	0.525	0	7043	0.0	0.0
clust0002	clustered_cis_ohnolog	body	31	0.575	0	7044	0.0	0.0
clust0002	clustered_cis_ohnolog	body	32	0.625	0	7043	0.0	0.0
clust0002	clustered_cis_ohnolog	body	33	0.675	0	7044	0.0	0.0
clust0002	clustered_cis_ohnolog	body	34	0.725	0	7043	0.0	0.0
clust0002	clustered_cis_ohnolog	body	35	0.775	0	7044	0.0	0.0
clust0002	clustered_cis_ohnolog	body	36	0.825	0	7043	0.0	0.0
clust0002	clustered_cis_ohnolog	body	37	0.875	0	7044	0.0	0.0
clust0002	clustered_cis_ohnolog	body	38	0.925	0	7043	0.0	0.0
clust0002	clustered_cis_ohnolog	body	39	0.975	0	7044	0.0	0.0
clust0002	clustered_cis_ohnolog	right_flank	40	1.025	0	5000	0.0	0.0
clust0002	clustered_cis_ohnolog	right_flank	41	1.075	1	5000	0.0432	0.2
clust0002	clustered_cis_ohnolog	right_flank	42	1.125	1	5000	0.0432	0.2
clust0002	clustered_cis_ohnolog	right_flank	43	1.175	0	5000	0.0	0.0
clust0002	clustered_cis_ohnolog	right_flank	44	1.225	0	5000	0.0	0.0
clust0002	clustered_cis_ohnolog	right_flank	45	1.275	0	5000	0.0	0.0
clust0002	clustered_cis_ohnolog	right_flank	46	1.325	0	5000	0.0	0.0
clust0002	clustered_cis_ohnolog	right_flank	47	1.375	0	5000	0.0	0.0
clust0002	clustered_cis_ohnolog	right_flank	48	1.425	0	5000	0.0	0.0
clust0002	clustered_cis_ohnolog	right_flank	49	1.475	0	5000	0.0	0.0
clust0002	clustered_cis_ohnolog	right_flank	50	1.525	0	5000	0.0	0.0
clust0002	clustered_cis_ohnolog	right_flank	51	1.575	0	5000	0.0	0.0
clust0002	clustered_cis_ohnolog	right_flank	52	1.625	0	5000	0.0	0.0
clust0002	clustered_cis_ohnolog	right_flank	53	1.675	0	5000	0.0	0.0
clust0002	clustered_cis_ohnolog	right_flank	54	1.725	0	5000	0.0	0.0
clust0002	clustered_cis_ohnolog	right_flank	55	1.775	0	5000	0.0	0.0
clust0002	clustered_cis_ohnolog	right_flank	56	1.825	0	5000	0.0	0.0
clust0002	clustered_cis_ohnolog	right_flank	57	1.875	0	5000	0.0	0.0
clust0002	clustered_cis_ohnolog	right_flank	58	1.925	1	5000	0.0432	0.2
clust0002	clustered_cis_ohnolog	right_flank	59	1.975	0	5000	0.0	0.0
clust0034	clustered_cis_ohnolog	left_flank	0	-0.975	0	5000	0.0	0.0
clust0034	clustered_cis_ohnolog	left_flank	1	-0.925	0	5000	0.0	0.0
clust0034	clustered_cis_ohnolog	left_flank	2	-0.875	0	5000	0.0	0.0
clust0034	clustered_cis_ohnolog	left_flank	3	-0.825	2	5000	0.0864	0.4
clust0034	clustered_cis_ohnolog	left_flank	4	-0.775	1	5000	0.0432	0.2
clust0034	clustered_cis_ohnolog	left_flank	5	-0.725	0	5000	0.0	0.0
clust0034	clustered_cis_ohnolog	left_flank	6	-0.675	0	5000	0.0	0.0
clust0034	clustered_cis_ohnolog	left_flank	7	-0.625	0	5000	0.0	0.0
clust0034	clustered_cis_ohnolog	left_flank	8	-0.575	0	5000	0.0	0.0
clust0034	clustered_cis_ohnolog	left_flank	9	-0.525	0	5000	0.0	0.0
clust0034	clustered_cis_ohnolog	left_flank	10	-0.475	0	5000	0.0	0.0
clust0034	clustered_cis_ohnolog	left_flank	11	-0.425	0	5000	0.0	0.0
clust0034	clustered_cis_ohnolog	left_flank	12	-0.375	0	5000	0.0	0.0
clust0034	clustered_cis_ohnolog	left_flank	13	-0.325	0	5000	0.0	0.0
clust0034	clustered_cis_ohnolog	left_flank	14	-0.275	1	5000	0.0214	0.2
clust0034	clustered_cis_ohnolog	left_flank	15	-0.225	0	5000	0.0	0.0
clust0034	clustered_cis_ohnolog	left_flank	16	-0.175	0	5000	0.0	0.0
clust0034	clustered_cis_ohnolog	left_flank	17	-0.125	1	5000	0.0432	0.2
clust0034	clustered_cis_ohnolog	left_flank	18	-0.075	0	5000	0.0	0.0
clust0034	clustered_cis_ohnolog	left_flank	19	-0.025	0	5000	0.0	0.0
clust0034	clustered_cis_ohnolog	body	20	0.025	0	1220	0.0	0.0
clust0034	clustered_cis_ohnolog	body	21	0.075	0	1220	0.0	0.0
clust0034	clustered_cis_ohnolog	body	22	0.125	0	1220	0.0	0.0
clust0034	clustered_cis_ohnolog	body	23	0.175	0	1221	0.0	0.0
clust0034	clustered_cis_ohnolog	body	24	0.225	0	1220	0.0	0.0
clust0034	clustered_cis_ohnolog	body	25	0.275	0	1220	0.0	0.0
clust0034	clustered_cis_ohnolog	body	26	0.325	1	1221	0.176904	0.819001
clust0034	clustered_cis_ohnolog	body	27	0.375	0	1220	0.0	0.0
clust0034	clustered_cis_ohnolog	body	28	0.425	0	1220	0.0	0.0
clust0034	clustered_cis_ohnolog	body	29	0.475	0	1221	0.0	0.0
clust0034	clustered_cis_ohnolog	body	30	0.525	0	1220	0.0	0.0
clust0034	clustered_cis_ohnolog	body	31	0.575	0	1220	0.0	0.0
clust0034	clustered_cis_ohnolog	body	32	0.625	0	1220	0.0	0.0
clust0034	clustered_cis_ohnolog	body	33	0.675	1	1221	0.108927	0.819001
clust0034	clustered_cis_ohnolog	body	34	0.725	0	1220	0.0	0.0
clust0034	clustered_cis_ohnolog	body	35	0.775	0	1220	0.0	0.0
clust0034	clustered_cis_ohnolog	body	36	0.825	1	1221	0.135135	0.819001
clust0034	clustered_cis_ohnolog	body	37	0.875	1	1220	0.122131	0.819672
clust0034	clustered_cis_ohnolog	body	38	0.925	0	1220	0.0	0.0
clust0034	clustered_cis_ohnolog	body	39	0.975	0	1221	0.0	0.0
clust0034	clustered_cis_ohnolog	right_flank	40	1.025	0	5000	0.0	0.0
clust0034	clustered_cis_ohnolog	right_flank	41	1.075	1	5000	0.0432	0.2
clust0034	clustered_cis_ohnolog	right_flank	42	1.125	0	5000	0.0	0.0
clust0034	clustered_cis_ohnolog	right_flank	43	1.175	0	5000	0.0	0.0
clust0034	clustered_cis_ohnolog	right_flank	44	1.225	0	5000	0.0	0.0
clust0034	clustered_cis_ohnolog	right_flank	45	1.275	0	5000	0.0	0.0
clust0034	clustered_cis_ohnolog	right_flank	46	1.325	0	5000	0.0	0.0
clust0034	clustered_cis_ohnolog	right_flank	47	1.375	0	5000	0.0	0.0
clust0034	clustered_cis_ohnolog	right_flank	48	1.425	0	5000	0.0	0.0
clust0034	clustered_cis_ohnolog	right_flank	49	1.475	0	5000	0.0	0.0
clust0034	clustered_cis_ohnolog	right_flank	50	1.525	0	5000	0.0	0.0
clust0034	clustered_cis_ohnolog	right_flank	51	1.575	0	5000	0.0	0.0
clust0034	clustered_cis_ohnolog	right_flank	52	1.625	0	5000	0.0	0.0
clust0034	clustered_cis_ohnolog	right_flank	53	1.675	0	5000	0.0	0.0
clust0034	clustered_cis_ohnolog	right_flank	54	1.725	0	5000	0.0	0.0
clust0034	clustered_cis_ohnolog	right_flank	55	1.775	0	5000	0.0	0.0
clust0034	clustered_cis_ohnolog	right_flank	56	1.825	0	5000	0.0	0.0
clust0034	clustered_cis_ohnolog	right_flank	57	1.875	1	5000	0.0432	0.2
clust0034	clustered_cis_ohnolog	right_flank	58	1.925	0	5000	0.0	0.0
clust0034	clustered_cis_ohnolog	right_flank	59	1.975	0	5000	0.0	0.0
clust0030	clustered_cis_ohnolog	left_flank	0	-0.975	0	5000	0.0	0.0
clust0030	clustered_cis_ohnolog	left_flank	1	-0.925	0	5000	0.0	0.0
clust0030	clustered_cis_ohnolog	left_flank	2	-0.875	0	5000	0.0	0.0
clust0030	clustered_cis_ohnolog	left_flank	3	-0.825	0	5000	0.0	0.0
clust0030	clustered_cis_ohnolog	left_flank	4	-0.775	0	5000	0.0	0.0
clust0030	clustered_cis_ohnolog	left_flank	5	-0.725	0	5000	0.0	0.0
clust0030	clustered_cis_ohnolog	left_flank	6	-0.675	0	5000	0.0	0.0
clust0030	clustered_cis_ohnolog	left_flank	7	-0.625	0	5000	0.0	0.0
clust0030	clustered_cis_ohnolog	left_flank	8	-0.575	0	5000	0.0	0.0
clust0030	clustered_cis_ohnolog	left_flank	9	-0.525	0	5000	0.0	0.0
clust0030	clustered_cis_ohnolog	left_flank	10	-0.475	0	5000	0.0	0.0
clust0030	clustered_cis_ohnolog	left_flank	11	-0.425	0	5000	0.0	0.0
clust0030	clustered_cis_ohnolog	left_flank	12	-0.375	0	5000	0.0	0.0
clust0030	clustered_cis_ohnolog	left_flank	13	-0.325	0	5000	0.0	0.0
clust0030	clustered_cis_ohnolog	left_flank	14	-0.275	0	5000	0.0	0.0
clust0030	clustered_cis_ohnolog	left_flank	15	-0.225	0	5000	0.0	0.0
clust0030	clustered_cis_ohnolog	left_flank	16	-0.175	1	5000	0.0432	0.2
clust0030	clustered_cis_ohnolog	left_flank	17	-0.125	0	5000	0.0	0.0
clust0030	clustered_cis_ohnolog	left_flank	18	-0.075	0	5000	0.0	0.0
clust0030	clustered_cis_ohnolog	left_flank	19	-0.025	1	5000	0.0318	0.2
clust0030	clustered_cis_ohnolog	body	20	0.025	0	2321	0.0	0.0
clust0030	clustered_cis_ohnolog	body	21	0.075	0	2322	0.0	0.0
clust0030	clustered_cis_ohnolog	body	22	0.125	0	2321	0.0	0.0
clust0030	clustered_cis_ohnolog	body	23	0.175	0	2322	0.0	0.0
clust0030	clustered_cis_ohnolog	body	24	0.225	0	2321	0.0	0.0
clust0030	clustered_cis_ohnolog	body	25	0.275	0	2322	0.0	0.0
clust0030	clustered_cis_ohnolog	body	26	0.325	0	2321	0.0	0.0
clust0030	clustered_cis_ohnolog	body	27	0.375	0	2322	0.0	0.0
clust0030	clustered_cis_ohnolog	body	28	0.425	0	2321	0.0	0.0
clust0030	clustered_cis_ohnolog	body	29	0.475	0	2322	0.0	0.0
clust0030	clustered_cis_ohnolog	body	30	0.525	0	2322	0.0	0.0
clust0030	clustered_cis_ohnolog	body	31	0.575	0	2321	0.0	0.0
clust0030	clustered_cis_ohnolog	body	32	0.625	0	2322	0.0	0.0
clust0030	clustered_cis_ohnolog	body	33	0.675	0	2321	0.0	0.0
clust0030	clustered_cis_ohnolog	body	34	0.725	0	2322	0.0	0.0
clust0030	clustered_cis_ohnolog	body	35	0.775	0	2321	0.0	0.0
clust0030	clustered_cis_ohnolog	body	36	0.825	0	2322	0.0	0.0
clust0030	clustered_cis_ohnolog	body	37	0.875	0	2321	0.0	0.0
clust0030	clustered_cis_ohnolog	body	38	0.925	0	2322	0.0	0.0
clust0030	clustered_cis_ohnolog	body	39	0.975	1	2322	0.093023	0.430663
clust0030	clustered_cis_ohnolog	right_flank	40	1.025	0	5000	0.0	0.0
clust0030	clustered_cis_ohnolog	right_flank	41	1.075	0	5000	0.0	0.0
clust0030	clustered_cis_ohnolog	right_flank	42	1.125	0	5000	0.0	0.0
clust0030	clustered_cis_ohnolog	right_flank	43	1.175	1	5000	0.0342	0.2
clust0030	clustered_cis_ohnolog	right_flank	44	1.225	0	5000	0.0	0.0
clust0030	clustered_cis_ohnolog	right_flank	45	1.275	1	5000	0.0194	0.2
clust0030	clustered_cis_ohnolog	right_flank	46	1.325	1	5000	0.0432	0.2
clust0030	clustered_cis_ohnolog	right_flank	47	1.375	0	5000	0.0	0.0
clust0030	clustered_cis_ohnolog	right_flank	48	1.425	0	5000	0.0	0.0
clust0030	clustered_cis_ohnolog	right_flank	49	1.475	0	5000	0.0	0.0
clust0030	clustered_cis_ohnolog	right_flank	50	1.525	0	5000	0.0	0.0
clust0030	clustered_cis_ohnolog	right_flank	51	1.575	1	5000	0.025	0.2
clust0030	clustered_cis_ohnolog	right_flank	52	1.625	0	5000	0.0	0.0
clust0030	clustered_cis_ohnolog	right_flank	53	1.675	0	5000	0.0	0.0
clust0030	clustered_cis_ohnolog	right_flank	54	1.725	0	5000	0.0	0.0
clust0030	clustered_cis_ohnolog	right_flank	55	1.775	0	5000	0.0	0.0
clust0030	clustered_cis_ohnolog	right_flank	56	1.825	0	5000	0.0	0.0
clust0030	clustered_cis_ohnolog	right_flank	57	1.875	0	5000	0.0	0.0
clust0030	clustered_cis_ohnolog	right_flank	58	1.925	0	5000	0.0	0.0
clust0030	clustered_cis_ohnolog	right_flank	59	1.975	0	5000	0.0	0.0
clust0039	clustered_cis_ohnolog	left_flank	0	-0.975	0	5000	0.0	0.0
clust0039	clustered_cis_ohnolog	left_flank	1	-0.925	0	5000	0.0	0.0
clust0039	clustered_cis_ohnolog	left_flank	2	-0.875	0	5000	0.0	0.0
clust0039	clustered_cis_ohnolog	left_flank	3	-0.825	0	5000	0.0	0.0
clust0039	clustered_cis_ohnolog	left_flank	4	-0.775	0	5000	0.0	0.0
clust0039	clustered_cis_ohnolog	left_flank	5	-0.725	0	5000	0.0	0.0
clust0039	clustered_cis_ohnolog	left_flank	6	-0.675	0	5000	0.0	0.0
clust0039	clustered_cis_ohnolog	left_flank	7	-0.625	0	5000	0.0	0.0
clust0039	clustered_cis_ohnolog	left_flank	8	-0.575	0	5000	0.0	0.0
clust0039	clustered_cis_ohnolog	left_flank	9	-0.525	0	5000	0.0	0.0
clust0039	clustered_cis_ohnolog	left_flank	10	-0.475	0	5000	0.0	0.0
clust0039	clustered_cis_ohnolog	left_flank	11	-0.425	0	5000	0.0	0.0
clust0039	clustered_cis_ohnolog	left_flank	12	-0.375	0	5000	0.0	0.0
clust0039	clustered_cis_ohnolog	left_flank	13	-0.325	0	5000	0.0	0.0
clust0039	clustered_cis_ohnolog	left_flank	14	-0.275	0	5000	0.0	0.0
clust0039	clustered_cis_ohnolog	left_flank	15	-0.225	0	5000	0.0	0.0
clust0039	clustered_cis_ohnolog	left_flank	16	-0.175	0	5000	0.0	0.0
clust0039	clustered_cis_ohnolog	left_flank	17	-0.125	0	5000	0.0	0.0
clust0039	clustered_cis_ohnolog	left_flank	18	-0.075	0	5000	0.0	0.0
clust0039	clustered_cis_ohnolog	left_flank	19	-0.025	0	5000	0.0	0.0
clust0039	clustered_cis_ohnolog	body	20	0.025	0	40056	0.0	0.0
clust0039	clustered_cis_ohnolog	body	21	0.075	1	40057	0.005392	0.024964
clust0039	clustered_cis_ohnolog	body	22	0.125	1	40056	0.005392	0.024965
clust0039	clustered_cis_ohnolog	body	23	0.175	0	40057	0.0	0.0
clust0039	clustered_cis_ohnolog	body	24	0.225	0	40056	0.0	0.0
clust0039	clustered_cis_ohnolog	body	25	0.275	1	40057	0.003745	0.024964
clust0039	clustered_cis_ohnolog	body	26	0.325	0	40056	0.0	0.0
clust0039	clustered_cis_ohnolog	body	27	0.375	0	40057	0.0	0.0
clust0039	clustered_cis_ohnolog	body	28	0.425	0	40056	0.0	0.0
clust0039	clustered_cis_ohnolog	body	29	0.475	0	40057	0.0	0.0
clust0039	clustered_cis_ohnolog	body	30	0.525	0	40057	0.0	0.0
clust0039	clustered_cis_ohnolog	body	31	0.575	0	40056	0.0	0.0
clust0039	clustered_cis_ohnolog	body	32	0.625	2	40057	0.007839	0.049929
clust0039	clustered_cis_ohnolog	body	33	0.675	1	40056	0.005392	0.024965
clust0039	clustered_cis_ohnolog	body	34	0.725	3	40057	0.010285	0.074893
clust0039	clustered_cis_ohnolog	body	35	0.775	0	40056	0.0	0.0
clust0039	clustered_cis_ohnolog	body	36	0.825	0	40057	0.0	0.0
clust0039	clustered_cis_ohnolog	body	37	0.875	1	40056	0.002197	0.024965
clust0039	clustered_cis_ohnolog	body	38	0.925	0	40057	0.0	0.0
clust0039	clustered_cis_ohnolog	body	39	0.975	0	40057	0.0	0.0
clust0039	clustered_cis_ohnolog	right_flank	40	1.025	0	5000	0.0	0.0
clust0039	clustered_cis_ohnolog	right_flank	41	1.075	0	5000	0.0	0.0
clust0039	clustered_cis_ohnolog	right_flank	42	1.125	2	5000	0.0448	0.4
clust0039	clustered_cis_ohnolog	right_flank	43	1.175	0	5000	0.0	0.0
clust0039	clustered_cis_ohnolog	right_flank	44	1.225	0	5000	0.0	0.0
clust0039	clustered_cis_ohnolog	right_flank	45	1.275	0	5000	0.0	0.0
clust0039	clustered_cis_ohnolog	right_flank	46	1.325	0	5000	0.0	0.0
clust0039	clustered_cis_ohnolog	right_flank	47	1.375	1	5000	0.0324	0.2
clust0039	clustered_cis_ohnolog	right_flank	48	1.425	0	5000	0.0	0.0
clust0039	clustered_cis_ohnolog	right_flank	49	1.475	1	5000	0.0196	0.2
clust0039	clustered_cis_ohnolog	right_flank	50	1.525	1	5000	0.0432	0.2
clust0039	clustered_cis_ohnolog	right_flank	51	1.575	0	5000	0.0	0.0
clust0039	clustered_cis_ohnolog	right_flank	52	1.625	0	5000	0.0	0.0
clust0039	clustered_cis_ohnolog	right_flank	53	1.675	0	5000	0.0	0.0
clust0039	clustered_cis_ohnolog	right_flank	54	1.725	0	5000	0.0	0.0
clust0039	clustered_cis_ohnolog	right_flank	55	1.775	0	5000	0.0	0.0
clust0039	clustered_cis_ohnolog	right_flank	56	1.825	0	5000	0.0	0.0
clust0039	clustered_cis_ohnolog	right_flank	57	1.875	0	5000	0.0	0.0
clust0039	clustered_cis_ohnolog	right_flank	58	1.925	0	5000	0.0	0.0
clust0039	clustered_cis_ohnolog	right_flank	59	1.975	0	5000	0.0	0.0
clust0040	clustered_cis_ohnolog	left_flank	0	-0.975	0	5000	0.0	0.0
clust0040	clustered_cis_ohnolog	left_flank	1	-0.925	0	5000	0.0	0.0
clust0040	clustered_cis_ohnolog	left_flank	2	-0.875	1	5000	0.0278	0.2
clust0040	clustered_cis_ohnolog	left_flank	3	-0.825	1	5000	0.0344	0.2
clust0040	clustered_cis_ohnolog	left_flank	4	-0.775	0	5000	0.0	0.0
clust0040	clustered_cis_ohnolog	left_flank	5	-0.725	1	5000	0.0308	0.2
clust0040	clustered_cis_ohnolog	left_flank	6	-0.675	1	5000	0.0198	0.2
clust0040	clustered_cis_ohnolog	left_flank	7	-0.625	2	5000	0.0412	0.4
clust0040	clustered_cis_ohnolog	left_flank	8	-0.575	0	5000	0.0	0.0
clust0040	clustered_cis_ohnolog	left_flank	9	-0.525	0	5000	0.0	0.0
clust0040	clustered_cis_ohnolog	left_flank	10	-0.475	0	5000	0.0	0.0
clust0040	clustered_cis_ohnolog	left_flank	11	-0.425	0	5000	0.0	0.0
clust0040	clustered_cis_ohnolog	left_flank	12	-0.375	1	5000	0.023	0.2
clust0040	clustered_cis_ohnolog	left_flank	13	-0.325	0	5000	0.0	0.0
clust0040	clustered_cis_ohnolog	left_flank	14	-0.275	0	5000	0.0	0.0
clust0040	clustered_cis_ohnolog	left_flank	15	-0.225	0	5000	0.0	0.0
clust0040	clustered_cis_ohnolog	left_flank	16	-0.175	0	5000	0.0	0.0
clust0040	clustered_cis_ohnolog	left_flank	17	-0.125	0	5000	0.0	0.0
clust0040	clustered_cis_ohnolog	left_flank	18	-0.075	0	5000	0.0	0.0
clust0040	clustered_cis_ohnolog	left_flank	19	-0.025	0	5000	0.0	0.0
clust0040	clustered_cis_ohnolog	body	20	0.025	0	4908	0.0	0.0
clust0040	clustered_cis_ohnolog	body	21	0.075	0	4908	0.0	0.0
clust0040	clustered_cis_ohnolog	body	22	0.125	1	4908	0.02282	0.203749
clust0040	clustered_cis_ohnolog	body	23	0.175	0	4908	0.0	0.0
clust0040	clustered_cis_ohnolog	body	24	0.225	0	4908	0.0	0.0
clust0040	clustered_cis_ohnolog	body	25	0.275	0	4908	0.0	0.0
clust0040	clustered_cis_ohnolog	body	26	0.325	1	4909	0.035649	0.203707
clust0040	clustered_cis_ohnolog	body	27	0.375	0	4908	0.0	0.0
clust0040	clustered_cis_ohnolog	body	28	0.425	0	4908	0.0	0.0
clust0040	clustered_cis_ohnolog	body	29	0.475	0	4908	0.0	0.0
clust0040	clustered_cis_ohnolog	body	30	0.525	0	4908	0.0	0.0
clust0040	clustered_cis_ohnolog	body	31	0.575	0	4908	0.0	0.0
clust0040	clustered_cis_ohnolog	body	32	0.625	0	4908	0.0	0.0
clust0040	clustered_cis_ohnolog	body	33	0.675	0	4909	0.0	0.0
clust0040	clustered_cis_ohnolog	body	34	0.725	0	4908	0.0	0.0
clust0040	clustered_cis_ohnolog	body	35	0.775	0	4908	0.0	0.0
clust0040	clustered_cis_ohnolog	body	36	0.825	1	4908	0.037082	0.203749
clust0040	clustered_cis_ohnolog	body	37	0.875	1	4908	0.024857	0.203749
clust0040	clustered_cis_ohnolog	body	38	0.925	0	4908	0.0	0.0
clust0040	clustered_cis_ohnolog	body	39	0.975	0	4909	0.0	0.0
clust0040	clustered_cis_ohnolog	right_flank	40	1.025	0	5000	0.0	0.0
clust0040	clustered_cis_ohnolog	right_flank	41	1.075	1	5000	0.0432	0.2
clust0040	clustered_cis_ohnolog	right_flank	42	1.125	0	5000	0.0	0.0
clust0040	clustered_cis_ohnolog	right_flank	43	1.175	0	5000	0.0	0.0
clust0040	clustered_cis_ohnolog	right_flank	44	1.225	0	5000	0.0	0.0
clust0040	clustered_cis_ohnolog	right_flank	45	1.275	0	5000	0.0	0.0
clust0040	clustered_cis_ohnolog	right_flank	46	1.325	0	5000	0.0	0.0
clust0040	clustered_cis_ohnolog	right_flank	47	1.375	0	5000	0.0	0.0
clust0040	clustered_cis_ohnolog	right_flank	48	1.425	1	5000	0.025	0.2
clust0040	clustered_cis_ohnolog	right_flank	49	1.475	0	5000	0.0	0.0
clust0040	clustered_cis_ohnolog	right_flank	50	1.525	0	5000	0.0	0.0
clust0040	clustered_cis_ohnolog	right_flank	51	1.575	1	5000	0.0432	0.2
clust0040	clustered_cis_ohnolog	right_flank	52	1.625	1	5000	0.0432	0.2
clust0040	clustered_cis_ohnolog	right_flank	53	1.675	1	5000	0.0246	0.2
clust0040	clustered_cis_ohnolog	right_flank	54	1.725	1	5000	0.0432	0.2
clust0040	clustered_cis_ohnolog	right_flank	55	1.775	0	5000	0.0	0.0
clust0040	clustered_cis_ohnolog	right_flank	56	1.825	0	5000	0.0	0.0
clust0040	clustered_cis_ohnolog	right_flank	57	1.875	0	5000	0.0	0.0
clust0040	clustered_cis_ohnolog	right_flank	58	1.925	0	5000	0.0	0.0
clust0040	clustered_cis_ohnolog	right_flank	59	1.975	0	5000	0.0	0.0
clust0041	clustered_cis_ohnolog	left_flank	0	-0.975	0	5000	0.0	0.0
clust0041	clustered_cis_ohnolog	left_flank	1	-0.925	1	5000	0.012	0.2
clust0041	clustered_cis_ohnolog	left_flank	2	-0.875	0	5000	0.0	0.0
clust0041	clustered_cis_ohnolog	left_flank	3	-0.825	0	5000	0.0	0.0
clust0041	clustered_cis_ohnolog	left_flank	4	-0.775	0	5000	0.0	0.0
clust0041	clustered_cis_ohnolog	left_flank	5	-0.725	0	5000	0.0	0.0
clust0041	clustered_cis_ohnolog	left_flank	6	-0.675	0	5000	0.0	0.0
clust0041	clustered_cis_ohnolog	left_flank	7	-0.625	0	5000	0.0	0.0
clust0041	clustered_cis_ohnolog	left_flank	8	-0.575	0	5000	0.0	0.0
clust0041	clustered_cis_ohnolog	left_flank	9	-0.525	0	5000	0.0	0.0
clust0041	clustered_cis_ohnolog	left_flank	10	-0.475	0	5000	0.0	0.0
clust0041	clustered_cis_ohnolog	left_flank	11	-0.425	0	5000	0.0	0.0
clust0041	clustered_cis_ohnolog	left_flank	12	-0.375	0	5000	0.0	0.0
clust0041	clustered_cis_ohnolog	left_flank	13	-0.325	0	5000	0.0	0.0
clust0041	clustered_cis_ohnolog	left_flank	14	-0.275	0	5000	0.0	0.0
clust0041	clustered_cis_ohnolog	left_flank	15	-0.225	0	5000	0.0	0.0
clust0041	clustered_cis_ohnolog	left_flank	16	-0.175	0	5000	0.0	0.0
clust0041	clustered_cis_ohnolog	left_flank	17	-0.125	0	5000	0.0	0.0
clust0041	clustered_cis_ohnolog	left_flank	18	-0.075	0	5000	0.0	0.0
clust0041	clustered_cis_ohnolog	left_flank	19	-0.025	1	5000	0.0328	0.2
clust0041	clustered_cis_ohnolog	body	20	0.025	0	735	0.0	0.0
clust0041	clustered_cis_ohnolog	body	21	0.075	0	735	0.0	0.0
clust0041	clustered_cis_ohnolog	body	22	0.125	0	735	0.0	0.0
clust0041	clustered_cis_ohnolog	body	23	0.175	0	735	0.0	0.0
clust0041	clustered_cis_ohnolog	body	24	0.225	0	735	0.0	0.0
clust0041	clustered_cis_ohnolog	body	25	0.275	0	735	0.0	0.0
clust0041	clustered_cis_ohnolog	body	26	0.325	1	735	0.293878	1.360544
clust0041	clustered_cis_ohnolog	body	27	0.375	0	735	0.0	0.0
clust0041	clustered_cis_ohnolog	body	28	0.425	0	735	0.0	0.0
clust0041	clustered_cis_ohnolog	body	29	0.475	0	736	0.0	0.0
clust0041	clustered_cis_ohnolog	body	30	0.525	0	735	0.0	0.0
clust0041	clustered_cis_ohnolog	body	31	0.575	0	735	0.0	0.0
clust0041	clustered_cis_ohnolog	body	32	0.625	1	735	0.293878	1.360544
clust0041	clustered_cis_ohnolog	body	33	0.675	0	735	0.0	0.0
clust0041	clustered_cis_ohnolog	body	34	0.725	0	735	0.0	0.0
clust0041	clustered_cis_ohnolog	body	35	0.775	0	735	0.0	0.0
clust0041	clustered_cis_ohnolog	body	36	0.825	0	735	0.0	0.0
clust0041	clustered_cis_ohnolog	body	37	0.875	0	735	0.0	0.0
clust0041	clustered_cis_ohnolog	body	38	0.925	0	735	0.0	0.0
clust0041	clustered_cis_ohnolog	body	39	0.975	0	736	0.0	0.0
clust0041	clustered_cis_ohnolog	right_flank	40	1.025	0	5000	0.0	0.0
clust0041	clustered_cis_ohnolog	right_flank	41	1.075	0	5000	0.0	0.0
clust0041	clustered_cis_ohnolog	right_flank	42	1.125	0	5000	0.0	0.0
clust0041	clustered_cis_ohnolog	right_flank	43	1.175	0	5000	0.0	0.0
clust0041	clustered_cis_ohnolog	right_flank	44	1.225	0	5000	0.0	0.0
clust0041	clustered_cis_ohnolog	right_flank	45	1.275	0	5000	0.0	0.0
clust0041	clustered_cis_ohnolog	right_flank	46	1.325	0	5000	0.0	0.0
clust0041	clustered_cis_ohnolog	right_flank	47	1.375	0	5000	0.0	0.0
clust0041	clustered_cis_ohnolog	right_flank	48	1.425	0	5000	0.0	0.0
clust0041	clustered_cis_ohnolog	right_flank	49	1.475	0	5000	0.0	0.0
clust0041	clustered_cis_ohnolog	right_flank	50	1.525	0	5000	0.0	0.0
clust0041	clustered_cis_ohnolog	right_flank	51	1.575	0	5000	0.0	0.0
clust0041	clustered_cis_ohnolog	right_flank	52	1.625	0	5000	0.0	0.0
clust0041	clustered_cis_ohnolog	right_flank	53	1.675	0	5000	0.0	0.0
clust0041	clustered_cis_ohnolog	right_flank	54	1.725	0	5000	0.0	0.0
clust0041	clustered_cis_ohnolog	right_flank	55	1.775	0	5000	0.0	0.0
clust0041	clustered_cis_ohnolog	right_flank	56	1.825	0	5000	0.0	0.0
clust0041	clustered_cis_ohnolog	right_flank	57	1.875	0	5000	0.0	0.0
clust0041	clustered_cis_ohnolog	right_flank	58	1.925	0	5000	0.0	0.0
clust0041	clustered_cis_ohnolog	right_flank	59	1.975	0	5000	0.0	0.0
clust0031	clustered_cis_ohnolog	left_flank	0	-0.975	0	5000	0.0	0.0
clust0031	clustered_cis_ohnolog	left_flank	1	-0.925	0	5000	0.0	0.0
clust0031	clustered_cis_ohnolog	left_flank	2	-0.875	0	5000	0.0	0.0
clust0031	clustered_cis_ohnolog	left_flank	3	-0.825	0	5000	0.0	0.0
clust0031	clustered_cis_ohnolog	left_flank	4	-0.775	0	5000	0.0	0.0
clust0031	clustered_cis_ohnolog	left_flank	5	-0.725	0	5000	0.0	0.0
clust0031	clustered_cis_ohnolog	left_flank	6	-0.675	0	5000	0.0	0.0
clust0031	clustered_cis_ohnolog	left_flank	7	-0.625	0	5000	0.0	0.0
clust0031	clustered_cis_ohnolog	left_flank	8	-0.575	0	5000	0.0	0.0
clust0031	clustered_cis_ohnolog	left_flank	9	-0.525	0	5000	0.0	0.0
clust0031	clustered_cis_ohnolog	left_flank	10	-0.475	0	5000	0.0	0.0
clust0031	clustered_cis_ohnolog	left_flank	11	-0.425	0	5000	0.0	0.0
clust0031	clustered_cis_ohnolog	left_flank	12	-0.375	0	5000	0.0	0.0
clust0031	clustered_cis_ohnolog	left_flank	13	-0.325	0	5000	0.0	0.0
clust0031	clustered_cis_ohnolog	left_flank	14	-0.275	0	5000	0.0	0.0
clust0031	clustered_cis_ohnolog	left_flank	15	-0.225	0	5000	0.0	0.0
clust0031	clustered_cis_ohnolog	left_flank	16	-0.175	0	5000	0.0	0.0
clust0031	clustered_cis_ohnolog	left_flank	17	-0.125	1	5000	0.0432	0.2
clust0031	clustered_cis_ohnolog	left_flank	18	-0.075	0	5000	0.0	0.0
clust0031	clustered_cis_ohnolog	left_flank	19	-0.025	0	5000	0.0	0.0
clust0031	clustered_cis_ohnolog	body	20	0.025	1	9224	0.023417	0.108413
clust0031	clustered_cis_ohnolog	body	21	0.075	1	9225	0.014092	0.108401
clust0031	clustered_cis_ohnolog	body	22	0.125	0	9225	0.0	0.0
clust0031	clustered_cis_ohnolog	body	23	0.175	1	9225	0.008672	0.108401
clust0031	clustered_cis_ohnolog	body	24	0.225	0	9225	0.0	0.0
clust0031	clustered_cis_ohnolog	body	25	0.275	0	9225	0.0	0.0
clust0031	clustered_cis_ohnolog	body	26	0.325	0	9224	0.0	0.0
clust0031	clustered_cis_ohnolog	body	27	0.375	0	9225	0.0	0.0
clust0031	clustered_cis_ohnolog	body	28	0.425	0	9225	0.0	0.0
clust0031	clustered_cis_ohnolog	body	29	0.475	1	9225	0.023415	0.108401
clust0031	clustered_cis_ohnolog	body	30	0.525	0	9225	0.0	0.0
clust0031	clustered_cis_ohnolog	body	31	0.575	1	9225	0.023415	0.108401
clust0031	clustered_cis_ohnolog	body	32	0.625	0	9225	0.0	0.0
clust0031	clustered_cis_ohnolog	body	33	0.675	0	9224	0.0	0.0
clust0031	clustered_cis_ohnolog	body	34	0.725	0	9225	0.0	0.0
clust0031	clustered_cis_ohnolog	body	35	0.775	0	9225	0.0	0.0
clust0031	clustered_cis_ohnolog	body	36	0.825	0	9225	0.0	0.0
clust0031	clustered_cis_ohnolog	body	37	0.875	0	9225	0.0	0.0
clust0031	clustered_cis_ohnolog	body	38	0.925	0	9225	0.0	0.0
clust0031	clustered_cis_ohnolog	body	39	0.975	0	9225	0.0	0.0
clust0031	clustered_cis_ohnolog	right_flank	40	1.025	0	5000	0.0	0.0
clust0031	clustered_cis_ohnolog	right_flank	41	1.075	0	5000	0.0	0.0
clust0031	clustered_cis_ohnolog	right_flank	42	1.125	0	5000	0.0	0.0
clust0031	clustered_cis_ohnolog	right_flank	43	1.175	0	5000	0.0	0.0
clust0031	clustered_cis_ohnolog	right_flank	44	1.225	0	5000	0.0	0.0
clust0031	clustered_cis_ohnolog	right_flank	45	1.275	0	5000	0.0	0.0
clust0031	clustered_cis_ohnolog	right_flank	46	1.325	0	5000	0.0	0.0
clust0031	clustered_cis_ohnolog	right_flank	47	1.375	0	5000	0.0	0.0
clust0031	clustered_cis_ohnolog	right_flank	48	1.425	0	5000	0.0	0.0
clust0031	clustered_cis_ohnolog	right_flank	49	1.475	0	5000	0.0	0.0
clust0031	clustered_cis_ohnolog	right_flank	50	1.525	0	5000	0.0	0.0
clust0031	clustered_cis_ohnolog	right_flank	51	1.575	0	5000	0.0	0.0
clust0031	clustered_cis_ohnolog	right_flank	52	1.625	0	5000	0.0	0.0
clust0031	clustered_cis_ohnolog	right_flank	53	1.675	0	5000	0.0	0.0
clust0031	clustered_cis_ohnolog	right_flank	54	1.725	0	5000	0.0	0.0
clust0031	clustered_cis_ohnolog	right_flank	55	1.775	0	5000	0.0	0.0
clust0031	clustered_cis_ohnolog	right_flank	56	1.825	0	5000	0.0	0.0
clust0031	clustered_cis_ohnolog	right_flank	57	1.875	0	5000	0.0	0.0
clust0031	clustered_cis_ohnolog	right_flank	58	1.925	0	5000	0.0	0.0
clust0031	clustered_cis_ohnolog	right_flank	59	1.975	0	5000	0.0	0.0
clust0032	clustered_cis_ohnolog	left_flank	0	-0.975	0	5000	0.0	0.0
clust0032	clustered_cis_ohnolog	left_flank	1	-0.925	0	5000	0.0	0.0
clust0032	clustered_cis_ohnolog	left_flank	2	-0.875	0	5000	0.0	0.0
clust0032	clustered_cis_ohnolog	left_flank	3	-0.825	0	5000	0.0	0.0
clust0032	clustered_cis_ohnolog	left_flank	4	-0.775	0	5000	0.0	0.0
clust0032	clustered_cis_ohnolog	left_flank	5	-0.725	0	5000	0.0	0.0
clust0032	clustered_cis_ohnolog	left_flank	6	-0.675	0	5000	0.0	0.0
clust0032	clustered_cis_ohnolog	left_flank	7	-0.625	0	5000	0.0	0.0
clust0032	clustered_cis_ohnolog	left_flank	8	-0.575	0	5000	0.0	0.0
clust0032	clustered_cis_ohnolog	left_flank	9	-0.525	0	5000	0.0	0.0
clust0032	clustered_cis_ohnolog	left_flank	10	-0.475	0	5000	0.0	0.0
clust0032	clustered_cis_ohnolog	left_flank	11	-0.425	0	5000	0.0	0.0
clust0032	clustered_cis_ohnolog	left_flank	12	-0.375	0	5000	0.0	0.0
clust0032	clustered_cis_ohnolog	left_flank	13	-0.325	0	5000	0.0	0.0
clust0032	clustered_cis_ohnolog	left_flank	14	-0.275	0	5000	0.0	0.0
clust0032	clustered_cis_ohnolog	left_flank	15	-0.225	0	5000	0.0	0.0
clust0032	clustered_cis_ohnolog	left_flank	16	-0.175	0	5000	0.0	0.0
clust0032	clustered_cis_ohnolog	left_flank	17	-0.125	0	5000	0.0	0.0
clust0032	clustered_cis_ohnolog	left_flank	18	-0.075	0	5000	0.0	0.0
clust0032	clustered_cis_ohnolog	left_flank	19	-0.025	0	5000	0.0	0.0
clust0032	clustered_cis_ohnolog	body	20	0.025	0	17725	0.0	0.0
clust0032	clustered_cis_ohnolog	body	21	0.075	1	17725	0.012186	0.056417
clust0032	clustered_cis_ohnolog	body	22	0.125	1	17725	0.012186	0.056417
clust0032	clustered_cis_ohnolog	body	23	0.175	1	17726	0.012185	0.056414
clust0032	clustered_cis_ohnolog	body	24	0.225	0	17725	0.0	0.0
clust0032	clustered_cis_ohnolog	body	25	0.275	2	17725	0.024372	0.112835
clust0032	clustered_cis_ohnolog	body	26	0.325	0	17726	0.0	0.0
clust0032	clustered_cis_ohnolog	body	27	0.375	0	17725	0.0	0.0
clust0032	clustered_cis_ohnolog	body	28	0.425	1	17725	0.007391	0.056417
clust0032	clustered_cis_ohnolog	body	29	0.475	2	17726	0.015683	0.112829
clust0032	clustered_cis_ohnolog	body	30	0.525	0	17725	0.0	0.0
clust0032	clustered_cis_ohnolog	body	31	0.575	0	17725	0.0	0.0
clust0032	clustered_cis_ohnolog	body	32	0.625	0	17725	0.0	0.0
clust0032	clustered_cis_ohnolog	body	33	0.675	1	17726	0.012185	0.056414
clust0032	clustered_cis_ohnolog	body	34	0.725	0	17725	0.0	0.0
clust0032	clustered_cis_ohnolog	body	35	0.775	0	17725	0.0	0.0
clust0032	clustered_cis_ohnolog	body	36	0.825	3	17726	0.031254	0.169243
clust0032	clustered_cis_ohnolog	body	37	0.875	1	17725	0.012186	0.056417
clust0032	clustered_cis_ohnolog	body	38	0.925	0	17725	0.0	0.0
clust0032	clustered_cis_ohnolog	body	39	0.975	1	17726	0.012185	0.056414
clust0032	clustered_cis_ohnolog	right_flank	40	1.025	0	5000	0.0	0.0
clust0032	clustered_cis_ohnolog	right_flank	41	1.075	0	5000	0.0	0.0
clust0032	clustered_cis_ohnolog	right_flank	42	1.125	0	5000	0.0	0.0
clust0032	clustered_cis_ohnolog	right_flank	43	1.175	1	5000	0.0296	0.2
clust0032	clustered_cis_ohnolog	right_flank	44	1.225	0	5000	0.0	0.0
clust0032	clustered_cis_ohnolog	right_flank	45	1.275	0	5000	0.0	0.0
clust0032	clustered_cis_ohnolog	right_flank	46	1.325	0	5000	0.0	0.0
clust0032	clustered_cis_ohnolog	right_flank	47	1.375	1	5000	0.0242	0.2
clust0032	clustered_cis_ohnolog	right_flank	48	1.425	0	5000	0.0	0.0
clust0032	clustered_cis_ohnolog	right_flank	49	1.475	1	5000	0.0322	0.2
clust0032	clustered_cis_ohnolog	right_flank	50	1.525	0	5000	0.0	0.0
clust0032	clustered_cis_ohnolog	right_flank	51	1.575	0	5000	0.0	0.0
clust0032	clustered_cis_ohnolog	right_flank	52	1.625	0	5000	0.0	0.0
clust0032	clustered_cis_ohnolog	right_flank	53	1.675	0	5000	0.0	0.0
clust0032	clustered_cis_ohnolog	right_flank	54	1.725	2	5000	0.0724	0.4
clust0032	clustered_cis_ohnolog	right_flank	55	1.775	0	5000	0.0	0.0
clust0032	clustered_cis_ohnolog	right_flank	56	1.825	0	5000	0.0	0.0
clust0032	clustered_cis_ohnolog	right_flank	57	1.875	0	5000	0.0	0.0
clust0032	clustered_cis_ohnolog	right_flank	58	1.925	1	5000	0.0432	0.2
clust0032	clustered_cis_ohnolog	right_flank	59	1.975	0	5000	0.0	0.0
clust0007	clustered_cis_ohnolog	left_flank	0	-0.975	0	5000	0.0	0.0
clust0007	clustered_cis_ohnolog	left_flank	1	-0.925	1	5000	0.0432	0.2
clust0007	clustered_cis_ohnolog	left_flank	2	-0.875	0	5000	0.0	0.0
clust0007	clustered_cis_ohnolog	left_flank	3	-0.825	0	5000	0.0	0.0
clust0007	clustered_cis_ohnolog	left_flank	4	-0.775	0	5000	0.0	0.0
clust0007	clustered_cis_ohnolog	left_flank	5	-0.725	2	5000	0.058	0.4
clust0007	clustered_cis_ohnolog	left_flank	6	-0.675	0	5000	0.0	0.0
clust0007	clustered_cis_ohnolog	left_flank	7	-0.625	0	5000	0.0	0.0
clust0007	clustered_cis_ohnolog	left_flank	8	-0.575	1	5000	0.0432	0.2
clust0007	clustered_cis_ohnolog	left_flank	9	-0.525	0	5000	0.0	0.0
clust0007	clustered_cis_ohnolog	left_flank	10	-0.475	0	5000	0.0	0.0
clust0007	clustered_cis_ohnolog	left_flank	11	-0.425	0	5000	0.0	0.0
clust0007	clustered_cis_ohnolog	left_flank	12	-0.375	1	5000	0.0242	0.2
clust0007	clustered_cis_ohnolog	left_flank	13	-0.325	0	5000	0.0	0.0
clust0007	clustered_cis_ohnolog	left_flank	14	-0.275	1	5000	0.0432	0.2
clust0007	clustered_cis_ohnolog	left_flank	15	-0.225	0	5000	0.0	0.0
clust0007	clustered_cis_ohnolog	left_flank	16	-0.175	0	5000	0.0	0.0
clust0007	clustered_cis_ohnolog	left_flank	17	-0.125	0	5000	0.0	0.0
clust0007	clustered_cis_ohnolog	left_flank	18	-0.075	0	5000	0.0	0.0
clust0007	clustered_cis_ohnolog	left_flank	19	-0.025	2	5000	0.0674	0.4
clust0007	clustered_cis_ohnolog	body	20	0.025	1	4493	0.048075	0.222568
clust0007	clustered_cis_ohnolog	body	21	0.075	0	4494	0.0	0.0
clust0007	clustered_cis_ohnolog	body	22	0.125	0	4493	0.0	0.0
clust0007	clustered_cis_ohnolog	body	23	0.175	0	4494	0.0	0.0
clust0007	clustered_cis_ohnolog	body	24	0.225	1	4493	0.034721	0.222568
clust0007	clustered_cis_ohnolog	body	25	0.275	1	4494	0.032265	0.222519
clust0007	clustered_cis_ohnolog	body	26	0.325	0	4493	0.0	0.0
clust0007	clustered_cis_ohnolog	body	27	0.375	0	4494	0.0	0.0
clust0007	clustered_cis_ohnolog	body	28	0.425	0	4493	0.0	0.0
clust0007	clustered_cis_ohnolog	body	29	0.475	0	4494	0.0	0.0
clust0007	clustered_cis_ohnolog	body	30	0.525	0	4494	0.0	0.0
clust0007	clustered_cis_ohnolog	body	31	0.575	0	4493	0.0	0.0
clust0007	clustered_cis_ohnolog	body	32	0.625	1	4494	0.014464	0.222519
clust0007	clustered_cis_ohnolog	body	33	0.675	0	4493	0.0	0.0
clust0007	clustered_cis_ohnolog	body	34	0.725	0	4494	0.0	0.0
clust0007	clustered_cis_ohnolog	body	35	0.775	0	4493	0.0	0.0
clust0007	clustered_cis_ohnolog	body	36	0.825	0	4494	0.0	0.0
clust0007	clustered_cis_ohnolog	body	37	0.875	0	4493	0.0	0.0
clust0007	clustered_cis_ohnolog	body	38	0.925	0	4494	0.0	0.0
clust0007	clustered_cis_ohnolog	body	39	0.975	0	4494	0.0	0.0
clust0007	clustered_cis_ohnolog	right_flank	40	1.025	0	5000	0.0	0.0
clust0007	clustered_cis_ohnolog	right_flank	41	1.075	1	5000	0.0292	0.2
clust0007	clustered_cis_ohnolog	right_flank	42	1.125	0	5000	0.0	0.0
clust0007	clustered_cis_ohnolog	right_flank	43	1.175	0	5000	0.0	0.0
clust0007	clustered_cis_ohnolog	right_flank	44	1.225	0	5000	0.0	0.0
clust0007	clustered_cis_ohnolog	right_flank	45	1.275	0	5000	0.0	0.0
clust0007	clustered_cis_ohnolog	right_flank	46	1.325	0	5000	0.0	0.0
clust0007	clustered_cis_ohnolog	right_flank	47	1.375	2	5000	0.083	0.4
clust0007	clustered_cis_ohnolog	right_flank	48	1.425	0	5000	0.0	0.0
clust0007	clustered_cis_ohnolog	right_flank	49	1.475	0	5000	0.0	0.0
clust0007	clustered_cis_ohnolog	right_flank	50	1.525	0	5000	0.0	0.0
clust0007	clustered_cis_ohnolog	right_flank	51	1.575	0	5000	0.0	0.0
clust0007	clustered_cis_ohnolog	right_flank	52	1.625	0	5000	0.0	0.0
clust0007	clustered_cis_ohnolog	right_flank	53	1.675	0	5000	0.0	0.0
clust0007	clustered_cis_ohnolog	right_flank	54	1.725	0	5000	0.0	0.0
clust0007	clustered_cis_ohnolog	right_flank	55	1.775	0	5000	0.0	0.0
clust0007	clustered_cis_ohnolog	right_flank	56	1.825	1	5000	0.0432	0.2
clust0007	clustered_cis_ohnolog	right_flank	57	1.875	0	5000	0.0	0.0
clust0007	clustered_cis_ohnolog	right_flank	58	1.925	1	5000	0.0388	0.2
clust0007	clustered_cis_ohnolog	right_flank	59	1.975	0	5000	0.0	0.0
clust0076	clustered_cis_ohnolog	left_flank	0	-0.975	0	5000	0.0	0.0
clust0076	clustered_cis_ohnolog	left_flank	1	-0.925	0	5000	0.0	0.0
clust0076	clustered_cis_ohnolog	left_flank	2	-0.875	0	5000	0.0	0.0
clust0076	clustered_cis_ohnolog	left_flank	3	-0.825	1	5000	0.0292	0.2
clust0076	clustered_cis_ohnolog	left_flank	4	-0.775	0	5000	0.0	0.0
clust0076	clustered_cis_ohnolog	left_flank	5	-0.725	0	5000	0.0	0.0
clust0076	clustered_cis_ohnolog	left_flank	6	-0.675	0	5000	0.0	0.0
clust0076	clustered_cis_ohnolog	left_flank	7	-0.625	0	5000	0.0	0.0
clust0076	clustered_cis_ohnolog	left_flank	8	-0.575	0	5000	0.0	0.0
clust0076	clustered_cis_ohnolog	left_flank	9	-0.525	2	5000	0.083	0.4
clust0076	clustered_cis_ohnolog	left_flank	10	-0.475	0	5000	0.0	0.0
clust0076	clustered_cis_ohnolog	left_flank	11	-0.425	0	5000	0.0	0.0
clust0076	clustered_cis_ohnolog	left_flank	12	-0.375	0	5000	0.0	0.0
clust0076	clustered_cis_ohnolog	left_flank	13	-0.325	0	5000	0.0	0.0
clust0076	clustered_cis_ohnolog	left_flank	14	-0.275	0	5000	0.0	0.0
clust0076	clustered_cis_ohnolog	left_flank	15	-0.225	0	5000	0.0	0.0
clust0076	clustered_cis_ohnolog	left_flank	16	-0.175	0	5000	0.0	0.0
clust0076	clustered_cis_ohnolog	left_flank	17	-0.125	0	5000	0.0	0.0
clust0076	clustered_cis_ohnolog	left_flank	18	-0.075	1	5000	0.0432	0.2
clust0076	clustered_cis_ohnolog	left_flank	19	-0.025	0	5000	0.0	0.0
clust0076	clustered_cis_ohnolog	body	20	0.025	1	5985	0.032414	0.167084
clust0076	clustered_cis_ohnolog	body	21	0.075	0	5986	0.0	0.0
clust0076	clustered_cis_ohnolog	body	22	0.125	0	5986	0.0	0.0
clust0076	clustered_cis_ohnolog	body	23	0.175	0	5986	0.0	0.0
clust0076	clustered_cis_ohnolog	body	24	0.225	0	5986	0.0	0.0
clust0076	clustered_cis_ohnolog	body	25	0.275	0	5986	0.0	0.0
clust0076	clustered_cis_ohnolog	body	26	0.325	2	5986	0.042432	0.334113
clust0076	clustered_cis_ohnolog	body	27	0.375	1	5986	0.036084	0.167056
clust0076	clustered_cis_ohnolog	body	28	0.425	0	5986	0.0	0.0
clust0076	clustered_cis_ohnolog	body	29	0.475	0	5986	0.0	0.0
clust0076	clustered_cis_ohnolog	body	30	0.525	0	5986	0.0	0.0
clust0076	clustered_cis_ohnolog	body	31	0.575	0	5986	0.0	0.0
clust0076	clustered_cis_ohnolog	body	32	0.625	0	5986	0.0	0.0
clust0076	clustered_cis_ohnolog	body	33	0.675	0	5986	0.0	0.0
clust0076	clustered_cis_ohnolog	body	34	0.725	0	5986	0.0	0.0
clust0076	clustered_cis_ohnolog	body	35	0.775	0	5986	0.0	0.0
clust0076	clustered_cis_ohnolog	body	36	0.825	0	5986	0.0	0.0
clust0076	clustered_cis_ohnolog	body	37	0.875	0	5986	0.0	0.0
clust0076	clustered_cis_ohnolog	body	38	0.925	0	5986	0.0	0.0
clust0076	clustered_cis_ohnolog	body	39	0.975	0	5986	0.0	0.0
clust0076	clustered_cis_ohnolog	right_flank	40	1.025	0	5000	0.0	0.0
clust0076	clustered_cis_ohnolog	right_flank	41	1.075	0	5000	0.0	0.0
clust0076	clustered_cis_ohnolog	right_flank	42	1.125	0	5000	0.0	0.0
clust0076	clustered_cis_ohnolog	right_flank	43	1.175	0	5000	0.0	0.0
clust0076	clustered_cis_ohnolog	right_flank	44	1.225	0	5000	0.0	0.0
clust0076	clustered_cis_ohnolog	right_flank	45	1.275	0	5000	0.0	0.0
clust0076	clustered_cis_ohnolog	right_flank	46	1.325	0	5000	0.0	0.0
clust0076	clustered_cis_ohnolog	right_flank	47	1.375	0	5000	0.0	0.0
clust0076	clustered_cis_ohnolog	right_flank	48	1.425	0	5000	0.0	0.0
clust0076	clustered_cis_ohnolog	right_flank	49	1.475	1	5000	0.0492	0.2
clust0076	clustered_cis_ohnolog	right_flank	50	1.525	0	5000	0.0	0.0
clust0076	clustered_cis_ohnolog	right_flank	51	1.575	0	5000	0.0	0.0
clust0076	clustered_cis_ohnolog	right_flank	52	1.625	0	5000	0.0	0.0
clust0076	clustered_cis_ohnolog	right_flank	53	1.675	0	5000	0.0	0.0
clust0076	clustered_cis_ohnolog	right_flank	54	1.725	0	5000	0.0	0.0
clust0076	clustered_cis_ohnolog	right_flank	55	1.775	1	5000	0.0316	0.2
clust0076	clustered_cis_ohnolog	right_flank	56	1.825	0	5000	0.0	0.0
clust0076	clustered_cis_ohnolog	right_flank	57	1.875	0	5000	0.0	0.0
clust0076	clustered_cis_ohnolog	right_flank	58	1.925	0	5000	0.0	0.0
clust0076	clustered_cis_ohnolog	right_flank	59	1.975	0	5000	0.0	0.0
clust0071	clustered_cis_ohnolog	left_flank	0	-0.975	0	5000	0.0	0.0
clust0071	clustered_cis_ohnolog	left_flank	1	-0.925	0	5000	0.0	0.0
clust0071	clustered_cis_ohnolog	left_flank	2	-0.875	0	5000	0.0	0.0
clust0071	clustered_cis_ohnolog	left_flank	3	-0.825	0	5000	0.0	0.0
clust0071	clustered_cis_ohnolog	left_flank	4	-0.775	0	5000	0.0	0.0
clust0071	clustered_cis_ohnolog	left_flank	5	-0.725	1	5000	0.0432	0.2
clust0071	clustered_cis_ohnolog	left_flank	6	-0.675	0	5000	0.0	0.0
clust0071	clustered_cis_ohnolog	left_flank	7	-0.625	0	5000	0.0	0.0
clust0071	clustered_cis_ohnolog	left_flank	8	-0.575	0	5000	0.0	0.0
clust0071	clustered_cis_ohnolog	left_flank	9	-0.525	0	5000	0.0	0.0
clust0071	clustered_cis_ohnolog	left_flank	10	-0.475	0	5000	0.0	0.0
clust0071	clustered_cis_ohnolog	left_flank	11	-0.425	0	5000	0.0	0.0
clust0071	clustered_cis_ohnolog	left_flank	12	-0.375	0	5000	0.0	0.0
clust0071	clustered_cis_ohnolog	left_flank	13	-0.325	0	5000	0.0	0.0
clust0071	clustered_cis_ohnolog	left_flank	14	-0.275	0	5000	0.0	0.0
clust0071	clustered_cis_ohnolog	left_flank	15	-0.225	0	5000	0.0	0.0
clust0071	clustered_cis_ohnolog	left_flank	16	-0.175	0	5000	0.0	0.0
clust0071	clustered_cis_ohnolog	left_flank	17	-0.125	0	5000	0.0	0.0
clust0071	clustered_cis_ohnolog	left_flank	18	-0.075	0	5000	0.0	0.0
clust0071	clustered_cis_ohnolog	left_flank	19	-0.025	0	5000	0.0	0.0
clust0071	clustered_cis_ohnolog	body	20	0.025	0	601	0.0	0.0
clust0071	clustered_cis_ohnolog	body	21	0.075	0	602	0.0	0.0
clust0071	clustered_cis_ohnolog	body	22	0.125	0	602	0.0	0.0
clust0071	clustered_cis_ohnolog	body	23	0.175	0	602	0.0	0.0
clust0071	clustered_cis_ohnolog	body	24	0.225	1	602	0.222591	1.66113
clust0071	clustered_cis_ohnolog	body	25	0.275	0	602	0.136213	0.0
clust0071	clustered_cis_ohnolog	body	26	0.325	0	601	0.0	0.0
clust0071	clustered_cis_ohnolog	body	27	0.375	0	602	0.0	0.0
clust0071	clustered_cis_ohnolog	body	28	0.425	0	602	0.0	0.0
clust0071	clustered_cis_ohnolog	body	29	0.475	0	602	0.0	0.0
clust0071	clustered_cis_ohnolog	body	30	0.525	0	602	0.0	0.0
clust0071	clustered_cis_ohnolog	body	31	0.575	0	602	0.0	0.0
clust0071	clustered_cis_ohnolog	body	32	0.625	0	602	0.0	0.0
clust0071	clustered_cis_ohnolog	body	33	0.675	0	601	0.0	0.0
clust0071	clustered_cis_ohnolog	body	34	0.725	0	602	0.0	0.0
clust0071	clustered_cis_ohnolog	body	35	0.775	0	602	0.0	0.0
clust0071	clustered_cis_ohnolog	body	36	0.825	0	602	0.0	0.0
clust0071	clustered_cis_ohnolog	body	37	0.875	0	602	0.0	0.0
clust0071	clustered_cis_ohnolog	body	38	0.925	0	602	0.0	0.0
clust0071	clustered_cis_ohnolog	body	39	0.975	0	602	0.0	0.0
clust0071	clustered_cis_ohnolog	right_flank	40	1.025	0	5000	0.0	0.0
clust0071	clustered_cis_ohnolog	right_flank	41	1.075	0	5000	0.0	0.0
clust0071	clustered_cis_ohnolog	right_flank	42	1.125	0	5000	0.0	0.0
clust0071	clustered_cis_ohnolog	right_flank	43	1.175	0	5000	0.0	0.0
clust0071	clustered_cis_ohnolog	right_flank	44	1.225	0	5000	0.0	0.0
clust0071	clustered_cis_ohnolog	right_flank	45	1.275	0	5000	0.0	0.0
clust0071	clustered_cis_ohnolog	right_flank	46	1.325	0	5000	0.0	0.0
clust0071	clustered_cis_ohnolog	right_flank	47	1.375	0	5000	0.0	0.0
clust0071	clustered_cis_ohnolog	right_flank	48	1.425	1	5000	0.0432	0.2
clust0071	clustered_cis_ohnolog	right_flank	49	1.475	0	5000	0.0	0.0
clust0071	clustered_cis_ohnolog	right_flank	50	1.525	0	5000	0.0	0.0
clust0071	clustered_cis_ohnolog	right_flank	51	1.575	0	5000	0.0	0.0
clust0071	clustered_cis_ohnolog	right_flank	52	1.625	0	5000	0.0	0.0
clust0071	clustered_cis_ohnolog	right_flank	53	1.675	0	5000	0.0	0.0
clust0071	clustered_cis_ohnolog	right_flank	54	1.725	0	5000	0.0	0.0
clust0071	clustered_cis_ohnolog	right_flank	55	1.775	0	5000	0.0	0.0
clust0071	clustered_cis_ohnolog	right_flank	56	1.825	0	5000	0.0	0.0
clust0071	clustered_cis_ohnolog	right_flank	57	1.875	0	5000	0.0	0.0
clust0071	clustered_cis_ohnolog	right_flank	58	1.925	0	5000	0.0	0.0
clust0071	clustered_cis_ohnolog	right_flank	59	1.975	0	5000	0.0	0.0
clust0069	clustered_cis_ohnolog	left_flank	0	-0.975	0	5000	0.0	0.0
clust0069	clustered_cis_ohnolog	left_flank	1	-0.925	0	5000	0.0	0.0
clust0069	clustered_cis_ohnolog	left_flank	2	-0.875	0	5000	0.0	0.0
clust0069	clustered_cis_ohnolog	left_flank	3	-0.825	0	5000	0.0	0.0
clust0069	clustered_cis_ohnolog	left_flank	4	-0.775	0	5000	0.0	0.0
clust0069	clustered_cis_ohnolog	left_flank	5	-0.725	0	5000	0.0	0.0
clust0069	clustered_cis_ohnolog	left_flank	6	-0.675	0	5000	0.0	0.0
clust0069	clustered_cis_ohnolog	left_flank	7	-0.625	0	5000	0.0	0.0
clust0069	clustered_cis_ohnolog	left_flank	8	-0.575	0	5000	0.0	0.0
clust0069	clustered_cis_ohnolog	left_flank	9	-0.525	0	5000	0.0	0.0
clust0069	clustered_cis_ohnolog	left_flank	10	-0.475	0	5000	0.0	0.0
clust0069	clustered_cis_ohnolog	left_flank	11	-0.425	0	5000	0.0	0.0
clust0069	clustered_cis_ohnolog	left_flank	12	-0.375	0	5000	0.0	0.0
clust0069	clustered_cis_ohnolog	left_flank	13	-0.325	0	5000	0.0	0.0
clust0069	clustered_cis_ohnolog	left_flank	14	-0.275	0	5000	0.0	0.0
clust0069	clustered_cis_ohnolog	left_flank	15	-0.225	0	5000	0.0	0.0
clust0069	clustered_cis_ohnolog	left_flank	16	-0.175	0	5000	0.0	0.0
clust0069	clustered_cis_ohnolog	left_flank	17	-0.125	0	5000	0.0	0.0
clust0069	clustered_cis_ohnolog	left_flank	18	-0.075	0	5000	0.0	0.0
clust0069	clustered_cis_ohnolog	left_flank	19	-0.025	0	5000	0.0	0.0
clust0069	clustered_cis_ohnolog	body	20	0.025	0	16513	0.0	0.0
clust0069	clustered_cis_ohnolog	body	21	0.075	0	16513	0.0	0.0
clust0069	clustered_cis_ohnolog	body	22	0.125	0	16513	0.0	0.0
clust0069	clustered_cis_ohnolog	body	23	0.175	0	16513	0.0	0.0
clust0069	clustered_cis_ohnolog	body	24	0.225	0	16514	0.0	0.0
clust0069	clustered_cis_ohnolog	body	25	0.275	0	16513	0.0	0.0
clust0069	clustered_cis_ohnolog	body	26	0.325	0	16513	0.0	0.0
clust0069	clustered_cis_ohnolog	body	27	0.375	0	16513	0.0	0.0
clust0069	clustered_cis_ohnolog	body	28	0.425	0	16513	0.0	0.0
clust0069	clustered_cis_ohnolog	body	29	0.475	1	16514	0.006843	0.060555
clust0069	clustered_cis_ohnolog	body	30	0.525	0	16513	0.0	0.0
clust0069	clustered_cis_ohnolog	body	31	0.575	0	16513	0.0	0.0
clust0069	clustered_cis_ohnolog	body	32	0.625	0	16513	0.0	0.0
clust0069	clustered_cis_ohnolog	body	33	0.675	0	16513	0.0	0.0
clust0069	clustered_cis_ohnolog	body	34	0.725	0	16514	0.0	0.0
clust0069	clustered_cis_ohnolog	body	35	0.775	0	16513	0.0	0.0
clust0069	clustered_cis_ohnolog	body	36	0.825	1	16513	0.013081	0.060558
clust0069	clustered_cis_ohnolog	body	37	0.875	0	16513	0.0	0.0
clust0069	clustered_cis_ohnolog	body	38	0.925	1	16513	0.007812	0.060558
clust0069	clustered_cis_ohnolog	body	39	0.975	1	16514	0.01308	0.060555
clust0069	clustered_cis_ohnolog	right_flank	40	1.025	0	5000	0.0	0.0
clust0069	clustered_cis_ohnolog	right_flank	41	1.075	0	5000	0.0	0.0
clust0069	clustered_cis_ohnolog	right_flank	42	1.125	0	5000	0.0	0.0
clust0069	clustered_cis_ohnolog	right_flank	43	1.175	0	5000	0.0	0.0
clust0069	clustered_cis_ohnolog	right_flank	44	1.225	0	5000	0.0	0.0
clust0069	clustered_cis_ohnolog	right_flank	45	1.275	0	5000	0.0	0.0
clust0069	clustered_cis_ohnolog	right_flank	46	1.325	0	5000	0.0	0.0
clust0069	clustered_cis_ohnolog	right_flank	47	1.375	0	5000	0.0	0.0
clust0069	clustered_cis_ohnolog	right_flank	48	1.425	0	5000	0.0	0.0
clust0069	clustered_cis_ohnolog	right_flank	49	1.475	0	5000	0.0	0.0
clust0069	clustered_cis_ohnolog	right_flank	50	1.525	0	5000	0.0	0.0
clust0069	clustered_cis_ohnolog	right_flank	51	1.575	0	5000	0.0	0.0
clust0069	clustered_cis_ohnolog	right_flank	52	1.625	0	5000	0.0	0.0
clust0069	clustered_cis_ohnolog	right_flank	53	1.675	0	5000	0.0	0.0
clust0069	clustered_cis_ohnolog	right_flank	54	1.725	0	5000	0.0	0.0
clust0069	clustered_cis_ohnolog	right_flank	55	1.775	0	5000	0.0	0.0
clust0069	clustered_cis_ohnolog	right_flank	56	1.825	0	5000	0.0	0.0
clust0069	clustered_cis_ohnolog	right_flank	57	1.875	0	5000	0.0	0.0
clust0069	clustered_cis_ohnolog	right_flank	58	1.925	0	5000	0.0	0.0
clust0069	clustered_cis_ohnolog	right_flank	59	1.975	0	5000	0.0	0.0
clust0043	clustered_cis_ohnolog	left_flank	0	-0.975	0	5000	0.0	0.0
clust0043	clustered_cis_ohnolog	left_flank	1	-0.925	0	5000	0.0	0.0
clust0043	clustered_cis_ohnolog	left_flank	2	-0.875	0	5000	0.0	0.0
clust0043	clustered_cis_ohnolog	left_flank	3	-0.825	0	5000	0.0	0.0
clust0043	clustered_cis_ohnolog	left_flank	4	-0.775	1	5000	0.0432	0.2
clust0043	clustered_cis_ohnolog	left_flank	5	-0.725	0	5000	0.0	0.0
clust0043	clustered_cis_ohnolog	left_flank	6	-0.675	0	5000	0.0	0.0
clust0043	clustered_cis_ohnolog	left_flank	7	-0.625	0	5000	0.0	0.0
clust0043	clustered_cis_ohnolog	left_flank	8	-0.575	0	5000	0.0	0.0
clust0043	clustered_cis_ohnolog	left_flank	9	-0.525	0	5000	0.0	0.0
clust0043	clustered_cis_ohnolog	left_flank	10	-0.475	0	5000	0.0	0.0
clust0043	clustered_cis_ohnolog	left_flank	11	-0.425	0	5000	0.0	0.0
clust0043	clustered_cis_ohnolog	left_flank	12	-0.375	0	5000	0.0	0.0
clust0043	clustered_cis_ohnolog	left_flank	13	-0.325	0	5000	0.0	0.0
clust0043	clustered_cis_ohnolog	left_flank	14	-0.275	0	5000	0.0	0.0
clust0043	clustered_cis_ohnolog	left_flank	15	-0.225	1	5000	0.0432	0.2
clust0043	clustered_cis_ohnolog	left_flank	16	-0.175	0	5000	0.0	0.0
clust0043	clustered_cis_ohnolog	left_flank	17	-0.125	0	5000	0.0	0.0
clust0043	clustered_cis_ohnolog	left_flank	18	-0.075	1	5000	0.0432	0.2
clust0043	clustered_cis_ohnolog	left_flank	19	-0.025	0	5000	0.0	0.0
clust0043	clustered_cis_ohnolog	body	20	0.025	0	8841	0.0	0.0
clust0043	clustered_cis_ohnolog	body	21	0.075	0	8842	0.0	0.0
clust0043	clustered_cis_ohnolog	body	22	0.125	0	8841	0.0	0.0
clust0043	clustered_cis_ohnolog	body	23	0.175	1	8842	0.021262	0.113097
clust0043	clustered_cis_ohnolog	body	24	0.225	1	8842	0.01606	0.113097
clust0043	clustered_cis_ohnolog	body	25	0.275	0	8841	0.0	0.0
clust0043	clustered_cis_ohnolog	body	26	0.325	0	8842	0.0	0.0
clust0043	clustered_cis_ohnolog	body	27	0.375	0	8841	0.0	0.0
clust0043	clustered_cis_ohnolog	body	28	0.425	1	8842	0.024429	0.113097
clust0043	clustered_cis_ohnolog	body	29	0.475	0	8842	0.0	0.0
clust0043	clustered_cis_ohnolog	body	30	0.525	0	8841	0.0	0.0
clust0043	clustered_cis_ohnolog	body	31	0.575	0	8842	0.0	0.0
clust0043	clustered_cis_ohnolog	body	32	0.625	0	8841	0.0	0.0
clust0043	clustered_cis_ohnolog	body	33	0.675	0	8842	0.0	0.0
clust0043	clustered_cis_ohnolog	body	34	0.725	0	8842	0.0	0.0
clust0043	clustered_cis_ohnolog	body	35	0.775	0	8841	0.0	0.0
clust0043	clustered_cis_ohnolog	body	36	0.825	0	8842	0.0	0.0
clust0043	clustered_cis_ohnolog	body	37	0.875	0	8841	0.0	0.0
clust0043	clustered_cis_ohnolog	body	38	0.925	2	8842	0.035512	0.226193
clust0043	clustered_cis_ohnolog	body	39	0.975	0	8842	0.009161	0.0
clust0043	clustered_cis_ohnolog	right_flank	40	1.025	0	5000	0.0	0.0
clust0043	clustered_cis_ohnolog	right_flank	41	1.075	0	5000	0.0	0.0
clust0043	clustered_cis_ohnolog	right_flank	42	1.125	0	5000	0.0	0.0
clust0043	clustered_cis_ohnolog	right_flank	43	1.175	1	5000	0.0238	0.2
clust0043	clustered_cis_ohnolog	right_flank	44	1.225	0	5000	0.0	0.0
clust0043	clustered_cis_ohnolog	right_flank	45	1.275	1	5000	0.0432	0.2
clust0043	clustered_cis_ohnolog	right_flank	46	1.325	0	5000	0.0	0.0
clust0043	clustered_cis_ohnolog	right_flank	47	1.375	0	5000	0.0	0.0
clust0043	clustered_cis_ohnolog	right_flank	48	1.425	0	5000	0.0	0.0
clust0043	clustered_cis_ohnolog	right_flank	49	1.475	0	5000	0.0	0.0
clust0043	clustered_cis_ohnolog	right_flank	50	1.525	0	5000	0.0	0.0
clust0043	clustered_cis_ohnolog	right_flank	51	1.575	0	5000	0.0	0.0
clust0043	clustered_cis_ohnolog	right_flank	52	1.625	0	5000	0.0	0.0
clust0043	clustered_cis_ohnolog	right_flank	53	1.675	0	5000	0.0	0.0
clust0043	clustered_cis_ohnolog	right_flank	54	1.725	0	5000	0.0	0.0
clust0043	clustered_cis_ohnolog	right_flank	55	1.775	0	5000	0.0	0.0
clust0043	clustered_cis_ohnolog	right_flank	56	1.825	0	5000	0.0	0.0
clust0043	clustered_cis_ohnolog	right_flank	57	1.875	0	5000	0.0028	0.0
clust0043	clustered_cis_ohnolog	right_flank	58	1.925	1	5000	0.0404	0.2
clust0043	clustered_cis_ohnolog	right_flank	59	1.975	0	5000	0.0	0.0
clust0008	clustered_cis_ohnolog	left_flank	0	-0.975	0	5000	0.0	0.0
clust0008	clustered_cis_ohnolog	left_flank	1	-0.925	0	5000	0.0	0.0
clust0008	clustered_cis_ohnolog	left_flank	2	-0.875	0	5000	0.0	0.0
clust0008	clustered_cis_ohnolog	left_flank	3	-0.825	0	5000	0.0	0.0
clust0008	clustered_cis_ohnolog	left_flank	4	-0.775	0	5000	0.0	0.0
clust0008	clustered_cis_ohnolog	left_flank	5	-0.725	0	5000	0.0	0.0
clust0008	clustered_cis_ohnolog	left_flank	6	-0.675	0	5000	0.0	0.0
clust0008	clustered_cis_ohnolog	left_flank	7	-0.625	0	5000	0.0	0.0
clust0008	clustered_cis_ohnolog	left_flank	8	-0.575	0	5000	0.0	0.0
clust0008	clustered_cis_ohnolog	left_flank	9	-0.525	0	5000	0.0	0.0
clust0008	clustered_cis_ohnolog	left_flank	10	-0.475	0	5000	0.0	0.0
clust0008	clustered_cis_ohnolog	left_flank	11	-0.425	0	5000	0.0	0.0
clust0008	clustered_cis_ohnolog	left_flank	12	-0.375	0	5000	0.0	0.0
clust0008	clustered_cis_ohnolog	left_flank	13	-0.325	0	5000	0.0	0.0
clust0008	clustered_cis_ohnolog	left_flank	14	-0.275	0	5000	0.0	0.0
clust0008	clustered_cis_ohnolog	left_flank	15	-0.225	0	5000	0.0	0.0
clust0008	clustered_cis_ohnolog	left_flank	16	-0.175	0	5000	0.0	0.0
clust0008	clustered_cis_ohnolog	left_flank	17	-0.125	0	5000	0.0	0.0
clust0008	clustered_cis_ohnolog	left_flank	18	-0.075	0	5000	0.0	0.0
clust0008	clustered_cis_ohnolog	left_flank	19	-0.025	0	5000	0.0	0.0
clust0008	clustered_cis_ohnolog	body	20	0.025	1	53971	0.004002	0.018528
clust0008	clustered_cis_ohnolog	body	21	0.075	0	53971	0.0	0.0
clust0008	clustered_cis_ohnolog	body	22	0.125	0	53972	0.0	0.0
clust0008	clustered_cis_ohnolog	body	23	0.175	0	53971	0.0	0.0
clust0008	clustered_cis_ohnolog	body	24	0.225	0	53972	0.0	0.0
clust0008	clustered_cis_ohnolog	body	25	0.275	0	53971	0.0	0.0
clust0008	clustered_cis_ohnolog	body	26	0.325	0	53971	0.0	0.0
clust0008	clustered_cis_ohnolog	body	27	0.375	0	53972	0.0	0.0
clust0008	clustered_cis_ohnolog	body	28	0.425	0	53971	0.0	0.0
clust0008	clustered_cis_ohnolog	body	29	0.475	0	53972	0.0	0.0
clust0008	clustered_cis_ohnolog	body	30	0.525	0	53971	0.0	0.0
clust0008	clustered_cis_ohnolog	body	31	0.575	0	53971	0.0	0.0
clust0008	clustered_cis_ohnolog	body	32	0.625	3	53972	0.008486	0.055584
clust0008	clustered_cis_ohnolog	body	33	0.675	1	53971	0.004002	0.018528
clust0008	clustered_cis_ohnolog	body	34	0.725	2	53972	0.008004	0.037056
clust0008	clustered_cis_ohnolog	body	35	0.775	0	53971	0.0	0.0
clust0008	clustered_cis_ohnolog	body	36	0.825	0	53971	0.0	0.0
clust0008	clustered_cis_ohnolog	body	37	0.875	1	53972	0.004002	0.018528
clust0008	clustered_cis_ohnolog	body	38	0.925	1	53971	0.00252	0.018528
clust0008	clustered_cis_ohnolog	body	39	0.975	0	53972	0.0	0.0
clust0008	clustered_cis_ohnolog	right_flank	40	1.025	0	5000	0.0	0.0
clust0008	clustered_cis_ohnolog	right_flank	41	1.075	0	5000	0.0	0.0
clust0008	clustered_cis_ohnolog	right_flank	42	1.125	0	5000	0.0	0.0
clust0008	clustered_cis_ohnolog	right_flank	43	1.175	0	5000	0.0	0.0
clust0008	clustered_cis_ohnolog	right_flank	44	1.225	0	5000	0.0	0.0
clust0008	clustered_cis_ohnolog	right_flank	45	1.275	0	5000	0.0	0.0
clust0008	clustered_cis_ohnolog	right_flank	46	1.325	0	5000	0.0	0.0
clust0008	clustered_cis_ohnolog	right_flank	47	1.375	0	5000	0.0	0.0
clust0008	clustered_cis_ohnolog	right_flank	48	1.425	0	5000	0.0	0.0
clust0008	clustered_cis_ohnolog	right_flank	49	1.475	0	5000	0.0	0.0
clust0008	clustered_cis_ohnolog	right_flank	50	1.525	0	5000	0.0	0.0
clust0008	clustered_cis_ohnolog	right_flank	51	1.575	0	5000	0.0	0.0
clust0008	clustered_cis_ohnolog	right_flank	52	1.625	0	5000	0.0	0.0
clust0008	clustered_cis_ohnolog	right_flank	53	1.675	0	5000	0.0	0.0
clust0008	clustered_cis_ohnolog	right_flank	54	1.725	0	5000	0.0	0.0
clust0008	clustered_cis_ohnolog	right_flank	55	1.775	0	5000	0.0	0.0
clust0008	clustered_cis_ohnolog	right_flank	56	1.825	0	5000	0.0	0.0
clust0008	clustered_cis_ohnolog	right_flank	57	1.875	0	5000	0.0	0.0
clust0008	clustered_cis_ohnolog	right_flank	58	1.925	0	5000	0.0	0.0
clust0008	clustered_cis_ohnolog	right_flank	59	1.975	0	5000	0.0	0.0
clust0009	clustered_cis_ohnolog	left_flank	0	-0.975	0	5000	0.0	0.0
clust0009	clustered_cis_ohnolog	left_flank	1	-0.925	0	5000	0.0	0.0
clust0009	clustered_cis_ohnolog	left_flank	2	-0.875	0	5000	0.0	0.0
clust0009	clustered_cis_ohnolog	left_flank	3	-0.825	0	5000	0.0	0.0
clust0009	clustered_cis_ohnolog	left_flank	4	-0.775	0	5000	0.0	0.0
clust0009	clustered_cis_ohnolog	left_flank	5	-0.725	0	5000	0.0	0.0
clust0009	clustered_cis_ohnolog	left_flank	6	-0.675	0	5000	0.0	0.0
clust0009	clustered_cis_ohnolog	left_flank	7	-0.625	1	5000	0.0432	0.2
clust0009	clustered_cis_ohnolog	left_flank	8	-0.575	0	5000	0.0	0.0
clust0009	clustered_cis_ohnolog	left_flank	9	-0.525	0	5000	0.0	0.0
clust0009	clustered_cis_ohnolog	left_flank	10	-0.475	1	5000	0.0356	0.2
clust0009	clustered_cis_ohnolog	left_flank	11	-0.425	0	5000	0.0	0.0
clust0009	clustered_cis_ohnolog	left_flank	12	-0.375	0	5000	0.0	0.0
clust0009	clustered_cis_ohnolog	left_flank	13	-0.325	0	5000	0.0	0.0
clust0009	clustered_cis_ohnolog	left_flank	14	-0.275	0	5000	0.0	0.0
clust0009	clustered_cis_ohnolog	left_flank	15	-0.225	0	5000	0.0	0.0
clust0009	clustered_cis_ohnolog	left_flank	16	-0.175	0	5000	0.0	0.0
clust0009	clustered_cis_ohnolog	left_flank	17	-0.125	0	5000	0.0	0.0
clust0009	clustered_cis_ohnolog	left_flank	18	-0.075	0	5000	0.0	0.0
clust0009	clustered_cis_ohnolog	left_flank	19	-0.025	0	5000	0.0	0.0
clust0009	clustered_cis_ohnolog	body	20	0.025	0	1190	0.0	0.0
clust0009	clustered_cis_ohnolog	body	21	0.075	0	1190	0.0	0.0
clust0009	clustered_cis_ohnolog	body	22	0.125	0	1190	0.0	0.0
clust0009	clustered_cis_ohnolog	body	23	0.175	0	1190	0.0	0.0
clust0009	clustered_cis_ohnolog	body	24	0.225	0	1190	0.0	0.0
clust0009	clustered_cis_ohnolog	body	25	0.275	0	1190	0.0	0.0
clust0009	clustered_cis_ohnolog	body	26	0.325	0	1190	0.0	0.0
clust0009	clustered_cis_ohnolog	body	27	0.375	0	1190	0.0	0.0
clust0009	clustered_cis_ohnolog	body	28	0.425	0	1190	0.0	0.0
clust0009	clustered_cis_ohnolog	body	29	0.475	0	1190	0.0	0.0
clust0009	clustered_cis_ohnolog	body	30	0.525	0	1190	0.0	0.0
clust0009	clustered_cis_ohnolog	body	31	0.575	0	1190	0.0	0.0
clust0009	clustered_cis_ohnolog	body	32	0.625	0	1190	0.0	0.0
clust0009	clustered_cis_ohnolog	body	33	0.675	0	1190	0.0	0.0
clust0009	clustered_cis_ohnolog	body	34	0.725	0	1190	0.0	0.0
clust0009	clustered_cis_ohnolog	body	35	0.775	0	1190	0.0	0.0
clust0009	clustered_cis_ohnolog	body	36	0.825	0	1190	0.0	0.0
clust0009	clustered_cis_ohnolog	body	37	0.875	0	1190	0.0	0.0
clust0009	clustered_cis_ohnolog	body	38	0.925	0	1190	0.0	0.0
clust0009	clustered_cis_ohnolog	body	39	0.975	0	1191	0.0	0.0
clust0009	clustered_cis_ohnolog	right_flank	40	1.025	0	5000	0.0	0.0
clust0009	clustered_cis_ohnolog	right_flank	41	1.075	0	5000	0.0	0.0
clust0009	clustered_cis_ohnolog	right_flank	42	1.125	0	5000	0.0	0.0
clust0009	clustered_cis_ohnolog	right_flank	43	1.175	0	5000	0.0	0.0
clust0009	clustered_cis_ohnolog	right_flank	44	1.225	0	5000	0.0	0.0
clust0009	clustered_cis_ohnolog	right_flank	45	1.275	0	5000	0.0	0.0
clust0009	clustered_cis_ohnolog	right_flank	46	1.325	0	5000	0.0	0.0
clust0009	clustered_cis_ohnolog	right_flank	47	1.375	0	5000	0.0	0.0
clust0009	clustered_cis_ohnolog	right_flank	48	1.425	0	5000	0.0	0.0
clust0009	clustered_cis_ohnolog	right_flank	49	1.475	0	5000	0.0	0.0
clust0009	clustered_cis_ohnolog	right_flank	50	1.525	0	5000	0.0	0.0
clust0009	clustered_cis_ohnolog	right_flank	51	1.575	0	5000	0.0	0.0
clust0009	clustered_cis_ohnolog	right_flank	52	1.625	0	5000	0.0	0.0
clust0009	clustered_cis_ohnolog	right_flank	53	1.675	0	5000	0.0	0.0
clust0009	clustered_cis_ohnolog	right_flank	54	1.725	0	5000	0.0	0.0
clust0009	clustered_cis_ohnolog	right_flank	55	1.775	0	5000	0.0	0.0
clust0009	clustered_cis_ohnolog	right_flank	56	1.825	0	5000	0.0	0.0
clust0009	clustered_cis_ohnolog	right_flank	57	1.875	0	5000	0.0	0.0
clust0009	clustered_cis_ohnolog	right_flank	58	1.925	0	5000	0.0	0.0
clust0009	clustered_cis_ohnolog	right_flank	59	1.975	0	5000	0.0	0.0
clust0044	clustered_cis_ohnolog	left_flank	0	-0.975	0	5000	0.0	0.0
clust0044	clustered_cis_ohnolog	left_flank	1	-0.925	0	5000	0.0	0.0
clust0044	clustered_cis_ohnolog	left_flank	2	-0.875	0	5000	0.0	0.0
clust0044	clustered_cis_ohnolog	left_flank	3	-0.825	0	5000	0.0	0.0
clust0044	clustered_cis_ohnolog	left_flank	4	-0.775	0	5000	0.0	0.0
clust0044	clustered_cis_ohnolog	left_flank	5	-0.725	0	5000	0.0	0.0
clust0044	clustered_cis_ohnolog	left_flank	6	-0.675	0	5000	0.0	0.0
clust0044	clustered_cis_ohnolog	left_flank	7	-0.625	0	5000	0.0	0.0
clust0044	clustered_cis_ohnolog	left_flank	8	-0.575	0	5000	0.0	0.0
clust0044	clustered_cis_ohnolog	left_flank	9	-0.525	0	5000	0.0	0.0
clust0044	clustered_cis_ohnolog	left_flank	10	-0.475	0	5000	0.0	0.0
clust0044	clustered_cis_ohnolog	left_flank	11	-0.425	0	5000	0.0	0.0
clust0044	clustered_cis_ohnolog	left_flank	12	-0.375	0	5000	0.0	0.0
clust0044	clustered_cis_ohnolog	left_flank	13	-0.325	0	5000	0.0	0.0
clust0044	clustered_cis_ohnolog	left_flank	14	-0.275	0	5000	0.0	0.0
clust0044	clustered_cis_ohnolog	left_flank	15	-0.225	0	5000	0.0	0.0
clust0044	clustered_cis_ohnolog	left_flank	16	-0.175	0	5000	0.0	0.0
clust0044	clustered_cis_ohnolog	left_flank	17	-0.125	0	5000	0.0	0.0
clust0044	clustered_cis_ohnolog	left_flank	18	-0.075	0	5000	0.0	0.0
clust0044	clustered_cis_ohnolog	left_flank	19	-0.025	0	5000	0.0	0.0
clust0044	clustered_cis_ohnolog	body	20	0.025	0	3311	0.0	0.0
clust0044	clustered_cis_ohnolog	body	21	0.075	0	3311	0.0	0.0
clust0044	clustered_cis_ohnolog	body	22	0.125	1	3311	0.065237	0.302024
clust0044	clustered_cis_ohnolog	body	23	0.175	0	3311	0.0	0.0
clust0044	clustered_cis_ohnolog	body	24	0.225	0	3311	0.0	0.0
clust0044	clustered_cis_ohnolog	body	25	0.275	0	3311	0.0	0.0
clust0044	clustered_cis_ohnolog	body	26	0.325	0	3311	0.0	0.0
clust0044	clustered_cis_ohnolog	body	27	0.375	0	3311	0.0	0.0
clust0044	clustered_cis_ohnolog	body	28	0.425	0	3311	0.0	0.0
clust0044	clustered_cis_ohnolog	body	29	0.475	0	3312	0.0	0.0
clust0044	clustered_cis_ohnolog	body	30	0.525	0	3311	0.0	0.0
clust0044	clustered_cis_ohnolog	body	31	0.575	1	3311	0.023558	0.302024
clust0044	clustered_cis_ohnolog	body	32	0.625	1	3311	0.028692	0.302024
clust0044	clustered_cis_ohnolog	body	33	0.675	0	3311	0.0	0.0
clust0044	clustered_cis_ohnolog	body	34	0.725	0	3311	0.0	0.0
clust0044	clustered_cis_ohnolog	body	35	0.775	0	3311	0.0	0.0
clust0044	clustered_cis_ohnolog	body	36	0.825	0	3311	0.0	0.0
clust0044	clustered_cis_ohnolog	body	37	0.875	0	3311	0.0	0.0
clust0044	clustered_cis_ohnolog	body	38	0.925	0	3311	0.0	0.0
clust0044	clustered_cis_ohnolog	body	39	0.975	0	3312	0.0	0.0
clust0044	clustered_cis_ohnolog	right_flank	40	1.025	0	5000	0.0	0.0
clust0044	clustered_cis_ohnolog	right_flank	41	1.075	0	5000	0.0	0.0
clust0044	clustered_cis_ohnolog	right_flank	42	1.125	0	5000	0.0	0.0
clust0044	clustered_cis_ohnolog	right_flank	43	1.175	0	5000	0.0	0.0
clust0044	clustered_cis_ohnolog	right_flank	44	1.225	1	5000	0.0262	0.2
clust0044	clustered_cis_ohnolog	right_flank	45	1.275	0	5000	0.0	0.0
clust0044	clustered_cis_ohnolog	right_flank	46	1.325	0	5000	0.0	0.0
clust0044	clustered_cis_ohnolog	right_flank	47	1.375	0	5000	0.0	0.0
clust0044	clustered_cis_ohnolog	right_flank	48	1.425	0	5000	0.0	0.0
clust0044	clustered_cis_ohnolog	right_flank	49	1.475	0	5000	0.0	0.0
clust0044	clustered_cis_ohnolog	right_flank	50	1.525	0	5000	0.0	0.0
clust0044	clustered_cis_ohnolog	right_flank	51	1.575	0	5000	0.0	0.0
clust0044	clustered_cis_ohnolog	right_flank	52	1.625	0	5000	0.0	0.0
clust0044	clustered_cis_ohnolog	right_flank	53	1.675	1	5000	0.0432	0.2
clust0044	clustered_cis_ohnolog	right_flank	54	1.725	1	5000	0.0432	0.2
clust0044	clustered_cis_ohnolog	right_flank	55	1.775	0	5000	0.0	0.0
clust0044	clustered_cis_ohnolog	right_flank	56	1.825	0	5000	0.0	0.0
clust0044	clustered_cis_ohnolog	right_flank	57	1.875	0	5000	0.0	0.0
clust0044	clustered_cis_ohnolog	right_flank	58	1.925	0	5000	0.0	0.0
clust0044	clustered_cis_ohnolog	right_flank	59	1.975	0	5000	0.0	0.0
clust0045	clustered_cis_ohnolog	left_flank	0	-0.975	0	5000	0.0	0.0
clust0045	clustered_cis_ohnolog	left_flank	1	-0.925	0	5000	0.0	0.0
clust0045	clustered_cis_ohnolog	left_flank	2	-0.875	0	5000	0.0	0.0
clust0045	clustered_cis_ohnolog	left_flank	3	-0.825	0	5000	0.0	0.0
clust0045	clustered_cis_ohnolog	left_flank	4	-0.775	0	5000	0.0	0.0
clust0045	clustered_cis_ohnolog	left_flank	5	-0.725	0	5000	0.0	0.0
clust0045	clustered_cis_ohnolog	left_flank	6	-0.675	0	5000	0.0	0.0
clust0045	clustered_cis_ohnolog	left_flank	7	-0.625	0	5000	0.0	0.0
clust0045	clustered_cis_ohnolog	left_flank	8	-0.575	0	5000	0.0	0.0
clust0045	clustered_cis_ohnolog	left_flank	9	-0.525	0	5000	0.0	0.0
clust0045	clustered_cis_ohnolog	left_flank	10	-0.475	0	5000	0.0	0.0
clust0045	clustered_cis_ohnolog	left_flank	11	-0.425	0	5000	0.0	0.0
clust0045	clustered_cis_ohnolog	left_flank	12	-0.375	0	5000	0.0	0.0
clust0045	clustered_cis_ohnolog	left_flank	13	-0.325	0	5000	0.0	0.0
clust0045	clustered_cis_ohnolog	left_flank	14	-0.275	0	5000	0.0	0.0
clust0045	clustered_cis_ohnolog	left_flank	15	-0.225	1	5000	0.0432	0.2
clust0045	clustered_cis_ohnolog	left_flank	16	-0.175	0	5000	0.0	0.0
clust0045	clustered_cis_ohnolog	left_flank	17	-0.125	0	5000	0.0	0.0
clust0045	clustered_cis_ohnolog	left_flank	18	-0.075	0	5000	0.0	0.0
clust0045	clustered_cis_ohnolog	left_flank	19	-0.025	0	5000	0.0	0.0
clust0045	clustered_cis_ohnolog	body	20	0.025	0	10760	0.0	0.0
clust0045	clustered_cis_ohnolog	body	21	0.075	0	10760	0.0	0.0
clust0045	clustered_cis_ohnolog	body	22	0.125	0	10760	0.0	0.0
clust0045	clustered_cis_ohnolog	body	23	0.175	0	10761	0.0	0.0
clust0045	clustered_cis_ohnolog	body	24	0.225	2	10760	0.032714	0.185874
clust0045	clustered_cis_ohnolog	body	25	0.275	0	10760	0.0	0.0
clust0045	clustered_cis_ohnolog	body	26	0.325	0	10760	0.0	0.0
clust0045	clustered_cis_ohnolog	body	27	0.375	0	10761	0.0	0.0
clust0045	clustered_cis_ohnolog	body	28	0.425	0	10760	0.0	0.0
clust0045	clustered_cis_ohnolog	body	29	0.475	0	10760	0.0	0.0
clust0045	clustered_cis_ohnolog	body	30	0.525	1	10760	0.011896	0.092937
clust0045	clustered_cis_ohnolog	body	31	0.575	0	10761	0.0	0.0
clust0045	clustered_cis_ohnolog	body	32	0.625	0	10760	0.0	0.0
clust0045	clustered_cis_ohnolog	body	33	0.675	1	10760	0.011989	0.092937
clust0045	clustered_cis_ohnolog	body	34	0.725	0	10760	0.0	0.0
clust0045	clustered_cis_ohnolog	body	35	0.775	0	10761	0.0	0.0
clust0045	clustered_cis_ohnolog	body	36	0.825	0	10760	0.0	0.0
clust0045	clustered_cis_ohnolog	body	37	0.875	0	10760	0.0	0.0
clust0045	clustered_cis_ohnolog	body	38	0.925	0	10760	0.0	0.0
clust0045	clustered_cis_ohnolog	body	39	0.975	1	10761	0.020072	0.092928
clust0045	clustered_cis_ohnolog	right_flank	40	1.025	0	5000	0.0	0.0
clust0045	clustered_cis_ohnolog	right_flank	41	1.075	0	5000	0.0	0.0
clust0045	clustered_cis_ohnolog	right_flank	42	1.125	0	5000	0.0	0.0
clust0045	clustered_cis_ohnolog	right_flank	43	1.175	0	5000	0.0	0.0
clust0045	clustered_cis_ohnolog	right_flank	44	1.225	0	5000	0.0	0.0
clust0045	clustered_cis_ohnolog	right_flank	45	1.275	0	5000	0.0	0.0
clust0045	clustered_cis_ohnolog	right_flank	46	1.325	0	5000	0.0	0.0
clust0045	clustered_cis_ohnolog	right_flank	47	1.375	0	5000	0.0	0.0
clust0045	clustered_cis_ohnolog	right_flank	48	1.425	0	5000	0.0	0.0
clust0045	clustered_cis_ohnolog	right_flank	49	1.475	0	5000	0.0	0.0
clust0045	clustered_cis_ohnolog	right_flank	50	1.525	0	5000	0.0	0.0
clust0045	clustered_cis_ohnolog	right_flank	51	1.575	0	5000	0.0	0.0
clust0045	clustered_cis_ohnolog	right_flank	52	1.625	0	5000	0.0	0.0
clust0045	clustered_cis_ohnolog	right_flank	53	1.675	0	5000	0.0	0.0
clust0045	clustered_cis_ohnolog	right_flank	54	1.725	0	5000	0.0	0.0
clust0045	clustered_cis_ohnolog	right_flank	55	1.775	0	5000	0.0	0.0
clust0045	clustered_cis_ohnolog	right_flank	56	1.825	0	5000	0.0	0.0
clust0045	clustered_cis_ohnolog	right_flank	57	1.875	0	5000	0.0	0.0
clust0045	clustered_cis_ohnolog	right_flank	58	1.925	0	5000	0.0	0.0
clust0045	clustered_cis_ohnolog	right_flank	59	1.975	0	5000	0.0	0.0
clust0077	clustered_cis_ohnolog	left_flank	0	-0.975	0	5000	0.0	0.0
clust0077	clustered_cis_ohnolog	left_flank	1	-0.925	0	5000	0.0	0.0
clust0077	clustered_cis_ohnolog	left_flank	2	-0.875	0	5000	0.0	0.0
clust0077	clustered_cis_ohnolog	left_flank	3	-0.825	0	5000	0.0	0.0
clust0077	clustered_cis_ohnolog	left_flank	4	-0.775	0	5000	0.0	0.0
clust0077	clustered_cis_ohnolog	left_flank	5	-0.725	0	5000	0.0	0.0
clust0077	clustered_cis_ohnolog	left_flank	6	-0.675	0	5000	0.0	0.0
clust0077	clustered_cis_ohnolog	left_flank	7	-0.625	0	5000	0.0	0.0
clust0077	clustered_cis_ohnolog	left_flank	8	-0.575	0	5000	0.0	0.0
clust0077	clustered_cis_ohnolog	left_flank	9	-0.525	0	5000	0.0	0.0
clust0077	clustered_cis_ohnolog	left_flank	10	-0.475	0	5000	0.0	0.0
clust0077	clustered_cis_ohnolog	left_flank	11	-0.425	0	5000	0.0	0.0
clust0077	clustered_cis_ohnolog	left_flank	12	-0.375	0	5000	0.0	0.0
clust0077	clustered_cis_ohnolog	left_flank	13	-0.325	0	5000	0.0	0.0
clust0077	clustered_cis_ohnolog	left_flank	14	-0.275	0	5000	0.0	0.0
clust0077	clustered_cis_ohnolog	left_flank	15	-0.225	0	5000	0.0	0.0
clust0077	clustered_cis_ohnolog	left_flank	16	-0.175	1	5000	0.0432	0.2
clust0077	clustered_cis_ohnolog	left_flank	17	-0.125	0	5000	0.0	0.0
clust0077	clustered_cis_ohnolog	left_flank	18	-0.075	0	5000	0.0	0.0
clust0077	clustered_cis_ohnolog	left_flank	19	-0.025	0	5000	0.0	0.0
clust0077	clustered_cis_ohnolog	body	20	0.025	0	13408	0.0	0.0
clust0077	clustered_cis_ohnolog	body	21	0.075	2	13408	0.022748	0.149165
clust0077	clustered_cis_ohnolog	body	22	0.125	2	13409	0.022448	0.149154
clust0077	clustered_cis_ohnolog	body	23	0.175	0	13408	0.0	0.0
clust0077	clustered_cis_ohnolog	body	24	0.225	0	13408	0.0	0.0
clust0077	clustered_cis_ohnolog	body	25	0.275	0	13409	0.0	0.0
clust0077	clustered_cis_ohnolog	body	26	0.325	0	13408	0.0	0.0
clust0077	clustered_cis_ohnolog	body	27	0.375	0	13408	0.0	0.0
clust0077	clustered_cis_ohnolog	body	28	0.425	0	13409	0.0	0.0
clust0077	clustered_cis_ohnolog	body	29	0.475	0	13408	0.0	0.0
clust0077	clustered_cis_ohnolog	body	30	0.525	0	13408	0.0	0.0
clust0077	clustered_cis_ohnolog	body	31	0.575	0	13409	0.0	0.0
clust0077	clustered_cis_ohnolog	body	32	0.625	0	13408	0.0	0.0
clust0077	clustered_cis_ohnolog	body	33	0.675	1	13408	0.010814	0.074582
clust0077	clustered_cis_ohnolog	body	34	0.725	0	13409	0.0	0.0
clust0077	clustered_cis_ohnolog	body	35	0.775	2	13408	0.02864	0.149165
clust0077	clustered_cis_ohnolog	body	36	0.825	0	13408	0.0	0.0
clust0077	clustered_cis_ohnolog	body	37	0.875	1	13409	0.009322	0.074577
clust0077	clustered_cis_ohnolog	body	38	0.925	0	13408	0.0	0.0
clust0077	clustered_cis_ohnolog	body	39	0.975	0	13409	0.0	0.0
clust0077	clustered_cis_ohnolog	right_flank	40	1.025	0	5000	0.0	0.0
clust0077	clustered_cis_ohnolog	right_flank	41	1.075	0	5000	0.0	0.0
clust0077	clustered_cis_ohnolog	right_flank	42	1.125	1	5000	0.027	0.2
clust0077	clustered_cis_ohnolog	right_flank	43	1.175	1	5000	0.0432	0.2
clust0077	clustered_cis_ohnolog	right_flank	44	1.225	0	5000	0.0	0.0
clust0077	clustered_cis_ohnolog	right_flank	45	1.275	0	5000	0.0	0.0
clust0077	clustered_cis_ohnolog	right_flank	46	1.325	1	5000	0.022	0.2
clust0077	clustered_cis_ohnolog	right_flank	47	1.375	0	5000	0.0	0.0
clust0077	clustered_cis_ohnolog	right_flank	48	1.425	0	5000	0.0	0.0
clust0077	clustered_cis_ohnolog	right_flank	49	1.475	0	5000	0.0	0.0
clust0077	clustered_cis_ohnolog	right_flank	50	1.525	0	5000	0.0	0.0
clust0077	clustered_cis_ohnolog	right_flank	51	1.575	0	5000	0.0	0.0
clust0077	clustered_cis_ohnolog	right_flank	52	1.625	0	5000	0.0	0.0
clust0077	clustered_cis_ohnolog	right_flank	53	1.675	0	5000	0.0	0.0
clust0077	clustered_cis_ohnolog	right_flank	54	1.725	0	5000	0.0	0.0
clust0077	clustered_cis_ohnolog	right_flank	55	1.775	0	5000	0.0	0.0
clust0077	clustered_cis_ohnolog	right_flank	56	1.825	0	5000	0.0	0.0
clust0077	clustered_cis_ohnolog	right_flank	57	1.875	0	5000	0.0	0.0
clust0077	clustered_cis_ohnolog	right_flank	58	1.925	0	5000	0.0	0.0
clust0077	clustered_cis_ohnolog	right_flank	59	1.975	0	5000	0.0	0.0
clust0046	clustered_cis_ohnolog	left_flank	0	-0.975	0	5000	0.0	0.0
clust0046	clustered_cis_ohnolog	left_flank	1	-0.925	0	5000	0.0	0.0
clust0046	clustered_cis_ohnolog	left_flank	2	-0.875	1	5000	0.012	0.2
clust0046	clustered_cis_ohnolog	left_flank	3	-0.825	0	5000	0.0	0.0
clust0046	clustered_cis_ohnolog	left_flank	4	-0.775	0	5000	0.0	0.0
clust0046	clustered_cis_ohnolog	left_flank	5	-0.725	0	5000	0.0	0.0
clust0046	clustered_cis_ohnolog	left_flank	6	-0.675	0	5000	0.0	0.0
clust0046	clustered_cis_ohnolog	left_flank	7	-0.625	0	5000	0.0	0.0
clust0046	clustered_cis_ohnolog	left_flank	8	-0.575	0	5000	0.0	0.0
clust0046	clustered_cis_ohnolog	left_flank	9	-0.525	0	5000	0.0	0.0
clust0046	clustered_cis_ohnolog	left_flank	10	-0.475	0	5000	0.0	0.0
clust0046	clustered_cis_ohnolog	left_flank	11	-0.425	0	5000	0.0	0.0
clust0046	clustered_cis_ohnolog	left_flank	12	-0.375	0	5000	0.0	0.0
clust0046	clustered_cis_ohnolog	left_flank	13	-0.325	0	5000	0.0	0.0
clust0046	clustered_cis_ohnolog	left_flank	14	-0.275	0	5000	0.0	0.0
clust0046	clustered_cis_ohnolog	left_flank	15	-0.225	0	5000	0.0	0.0
clust0046	clustered_cis_ohnolog	left_flank	16	-0.175	0	5000	0.0	0.0
clust0046	clustered_cis_ohnolog	left_flank	17	-0.125	0	5000	0.0	0.0
clust0046	clustered_cis_ohnolog	left_flank	18	-0.075	0	5000	0.0	0.0
clust0046	clustered_cis_ohnolog	left_flank	19	-0.025	1	5000	0.0432	0.2
clust0046	clustered_cis_ohnolog	body	20	0.025	0	52372	0.0	0.0
clust0046	clustered_cis_ohnolog	body	21	0.075	0	52373	0.0	0.0
clust0046	clustered_cis_ohnolog	body	22	0.125	0	52372	0.0	0.0
clust0046	clustered_cis_ohnolog	body	23	0.175	0	52373	0.0	0.0
clust0046	clustered_cis_ohnolog	body	24	0.225	0	52373	0.0	0.0
clust0046	clustered_cis_ohnolog	body	25	0.275	0	52372	0.0	0.0
clust0046	clustered_cis_ohnolog	body	26	0.325	0	52373	0.0	0.0
clust0046	clustered_cis_ohnolog	body	27	0.375	0	52372	0.0	0.0
clust0046	clustered_cis_ohnolog	body	28	0.425	0	52373	0.0	0.0
clust0046	clustered_cis_ohnolog	body	29	0.475	0	52373	0.0	0.0
clust0046	clustered_cis_ohnolog	body	30	0.525	0	52372	0.0	0.0
clust0046	clustered_cis_ohnolog	body	31	0.575	0	52373	0.0	0.0
clust0046	clustered_cis_ohnolog	body	32	0.625	3	52372	0.012373	0.057283
clust0046	clustered_cis_ohnolog	body	33	0.675	0	52373	0.0	0.0
clust0046	clustered_cis_ohnolog	body	34	0.725	1	52373	0.004124	0.019094
clust0046	clustered_cis_ohnolog	body	35	0.775	0	52372	0.0	0.0
clust0046	clustered_cis_ohnolog	body	36	0.825	0	52373	0.0	0.0
clust0046	clustered_cis_ohnolog	body	37	0.875	0	52372	0.0	0.0
clust0046	clustered_cis_ohnolog	body	38	0.925	1	52373	0.001547	0.019094
clust0046	clustered_cis_ohnolog	body	39	0.975	0	52373	0.0	0.0
clust0046	clustered_cis_ohnolog	right_flank	40	1.025	0	5000	0.0	0.0
clust0046	clustered_cis_ohnolog	right_flank	41	1.075	0	5000	0.0	0.0
clust0046	clustered_cis_ohnolog	right_flank	42	1.125	0	5000	0.0	0.0
clust0046	clustered_cis_ohnolog	right_flank	43	1.175	0	5000	0.0	0.0
clust0046	clustered_cis_ohnolog	right_flank	44	1.225	0	5000	0.0	0.0
clust0046	clustered_cis_ohnolog	right_flank	45	1.275	0	5000	0.0	0.0
clust0046	clustered_cis_ohnolog	right_flank	46	1.325	0	5000	0.0	0.0
clust0046	clustered_cis_ohnolog	right_flank	47	1.375	0	5000	0.0	0.0
clust0046	clustered_cis_ohnolog	right_flank	48	1.425	1	5000	0.0432	0.2
clust0046	clustered_cis_ohnolog	right_flank	49	1.475	0	5000	0.0	0.0
clust0046	clustered_cis_ohnolog	right_flank	50	1.525	0	5000	0.0	0.0
clust0046	clustered_cis_ohnolog	right_flank	51	1.575	0	5000	0.0	0.0
clust0046	clustered_cis_ohnolog	right_flank	52	1.625	0	5000	0.0	0.0
clust0046	clustered_cis_ohnolog	right_flank	53	1.675	0	5000	0.0	0.0
clust0046	clustered_cis_ohnolog	right_flank	54	1.725	0	5000	0.0	0.0
clust0046	clustered_cis_ohnolog	right_flank	55	1.775	0	5000	0.0	0.0
clust0046	clustered_cis_ohnolog	right_flank	56	1.825	0	5000	0.0	0.0
clust0046	clustered_cis_ohnolog	right_flank	57	1.875	0	5000	0.0	0.0
clust0046	clustered_cis_ohnolog	right_flank	58	1.925	0	5000	0.0	0.0
clust0046	clustered_cis_ohnolog	right_flank	59	1.975	0	5000	0.0	0.0
clust0012	clustered_cis_ohnolog	left_flank	0	-0.975	1	5000	0.0432	0.2
clust0012	clustered_cis_ohnolog	left_flank	1	-0.925	0	5000	0.0	0.0
clust0012	clustered_cis_ohnolog	left_flank	2	-0.875	0	5000	0.0	0.0
clust0012	clustered_cis_ohnolog	left_flank	3	-0.825	0	5000	0.0	0.0
clust0012	clustered_cis_ohnolog	left_flank	4	-0.775	0	5000	0.0	0.0
clust0012	clustered_cis_ohnolog	left_flank	5	-0.725	2	5000	0.0864	0.4
clust0012	clustered_cis_ohnolog	left_flank	6	-0.675	0	5000	0.0	0.0
clust0012	clustered_cis_ohnolog	left_flank	7	-0.625	0	5000	0.0	0.0
clust0012	clustered_cis_ohnolog	left_flank	8	-0.575	0	5000	0.0	0.0
clust0012	clustered_cis_ohnolog	left_flank	9	-0.525	0	5000	0.0	0.0
clust0012	clustered_cis_ohnolog	left_flank	10	-0.475	0	5000	0.0	0.0
clust0012	clustered_cis_ohnolog	left_flank	11	-0.425	0	5000	0.0	0.0
clust0012	clustered_cis_ohnolog	left_flank	12	-0.375	0	5000	0.0	0.0
clust0012	clustered_cis_ohnolog	left_flank	13	-0.325	0	5000	0.0	0.0
clust0012	clustered_cis_ohnolog	left_flank	14	-0.275	0	5000	0.0	0.0
clust0012	clustered_cis_ohnolog	left_flank	15	-0.225	0	5000	0.0	0.0
clust0012	clustered_cis_ohnolog	left_flank	16	-0.175	0	5000	0.0	0.0
clust0012	clustered_cis_ohnolog	left_flank	17	-0.125	0	5000	0.0	0.0
clust0012	clustered_cis_ohnolog	left_flank	18	-0.075	0	5000	0.0	0.0
clust0012	clustered_cis_ohnolog	left_flank	19	-0.025	0	5000	0.0	0.0
clust0012	clustered_cis_ohnolog	body	20	0.025	1	7703	0.028041	0.12982
clust0012	clustered_cis_ohnolog	body	21	0.075	0	7704	0.0	0.0
clust0012	clustered_cis_ohnolog	body	22	0.125	0	7703	0.0	0.0
clust0012	clustered_cis_ohnolog	body	23	0.175	0	7704	0.0	0.0
clust0012	clustered_cis_ohnolog	body	24	0.225	0	7704	0.0	0.0
clust0012	clustered_cis_ohnolog	body	25	0.275	0	7703	0.0	0.0
clust0012	clustered_cis_ohnolog	body	26	0.325	0	7704	0.0	0.0
clust0012	clustered_cis_ohnolog	body	27	0.375	2	7703	0.03596	0.259639
clust0012	clustered_cis_ohnolog	body	28	0.425	0	7704	0.0	0.0
clust0012	clustered_cis_ohnolog	body	29	0.475	1	7704	0.028037	0.129803
clust0012	clustered_cis_ohnolog	body	30	0.525	0	7703	0.0	0.0
clust0012	clustered_cis_ohnolog	body	31	0.575	0	7704	0.0	0.0
clust0012	clustered_cis_ohnolog	body	32	0.625	1	7703	0.028041	0.12982
clust0012	clustered_cis_ohnolog	body	33	0.675	0	7704	0.011942	0.0
clust0012	clustered_cis_ohnolog	body	34	0.725	1	7704	0.016096	0.129803
clust0012	clustered_cis_ohnolog	body	35	0.775	0	7703	0.0	0.0
clust0012	clustered_cis_ohnolog	body	36	0.825	0	7704	0.0	0.0
clust0012	clustered_cis_ohnolog	body	37	0.875	0	7703	0.0	0.0
clust0012	clustered_cis_ohnolog	body	38	0.925	1	7704	0.01999	0.129803
clust0012	clustered_cis_ohnolog	body	39	0.975	1	7704	0.028037	0.129803
clust0012	clustered_cis_ohnolog	right_flank	40	1.025	1	5000	0.0432	0.2
clust0012	clustered_cis_ohnolog	right_flank	41	1.075	0	5000	0.0	0.0
clust0012	clustered_cis_ohnolog	right_flank	42	1.125	0	5000	0.0	0.0
clust0012	clustered_cis_ohnolog	right_flank	43	1.175	0	5000	0.0	0.0
clust0012	clustered_cis_ohnolog	right_flank	44	1.225	1	5000	0.0432	0.2
clust0012	clustered_cis_ohnolog	right_flank	45	1.275	1	5000	0.0244	0.2
clust0012	clustered_cis_ohnolog	right_flank	46	1.325	0	5000	0.0	0.0
clust0012	clustered_cis_ohnolog	right_flank	47	1.375	0	5000	0.0	0.0
clust0012	clustered_cis_ohnolog	right_flank	48	1.425	0	5000	0.0	0.0
clust0012	clustered_cis_ohnolog	right_flank	49	1.475	0	5000	0.0	0.0
clust0012	clustered_cis_ohnolog	right_flank	50	1.525	0	5000	0.0	0.0
clust0012	clustered_cis_ohnolog	right_flank	51	1.575	0	5000	0.0	0.0
clust0012	clustered_cis_ohnolog	right_flank	52	1.625	0	5000	0.0	0.0
clust0012	clustered_cis_ohnolog	right_flank	53	1.675	0	5000	0.0	0.0
clust0012	clustered_cis_ohnolog	right_flank	54	1.725	0	5000	0.0	0.0
clust0012	clustered_cis_ohnolog	right_flank	55	1.775	0	5000	0.0	0.0
clust0012	clustered_cis_ohnolog	right_flank	56	1.825	0	5000	0.0	0.0
clust0012	clustered_cis_ohnolog	right_flank	57	1.875	0	5000	0.0	0.0
clust0012	clustered_cis_ohnolog	right_flank	58	1.925	1	5000	0.0432	0.2
clust0012	clustered_cis_ohnolog	right_flank	59	1.975	1	5000	0.0432	0.2
clust0057	clustered_cis_ohnolog	left_flank	0	-0.975	1	5000	0.0176	0.2
clust0057	clustered_cis_ohnolog	left_flank	1	-0.925	0	5000	0.0	0.0
clust0057	clustered_cis_ohnolog	left_flank	2	-0.875	0	5000	0.0	0.0
clust0057	clustered_cis_ohnolog	left_flank	3	-0.825	0	5000	0.0	0.0
clust0057	clustered_cis_ohnolog	left_flank	4	-0.775	2	5000	0.0728	0.4
clust0057	clustered_cis_ohnolog	left_flank	5	-0.725	0	5000	0.0	0.0
clust0057	clustered_cis_ohnolog	left_flank	6	-0.675	0	5000	0.0	0.0
clust0057	clustered_cis_ohnolog	left_flank	7	-0.625	0	5000	0.0	0.0
clust0057	clustered_cis_ohnolog	left_flank	8	-0.575	0	5000	0.0	0.0
clust0057	clustered_cis_ohnolog	left_flank	9	-0.525	0	5000	0.0	0.0
clust0057	clustered_cis_ohnolog	left_flank	10	-0.475	0	5000	0.0	0.0
clust0057	clustered_cis_ohnolog	left_flank	11	-0.425	1	5000	0.0312	0.2
clust0057	clustered_cis_ohnolog	left_flank	12	-0.375	0	5000	0.0	0.0
clust0057	clustered_cis_ohnolog	left_flank	13	-0.325	1	5000	0.0432	0.2
clust0057	clustered_cis_ohnolog	left_flank	14	-0.275	0	5000	0.0	0.0
clust0057	clustered_cis_ohnolog	left_flank	15	-0.225	1	5000	0.0432	0.2
clust0057	clustered_cis_ohnolog	left_flank	16	-0.175	1	5000	0.0432	0.2
clust0057	clustered_cis_ohnolog	left_flank	17	-0.125	0	5000	0.0	0.0
clust0057	clustered_cis_ohnolog	left_flank	18	-0.075	0	5000	0.0	0.0
clust0057	clustered_cis_ohnolog	left_flank	19	-0.025	0	5000	0.0	0.0
clust0057	clustered_cis_ohnolog	body	20	0.025	0	2114	0.0	0.0
clust0057	clustered_cis_ohnolog	body	21	0.075	0	2115	0.0	0.0
clust0057	clustered_cis_ohnolog	body	22	0.125	1	2115	0.102128	0.472813
clust0057	clustered_cis_ohnolog	body	23	0.175	0	2115	0.0	0.0
clust0057	clustered_cis_ohnolog	body	24	0.225	0	2115	0.0	0.0
clust0057	clustered_cis_ohnolog	body	25	0.275	1	2115	0.102128	0.472813
clust0057	clustered_cis_ohnolog	body	26	0.325	0	2115	0.0	0.0
clust0057	clustered_cis_ohnolog	body	27	0.375	0	2115	0.0	0.0
clust0057	clustered_cis_ohnolog	body	28	0.425	1	2115	0.059102	0.472813
clust0057	clustered_cis_ohnolog	body	29	0.475	0	2115	0.0	0.0
clust0057	clustered_cis_ohnolog	body	30	0.525	0	2115	0.0	0.0
clust0057	clustered_cis_ohnolog	body	31	0.575	0	2115	0.0	0.0
clust0057	clustered_cis_ohnolog	body	32	0.625	0	2115	0.0	0.0
clust0057	clustered_cis_ohnolog	body	33	0.675	1	2115	0.050591	0.472813
clust0057	clustered_cis_ohnolog	body	34	0.725	0	2115	0.0	0.0
clust0057	clustered_cis_ohnolog	body	35	0.775	0	2115	0.0	0.0
clust0057	clustered_cis_ohnolog	body	36	0.825	0	2115	0.0	0.0
clust0057	clustered_cis_ohnolog	body	37	0.875	0	2115	0.0	0.0
clust0057	clustered_cis_ohnolog	body	38	0.925	0	2115	0.0	0.0
clust0057	clustered_cis_ohnolog	body	39	0.975	0	2115	0.0	0.0
clust0057	clustered_cis_ohnolog	right_flank	40	1.025	0	5000	0.0	0.0
clust0057	clustered_cis_ohnolog	right_flank	41	1.075	1	5000	0.0432	0.2
clust0057	clustered_cis_ohnolog	right_flank	42	1.125	2	5000	0.068	0.4
clust0057	clustered_cis_ohnolog	right_flank	43	1.175	0	5000	0.0	0.0
clust0057	clustered_cis_ohnolog	right_flank	44	1.225	1	5000	0.0432	0.2
clust0057	clustered_cis_ohnolog	right_flank	45	1.275	0	5000	0.0	0.0
clust0057	clustered_cis_ohnolog	right_flank	46	1.325	0	5000	0.0	0.0
clust0057	clustered_cis_ohnolog	right_flank	47	1.375	1	5000	0.0432	0.2
clust0057	clustered_cis_ohnolog	right_flank	48	1.425	0	5000	0.0	0.0
clust0057	clustered_cis_ohnolog	right_flank	49	1.475	0	5000	0.0	0.0
clust0057	clustered_cis_ohnolog	right_flank	50	1.525	0	5000	0.0	0.0
clust0057	clustered_cis_ohnolog	right_flank	51	1.575	0	5000	0.0	0.0
clust0057	clustered_cis_ohnolog	right_flank	52	1.625	0	5000	0.0	0.0
clust0057	clustered_cis_ohnolog	right_flank	53	1.675	1	5000	0.0188	0.2
clust0057	clustered_cis_ohnolog	right_flank	54	1.725	0	5000	0.0	0.0
clust0057	clustered_cis_ohnolog	right_flank	55	1.775	0	5000	0.0	0.0
clust0057	clustered_cis_ohnolog	right_flank	56	1.825	0	5000	0.0	0.0
clust0057	clustered_cis_ohnolog	right_flank	57	1.875	0	5000	0.0186	0.0
clust0057	clustered_cis_ohnolog	right_flank	58	1.925	2	5000	0.0508	0.4
clust0057	clustered_cis_ohnolog	right_flank	59	1.975	0	5000	0.0	0.0
clust0067	clustered_cis_ohnolog	left_flank	0	-0.975	1	5000	0.0238	0.2
clust0067	clustered_cis_ohnolog	left_flank	1	-0.925	0	5000	0.0	0.0
clust0067	clustered_cis_ohnolog	left_flank	2	-0.875	0	5000	0.0	0.0
clust0067	clustered_cis_ohnolog	left_flank	3	-0.825	2	5000	0.0644	0.4
clust0067	clustered_cis_ohnolog	left_flank	4	-0.775	0	5000	0.0	0.0
clust0067	clustered_cis_ohnolog	left_flank	5	-0.725	0	5000	0.0	0.0
clust0067	clustered_cis_ohnolog	left_flank	6	-0.675	0	5000	0.0	0.0
clust0067	clustered_cis_ohnolog	left_flank	7	-0.625	0	5000	0.0	0.0
clust0067	clustered_cis_ohnolog	left_flank	8	-0.575	0	5000	0.0	0.0
clust0067	clustered_cis_ohnolog	left_flank	9	-0.525	0	5000	0.0	0.0
clust0067	clustered_cis_ohnolog	left_flank	10	-0.475	0	5000	0.0	0.0
clust0067	clustered_cis_ohnolog	left_flank	11	-0.425	0	5000	0.0	0.0
clust0067	clustered_cis_ohnolog	left_flank	12	-0.375	1	5000	0.0432	0.2
clust0067	clustered_cis_ohnolog	left_flank	13	-0.325	0	5000	0.0	0.0
clust0067	clustered_cis_ohnolog	left_flank	14	-0.275	0	5000	0.0	0.0
clust0067	clustered_cis_ohnolog	left_flank	15	-0.225	0	5000	0.0	0.0
clust0067	clustered_cis_ohnolog	left_flank	16	-0.175	1	5000	0.0298	0.2
clust0067	clustered_cis_ohnolog	left_flank	17	-0.125	1	5000	0.0298	0.2
clust0067	clustered_cis_ohnolog	left_flank	18	-0.075	0	5000	0.0	0.0
clust0067	clustered_cis_ohnolog	left_flank	19	-0.025	1	5000	0.0432	0.2
clust0067	clustered_cis_ohnolog	body	20	0.025	0	9469	0.0	0.0
clust0067	clustered_cis_ohnolog	body	21	0.075	0	9470	0.0	0.0
clust0067	clustered_cis_ohnolog	body	22	0.125	1	9469	0.008977	0.105608
clust0067	clustered_cis_ohnolog	body	23	0.175	0	9470	0.0	0.0
clust0067	clustered_cis_ohnolog	body	24	0.225	0	9470	0.0	0.0
clust0067	clustered_cis_ohnolog	body	25	0.275	1	9469	0.022811	0.105608
clust0067	clustered_cis_ohnolog	body	26	0.325	0	9470	0.0	0.0
clust0067	clustered_cis_ohnolog	body	27	0.375	0	9469	0.0	0.0
clust0067	clustered_cis_ohnolog	body	28	0.425	0	9470	0.0	0.0
clust0067	clustered_cis_ohnolog	body	29	0.475	0	9470	0.0	0.0
clust0067	clustered_cis_ohnolog	body	30	0.525	0	9469	0.0	0.0
clust0067	clustered_cis_ohnolog	body	31	0.575	1	9470	0.015734	0.105597
clust0067	clustered_cis_ohnolog	body	32	0.625	0	9469	0.0	0.0
clust0067	clustered_cis_ohnolog	body	33	0.675	1	9470	0.024604	0.105597
clust0067	clustered_cis_ohnolog	body	34	0.725	0	9470	0.0	0.0
clust0067	clustered_cis_ohnolog	body	35	0.775	0	9469	0.0	0.0
clust0067	clustered_cis_ohnolog	body	36	0.825	0	9470	0.0	0.0
clust0067	clustered_cis_ohnolog	body	37	0.875	0	9469	0.0	0.0
clust0067	clustered_cis_ohnolog	body	38	0.925	0	9470	0.0	0.0
clust0067	clustered_cis_ohnolog	body	39	0.975	0	9470	0.0	0.0
clust0067	clustered_cis_ohnolog	right_flank	40	1.025	1	5000	0.0432	0.2
clust0067	clustered_cis_ohnolog	right_flank	41	1.075	0	5000	0.0	0.0
clust0067	clustered_cis_ohnolog	right_flank	42	1.125	1	5000	0.0216	0.2
clust0067	clustered_cis_ohnolog	right_flank	43	1.175	1	5000	0.0256	0.2
clust0067	clustered_cis_ohnolog	right_flank	44	1.225	0	5000	0.0	0.0
clust0067	clustered_cis_ohnolog	right_flank	45	1.275	0	5000	0.0	0.0
clust0067	clustered_cis_ohnolog	right_flank	46	1.325	0	5000	0.0	0.0
clust0067	clustered_cis_ohnolog	right_flank	47	1.375	0	5000	0.0058	0.0
clust0067	clustered_cis_ohnolog	right_flank	48	1.425	1	5000	0.0202	0.2
clust0067	clustered_cis_ohnolog	right_flank	49	1.475	0	5000	0.0	0.0
clust0067	clustered_cis_ohnolog	right_flank	50	1.525	1	5000	0.0432	0.2
clust0067	clustered_cis_ohnolog	right_flank	51	1.575	0	5000	0.0	0.0
clust0067	clustered_cis_ohnolog	right_flank	52	1.625	0	5000	0.0	0.0
clust0067	clustered_cis_ohnolog	right_flank	53	1.675	0	5000	0.0	0.0
clust0067	clustered_cis_ohnolog	right_flank	54	1.725	1	5000	0.0432	0.2
clust0067	clustered_cis_ohnolog	right_flank	55	1.775	0	5000	0.0	0.0
clust0067	clustered_cis_ohnolog	right_flank	56	1.825	0	5000	0.0	0.0
clust0067	clustered_cis_ohnolog	right_flank	57	1.875	0	5000	0.0	0.0
clust0067	clustered_cis_ohnolog	right_flank	58	1.925	0	5000	0.0	0.0
clust0067	clustered_cis_ohnolog	right_flank	59	1.975	0	5000	0.0	0.0
clust0013	clustered_cis_ohnolog	left_flank	0	-0.975	0	5000	0.0	0.0
clust0013	clustered_cis_ohnolog	left_flank	1	-0.925	0	5000	0.0	0.0
clust0013	clustered_cis_ohnolog	left_flank	2	-0.875	0	5000	0.0	0.0
clust0013	clustered_cis_ohnolog	left_flank	3	-0.825	0	5000	0.0	0.0
clust0013	clustered_cis_ohnolog	left_flank	4	-0.775	0	5000	0.0	0.0
clust0013	clustered_cis_ohnolog	left_flank	5	-0.725	0	5000	0.0	0.0
clust0013	clustered_cis_ohnolog	left_flank	6	-0.675	1	5000	0.0148	0.2
clust0013	clustered_cis_ohnolog	left_flank	7	-0.625	0	5000	0.0	0.0
clust0013	clustered_cis_ohnolog	left_flank	8	-0.575	0	5000	0.0	0.0
clust0013	clustered_cis_ohnolog	left_flank	9	-0.525	1	5000	0.017	0.2
clust0013	clustered_cis_ohnolog	left_flank	10	-0.475	0	5000	0.0	0.0
clust0013	clustered_cis_ohnolog	left_flank	11	-0.425	1	5000	0.0166	0.2
clust0013	clustered_cis_ohnolog	left_flank	12	-0.375	0	5000	0.0	0.0
clust0013	clustered_cis_ohnolog	left_flank	13	-0.325	0	5000	0.0	0.0
clust0013	clustered_cis_ohnolog	left_flank	14	-0.275	0	5000	0.0	0.0
clust0013	clustered_cis_ohnolog	left_flank	15	-0.225	1	5000	0.0186	0.2
clust0013	clustered_cis_ohnolog	left_flank	16	-0.175	0	5000	0.0	0.0
clust0013	clustered_cis_ohnolog	left_flank	17	-0.125	1	5000	0.0432	0.2
clust0013	clustered_cis_ohnolog	left_flank	18	-0.075	0	5000	0.0	0.0
clust0013	clustered_cis_ohnolog	left_flank	19	-0.025	2	5000	0.0616	0.4
clust0013	clustered_cis_ohnolog	body	20	0.025	1	4202	0.051404	0.237982
clust0013	clustered_cis_ohnolog	body	21	0.075	0	4202	0.0	0.0
clust0013	clustered_cis_ohnolog	body	22	0.125	0	4203	0.0	0.0
clust0013	clustered_cis_ohnolog	body	23	0.175	0	4202	0.0	0.0
clust0013	clustered_cis_ohnolog	body	24	0.225	0	4203	0.0	0.0
clust0013	clustered_cis_ohnolog	body	25	0.275	0	4202	0.0	0.0
clust0013	clustered_cis_ohnolog	body	26	0.325	0	4203	0.0	0.0
clust0013	clustered_cis_ohnolog	body	27	0.375	0	4202	0.0	0.0
clust0013	clustered_cis_ohnolog	body	28	0.425	0	4203	0.0	0.0
clust0013	clustered_cis_ohnolog	body	29	0.475	0	4202	0.0	0.0
clust0013	clustered_cis_ohnolog	body	30	0.525	1	4202	0.038077	0.237982
clust0013	clustered_cis_ohnolog	body	31	0.575	0	4203	0.0	0.0
clust0013	clustered_cis_ohnolog	body	32	0.625	0	4202	0.0	0.0
clust0013	clustered_cis_ohnolog	body	33	0.675	0	4203	0.0	0.0
clust0013	clustered_cis_ohnolog	body	34	0.725	0	4202	0.0	0.0
clust0013	clustered_cis_ohnolog	body	35	0.775	0	4203	0.0	0.0
clust0013	clustered_cis_ohnolog	body	36	0.825	0	4202	0.0	0.0
clust0013	clustered_cis_ohnolog	body	37	0.875	0	4203	0.0	0.0
clust0013	clustered_cis_ohnolog	body	38	0.925	0	4202	0.0	0.0
clust0013	clustered_cis_ohnolog	body	39	0.975	0	4203	0.0	0.0
clust0013	clustered_cis_ohnolog	right_flank	40	1.025	0	5000	0.0	0.0
clust0013	clustered_cis_ohnolog	right_flank	41	1.075	0	5000	0.0	0.0
clust0013	clustered_cis_ohnolog	right_flank	42	1.125	0	5000	0.0	0.0
clust0013	clustered_cis_ohnolog	right_flank	43	1.175	1	5000	0.0108	0.2
clust0013	clustered_cis_ohnolog	right_flank	44	1.225	1	5000	0.0356	0.2
clust0013	clustered_cis_ohnolog	right_flank	45	1.275	0	5000	0.0	0.0
clust0013	clustered_cis_ohnolog	right_flank	46	1.325	0	5000	0.0	0.0
clust0013	clustered_cis_ohnolog	right_flank	47	1.375	0	5000	0.0	0.0
clust0013	clustered_cis_ohnolog	right_flank	48	1.425	1	5000	0.0422	0.2
clust0013	clustered_cis_ohnolog	right_flank	49	1.475	1	5000	0.0186	0.2
clust0013	clustered_cis_ohnolog	right_flank	50	1.525	0	5000	0.0	0.0
clust0013	clustered_cis_ohnolog	right_flank	51	1.575	0	5000	0.0	0.0
clust0013	clustered_cis_ohnolog	right_flank	52	1.625	0	5000	0.0	0.0
clust0013	clustered_cis_ohnolog	right_flank	53	1.675	0	5000	0.0	0.0
clust0013	clustered_cis_ohnolog	right_flank	54	1.725	0	5000	0.0	0.0
clust0013	clustered_cis_ohnolog	right_flank	55	1.775	0	5000	0.0	0.0
clust0013	clustered_cis_ohnolog	right_flank	56	1.825	1	5000	0.0432	0.2
clust0013	clustered_cis_ohnolog	right_flank	57	1.875	1	5000	0.0314	0.2
clust0013	clustered_cis_ohnolog	right_flank	58	1.925	1	5000	0.0222	0.2
clust0013	clustered_cis_ohnolog	right_flank	59	1.975	2	5000	0.0876	0.4
clust0047	clustered_cis_ohnolog	left_flank	0	-0.975	0	5000	0.0	0.0
clust0047	clustered_cis_ohnolog	left_flank	1	-0.925	0	5000	0.0	0.0
clust0047	clustered_cis_ohnolog	left_flank	2	-0.875	1	5000	0.0328	0.2
clust0047	clustered_cis_ohnolog	left_flank	3	-0.825	0	5000	0.0	0.0
clust0047	clustered_cis_ohnolog	left_flank	4	-0.775	0	5000	0.0	0.0
clust0047	clustered_cis_ohnolog	left_flank	5	-0.725	0	5000	0.0	0.0
clust0047	clustered_cis_ohnolog	left_flank	6	-0.675	0	5000	0.0	0.0
clust0047	clustered_cis_ohnolog	left_flank	7	-0.625	0	5000	0.0	0.0
clust0047	clustered_cis_ohnolog	left_flank	8	-0.575	0	5000	0.0	0.0
clust0047	clustered_cis_ohnolog	left_flank	9	-0.525	0	5000	0.0	0.0
clust0047	clustered_cis_ohnolog	left_flank	10	-0.475	0	5000	0.0	0.0
clust0047	clustered_cis_ohnolog	left_flank	11	-0.425	0	5000	0.0	0.0
clust0047	clustered_cis_ohnolog	left_flank	12	-0.375	0	5000	0.0	0.0
clust0047	clustered_cis_ohnolog	left_flank	13	-0.325	0	5000	0.0	0.0
clust0047	clustered_cis_ohnolog	left_flank	14	-0.275	0	5000	0.0	0.0
clust0047	clustered_cis_ohnolog	left_flank	15	-0.225	0	5000	0.0	0.0
clust0047	clustered_cis_ohnolog	left_flank	16	-0.175	1	5000	0.0278	0.2
clust0047	clustered_cis_ohnolog	left_flank	17	-0.125	0	5000	0.0	0.0
clust0047	clustered_cis_ohnolog	left_flank	18	-0.075	0	5000	0.0	0.0
clust0047	clustered_cis_ohnolog	left_flank	19	-0.025	0	5000	0.0	0.0
clust0047	clustered_cis_ohnolog	body	20	0.025	0	1331	0.0	0.0
clust0047	clustered_cis_ohnolog	body	21	0.075	0	1332	0.0	0.0
clust0047	clustered_cis_ohnolog	body	22	0.125	0	1332	0.0	0.0
clust0047	clustered_cis_ohnolog	body	23	0.175	0	1332	0.0	0.0
clust0047	clustered_cis_ohnolog	body	24	0.225	0	1332	0.0	0.0
clust0047	clustered_cis_ohnolog	body	25	0.275	0	1331	0.0	0.0
clust0047	clustered_cis_ohnolog	body	26	0.325	0	1332	0.0	0.0
clust0047	clustered_cis_ohnolog	body	27	0.375	0	1332	0.0	0.0
clust0047	clustered_cis_ohnolog	body	28	0.425	0	1332	0.0	0.0
clust0047	clustered_cis_ohnolog	body	29	0.475	0	1332	0.0	0.0
clust0047	clustered_cis_ohnolog	body	30	0.525	0	1331	0.0	0.0
clust0047	clustered_cis_ohnolog	body	31	0.575	0	1332	0.0	0.0
clust0047	clustered_cis_ohnolog	body	32	0.625	0	1332	0.0	0.0
clust0047	clustered_cis_ohnolog	body	33	0.675	0	1332	0.0	0.0
clust0047	clustered_cis_ohnolog	body	34	0.725	0	1332	0.0	0.0
clust0047	clustered_cis_ohnolog	body	35	0.775	0	1331	0.0	0.0
clust0047	clustered_cis_ohnolog	body	36	0.825	0	1332	0.0	0.0
clust0047	clustered_cis_ohnolog	body	37	0.875	0	1332	0.0	0.0
clust0047	clustered_cis_ohnolog	body	38	0.925	0	1332	0.0	0.0
clust0047	clustered_cis_ohnolog	body	39	0.975	0	1332	0.0	0.0
clust0047	clustered_cis_ohnolog	right_flank	40	1.025	2	5000	0.0642	0.4
clust0047	clustered_cis_ohnolog	right_flank	41	1.075	0	5000	0.0	0.0
clust0047	clustered_cis_ohnolog	right_flank	42	1.125	0	5000	0.0	0.0
clust0047	clustered_cis_ohnolog	right_flank	43	1.175	0	5000	0.0	0.0
clust0047	clustered_cis_ohnolog	right_flank	44	1.225	0	5000	0.0	0.0
clust0047	clustered_cis_ohnolog	right_flank	45	1.275	0	5000	0.0	0.0
clust0047	clustered_cis_ohnolog	right_flank	46	1.325	1	5000	0.0338	0.2
clust0047	clustered_cis_ohnolog	right_flank	47	1.375	0	5000	0.0	0.0
clust0047	clustered_cis_ohnolog	right_flank	48	1.425	0	5000	0.0	0.0
clust0047	clustered_cis_ohnolog	right_flank	49	1.475	0	5000	0.0	0.0
clust0047	clustered_cis_ohnolog	right_flank	50	1.525	0	5000	0.0	0.0
clust0047	clustered_cis_ohnolog	right_flank	51	1.575	0	5000	0.0	0.0
clust0047	clustered_cis_ohnolog	right_flank	52	1.625	1	5000	0.0432	0.2
clust0047	clustered_cis_ohnolog	right_flank	53	1.675	0	5000	0.0	0.0
clust0047	clustered_cis_ohnolog	right_flank	54	1.725	0	5000	0.0	0.0
clust0047	clustered_cis_ohnolog	right_flank	55	1.775	0	5000	0.0	0.0
clust0047	clustered_cis_ohnolog	right_flank	56	1.825	1	5000	0.0432	0.2
clust0047	clustered_cis_ohnolog	right_flank	57	1.875	0	5000	0.0	0.0
clust0047	clustered_cis_ohnolog	right_flank	58	1.925	1	5000	0.0354	0.2
clust0047	clustered_cis_ohnolog	right_flank	59	1.975	1	5000	0.0328	0.2
clust0070	clustered_cis_ohnolog	left_flank	0	-0.975	0	5000	0.0	0.0
clust0070	clustered_cis_ohnolog	left_flank	1	-0.925	0	5000	0.0	0.0
clust0070	clustered_cis_ohnolog	left_flank	2	-0.875	0	5000	0.0	0.0
clust0070	clustered_cis_ohnolog	left_flank	3	-0.825	0	5000	0.0	0.0
clust0070	clustered_cis_ohnolog	left_flank	4	-0.775	0	5000	0.0	0.0
clust0070	clustered_cis_ohnolog	left_flank	5	-0.725	0	5000	0.0	0.0
clust0070	clustered_cis_ohnolog	left_flank	6	-0.675	0	5000	0.0	0.0
clust0070	clustered_cis_ohnolog	left_flank	7	-0.625	0	5000	0.0	0.0
clust0070	clustered_cis_ohnolog	left_flank	8	-0.575	0	5000	0.0	0.0
clust0070	clustered_cis_ohnolog	left_flank	9	-0.525	0	5000	0.0	0.0
clust0070	clustered_cis_ohnolog	left_flank	10	-0.475	0	5000	0.0	0.0
clust0070	clustered_cis_ohnolog	left_flank	11	-0.425	1	5000	0.0432	0.2
clust0070	clustered_cis_ohnolog	left_flank	12	-0.375	0	5000	0.0	0.0
clust0070	clustered_cis_ohnolog	left_flank	13	-0.325	0	5000	0.0	0.0
clust0070	clustered_cis_ohnolog	left_flank	14	-0.275	0	5000	0.0	0.0
clust0070	clustered_cis_ohnolog	left_flank	15	-0.225	0	5000	0.0	0.0
clust0070	clustered_cis_ohnolog	left_flank	16	-0.175	0	5000	0.0	0.0
clust0070	clustered_cis_ohnolog	left_flank	17	-0.125	0	5000	0.0	0.0
clust0070	clustered_cis_ohnolog	left_flank	18	-0.075	2	5000	0.0546	0.4
clust0070	clustered_cis_ohnolog	left_flank	19	-0.025	0	5000	0.0	0.0
clust0070	clustered_cis_ohnolog	body	20	0.025	0	4263	0.0	0.0
clust0070	clustered_cis_ohnolog	body	21	0.075	0	4263	0.0	0.0
clust0070	clustered_cis_ohnolog	body	22	0.125	3	4264	0.130394	0.703565
clust0070	clustered_cis_ohnolog	body	23	0.175	0	4263	0.0	0.0
clust0070	clustered_cis_ohnolog	body	24	0.225	1	4263	0.023458	0.234577
clust0070	clustered_cis_ohnolog	body	25	0.275	0	4264	0.0	0.0
clust0070	clustered_cis_ohnolog	body	26	0.325	0	4263	0.0	0.0
clust0070	clustered_cis_ohnolog	body	27	0.375	0	4263	0.0	0.0
clust0070	clustered_cis_ohnolog	body	28	0.425	0	4264	0.0	0.0
clust0070	clustered_cis_ohnolog	body	29	0.475	0	4263	0.0	0.0
clust0070	clustered_cis_ohnolog	body	30	0.525	0	4263	0.0	0.0
clust0070	clustered_cis_ohnolog	body	31	0.575	0	4264	0.0	0.0
clust0070	clustered_cis_ohnolog	body	32	0.625	0	4263	0.0	0.0
clust0070	clustered_cis_ohnolog	body	33	0.675	0	4263	0.0	0.0
clust0070	clustered_cis_ohnolog	body	34	0.725	0	4264	0.0	0.0
clust0070	clustered_cis_ohnolog	body	35	0.775	0	4263	0.0	0.0
clust0070	clustered_cis_ohnolog	body	36	0.825	0	4263	0.0	0.0
clust0070	clustered_cis_ohnolog	body	37	0.875	0	4264	0.0	0.0
clust0070	clustered_cis_ohnolog	body	38	0.925	0	4263	0.0	0.0
clust0070	clustered_cis_ohnolog	body	39	0.975	0	4264	0.0	0.0
clust0070	clustered_cis_ohnolog	right_flank	40	1.025	0	5000	0.0	0.0
clust0070	clustered_cis_ohnolog	right_flank	41	1.075	0	5000	0.0	0.0
clust0070	clustered_cis_ohnolog	right_flank	42	1.125	0	5000	0.0	0.0
clust0070	clustered_cis_ohnolog	right_flank	43	1.175	0	5000	0.0	0.0
clust0070	clustered_cis_ohnolog	right_flank	44	1.225	0	5000	0.0	0.0
clust0070	clustered_cis_ohnolog	right_flank	45	1.275	0	5000	0.0	0.0
clust0070	clustered_cis_ohnolog	right_flank	46	1.325	0	5000	0.0	0.0
clust0070	clustered_cis_ohnolog	right_flank	47	1.375	0	5000	0.0	0.0
clust0070	clustered_cis_ohnolog	right_flank	48	1.425	0	5000	0.0	0.0
clust0070	clustered_cis_ohnolog	right_flank	49	1.475	0	5000	0.0	0.0
clust0070	clustered_cis_ohnolog	right_flank	50	1.525	0	5000	0.0	0.0
clust0070	clustered_cis_ohnolog	right_flank	51	1.575	0	5000	0.0	0.0
clust0070	clustered_cis_ohnolog	right_flank	52	1.625	0	5000	0.0	0.0
clust0070	clustered_cis_ohnolog	right_flank	53	1.675	1	5000	0.0432	0.2
clust0070	clustered_cis_ohnolog	right_flank	54	1.725	0	5000	0.0	0.0
clust0070	clustered_cis_ohnolog	right_flank	55	1.775	0	5000	0.0	0.0
clust0070	clustered_cis_ohnolog	right_flank	56	1.825	0	5000	0.0	0.0
clust0070	clustered_cis_ohnolog	right_flank	57	1.875	1	5000	0.036	0.2
clust0070	clustered_cis_ohnolog	right_flank	58	1.925	0	5000	0.0072	0.0
clust0070	clustered_cis_ohnolog	right_flank	59	1.975	1	5000	0.0432	0.2
clust0056	clustered_cis_ohnolog	left_flank	0	-0.975	0	5000	0.0	0.0
clust0056	clustered_cis_ohnolog	left_flank	1	-0.925	1	5000	0.0212	0.2
clust0056	clustered_cis_ohnolog	left_flank	2	-0.875	0	5000	0.0	0.0
clust0056	clustered_cis_ohnolog	left_flank	3	-0.825	0	5000	0.0	0.0
clust0056	clustered_cis_ohnolog	left_flank	4	-0.775	0	5000	0.0	0.0
clust0056	clustered_cis_ohnolog	left_flank	5	-0.725	0	5000	0.0	0.0
clust0056	clustered_cis_ohnolog	left_flank	6	-0.675	0	5000	0.0	0.0
clust0056	clustered_cis_ohnolog	left_flank	7	-0.625	0	5000	0.0	0.0
clust0056	clustered_cis_ohnolog	left_flank	8	-0.575	0	5000	0.0	0.0
clust0056	clustered_cis_ohnolog	left_flank	9	-0.525	0	5000	0.0	0.0
clust0056	clustered_cis_ohnolog	left_flank	10	-0.475	0	5000	0.0	0.0
clust0056	clustered_cis_ohnolog	left_flank	11	-0.425	0	5000	0.0	0.0
clust0056	clustered_cis_ohnolog	left_flank	12	-0.375	1	5000	0.0306	0.2
clust0056	clustered_cis_ohnolog	left_flank	13	-0.325	1	5000	0.0558	0.2
clust0056	clustered_cis_ohnolog	left_flank	14	-0.275	1	5000	0.0432	0.2
clust0056	clustered_cis_ohnolog	left_flank	15	-0.225	0	5000	0.0	0.0
clust0056	clustered_cis_ohnolog	left_flank	16	-0.175	0	5000	0.0	0.0
clust0056	clustered_cis_ohnolog	left_flank	17	-0.125	0	5000	0.0	0.0
clust0056	clustered_cis_ohnolog	left_flank	18	-0.075	1	5000	0.0166	0.2
clust0056	clustered_cis_ohnolog	left_flank	19	-0.025	0	5000	0.0	0.0
clust0056	clustered_cis_ohnolog	body	20	0.025	1	2329	0.060541	0.429369
clust0056	clustered_cis_ohnolog	body	21	0.075	0	2330	0.0	0.0
clust0056	clustered_cis_ohnolog	body	22	0.125	0	2329	0.0	0.0
clust0056	clustered_cis_ohnolog	body	23	0.175	0	2330	0.0	0.0
clust0056	clustered_cis_ohnolog	body	24	0.225	0	2329	0.0	0.0
clust0056	clustered_cis_ohnolog	body	25	0.275	0	2330	0.0	0.0
clust0056	clustered_cis_ohnolog	body	26	0.325	0	2329	0.0	0.0
clust0056	clustered_cis_ohnolog	body	27	0.375	0	2330	0.0	0.0
clust0056	clustered_cis_ohnolog	body	28	0.425	0	2329	0.0	0.0
clust0056	clustered_cis_ohnolog	body	29	0.475	0	2330	0.0	0.0
clust0056	clustered_cis_ohnolog	body	30	0.525	0	2330	0.0	0.0
clust0056	clustered_cis_ohnolog	body	31	0.575	0	2329	0.0	0.0
clust0056	clustered_cis_ohnolog	body	32	0.625	1	2330	0.050644	0.429185
clust0056	clustered_cis_ohnolog	body	33	0.675	0	2329	0.0	0.0
clust0056	clustered_cis_ohnolog	body	34	0.725	0	2330	0.0	0.0
clust0056	clustered_cis_ohnolog	body	35	0.775	0	2329	0.0	0.0
clust0056	clustered_cis_ohnolog	body	36	0.825	0	2330	0.0	0.0
clust0056	clustered_cis_ohnolog	body	37	0.875	1	2329	0.092744	0.429369
clust0056	clustered_cis_ohnolog	body	38	0.925	0	2330	0.0	0.0
clust0056	clustered_cis_ohnolog	body	39	0.975	0	2330	0.0	0.0
clust0056	clustered_cis_ohnolog	right_flank	40	1.025	0	5000	0.0	0.0
clust0056	clustered_cis_ohnolog	right_flank	41	1.075	0	5000	0.0	0.0
clust0056	clustered_cis_ohnolog	right_flank	42	1.125	0	5000	0.0	0.0
clust0056	clustered_cis_ohnolog	right_flank	43	1.175	0	5000	0.0	0.0
clust0056	clustered_cis_ohnolog	right_flank	44	1.225	0	5000	0.0	0.0
clust0056	clustered_cis_ohnolog	right_flank	45	1.275	0	5000	0.0	0.0
clust0056	clustered_cis_ohnolog	right_flank	46	1.325	1	5000	0.0136	0.2
clust0056	clustered_cis_ohnolog	right_flank	47	1.375	0	5000	0.0	0.0
clust0056	clustered_cis_ohnolog	right_flank	48	1.425	0	5000	0.0	0.0
clust0056	clustered_cis_ohnolog	right_flank	49	1.475	0	5000	0.0	0.0
clust0056	clustered_cis_ohnolog	right_flank	50	1.525	0	5000	0.0	0.0
clust0056	clustered_cis_ohnolog	right_flank	51	1.575	0	5000	0.0	0.0
clust0056	clustered_cis_ohnolog	right_flank	52	1.625	0	5000	0.0	0.0
clust0056	clustered_cis_ohnolog	right_flank	53	1.675	0	5000	0.0	0.0
clust0056	clustered_cis_ohnolog	right_flank	54	1.725	0	5000	0.0	0.0
clust0056	clustered_cis_ohnolog	right_flank	55	1.775	0	5000	0.0	0.0
clust0056	clustered_cis_ohnolog	right_flank	56	1.825	0	5000	0.0	0.0
clust0056	clustered_cis_ohnolog	right_flank	57	1.875	0	5000	0.0	0.0
clust0056	clustered_cis_ohnolog	right_flank	58	1.925	0	5000	0.0	0.0
clust0056	clustered_cis_ohnolog	right_flank	59	1.975	0	5000	0.0	0.0
clust0017	clustered_cis_ohnolog	left_flank	0	-0.975	0	5000	0.0	0.0
clust0017	clustered_cis_ohnolog	left_flank	1	-0.925	0	5000	0.0	0.0
clust0017	clustered_cis_ohnolog	left_flank	2	-0.875	0	5000	0.0	0.0
clust0017	clustered_cis_ohnolog	left_flank	3	-0.825	0	5000	0.0	0.0
clust0017	clustered_cis_ohnolog	left_flank	4	-0.775	0	5000	0.0	0.0
clust0017	clustered_cis_ohnolog	left_flank	5	-0.725	0	5000	0.0	0.0
clust0017	clustered_cis_ohnolog	left_flank	6	-0.675	0	5000	0.0	0.0
clust0017	clustered_cis_ohnolog	left_flank	7	-0.625	0	5000	0.0	0.0
clust0017	clustered_cis_ohnolog	left_flank	8	-0.575	0	5000	0.0	0.0
clust0017	clustered_cis_ohnolog	left_flank	9	-0.525	0	5000	0.0	0.0
clust0017	clustered_cis_ohnolog	left_flank	10	-0.475	0	5000	0.0	0.0
clust0017	clustered_cis_ohnolog	left_flank	11	-0.425	0	5000	0.0	0.0
clust0017	clustered_cis_ohnolog	left_flank	12	-0.375	0	5000	0.0	0.0
clust0017	clustered_cis_ohnolog	left_flank	13	-0.325	0	5000	0.0	0.0
clust0017	clustered_cis_ohnolog	left_flank	14	-0.275	0	5000	0.0	0.0
clust0017	clustered_cis_ohnolog	left_flank	15	-0.225	0	5000	0.0	0.0
clust0017	clustered_cis_ohnolog	left_flank	16	-0.175	0	5000	0.0	0.0
clust0017	clustered_cis_ohnolog	left_flank	17	-0.125	0	5000	0.0	0.0
clust0017	clustered_cis_ohnolog	left_flank	18	-0.075	0	5000	0.0	0.0
clust0017	clustered_cis_ohnolog	left_flank	19	-0.025	1	5000	0.0432	0.2
clust0017	clustered_cis_ohnolog	body	20	0.025	1	108138	0.001997	0.009247
clust0017	clustered_cis_ohnolog	body	21	0.075	1	108139	0.001997	0.009247
clust0017	clustered_cis_ohnolog	body	22	0.125	0	108139	0.0	0.0
clust0017	clustered_cis_ohnolog	body	23	0.175	1	108139	0.001396	0.009247
clust0017	clustered_cis_ohnolog	body	24	0.225	4	108139	0.005021	0.036989
clust0017	clustered_cis_ohnolog	body	25	0.275	2	108138	0.003995	0.018495
clust0017	clustered_cis_ohnolog	body	26	0.325	0	108139	0.0	0.0
clust0017	clustered_cis_ohnolog	body	27	0.375	0	108139	0.0	0.0
clust0017	clustered_cis_ohnolog	body	28	0.425	0	108139	0.0	0.0
clust0017	clustered_cis_ohnolog	body	29	0.475	0	108139	0.0	0.0
clust0017	clustered_cis_ohnolog	body	30	0.525	0	108138	0.0	0.0
clust0017	clustered_cis_ohnolog	body	31	0.575	0	108139	0.0	0.0
clust0017	clustered_cis_ohnolog	body	32	0.625	0	108139	0.0	0.0
clust0017	clustered_cis_ohnolog	body	33	0.675	0	108139	0.0	0.0
clust0017	clustered_cis_ohnolog	body	34	0.725	0	108139	0.0	0.0
clust0017	clustered_cis_ohnolog	body	35	0.775	0	108138	0.0	0.0
clust0017	clustered_cis_ohnolog	body	36	0.825	1	108139	0.001997	0.009247
clust0017	clustered_cis_ohnolog	body	37	0.875	0	108139	0.0	0.0
clust0017	clustered_cis_ohnolog	body	38	0.925	1	108139	0.00148	0.009247
clust0017	clustered_cis_ohnolog	body	39	0.975	6	108139	0.010634	0.055484
clust0017	clustered_cis_ohnolog	right_flank	40	1.025	0	5000	0.0	0.0
clust0017	clustered_cis_ohnolog	right_flank	41	1.075	0	5000	0.0	0.0
clust0017	clustered_cis_ohnolog	right_flank	42	1.125	0	5000	0.0	0.0
clust0017	clustered_cis_ohnolog	right_flank	43	1.175	0	5000	0.0	0.0
clust0017	clustered_cis_ohnolog	right_flank	44	1.225	0	5000	0.0	0.0
clust0017	clustered_cis_ohnolog	right_flank	45	1.275	0	5000	0.0	0.0
clust0017	clustered_cis_ohnolog	right_flank	46	1.325	0	5000	0.0	0.0
clust0017	clustered_cis_ohnolog	right_flank	47	1.375	0	5000	0.0	0.0
clust0017	clustered_cis_ohnolog	right_flank	48	1.425	0	5000	0.0	0.0
clust0017	clustered_cis_ohnolog	right_flank	49	1.475	0	5000	0.0	0.0
clust0017	clustered_cis_ohnolog	right_flank	50	1.525	0	5000	0.0	0.0
clust0017	clustered_cis_ohnolog	right_flank	51	1.575	0	5000	0.0	0.0
clust0017	clustered_cis_ohnolog	right_flank	52	1.625	0	5000	0.0	0.0
clust0017	clustered_cis_ohnolog	right_flank	53	1.675	0	5000	0.0	0.0
clust0017	clustered_cis_ohnolog	right_flank	54	1.725	0	5000	0.0	0.0
clust0017	clustered_cis_ohnolog	right_flank	55	1.775	0	5000	0.0	0.0
clust0017	clustered_cis_ohnolog	right_flank	56	1.825	0	5000	0.0	0.0
clust0017	clustered_cis_ohnolog	right_flank	57	1.875	0	5000	0.0	0.0
clust0017	clustered_cis_ohnolog	right_flank	58	1.925	0	5000	0.0	0.0
clust0017	clustered_cis_ohnolog	right_flank	59	1.975	0	5000	0.0	0.0
clust0078	clustered_cis_ohnolog	left_flank	0	-0.975	0	5000	0.0	0.0
clust0078	clustered_cis_ohnolog	left_flank	1	-0.925	0	5000	0.0	0.0
clust0078	clustered_cis_ohnolog	left_flank	2	-0.875	1	5000	0.0432	0.2
clust0078	clustered_cis_ohnolog	left_flank	3	-0.825	2	5000	0.0864	0.4
clust0078	clustered_cis_ohnolog	left_flank	4	-0.775	0	5000	0.0	0.0
clust0078	clustered_cis_ohnolog	left_flank	5	-0.725	0	5000	0.0	0.0
clust0078	clustered_cis_ohnolog	left_flank	6	-0.675	0	5000	0.0	0.0
clust0078	clustered_cis_ohnolog	left_flank	7	-0.625	1	5000	0.018	0.2
clust0078	clustered_cis_ohnolog	left_flank	8	-0.575	1	5000	0.0432	0.2
clust0078	clustered_cis_ohnolog	left_flank	9	-0.525	0	5000	0.0	0.0
clust0078	clustered_cis_ohnolog	left_flank	10	-0.475	0	5000	0.0	0.0
clust0078	clustered_cis_ohnolog	left_flank	11	-0.425	0	5000	0.0	0.0
clust0078	clustered_cis_ohnolog	left_flank	12	-0.375	0	5000	0.0	0.0
clust0078	clustered_cis_ohnolog	left_flank	13	-0.325	0	5000	0.0	0.0
clust0078	clustered_cis_ohnolog	left_flank	14	-0.275	0	5000	0.0	0.0
clust0078	clustered_cis_ohnolog	left_flank	15	-0.225	0	5000	0.0	0.0
clust0078	clustered_cis_ohnolog	left_flank	16	-0.175	0	5000	0.0	0.0
clust0078	clustered_cis_ohnolog	left_flank	17	-0.125	0	5000	0.0	0.0
clust0078	clustered_cis_ohnolog	left_flank	18	-0.075	0	5000	0.0	0.0
clust0078	clustered_cis_ohnolog	left_flank	19	-0.025	0	5000	0.0	0.0
clust0078	clustered_cis_ohnolog	body	20	0.025	1	4137	0.052212	0.241721
clust0078	clustered_cis_ohnolog	body	21	0.075	0	4138	0.0	0.0
clust0078	clustered_cis_ohnolog	body	22	0.125	0	4137	0.0	0.0
clust0078	clustered_cis_ohnolog	body	23	0.175	0	4138	0.0	0.0
clust0078	clustered_cis_ohnolog	body	24	0.225	0	4138	0.0	0.0
clust0078	clustered_cis_ohnolog	body	25	0.275	0	4137	0.0	0.0
clust0078	clustered_cis_ohnolog	body	26	0.325	0	4138	0.0	0.0
clust0078	clustered_cis_ohnolog	body	27	0.375	0	4137	0.0	0.0
clust0078	clustered_cis_ohnolog	body	28	0.425	0	4138	0.0	0.0
clust0078	clustered_cis_ohnolog	body	29	0.475	0	4138	0.0	0.0
clust0078	clustered_cis_ohnolog	body	30	0.525	0	4137	0.0	0.0
clust0078	clustered_cis_ohnolog	body	31	0.575	0	4138	0.0	0.0
clust0078	clustered_cis_ohnolog	body	32	0.625	0	4137	0.0	0.0
clust0078	clustered_cis_ohnolog	body	33	0.675	0	4138	0.0	0.0
clust0078	clustered_cis_ohnolog	body	34	0.725	0	4138	0.0	0.0
clust0078	clustered_cis_ohnolog	body	35	0.775	0	4137	0.0	0.0
clust0078	clustered_cis_ohnolog	body	36	0.825	0	4138	0.0	0.0
clust0078	clustered_cis_ohnolog	body	37	0.875	1	4137	0.052212	0.241721
clust0078	clustered_cis_ohnolog	body	38	0.925	0	4138	0.0	0.0
clust0078	clustered_cis_ohnolog	body	39	0.975	0	4138	0.0	0.0
clust0078	clustered_cis_ohnolog	right_flank	40	1.025	0	5000	0.0	0.0
clust0078	clustered_cis_ohnolog	right_flank	41	1.075	0	5000	0.0	0.0
clust0078	clustered_cis_ohnolog	right_flank	42	1.125	0	5000	0.0	0.0
clust0078	clustered_cis_ohnolog	right_flank	43	1.175	1	5000	0.0432	0.2
clust0078	clustered_cis_ohnolog	right_flank	44	1.225	1	5000	0.0274	0.2
clust0078	clustered_cis_ohnolog	right_flank	45	1.275	0	5000	0.0	0.0
clust0078	clustered_cis_ohnolog	right_flank	46	1.325	1	5000	0.0432	0.2
clust0078	clustered_cis_ohnolog	right_flank	47	1.375	0	5000	0.0	0.0
clust0078	clustered_cis_ohnolog	right_flank	48	1.425	0	5000	0.0	0.0
clust0078	clustered_cis_ohnolog	right_flank	49	1.475	1	5000	0.0244	0.2
clust0078	clustered_cis_ohnolog	right_flank	50	1.525	0	5000	0.0	0.0
clust0078	clustered_cis_ohnolog	right_flank	51	1.575	0	5000	0.0	0.0
clust0078	clustered_cis_ohnolog	right_flank	52	1.625	0	5000	0.0	0.0
clust0078	clustered_cis_ohnolog	right_flank	53	1.675	0	5000	0.0	0.0
clust0078	clustered_cis_ohnolog	right_flank	54	1.725	0	5000	0.0	0.0
clust0078	clustered_cis_ohnolog	right_flank	55	1.775	0	5000	0.0	0.0
clust0078	clustered_cis_ohnolog	right_flank	56	1.825	0	5000	0.0	0.0
clust0078	clustered_cis_ohnolog	right_flank	57	1.875	0	5000	0.0	0.0
clust0078	clustered_cis_ohnolog	right_flank	58	1.925	0	5000	0.0	0.0
clust0078	clustered_cis_ohnolog	right_flank	59	1.975	0	5000	0.0	0.0
clust0048	clustered_cis_ohnolog	left_flank	0	-0.975	0	5000	0.0	0.0
clust0048	clustered_cis_ohnolog	left_flank	1	-0.925	1	5000	0.029	0.2
clust0048	clustered_cis_ohnolog	left_flank	2	-0.875	1	5000	0.0432	0.2
clust0048	clustered_cis_ohnolog	left_flank	3	-0.825	0	5000	0.0	0.0
clust0048	clustered_cis_ohnolog	left_flank	4	-0.775	0	5000	0.0	0.0
clust0048	clustered_cis_ohnolog	left_flank	5	-0.725	0	5000	0.0	0.0
clust0048	clustered_cis_ohnolog	left_flank	6	-0.675	0	5000	0.0	0.0
clust0048	clustered_cis_ohnolog	left_flank	7	-0.625	0	5000	0.0	0.0
clust0048	clustered_cis_ohnolog	left_flank	8	-0.575	1	5000	0.02	0.2
clust0048	clustered_cis_ohnolog	left_flank	9	-0.525	0	5000	0.0	0.0
clust0048	clustered_cis_ohnolog	left_flank	10	-0.475	0	5000	0.0	0.0
clust0048	clustered_cis_ohnolog	left_flank	11	-0.425	0	5000	0.0	0.0
clust0048	clustered_cis_ohnolog	left_flank	12	-0.375	1	5000	0.0124	0.2
clust0048	clustered_cis_ohnolog	left_flank	13	-0.325	0	5000	0.0	0.0
clust0048	clustered_cis_ohnolog	left_flank	14	-0.275	0	5000	0.0	0.0
clust0048	clustered_cis_ohnolog	left_flank	15	-0.225	0	5000	0.0	0.0
clust0048	clustered_cis_ohnolog	left_flank	16	-0.175	0	5000	0.0	0.0
clust0048	clustered_cis_ohnolog	left_flank	17	-0.125	2	5000	0.073	0.4
clust0048	clustered_cis_ohnolog	left_flank	18	-0.075	0	5000	0.0	0.0
clust0048	clustered_cis_ohnolog	left_flank	19	-0.025	0	5000	0.0	0.0
clust0048	clustered_cis_ohnolog	body	20	0.025	0	2104	0.0	0.0
clust0048	clustered_cis_ohnolog	body	21	0.075	0	2105	0.0	0.0
clust0048	clustered_cis_ohnolog	body	22	0.125	0	2105	0.0	0.0
clust0048	clustered_cis_ohnolog	body	23	0.175	0	2105	0.0	0.0
clust0048	clustered_cis_ohnolog	body	24	0.225	0	2105	0.0	0.0
clust0048	clustered_cis_ohnolog	body	25	0.275	0	2105	0.021853	0.0
clust0048	clustered_cis_ohnolog	body	26	0.325	1	2105	0.009026	0.475059
clust0048	clustered_cis_ohnolog	body	27	0.375	0	2105	0.0	0.0
clust0048	clustered_cis_ohnolog	body	28	0.425	0	2105	0.0	0.0
clust0048	clustered_cis_ohnolog	body	29	0.475	0	2105	0.0	0.0
clust0048	clustered_cis_ohnolog	body	30	0.525	0	2104	0.0	0.0
clust0048	clustered_cis_ohnolog	body	31	0.575	0	2105	0.0	0.0
clust0048	clustered_cis_ohnolog	body	32	0.625	0	2105	0.0	0.0
clust0048	clustered_cis_ohnolog	body	33	0.675	0	2105	0.0	0.0
clust0048	clustered_cis_ohnolog	body	34	0.725	0	2105	0.0	0.0
clust0048	clustered_cis_ohnolog	body	35	0.775	0	2105	0.0	0.0
clust0048	clustered_cis_ohnolog	body	36	0.825	0	2105	0.0	0.0
clust0048	clustered_cis_ohnolog	body	37	0.875	0	2105	0.0	0.0
clust0048	clustered_cis_ohnolog	body	38	0.925	0	2105	0.0	0.0
clust0048	clustered_cis_ohnolog	body	39	0.975	0	2105	0.0	0.0
clust0048	clustered_cis_ohnolog	right_flank	40	1.025	0	5000	0.0	0.0
clust0048	clustered_cis_ohnolog	right_flank	41	1.075	0	5000	0.0	0.0
clust0048	clustered_cis_ohnolog	right_flank	42	1.125	0	5000	0.0	0.0
clust0048	clustered_cis_ohnolog	right_flank	43	1.175	0	5000	0.0	0.0
clust0048	clustered_cis_ohnolog	right_flank	44	1.225	1	5000	0.0282	0.2
clust0048	clustered_cis_ohnolog	right_flank	45	1.275	1	5000	0.0432	0.2
clust0048	clustered_cis_ohnolog	right_flank	46	1.325	0	5000	0.0	0.0
clust0048	clustered_cis_ohnolog	right_flank	47	1.375	0	5000	0.0	0.0
clust0048	clustered_cis_ohnolog	right_flank	48	1.425	0	5000	0.0	0.0
clust0048	clustered_cis_ohnolog	right_flank	49	1.475	0	5000	0.0	0.0
clust0048	clustered_cis_ohnolog	right_flank	50	1.525	0	5000	0.0	0.0
clust0048	clustered_cis_ohnolog	right_flank	51	1.575	0	5000	0.0	0.0
clust0048	clustered_cis_ohnolog	right_flank	52	1.625	0	5000	0.0	0.0
clust0048	clustered_cis_ohnolog	right_flank	53	1.675	0	5000	0.0	0.0
clust0048	clustered_cis_ohnolog	right_flank	54	1.725	0	5000	0.0	0.0
clust0048	clustered_cis_ohnolog	right_flank	55	1.775	0	5000	0.0	0.0
clust0048	clustered_cis_ohnolog	right_flank	56	1.825	0	5000	0.0	0.0
clust0048	clustered_cis_ohnolog	right_flank	57	1.875	0	5000	0.0	0.0
clust0048	clustered_cis_ohnolog	right_flank	58	1.925	0	5000	0.0	0.0
clust0048	clustered_cis_ohnolog	right_flank	59	1.975	0	5000	0.0	0.0
clust0049	clustered_cis_ohnolog	left_flank	0	-0.975	0	5000	0.0	0.0
clust0049	clustered_cis_ohnolog	left_flank	1	-0.925	0	5000	0.0	0.0
clust0049	clustered_cis_ohnolog	left_flank	2	-0.875	0	5000	0.0	0.0
clust0049	clustered_cis_ohnolog	left_flank	3	-0.825	0	5000	0.0	0.0
clust0049	clustered_cis_ohnolog	left_flank	4	-0.775	0	5000	0.0	0.0
clust0049	clustered_cis_ohnolog	left_flank	5	-0.725	0	5000	0.0	0.0
clust0049	clustered_cis_ohnolog	left_flank	6	-0.675	0	5000	0.0	0.0
clust0049	clustered_cis_ohnolog	left_flank	7	-0.625	0	5000	0.0	0.0
clust0049	clustered_cis_ohnolog	left_flank	8	-0.575	0	5000	0.0	0.0
clust0049	clustered_cis_ohnolog	left_flank	9	-0.525	0	5000	0.0	0.0
clust0049	clustered_cis_ohnolog	left_flank	10	-0.475	0	5000	0.0	0.0
clust0049	clustered_cis_ohnolog	left_flank	11	-0.425	0	5000	0.0	0.0
clust0049	clustered_cis_ohnolog	left_flank	12	-0.375	0	5000	0.0	0.0
clust0049	clustered_cis_ohnolog	left_flank	13	-0.325	0	5000	0.0	0.0
clust0049	clustered_cis_ohnolog	left_flank	14	-0.275	0	5000	0.0	0.0
clust0049	clustered_cis_ohnolog	left_flank	15	-0.225	0	5000	0.0	0.0
clust0049	clustered_cis_ohnolog	left_flank	16	-0.175	0	5000	0.0	0.0
clust0049	clustered_cis_ohnolog	left_flank	17	-0.125	0	5000	0.0	0.0
clust0049	clustered_cis_ohnolog	left_flank	18	-0.075	0	5000	0.0	0.0
clust0049	clustered_cis_ohnolog	left_flank	19	-0.025	0	5000	0.0	0.0
clust0049	clustered_cis_ohnolog	body	20	0.025	0	3387	0.0	0.0
clust0049	clustered_cis_ohnolog	body	21	0.075	0	3388	0.0	0.0
clust0049	clustered_cis_ohnolog	body	22	0.125	0	3387	0.0	0.0
clust0049	clustered_cis_ohnolog	body	23	0.175	1	3388	0.018005	0.295159
clust0049	clustered_cis_ohnolog	body	24	0.225	1	3387	0.054325	0.295247
clust0049	clustered_cis_ohnolog	body	25	0.275	0	3388	0.0	0.0
clust0049	clustered_cis_ohnolog	body	26	0.325	0	3387	0.0	0.0
clust0049	clustered_cis_ohnolog	body	27	0.375	0	3388	0.0	0.0
clust0049	clustered_cis_ohnolog	body	28	0.425	0	3387	0.0	0.0
clust0049	clustered_cis_ohnolog	body	29	0.475	1	3388	0.063754	0.295159
clust0049	clustered_cis_ohnolog	body	30	0.525	0	3387	0.0	0.0
clust0049	clustered_cis_ohnolog	body	31	0.575	1	3388	0.040142	0.295159
clust0049	clustered_cis_ohnolog	body	32	0.625	0	3387	0.0	0.0
clust0049	clustered_cis_ohnolog	body	33	0.675	0	3388	0.0	0.0
clust0049	clustered_cis_ohnolog	body	34	0.725	0	3387	0.0	0.0
clust0049	clustered_cis_ohnolog	body	35	0.775	0	3388	0.0	0.0
clust0049	clustered_cis_ohnolog	body	36	0.825	0	3387	0.0	0.0
clust0049	clustered_cis_ohnolog	body	37	0.875	0	3388	0.0	0.0
clust0049	clustered_cis_ohnolog	body	38	0.925	0	3387	0.0	0.0
clust0049	clustered_cis_ohnolog	body	39	0.975	0	3388	0.0	0.0
clust0049	clustered_cis_ohnolog	right_flank	40	1.025	1	5000	0.0432	0.2
clust0049	clustered_cis_ohnolog	right_flank	41	1.075	0	5000	0.0	0.0
clust0049	clustered_cis_ohnolog	right_flank	42	1.125	0	5000	0.0	0.0
clust0049	clustered_cis_ohnolog	right_flank	43	1.175	0	5000	0.0	0.0
clust0049	clustered_cis_ohnolog	right_flank	44	1.225	0	5000	0.0	0.0
clust0049	clustered_cis_ohnolog	right_flank	45	1.275	0	5000	0.0	0.0
clust0049	clustered_cis_ohnolog	right_flank	46	1.325	0	5000	0.0	0.0
clust0049	clustered_cis_ohnolog	right_flank	47	1.375	0	5000	0.0	0.0
clust0049	clustered_cis_ohnolog	right_flank	48	1.425	0	5000	0.0	0.0
clust0049	clustered_cis_ohnolog	right_flank	49	1.475	0	5000	0.0	0.0
clust0049	clustered_cis_ohnolog	right_flank	50	1.525	0	5000	0.0	0.0
clust0049	clustered_cis_ohnolog	right_flank	51	1.575	0	5000	0.0	0.0
clust0049	clustered_cis_ohnolog	right_flank	52	1.625	0	5000	0.0	0.0
clust0049	clustered_cis_ohnolog	right_flank	53	1.675	0	5000	0.0	0.0
clust0049	clustered_cis_ohnolog	right_flank	54	1.725	0	5000	0.0	0.0
clust0049	clustered_cis_ohnolog	right_flank	55	1.775	0	5000	0.0	0.0
clust0049	clustered_cis_ohnolog	right_flank	56	1.825	0	5000	0.0	0.0
clust0049	clustered_cis_ohnolog	right_flank	57	1.875	0	5000	0.0	0.0
clust0049	clustered_cis_ohnolog	right_flank	58	1.925	0	5000	0.0	0.0
clust0049	clustered_cis_ohnolog	right_flank	59	1.975	0	5000	0.0	0.0
clust0050	clustered_cis_ohnolog	left_flank	0	-0.975	0	5000	0.0	0.0
clust0050	clustered_cis_ohnolog	left_flank	1	-0.925	0	5000	0.0	0.0
clust0050	clustered_cis_ohnolog	left_flank	2	-0.875	0	5000	0.0	0.0
clust0050	clustered_cis_ohnolog	left_flank	3	-0.825	0	5000	0.0	0.0
clust0050	clustered_cis_ohnolog	left_flank	4	-0.775	0	5000	0.0	0.0
clust0050	clustered_cis_ohnolog	left_flank	5	-0.725	0	5000	0.0	0.0
clust0050	clustered_cis_ohnolog	left_flank	6	-0.675	0	5000	0.0	0.0
clust0050	clustered_cis_ohnolog	left_flank	7	-0.625	0	5000	0.0	0.0
clust0050	clustered_cis_ohnolog	left_flank	8	-0.575	0	5000	0.0	0.0
clust0050	clustered_cis_ohnolog	left_flank	9	-0.525	0	5000	0.0	0.0
clust0050	clustered_cis_ohnolog	left_flank	10	-0.475	0	5000	0.0	0.0
clust0050	clustered_cis_ohnolog	left_flank	11	-0.425	0	5000	0.0	0.0
clust0050	clustered_cis_ohnolog	left_flank	12	-0.375	0	5000	0.0	0.0
clust0050	clustered_cis_ohnolog	left_flank	13	-0.325	0	5000	0.0	0.0
clust0050	clustered_cis_ohnolog	left_flank	14	-0.275	0	5000	0.0	0.0
clust0050	clustered_cis_ohnolog	left_flank	15	-0.225	0	5000	0.0	0.0
clust0050	clustered_cis_ohnolog	left_flank	16	-0.175	0	5000	0.0	0.0
clust0050	clustered_cis_ohnolog	left_flank	17	-0.125	0	5000	0.0	0.0
clust0050	clustered_cis_ohnolog	left_flank	18	-0.075	0	5000	0.0	0.0
clust0050	clustered_cis_ohnolog	left_flank	19	-0.025	0	5000	0.0	0.0
clust0050	clustered_cis_ohnolog	body	20	0.025	0	908	0.0	0.0
clust0050	clustered_cis_ohnolog	body	21	0.075	0	908	0.0	0.0
clust0050	clustered_cis_ohnolog	body	22	0.125	1	908	0.237885	1.101322
clust0050	clustered_cis_ohnolog	body	23	0.175	0	908	0.0	0.0
clust0050	clustered_cis_ohnolog	body	24	0.225	0	908	0.0	0.0
clust0050	clustered_cis_ohnolog	body	25	0.275	0	908	0.0	0.0
clust0050	clustered_cis_ohnolog	body	26	0.325	0	908	0.0	0.0
clust0050	clustered_cis_ohnolog	body	27	0.375	0	908	0.0	0.0
clust0050	clustered_cis_ohnolog	body	28	0.425	0	908	0.0	0.0
clust0050	clustered_cis_ohnolog	body	29	0.475	0	908	0.0	0.0
clust0050	clustered_cis_ohnolog	body	30	0.525	0	908	0.0	0.0
clust0050	clustered_cis_ohnolog	body	31	0.575	0	908	0.0	0.0
clust0050	clustered_cis_ohnolog	body	32	0.625	0	908	0.0	0.0
clust0050	clustered_cis_ohnolog	body	33	0.675	0	908	0.0	0.0
clust0050	clustered_cis_ohnolog	body	34	0.725	0	908	0.0	0.0
clust0050	clustered_cis_ohnolog	body	35	0.775	0	908	0.0	0.0
clust0050	clustered_cis_ohnolog	body	36	0.825	0	908	0.0	0.0
clust0050	clustered_cis_ohnolog	body	37	0.875	0	908	0.0	0.0
clust0050	clustered_cis_ohnolog	body	38	0.925	0	908	0.0	0.0
clust0050	clustered_cis_ohnolog	body	39	0.975	0	908	0.0	0.0
clust0050	clustered_cis_ohnolog	right_flank	40	1.025	2	5000	0.075	0.4
clust0050	clustered_cis_ohnolog	right_flank	41	1.075	0	5000	0.0	0.0
clust0050	clustered_cis_ohnolog	right_flank	42	1.125	1	5000	0.0432	0.2
clust0050	clustered_cis_ohnolog	right_flank	43	1.175	0	5000	0.0	0.0
clust0050	clustered_cis_ohnolog	right_flank	44	1.225	1	5000	0.0146	0.2
clust0050	clustered_cis_ohnolog	right_flank	45	1.275	0	5000	0.0	0.0
clust0050	clustered_cis_ohnolog	right_flank	46	1.325	0	5000	0.0	0.0
clust0050	clustered_cis_ohnolog	right_flank	47	1.375	0	5000	0.0	0.0
clust0050	clustered_cis_ohnolog	right_flank	48	1.425	0	5000	0.0	0.0
clust0050	clustered_cis_ohnolog	right_flank	49	1.475	0	5000	0.0	0.0
clust0050	clustered_cis_ohnolog	right_flank	50	1.525	0	5000	0.0	0.0
clust0050	clustered_cis_ohnolog	right_flank	51	1.575	0	5000	0.0	0.0
clust0050	clustered_cis_ohnolog	right_flank	52	1.625	0	5000	0.0	0.0
clust0050	clustered_cis_ohnolog	right_flank	53	1.675	1	5000	0.0432	0.2
clust0050	clustered_cis_ohnolog	right_flank	54	1.725	0	5000	0.0	0.0
clust0050	clustered_cis_ohnolog	right_flank	55	1.775	0	5000	0.0	0.0
clust0050	clustered_cis_ohnolog	right_flank	56	1.825	0	5000	0.0	0.0
clust0050	clustered_cis_ohnolog	right_flank	57	1.875	0	5000	0.0	0.0
clust0050	clustered_cis_ohnolog	right_flank	58	1.925	0	5000	0.0	0.0
clust0050	clustered_cis_ohnolog	right_flank	59	1.975	0	5000	0.0	0.0
clust0068	clustered_cis_ohnolog	left_flank	0	-0.975	0	5000	0.0	0.0
clust0068	clustered_cis_ohnolog	left_flank	1	-0.925	0	5000	0.0	0.0
clust0068	clustered_cis_ohnolog	left_flank	2	-0.875	0	5000	0.0	0.0
clust0068	clustered_cis_ohnolog	left_flank	3	-0.825	0	5000	0.0	0.0
clust0068	clustered_cis_ohnolog	left_flank	4	-0.775	0	5000	0.0	0.0
clust0068	clustered_cis_ohnolog	left_flank	5	-0.725	0	5000	0.0	0.0
clust0068	clustered_cis_ohnolog	left_flank	6	-0.675	0	5000	0.0	0.0
clust0068	clustered_cis_ohnolog	left_flank	7	-0.625	0	5000	0.0	0.0
clust0068	clustered_cis_ohnolog	left_flank	8	-0.575	1	5000	0.0432	0.2
clust0068	clustered_cis_ohnolog	left_flank	9	-0.525	1	5000	0.0432	0.2
clust0068	clustered_cis_ohnolog	left_flank	10	-0.475	0	5000	0.0	0.0
clust0068	clustered_cis_ohnolog	left_flank	11	-0.425	0	5000	0.0	0.0
clust0068	clustered_cis_ohnolog	left_flank	12	-0.375	0	5000	0.0	0.0
clust0068	clustered_cis_ohnolog	left_flank	13	-0.325	0	5000	0.0	0.0
clust0068	clustered_cis_ohnolog	left_flank	14	-0.275	0	5000	0.0	0.0
clust0068	clustered_cis_ohnolog	left_flank	15	-0.225	0	5000	0.0	0.0
clust0068	clustered_cis_ohnolog	left_flank	16	-0.175	0	5000	0.0	0.0
clust0068	clustered_cis_ohnolog	left_flank	17	-0.125	0	5000	0.0	0.0
clust0068	clustered_cis_ohnolog	left_flank	18	-0.075	0	5000	0.0	0.0
clust0068	clustered_cis_ohnolog	left_flank	19	-0.025	0	5000	0.0	0.0
clust0068	clustered_cis_ohnolog	body	20	0.025	0	12156	0.0	0.0
clust0068	clustered_cis_ohnolog	body	21	0.075	0	12157	0.0	0.0
clust0068	clustered_cis_ohnolog	body	22	0.125	0	12157	0.0	0.0
clust0068	clustered_cis_ohnolog	body	23	0.175	1	12157	0.017768	0.082257
clust0068	clustered_cis_ohnolog	body	24	0.225	0	12157	0.0	0.0
clust0068	clustered_cis_ohnolog	body	25	0.275	0	12156	0.0	0.0
clust0068	clustered_cis_ohnolog	body	26	0.325	0	12157	0.0	0.0
clust0068	clustered_cis_ohnolog	body	27	0.375	1	12157	0.017768	0.082257
clust0068	clustered_cis_ohnolog	body	28	0.425	0	12157	0.0	0.0
clust0068	clustered_cis_ohnolog	body	29	0.475	0	12157	0.0	0.0
clust0068	clustered_cis_ohnolog	body	30	0.525	1	12156	0.00617	0.082264
clust0068	clustered_cis_ohnolog	body	31	0.575	1	12157	0.017768	0.082257
clust0068	clustered_cis_ohnolog	body	32	0.625	0	12157	0.0	0.0
clust0068	clustered_cis_ohnolog	body	33	0.675	0	12157	0.0	0.0
clust0068	clustered_cis_ohnolog	body	34	0.725	0	12157	0.0	0.0
clust0068	clustered_cis_ohnolog	body	35	0.775	0	12156	0.0	0.0
clust0068	clustered_cis_ohnolog	body	36	0.825	0	12157	0.0	0.0
clust0068	clustered_cis_ohnolog	body	37	0.875	0	12157	0.0	0.0
clust0068	clustered_cis_ohnolog	body	38	0.925	0	12157	0.0	0.0
clust0068	clustered_cis_ohnolog	body	39	0.975	0	12157	0.0	0.0
clust0068	clustered_cis_ohnolog	right_flank	40	1.025	1	5000	0.0286	0.2
clust0068	clustered_cis_ohnolog	right_flank	41	1.075	0	5000	0.0	0.0
clust0068	clustered_cis_ohnolog	right_flank	42	1.125	1	5000	0.0212	0.2
clust0068	clustered_cis_ohnolog	right_flank	43	1.175	0	5000	0.0	0.0
clust0068	clustered_cis_ohnolog	right_flank	44	1.225	0	5000	0.0	0.0
clust0068	clustered_cis_ohnolog	right_flank	45	1.275	0	5000	0.0	0.0
clust0068	clustered_cis_ohnolog	right_flank	46	1.325	0	5000	0.0	0.0
clust0068	clustered_cis_ohnolog	right_flank	47	1.375	0	5000	0.0	0.0
clust0068	clustered_cis_ohnolog	right_flank	48	1.425	0	5000	0.0	0.0
clust0068	clustered_cis_ohnolog	right_flank	49	1.475	0	5000	0.0	0.0
clust0068	clustered_cis_ohnolog	right_flank	50	1.525	0	5000	0.0	0.0
clust0068	clustered_cis_ohnolog	right_flank	51	1.575	0	5000	0.0	0.0
clust0068	clustered_cis_ohnolog	right_flank	52	1.625	0	5000	0.0	0.0
clust0068	clustered_cis_ohnolog	right_flank	53	1.675	1	5000	0.0432	0.2
clust0068	clustered_cis_ohnolog	right_flank	54	1.725	0	5000	0.0	0.0
clust0068	clustered_cis_ohnolog	right_flank	55	1.775	0	5000	0.0	0.0
clust0068	clustered_cis_ohnolog	right_flank	56	1.825	1	5000	0.0432	0.2
clust0068	clustered_cis_ohnolog	right_flank	57	1.875	0	5000	0.0	0.0
clust0068	clustered_cis_ohnolog	right_flank	58	1.925	1	5000	0.0432	0.2
clust0068	clustered_cis_ohnolog	right_flank	59	1.975	0	5000	0.0	0.0
clust0051	clustered_cis_ohnolog	left_flank	0	-0.975	0	5000	0.0	0.0
clust0051	clustered_cis_ohnolog	left_flank	1	-0.925	1	5000	0.0432	0.2
clust0051	clustered_cis_ohnolog	left_flank	2	-0.875	0	5000	0.0	0.0
clust0051	clustered_cis_ohnolog	left_flank	3	-0.825	0	5000	0.0	0.0
clust0051	clustered_cis_ohnolog	left_flank	4	-0.775	0	5000	0.0	0.0
clust0051	clustered_cis_ohnolog	left_flank	5	-0.725	0	5000	0.0	0.0
clust0051	clustered_cis_ohnolog	left_flank	6	-0.675	0	5000	0.0	0.0
clust0051	clustered_cis_ohnolog	left_flank	7	-0.625	0	5000	0.0	0.0
clust0051	clustered_cis_ohnolog	left_flank	8	-0.575	0	5000	0.0	0.0
clust0051	clustered_cis_ohnolog	left_flank	9	-0.525	0	5000	0.0	0.0
clust0051	clustered_cis_ohnolog	left_flank	10	-0.475	0	5000	0.0	0.0
clust0051	clustered_cis_ohnolog	left_flank	11	-0.425	0	5000	0.0	0.0
clust0051	clustered_cis_ohnolog	left_flank	12	-0.375	0	5000	0.0	0.0
clust0051	clustered_cis_ohnolog	left_flank	13	-0.325	0	5000	0.0	0.0
clust0051	clustered_cis_ohnolog	left_flank	14	-0.275	0	5000	0.0	0.0
clust0051	clustered_cis_ohnolog	left_flank	15	-0.225	0	5000	0.0	0.0
clust0051	clustered_cis_ohnolog	left_flank	16	-0.175	0	5000	0.0	0.0
clust0051	clustered_cis_ohnolog	left_flank	17	-0.125	0	5000	0.0	0.0
clust0051	clustered_cis_ohnolog	left_flank	18	-0.075	0	5000	0.0	0.0
clust0051	clustered_cis_ohnolog	left_flank	19	-0.025	0	5000	0.0	0.0
clust0051	clustered_cis_ohnolog	body	20	0.025	0	5934	0.0	0.0
clust0051	clustered_cis_ohnolog	body	21	0.075	0	5935	0.0	0.0
clust0051	clustered_cis_ohnolog	body	22	0.125	0	5935	0.0	0.0
clust0051	clustered_cis_ohnolog	body	23	0.175	0	5935	0.0	0.0
clust0051	clustered_cis_ohnolog	body	24	0.225	0	5935	0.0	0.0
clust0051	clustered_cis_ohnolog	body	25	0.275	0	5935	0.0	0.0
clust0051	clustered_cis_ohnolog	body	26	0.325	0	5935	0.0	0.0
clust0051	clustered_cis_ohnolog	body	27	0.375	0	5935	0.0	0.0
clust0051	clustered_cis_ohnolog	body	28	0.425	0	5935	0.0	0.0
clust0051	clustered_cis_ohnolog	body	29	0.475	0	5935	0.0	0.0
clust0051	clustered_cis_ohnolog	body	30	0.525	0	5935	0.0	0.0
clust0051	clustered_cis_ohnolog	body	31	0.575	0	5935	0.0	0.0
clust0051	clustered_cis_ohnolog	body	32	0.625	0	5935	0.0	0.0
clust0051	clustered_cis_ohnolog	body	33	0.675	0	5935	0.0	0.0
clust0051	clustered_cis_ohnolog	body	34	0.725	0	5935	0.0	0.0
clust0051	clustered_cis_ohnolog	body	35	0.775	0	5935	0.0	0.0
clust0051	clustered_cis_ohnolog	body	36	0.825	0	5935	0.0	0.0
clust0051	clustered_cis_ohnolog	body	37	0.875	0	5935	0.0	0.0
clust0051	clustered_cis_ohnolog	body	38	0.925	2	5935	0.066217	0.336984
clust0051	clustered_cis_ohnolog	body	39	0.975	0	5935	0.0	0.0
clust0051	clustered_cis_ohnolog	right_flank	40	1.025	0	5000	0.0	0.0
clust0051	clustered_cis_ohnolog	right_flank	41	1.075	0	5000	0.0	0.0
clust0051	clustered_cis_ohnolog	right_flank	42	1.125	0	5000	0.0214	0.0
clust0051	clustered_cis_ohnolog	right_flank	43	1.175	2	5000	0.065	0.4
clust0051	clustered_cis_ohnolog	right_flank	44	1.225	0	5000	0.0	0.0
clust0051	clustered_cis_ohnolog	right_flank	45	1.275	0	5000	0.0	0.0
clust0051	clustered_cis_ohnolog	right_flank	46	1.325	0	5000	0.0	0.0
clust0051	clustered_cis_ohnolog	right_flank	47	1.375	0	5000	0.0	0.0
clust0051	clustered_cis_ohnolog	right_flank	48	1.425	0	5000	0.0	0.0
clust0051	clustered_cis_ohnolog	right_flank	49	1.475	0	5000	0.0	0.0
clust0051	clustered_cis_ohnolog	right_flank	50	1.525	0	5000	0.0	0.0
clust0051	clustered_cis_ohnolog	right_flank	51	1.575	1	5000	0.017	0.2
clust0051	clustered_cis_ohnolog	right_flank	52	1.625	0	5000	0.0	0.0
clust0051	clustered_cis_ohnolog	right_flank	53	1.675	0	5000	0.0	0.0
clust0051	clustered_cis_ohnolog	right_flank	54	1.725	0	5000	0.0	0.0
clust0051	clustered_cis_ohnolog	right_flank	55	1.775	0	5000	0.0	0.0
clust0051	clustered_cis_ohnolog	right_flank	56	1.825	0	5000	0.0	0.0
clust0051	clustered_cis_ohnolog	right_flank	57	1.875	0	5000	0.0	0.0
clust0051	clustered_cis_ohnolog	right_flank	58	1.925	0	5000	0.0	0.0
clust0051	clustered_cis_ohnolog	right_flank	59	1.975	0	5000	0.0	0.0
clust0021	clustered_cis_ohnolog	left_flank	0	-0.975	0	5000	0.0	0.0
clust0021	clustered_cis_ohnolog	left_flank	1	-0.925	0	5000	0.0	0.0
clust0021	clustered_cis_ohnolog	left_flank	2	-0.875	0	5000	0.0	0.0
clust0021	clustered_cis_ohnolog	left_flank	3	-0.825	1	5000	0.0432	0.2
clust0021	clustered_cis_ohnolog	left_flank	4	-0.775	0	5000	0.0	0.0
clust0021	clustered_cis_ohnolog	left_flank	5	-0.725	0	5000	0.0	0.0
clust0021	clustered_cis_ohnolog	left_flank	6	-0.675	1	5000	0.0432	0.2
clust0021	clustered_cis_ohnolog	left_flank	7	-0.625	0	5000	0.0	0.0
clust0021	clustered_cis_ohnolog	left_flank	8	-0.575	0	5000	0.0	0.0
clust0021	clustered_cis_ohnolog	left_flank	9	-0.525	0	5000	0.0	0.0
clust0021	clustered_cis_ohnolog	left_flank	10	-0.475	0	5000	0.0	0.0
clust0021	clustered_cis_ohnolog	left_flank	11	-0.425	0	5000	0.0	0.0
clust0021	clustered_cis_ohnolog	left_flank	12	-0.375	0	5000	0.0	0.0
clust0021	clustered_cis_ohnolog	left_flank	13	-0.325	0	5000	0.0	0.0
clust0021	clustered_cis_ohnolog	left_flank	14	-0.275	0	5000	0.0	0.0
clust0021	clustered_cis_ohnolog	left_flank	15	-0.225	0	5000	0.0	0.0
clust0021	clustered_cis_ohnolog	left_flank	16	-0.175	0	5000	0.0	0.0
clust0021	clustered_cis_ohnolog	left_flank	17	-0.125	0	5000	0.0	0.0
clust0021	clustered_cis_ohnolog	left_flank	18	-0.075	0	5000	0.0	0.0
clust0021	clustered_cis_ohnolog	left_flank	19	-0.025	0	5000	0.0	0.0
clust0021	clustered_cis_ohnolog	body	20	0.025	1	91378	0.000733	0.010944
clust0021	clustered_cis_ohnolog	body	21	0.075	0	91379	0.0	0.0
clust0021	clustered_cis_ohnolog	body	22	0.125	1	91379	0.002364	0.010943
clust0021	clustered_cis_ohnolog	body	23	0.175	2	91379	0.003633	0.021887
clust0021	clustered_cis_ohnolog	body	24	0.225	5	91379	0.009258	0.054717
clust0021	clustered_cis_ohnolog	body	25	0.275	1	91378	0.001302	0.010944
clust0021	clustered_cis_ohnolog	body	26	0.325	1	91379	0.00162	0.010943
clust0021	clustered_cis_ohnolog	body	27	0.375	1	91379	0.002364	0.010943
clust0021	clustered_cis_ohnolog	body	28	0.425	0	91379	0.0	0.0
clust0021	clustered_cis_ohnolog	body	29	0.475	0	91379	0.0	0.0
clust0021	clustered_cis_ohnolog	body	30	0.525	1	91378	0.002364	0.010944
clust0021	clustered_cis_ohnolog	body	31	0.575	0	91379	0.0	0.0
clust0021	clustered_cis_ohnolog	body	32	0.625	0	91379	0.0	0.0
clust0021	clustered_cis_ohnolog	body	33	0.675	2	91379	0.004728	0.021887
clust0021	clustered_cis_ohnolog	body	34	0.725	1	91379	0.002364	0.010943
clust0021	clustered_cis_ohnolog	body	35	0.775	4	91378	0.008437	0.043774
clust0021	clustered_cis_ohnolog	body	36	0.825	1	91379	0.002364	0.010943
clust0021	clustered_cis_ohnolog	body	37	0.875	2	91379	0.003972	0.021887
clust0021	clustered_cis_ohnolog	body	38	0.925	0	91379	0.0	0.0
clust0021	clustered_cis_ohnolog	body	39	0.975	4	91379	0.00754	0.043774
clust0021	clustered_cis_ohnolog	right_flank	40	1.025	0	5000	0.0	0.0
clust0021	clustered_cis_ohnolog	right_flank	41	1.075	0	5000	0.0	0.0
clust0021	clustered_cis_ohnolog	right_flank	42	1.125	1	5000	0.0432	0.2
clust0021	clustered_cis_ohnolog	right_flank	43	1.175	0	5000	0.0	0.0
clust0021	clustered_cis_ohnolog	right_flank	44	1.225	0	5000	0.0	0.0
clust0021	clustered_cis_ohnolog	right_flank	45	1.275	0	5000	0.0	0.0
clust0021	clustered_cis_ohnolog	right_flank	46	1.325	0	5000	0.0	0.0
clust0021	clustered_cis_ohnolog	right_flank	47	1.375	0	5000	0.0	0.0
clust0021	clustered_cis_ohnolog	right_flank	48	1.425	0	5000	0.0	0.0
clust0021	clustered_cis_ohnolog	right_flank	49	1.475	0	5000	0.0	0.0
clust0021	clustered_cis_ohnolog	right_flank	50	1.525	0	5000	0.0	0.0
clust0021	clustered_cis_ohnolog	right_flank	51	1.575	0	5000	0.0	0.0
clust0021	clustered_cis_ohnolog	right_flank	52	1.625	0	5000	0.0	0.0
clust0021	clustered_cis_ohnolog	right_flank	53	1.675	0	5000	0.0	0.0
clust0021	clustered_cis_ohnolog	right_flank	54	1.725	0	5000	0.0	0.0
clust0021	clustered_cis_ohnolog	right_flank	55	1.775	0	5000	0.0	0.0
clust0021	clustered_cis_ohnolog	right_flank	56	1.825	0	5000	0.0	0.0
clust0021	clustered_cis_ohnolog	right_flank	57	1.875	0	5000	0.0	0.0
clust0021	clustered_cis_ohnolog	right_flank	58	1.925	0	5000	0.0	0.0
clust0021	clustered_cis_ohnolog	right_flank	59	1.975	0	5000	0.0	0.0
clust0033	clustered_cis_ohnolog	left_flank	0	-0.975	0	5000	0.0	0.0
clust0033	clustered_cis_ohnolog	left_flank	1	-0.925	0	5000	0.0	0.0
clust0033	clustered_cis_ohnolog	left_flank	2	-0.875	0	5000	0.0	0.0
clust0033	clustered_cis_ohnolog	left_flank	3	-0.825	0	5000	0.0	0.0
clust0033	clustered_cis_ohnolog	left_flank	4	-0.775	0	5000	0.0	0.0
clust0033	clustered_cis_ohnolog	left_flank	5	-0.725	0	5000	0.0	0.0
clust0033	clustered_cis_ohnolog	left_flank	6	-0.675	0	5000	0.0	0.0
clust0033	clustered_cis_ohnolog	left_flank	7	-0.625	0	5000	0.0	0.0
clust0033	clustered_cis_ohnolog	left_flank	8	-0.575	0	5000	0.0	0.0
clust0033	clustered_cis_ohnolog	left_flank	9	-0.525	0	5000	0.0	0.0
clust0033	clustered_cis_ohnolog	left_flank	10	-0.475	1	5000	0.0432	0.2
clust0033	clustered_cis_ohnolog	left_flank	11	-0.425	0	5000	0.0	0.0
clust0033	clustered_cis_ohnolog	left_flank	12	-0.375	0	5000	0.0	0.0
clust0033	clustered_cis_ohnolog	left_flank	13	-0.325	0	5000	0.0	0.0
clust0033	clustered_cis_ohnolog	left_flank	14	-0.275	1	5000	0.0322	0.2
clust0033	clustered_cis_ohnolog	left_flank	15	-0.225	1	5000	0.036	0.2
clust0033	clustered_cis_ohnolog	left_flank	16	-0.175	0	5000	0.0	0.0
clust0033	clustered_cis_ohnolog	left_flank	17	-0.125	0	5000	0.0	0.0
clust0033	clustered_cis_ohnolog	left_flank	18	-0.075	0	5000	0.0	0.0
clust0033	clustered_cis_ohnolog	left_flank	19	-0.025	0	5000	0.0	0.0
clust0033	clustered_cis_ohnolog	body	20	0.025	0	22246	0.0	0.0
clust0033	clustered_cis_ohnolog	body	21	0.075	0	22246	0.0	0.0
clust0033	clustered_cis_ohnolog	body	22	0.125	0	22247	0.0	0.0
clust0033	clustered_cis_ohnolog	body	23	0.175	0	22246	0.0	0.0
clust0033	clustered_cis_ohnolog	body	24	0.225	0	22247	0.0	0.0
clust0033	clustered_cis_ohnolog	body	25	0.275	1	22246	0.00427	0.044952
clust0033	clustered_cis_ohnolog	body	26	0.325	0	22246	0.0	0.0
clust0033	clustered_cis_ohnolog	body	27	0.375	0	22247	0.0	0.0
clust0033	clustered_cis_ohnolog	body	28	0.425	0	22246	0.0	0.0
clust0033	clustered_cis_ohnolog	body	29	0.475	0	22247	0.0	0.0
clust0033	clustered_cis_ohnolog	body	30	0.525	0	22246	0.0	0.0
clust0033	clustered_cis_ohnolog	body	31	0.575	0	22246	0.0	0.0
clust0033	clustered_cis_ohnolog	body	32	0.625	0	22247	0.0	0.0
clust0033	clustered_cis_ohnolog	body	33	0.675	1	22246	0.00971	0.044952
clust0033	clustered_cis_ohnolog	body	34	0.725	1	22247	0.009709	0.04495
clust0033	clustered_cis_ohnolog	body	35	0.775	1	22246	0.008271	0.044952
clust0033	clustered_cis_ohnolog	body	36	0.825	0	22246	0.0	0.0
clust0033	clustered_cis_ohnolog	body	37	0.875	0	22247	0.0	0.0
clust0033	clustered_cis_ohnolog	body	38	0.925	1	22246	0.00971	0.044952
clust0033	clustered_cis_ohnolog	body	39	0.975	1	22247	0.009709	0.04495
clust0033	clustered_cis_ohnolog	right_flank	40	1.025	0	5000	0.0	0.0
clust0033	clustered_cis_ohnolog	right_flank	41	1.075	1	5000	0.0432	0.2
clust0033	clustered_cis_ohnolog	right_flank	42	1.125	0	5000	0.0	0.0
clust0033	clustered_cis_ohnolog	right_flank	43	1.175	0	5000	0.0	0.0
clust0033	clustered_cis_ohnolog	right_flank	44	1.225	0	5000	0.0	0.0
clust0033	clustered_cis_ohnolog	right_flank	45	1.275	0	5000	0.0	0.0
clust0033	clustered_cis_ohnolog	right_flank	46	1.325	0	5000	0.0	0.0
clust0033	clustered_cis_ohnolog	right_flank	47	1.375	0	5000	0.0	0.0
clust0033	clustered_cis_ohnolog	right_flank	48	1.425	0	5000	0.0	0.0
clust0033	clustered_cis_ohnolog	right_flank	49	1.475	0	5000	0.0	0.0
clust0033	clustered_cis_ohnolog	right_flank	50	1.525	0	5000	0.0	0.0
clust0033	clustered_cis_ohnolog	right_flank	51	1.575	0	5000	0.0	0.0
clust0033	clustered_cis_ohnolog	right_flank	52	1.625	0	5000	0.0	0.0
clust0033	clustered_cis_ohnolog	right_flank	53	1.675	0	5000	0.0	0.0
clust0033	clustered_cis_ohnolog	right_flank	54	1.725	0	5000	0.0	0.0
clust0033	clustered_cis_ohnolog	right_flank	55	1.775	0	5000	0.0	0.0
clust0033	clustered_cis_ohnolog	right_flank	56	1.825	0	5000	0.0	0.0
clust0033	clustered_cis_ohnolog	right_flank	57	1.875	0	5000	0.0	0.0
clust0033	clustered_cis_ohnolog	right_flank	58	1.925	0	5000	0.0	0.0
clust0033	clustered_cis_ohnolog	right_flank	59	1.975	0	5000	0.0	0.0
clust0022	clustered_cis_ohnolog	left_flank	0	-0.975	0	5000	0.0	0.0
clust0022	clustered_cis_ohnolog	left_flank	1	-0.925	0	5000	0.0	0.0
clust0022	clustered_cis_ohnolog	left_flank	2	-0.875	0	5000	0.0	0.0
clust0022	clustered_cis_ohnolog	left_flank	3	-0.825	0	5000	0.0	0.0
clust0022	clustered_cis_ohnolog	left_flank	4	-0.775	0	5000	0.0046	0.0
clust0022	clustered_cis_ohnolog	left_flank	5	-0.725	1	5000	0.0386	0.2
clust0022	clustered_cis_ohnolog	left_flank	6	-0.675	0	5000	0.0	0.0
clust0022	clustered_cis_ohnolog	left_flank	7	-0.625	1	5000	0.0432	0.2
clust0022	clustered_cis_ohnolog	left_flank	8	-0.575	0	5000	0.0	0.0
clust0022	clustered_cis_ohnolog	left_flank	9	-0.525	1	5000	0.0118	0.2
clust0022	clustered_cis_ohnolog	left_flank	10	-0.475	0	5000	0.0	0.0
clust0022	clustered_cis_ohnolog	left_flank	11	-0.425	0	5000	0.0	0.0
clust0022	clustered_cis_ohnolog	left_flank	12	-0.375	0	5000	0.0	0.0
clust0022	clustered_cis_ohnolog	left_flank	13	-0.325	0	5000	0.0	0.0
clust0022	clustered_cis_ohnolog	left_flank	14	-0.275	0	5000	0.0	0.0
clust0022	clustered_cis_ohnolog	left_flank	15	-0.225	1	5000	0.0158	0.2
clust0022	clustered_cis_ohnolog	left_flank	16	-0.175	0	5000	0.0	0.0
clust0022	clustered_cis_ohnolog	left_flank	17	-0.125	0	5000	0.0	0.0
clust0022	clustered_cis_ohnolog	left_flank	18	-0.075	0	5000	0.0	0.0
clust0022	clustered_cis_ohnolog	left_flank	19	-0.025	0	5000	0.0	0.0
clust0022	clustered_cis_ohnolog	body	20	0.025	0	1792	0.0	0.0
clust0022	clustered_cis_ohnolog	body	21	0.075	0	1792	0.0	0.0
clust0022	clustered_cis_ohnolog	body	22	0.125	0	1793	0.0	0.0
clust0022	clustered_cis_ohnolog	body	23	0.175	0	1792	0.0	0.0
clust0022	clustered_cis_ohnolog	body	24	0.225	0	1793	0.0	0.0
clust0022	clustered_cis_ohnolog	body	25	0.275	0	1792	0.0	0.0
clust0022	clustered_cis_ohnolog	body	26	0.325	0	1793	0.0	0.0
clust0022	clustered_cis_ohnolog	body	27	0.375	0	1792	0.0	0.0
clust0022	clustered_cis_ohnolog	body	28	0.425	0	1793	0.0	0.0
clust0022	clustered_cis_ohnolog	body	29	0.475	0	1792	0.0	0.0
clust0022	clustered_cis_ohnolog	body	30	0.525	0	1792	0.0	0.0
clust0022	clustered_cis_ohnolog	body	31	0.575	0	1793	0.0	0.0
clust0022	clustered_cis_ohnolog	body	32	0.625	0	1792	0.0	0.0
clust0022	clustered_cis_ohnolog	body	33	0.675	1	1793	0.120468	0.557724
clust0022	clustered_cis_ohnolog	body	34	0.725	0	1792	0.0	0.0
clust0022	clustered_cis_ohnolog	body	35	0.775	0	1793	0.0	0.0
clust0022	clustered_cis_ohnolog	body	36	0.825	0	1792	0.0	0.0
clust0022	clustered_cis_ohnolog	body	37	0.875	0	1793	0.0	0.0
clust0022	clustered_cis_ohnolog	body	38	0.925	0	1792	0.0	0.0
clust0022	clustered_cis_ohnolog	body	39	0.975	0	1793	0.0	0.0
clust0022	clustered_cis_ohnolog	right_flank	40	1.025	0	5000	0.0	0.0
clust0022	clustered_cis_ohnolog	right_flank	41	1.075	0	5000	0.0	0.0
clust0022	clustered_cis_ohnolog	right_flank	42	1.125	0	5000	0.0	0.0
clust0022	clustered_cis_ohnolog	right_flank	43	1.175	0	5000	0.0	0.0
clust0022	clustered_cis_ohnolog	right_flank	44	1.225	0	5000	0.0	0.0
clust0022	clustered_cis_ohnolog	right_flank	45	1.275	0	5000	0.0	0.0
clust0022	clustered_cis_ohnolog	right_flank	46	1.325	1	5000	0.0432	0.2
clust0022	clustered_cis_ohnolog	right_flank	47	1.375	1	5000	0.0432	0.2
clust0022	clustered_cis_ohnolog	right_flank	48	1.425	0	5000	0.0	0.0
clust0022	clustered_cis_ohnolog	right_flank	49	1.475	0	5000	0.0	0.0
clust0022	clustered_cis_ohnolog	right_flank	50	1.525	0	5000	0.0	0.0
clust0022	clustered_cis_ohnolog	right_flank	51	1.575	1	5000	0.0432	0.2
clust0022	clustered_cis_ohnolog	right_flank	52	1.625	0	5000	0.0	0.0
clust0022	clustered_cis_ohnolog	right_flank	53	1.675	1	5000	0.0432	0.2
clust0022	clustered_cis_ohnolog	right_flank	54	1.725	1	5000	0.0432	0.2
clust0022	clustered_cis_ohnolog	right_flank	55	1.775	0	5000	0.0	0.0
clust0022	clustered_cis_ohnolog	right_flank	56	1.825	0	5000	0.0	0.0
clust0022	clustered_cis_ohnolog	right_flank	57	1.875	0	5000	0.0	0.0
clust0022	clustered_cis_ohnolog	right_flank	58	1.925	0	5000	0.0	0.0
clust0022	clustered_cis_ohnolog	right_flank	59	1.975	0	5000	0.0	0.0
clust0058	clustered_cis_ohnolog	left_flank	0	-0.975	0	5000	0.0	0.0
clust0058	clustered_cis_ohnolog	left_flank	1	-0.925	0	5000	0.0	0.0
clust0058	clustered_cis_ohnolog	left_flank	2	-0.875	0	5000	0.0	0.0
clust0058	clustered_cis_ohnolog	left_flank	3	-0.825	0	5000	0.0	0.0
clust0058	clustered_cis_ohnolog	left_flank	4	-0.775	1	5000	0.0432	0.2
clust0058	clustered_cis_ohnolog	left_flank	5	-0.725	0	5000	0.0	0.0
clust0058	clustered_cis_ohnolog	left_flank	6	-0.675	0	5000	0.0	0.0
clust0058	clustered_cis_ohnolog	left_flank	7	-0.625	0	5000	0.0	0.0
clust0058	clustered_cis_ohnolog	left_flank	8	-0.575	1	5000	0.0132	0.2
clust0058	clustered_cis_ohnolog	left_flank	9	-0.525	0	5000	0.0	0.0
clust0058	clustered_cis_ohnolog	left_flank	10	-0.475	0	5000	0.0	0.0
clust0058	clustered_cis_ohnolog	left_flank	11	-0.425	0	5000	0.0	0.0
clust0058	clustered_cis_ohnolog	left_flank	12	-0.375	0	5000	0.0	0.0
clust0058	clustered_cis_ohnolog	left_flank	13	-0.325	0	5000	0.0	0.0
clust0058	clustered_cis_ohnolog	left_flank	14	-0.275	1	5000	0.0432	0.2
clust0058	clustered_cis_ohnolog	left_flank	15	-0.225	0	5000	0.0	0.0
clust0058	clustered_cis_ohnolog	left_flank	16	-0.175	1	5000	0.0432	0.2
clust0058	clustered_cis_ohnolog	left_flank	17	-0.125	0	5000	0.0	0.0
clust0058	clustered_cis_ohnolog	left_flank	18	-0.075	0	5000	0.0	0.0
clust0058	clustered_cis_ohnolog	left_flank	19	-0.025	0	5000	0.0036	0.0
clust0058	clustered_cis_ohnolog	body	20	0.025	2	82632	0.004514	0.024204
clust0058	clustered_cis_ohnolog	body	21	0.075	1	82632	0.002614	0.012102
clust0058	clustered_cis_ohnolog	body	22	0.125	2	82632	0.005228	0.024204
clust0058	clustered_cis_ohnolog	body	23	0.175	2	82633	0.003655	0.024203
clust0058	clustered_cis_ohnolog	body	24	0.225	0	82632	0.0	0.0
clust0058	clustered_cis_ohnolog	body	25	0.275	0	82632	0.0	0.0
clust0058	clustered_cis_ohnolog	body	26	0.325	1	82633	0.002614	0.012102
clust0058	clustered_cis_ohnolog	body	27	0.375	0	82632	0.0	0.0
clust0058	clustered_cis_ohnolog	body	28	0.425	3	82632	0.006487	0.036306
clust0058	clustered_cis_ohnolog	body	29	0.475	0	82633	0.0	0.0
clust0058	clustered_cis_ohnolog	body	30	0.525	1	82632	0.001392	0.012102
clust0058	clustered_cis_ohnolog	body	31	0.575	0	82632	0.0	0.0
clust0058	clustered_cis_ohnolog	body	32	0.625	1	82632	0.002614	0.012102
clust0058	clustered_cis_ohnolog	body	33	0.675	2	82633	0.005228	0.024203
clust0058	clustered_cis_ohnolog	body	34	0.725	0	82632	0.0	0.0
clust0058	clustered_cis_ohnolog	body	35	0.775	0	82632	0.0	0.0
clust0058	clustered_cis_ohnolog	body	36	0.825	0	82633	0.0	0.0
clust0058	clustered_cis_ohnolog	body	37	0.875	0	82632	0.0	0.0
clust0058	clustered_cis_ohnolog	body	38	0.925	1	82632	0.002614	0.012102
clust0058	clustered_cis_ohnolog	body	39	0.975	2	82633	0.005228	0.024203
clust0058	clustered_cis_ohnolog	right_flank	40	1.025	0	5000	0.0	0.0
clust0058	clustered_cis_ohnolog	right_flank	41	1.075	0	5000	0.0	0.0
clust0058	clustered_cis_ohnolog	right_flank	42	1.125	0	5000	0.0	0.0
clust0058	clustered_cis_ohnolog	right_flank	43	1.175	0	5000	0.0	0.0
clust0058	clustered_cis_ohnolog	right_flank	44	1.225	0	5000	0.0	0.0
clust0058	clustered_cis_ohnolog	right_flank	45	1.275	0	5000	0.0	0.0
clust0058	clustered_cis_ohnolog	right_flank	46	1.325	0	5000	0.0	0.0
clust0058	clustered_cis_ohnolog	right_flank	47	1.375	0	5000	0.0	0.0
clust0058	clustered_cis_ohnolog	right_flank	48	1.425	0	5000	0.0	0.0
clust0058	clustered_cis_ohnolog	right_flank	49	1.475	0	5000	0.0	0.0
clust0058	clustered_cis_ohnolog	right_flank	50	1.525	1	5000	0.033	0.2
clust0058	clustered_cis_ohnolog	right_flank	51	1.575	0	5000	0.0	0.0
clust0058	clustered_cis_ohnolog	right_flank	52	1.625	1	5000	0.0432	0.2
clust0058	clustered_cis_ohnolog	right_flank	53	1.675	0	5000	0.0	0.0
clust0058	clustered_cis_ohnolog	right_flank	54	1.725	0	5000	0.0	0.0
clust0058	clustered_cis_ohnolog	right_flank	55	1.775	0	5000	0.0	0.0
clust0058	clustered_cis_ohnolog	right_flank	56	1.825	0	5000	0.0	0.0
clust0058	clustered_cis_ohnolog	right_flank	57	1.875	0	5000	0.0	0.0
clust0058	clustered_cis_ohnolog	right_flank	58	1.925	0	5000	0.0	0.0
clust0058	clustered_cis_ohnolog	right_flank	59	1.975	0	5000	0.0	0.0
clust0023	clustered_cis_ohnolog	left_flank	0	-0.975	0	5000	0.0	0.0
clust0023	clustered_cis_ohnolog	left_flank	1	-0.925	0	5000	0.0	0.0
clust0023	clustered_cis_ohnolog	left_flank	2	-0.875	0	5000	0.0	0.0
clust0023	clustered_cis_ohnolog	left_flank	3	-0.825	0	5000	0.0	0.0
clust0023	clustered_cis_ohnolog	left_flank	4	-0.775	0	5000	0.0	0.0
clust0023	clustered_cis_ohnolog	left_flank	5	-0.725	0	5000	0.0	0.0
clust0023	clustered_cis_ohnolog	left_flank	6	-0.675	0	5000	0.0	0.0
clust0023	clustered_cis_ohnolog	left_flank	7	-0.625	0	5000	0.0	0.0
clust0023	clustered_cis_ohnolog	left_flank	8	-0.575	0	5000	0.0	0.0
clust0023	clustered_cis_ohnolog	left_flank	9	-0.525	0	5000	0.0	0.0
clust0023	clustered_cis_ohnolog	left_flank	10	-0.475	2	5000	0.0596	0.4
clust0023	clustered_cis_ohnolog	left_flank	11	-0.425	0	5000	0.0	0.0
clust0023	clustered_cis_ohnolog	left_flank	12	-0.375	0	5000	0.0	0.0
clust0023	clustered_cis_ohnolog	left_flank	13	-0.325	0	5000	0.0	0.0
clust0023	clustered_cis_ohnolog	left_flank	14	-0.275	0	5000	0.0	0.0
clust0023	clustered_cis_ohnolog	left_flank	15	-0.225	1	5000	0.0432	0.2
clust0023	clustered_cis_ohnolog	left_flank	16	-0.175	0	5000	0.0	0.0
clust0023	clustered_cis_ohnolog	left_flank	17	-0.125	0	5000	0.0	0.0
clust0023	clustered_cis_ohnolog	left_flank	18	-0.075	0	5000	0.0	0.0
clust0023	clustered_cis_ohnolog	left_flank	19	-0.025	0	5000	0.0	0.0
clust0023	clustered_cis_ohnolog	body	20	0.025	0	7943	0.0	0.0
clust0023	clustered_cis_ohnolog	body	21	0.075	0	7943	0.0	0.0
clust0023	clustered_cis_ohnolog	body	22	0.125	0	7943	0.0	0.0
clust0023	clustered_cis_ohnolog	body	23	0.175	0	7943	0.0	0.0
clust0023	clustered_cis_ohnolog	body	24	0.225	0	7943	0.0	0.0
clust0023	clustered_cis_ohnolog	body	25	0.275	1	7943	0.027194	0.125897
clust0023	clustered_cis_ohnolog	body	26	0.325	0	7943	0.0	0.0
clust0023	clustered_cis_ohnolog	body	27	0.375	0	7943	0.0	0.0
clust0023	clustered_cis_ohnolog	body	28	0.425	0	7943	0.0	0.0
clust0023	clustered_cis_ohnolog	body	29	0.475	0	7943	0.0	0.0
clust0023	clustered_cis_ohnolog	body	30	0.525	1	7943	0.027194	0.125897
clust0023	clustered_cis_ohnolog	body	31	0.575	0	7943	0.0	0.0
clust0023	clustered_cis_ohnolog	body	32	0.625	0	7943	0.0	0.0
clust0023	clustered_cis_ohnolog	body	33	0.675	0	7943	0.0	0.0
clust0023	clustered_cis_ohnolog	body	34	0.725	0	7943	0.0	0.0
clust0023	clustered_cis_ohnolog	body	35	0.775	0	7943	0.0	0.0
clust0023	clustered_cis_ohnolog	body	36	0.825	0	7943	0.0	0.0
clust0023	clustered_cis_ohnolog	body	37	0.875	0	7943	0.0	0.0
clust0023	clustered_cis_ohnolog	body	38	0.925	0	7943	0.0	0.0
clust0023	clustered_cis_ohnolog	body	39	0.975	0	7943	0.0	0.0
clust0023	clustered_cis_ohnolog	right_flank	40	1.025	0	5000	0.0	0.0
clust0023	clustered_cis_ohnolog	right_flank	41	1.075	0	5000	0.0	0.0
clust0023	clustered_cis_ohnolog	right_flank	42	1.125	0	5000	0.0	0.0
clust0023	clustered_cis_ohnolog	right_flank	43	1.175	0	5000	0.0	0.0
clust0023	clustered_cis_ohnolog	right_flank	44	1.225	1	5000	0.0432	0.2
clust0023	clustered_cis_ohnolog	right_flank	45	1.275	0	5000	0.0	0.0
clust0023	clustered_cis_ohnolog	right_flank	46	1.325	0	5000	0.0	0.0
clust0023	clustered_cis_ohnolog	right_flank	47	1.375	0	5000	0.0	0.0
clust0023	clustered_cis_ohnolog	right_flank	48	1.425	0	5000	0.0	0.0
clust0023	clustered_cis_ohnolog	right_flank	49	1.475	0	5000	0.0	0.0
clust0023	clustered_cis_ohnolog	right_flank	50	1.525	0	5000	0.0	0.0
clust0023	clustered_cis_ohnolog	right_flank	51	1.575	0	5000	0.0	0.0
clust0023	clustered_cis_ohnolog	right_flank	52	1.625	0	5000	0.0	0.0
clust0023	clustered_cis_ohnolog	right_flank	53	1.675	0	5000	0.0	0.0
clust0023	clustered_cis_ohnolog	right_flank	54	1.725	0	5000	0.0	0.0
clust0023	clustered_cis_ohnolog	right_flank	55	1.775	0	5000	0.0	0.0
clust0023	clustered_cis_ohnolog	right_flank	56	1.825	0	5000	0.0	0.0
clust0023	clustered_cis_ohnolog	right_flank	57	1.875	0	5000	0.0	0.0
clust0023	clustered_cis_ohnolog	right_flank	58	1.925	0	5000	0.0	0.0
clust0023	clustered_cis_ohnolog	right_flank	59	1.975	0	5000	0.0	0.0
clust0024	clustered_cis_ohnolog	left_flank	0	-0.975	0	5000	0.0	0.0
clust0024	clustered_cis_ohnolog	left_flank	1	-0.925	0	5000	0.0	0.0
clust0024	clustered_cis_ohnolog	left_flank	2	-0.875	0	5000	0.0	0.0
clust0024	clustered_cis_ohnolog	left_flank	3	-0.825	0	5000	0.0	0.0
clust0024	clustered_cis_ohnolog	left_flank	4	-0.775	0	5000	0.0	0.0
clust0024	clustered_cis_ohnolog	left_flank	5	-0.725	0	5000	0.0	0.0
clust0024	clustered_cis_ohnolog	left_flank	6	-0.675	0	5000	0.0	0.0
clust0024	clustered_cis_ohnolog	left_flank	7	-0.625	0	5000	0.0	0.0
clust0024	clustered_cis_ohnolog	left_flank	8	-0.575	0	5000	0.0	0.0
clust0024	clustered_cis_ohnolog	left_flank	9	-0.525	0	5000	0.0	0.0
clust0024	clustered_cis_ohnolog	left_flank	10	-0.475	0	5000	0.0	0.0
clust0024	clustered_cis_ohnolog	left_flank	11	-0.425	0	5000	0.0	0.0
clust0024	clustered_cis_ohnolog	left_flank	12	-0.375	0	5000	0.0	0.0
clust0024	clustered_cis_ohnolog	left_flank	13	-0.325	0	5000	0.0	0.0
clust0024	clustered_cis_ohnolog	left_flank	14	-0.275	0	5000	0.0	0.0
clust0024	clustered_cis_ohnolog	left_flank	15	-0.225	1	5000	0.0154	0.2
clust0024	clustered_cis_ohnolog	left_flank	16	-0.175	0	5000	0.0	0.0
clust0024	clustered_cis_ohnolog	left_flank	17	-0.125	0	5000	0.0	0.0
clust0024	clustered_cis_ohnolog	left_flank	18	-0.075	0	5000	0.0	0.0
clust0024	clustered_cis_ohnolog	left_flank	19	-0.025	2	5000	0.0864	0.4
clust0024	clustered_cis_ohnolog	body	20	0.025	0	6212	0.0	0.0
clust0024	clustered_cis_ohnolog	body	21	0.075	0	6212	0.0	0.0
clust0024	clustered_cis_ohnolog	body	22	0.125	0	6213	0.0	0.0
clust0024	clustered_cis_ohnolog	body	23	0.175	0	6212	0.0	0.0
clust0024	clustered_cis_ohnolog	body	24	0.225	0	6212	0.0	0.0
clust0024	clustered_cis_ohnolog	body	25	0.275	0	6213	0.0	0.0
clust0024	clustered_cis_ohnolog	body	26	0.325	0	6212	0.0	0.0
clust0024	clustered_cis_ohnolog	body	27	0.375	0	6212	0.0	0.0
clust0024	clustered_cis_ohnolog	body	28	0.425	0	6213	0.0	0.0
clust0024	clustered_cis_ohnolog	body	29	0.475	0	6212	0.0	0.0
clust0024	clustered_cis_ohnolog	body	30	0.525	0	6212	0.0	0.0
clust0024	clustered_cis_ohnolog	body	31	0.575	0	6213	0.0	0.0
clust0024	clustered_cis_ohnolog	body	32	0.625	0	6212	0.0	0.0
clust0024	clustered_cis_ohnolog	body	33	0.675	0	6212	0.0	0.0
clust0024	clustered_cis_ohnolog	body	34	0.725	0	6213	0.0	0.0
clust0024	clustered_cis_ohnolog	body	35	0.775	0	6212	0.0	0.0
clust0024	clustered_cis_ohnolog	body	36	0.825	0	6212	0.0	0.0
clust0024	clustered_cis_ohnolog	body	37	0.875	0	6213	0.0	0.0
clust0024	clustered_cis_ohnolog	body	38	0.925	0	6212	0.0	0.0
clust0024	clustered_cis_ohnolog	body	39	0.975	0	6213	0.0	0.0
clust0024	clustered_cis_ohnolog	right_flank	40	1.025	0	5000	0.0	0.0
clust0024	clustered_cis_ohnolog	right_flank	41	1.075	0	5000	0.0	0.0
clust0024	clustered_cis_ohnolog	right_flank	42	1.125	0	5000	0.0	0.0
clust0024	clustered_cis_ohnolog	right_flank	43	1.175	0	5000	0.0	0.0
clust0024	clustered_cis_ohnolog	right_flank	44	1.225	0	5000	0.0	0.0
clust0024	clustered_cis_ohnolog	right_flank	45	1.275	0	5000	0.0	0.0
clust0024	clustered_cis_ohnolog	right_flank	46	1.325	0	5000	0.0	0.0
clust0024	clustered_cis_ohnolog	right_flank	47	1.375	0	5000	0.0	0.0
clust0024	clustered_cis_ohnolog	right_flank	48	1.425	0	5000	0.0	0.0
clust0024	clustered_cis_ohnolog	right_flank	49	1.475	0	5000	0.0	0.0
clust0024	clustered_cis_ohnolog	right_flank	50	1.525	0	5000	0.0	0.0
clust0024	clustered_cis_ohnolog	right_flank	51	1.575	0	5000	0.0	0.0
clust0024	clustered_cis_ohnolog	right_flank	52	1.625	0	5000	0.0	0.0
clust0024	clustered_cis_ohnolog	right_flank	53	1.675	0	5000	0.0	0.0
clust0024	clustered_cis_ohnolog	right_flank	54	1.725	0	5000	0.0	0.0
clust0024	clustered_cis_ohnolog	right_flank	55	1.775	0	5000	0.0	0.0
clust0024	clustered_cis_ohnolog	right_flank	56	1.825	0	5000	0.0	0.0
clust0024	clustered_cis_ohnolog	right_flank	57	1.875	0	5000	0.0	0.0
clust0024	clustered_cis_ohnolog	right_flank	58	1.925	0	5000	0.0	0.0
clust0024	clustered_cis_ohnolog	right_flank	59	1.975	0	5000	0.0	0.0
clust0052	clustered_cis_ohnolog	left_flank	0	-0.975	0	5000	0.0	0.0
clust0052	clustered_cis_ohnolog	left_flank	1	-0.925	0	5000	0.0	0.0
clust0052	clustered_cis_ohnolog	left_flank	2	-0.875	0	5000	0.0	0.0
clust0052	clustered_cis_ohnolog	left_flank	3	-0.825	0	5000	0.0	0.0
clust0052	clustered_cis_ohnolog	left_flank	4	-0.775	2	5000	0.0864	0.4
clust0052	clustered_cis_ohnolog	left_flank	5	-0.725	0	5000	0.0	0.0
clust0052	clustered_cis_ohnolog	left_flank	6	-0.675	0	5000	0.0	0.0
clust0052	clustered_cis_ohnolog	left_flank	7	-0.625	0	5000	0.0	0.0
clust0052	clustered_cis_ohnolog	left_flank	8	-0.575	0	5000	0.0	0.0
clust0052	clustered_cis_ohnolog	left_flank	9	-0.525	0	5000	0.0	0.0
clust0052	clustered_cis_ohnolog	left_flank	10	-0.475	0	5000	0.0	0.0
clust0052	clustered_cis_ohnolog	left_flank	11	-0.425	0	5000	0.0	0.0
clust0052	clustered_cis_ohnolog	left_flank	12	-0.375	0	5000	0.0	0.0
clust0052	clustered_cis_ohnolog	left_flank	13	-0.325	0	5000	0.0	0.0
clust0052	clustered_cis_ohnolog	left_flank	14	-0.275	0	5000	0.0	0.0
clust0052	clustered_cis_ohnolog	left_flank	15	-0.225	0	5000	0.0	0.0
clust0052	clustered_cis_ohnolog	left_flank	16	-0.175	0	5000	0.0	0.0
clust0052	clustered_cis_ohnolog	left_flank	17	-0.125	0	5000	0.0	0.0
clust0052	clustered_cis_ohnolog	left_flank	18	-0.075	0	5000	0.0	0.0
clust0052	clustered_cis_ohnolog	left_flank	19	-0.025	0	5000	0.0	0.0
clust0052	clustered_cis_ohnolog	body	20	0.025	1	86199	0.002506	0.011601
clust0052	clustered_cis_ohnolog	body	21	0.075	2	86200	0.003167	0.023202
clust0052	clustered_cis_ohnolog	body	22	0.125	0	86199	0.0	0.0
clust0052	clustered_cis_ohnolog	body	23	0.175	1	86200	0.002506	0.011601
clust0052	clustered_cis_ohnolog	body	24	0.225	0	86199	0.0	0.0
clust0052	clustered_cis_ohnolog	body	25	0.275	0	86200	0.0	0.0
clust0052	clustered_cis_ohnolog	body	26	0.325	0	86199	0.0	0.0
clust0052	clustered_cis_ohnolog	body	27	0.375	0	86200	0.0	0.0
clust0052	clustered_cis_ohnolog	body	28	0.425	0	86199	0.0	0.0
clust0052	clustered_cis_ohnolog	body	29	0.475	0	86200	0.0	0.0
clust0052	clustered_cis_ohnolog	body	30	0.525	0	86199	0.0	0.0
clust0052	clustered_cis_ohnolog	body	31	0.575	0	86200	0.0	0.0
clust0052	clustered_cis_ohnolog	body	32	0.625	0	86199	0.0	0.0
clust0052	clustered_cis_ohnolog	body	33	0.675	0	86200	0.0	0.0
clust0052	clustered_cis_ohnolog	body	34	0.725	0	86199	0.0	0.0
clust0052	clustered_cis_ohnolog	body	35	0.775	0	86200	0.0	0.0
clust0052	clustered_cis_ohnolog	body	36	0.825	0	86199	0.0	0.0
clust0052	clustered_cis_ohnolog	body	37	0.875	0	86200	0.0	0.0
clust0052	clustered_cis_ohnolog	body	38	0.925	0	86199	0.0	0.0
clust0052	clustered_cis_ohnolog	body	39	0.975	0	86200	0.0	0.0
clust0052	clustered_cis_ohnolog	right_flank	40	1.025	0	5000	0.0	0.0
clust0052	clustered_cis_ohnolog	right_flank	41	1.075	0	5000	0.0	0.0
clust0052	clustered_cis_ohnolog	right_flank	42	1.125	0	5000	0.0	0.0
clust0052	clustered_cis_ohnolog	right_flank	43	1.175	0	5000	0.0	0.0
clust0052	clustered_cis_ohnolog	right_flank	44	1.225	0	5000	0.0	0.0
clust0052	clustered_cis_ohnolog	right_flank	45	1.275	0	5000	0.0	0.0
clust0052	clustered_cis_ohnolog	right_flank	46	1.325	0	5000	0.0	0.0
clust0052	clustered_cis_ohnolog	right_flank	47	1.375	0	5000	0.0	0.0
clust0052	clustered_cis_ohnolog	right_flank	48	1.425	0	5000	0.0	0.0
clust0052	clustered_cis_ohnolog	right_flank	49	1.475	0	5000	0.0	0.0
clust0052	clustered_cis_ohnolog	right_flank	50	1.525	0	5000	0.0	0.0
clust0052	clustered_cis_ohnolog	right_flank	51	1.575	0	5000	0.0	0.0
clust0052	clustered_cis_ohnolog	right_flank	52	1.625	0	5000	0.0	0.0
clust0052	clustered_cis_ohnolog	right_flank	53	1.675	0	5000	0.0	0.0
clust0052	clustered_cis_ohnolog	right_flank	54	1.725	0	5000	0.0	0.0
clust0052	clustered_cis_ohnolog	right_flank	55	1.775	0	5000	0.0	0.0
clust0052	clustered_cis_ohnolog	right_flank	56	1.825	0	5000	0.0	0.0
clust0052	clustered_cis_ohnolog	right_flank	57	1.875	0	5000	0.0	0.0
clust0052	clustered_cis_ohnolog	right_flank	58	1.925	0	5000	0.0	0.0
clust0052	clustered_cis_ohnolog	right_flank	59	1.975	0	5000	0.0	0.0
clust0036	clustered_cis_ohnolog	left_flank	0	-0.975	0	5000	0.0	0.0
clust0036	clustered_cis_ohnolog	left_flank	1	-0.925	0	5000	0.0	0.0
clust0036	clustered_cis_ohnolog	left_flank	2	-0.875	0	5000	0.0	0.0
clust0036	clustered_cis_ohnolog	left_flank	3	-0.825	0	5000	0.0	0.0
clust0036	clustered_cis_ohnolog	left_flank	4	-0.775	0	5000	0.0	0.0
clust0036	clustered_cis_ohnolog	left_flank	5	-0.725	0	5000	0.0	0.0
clust0036	clustered_cis_ohnolog	left_flank	6	-0.675	0	5000	0.0	0.0
clust0036	clustered_cis_ohnolog	left_flank	7	-0.625	0	5000	0.0	0.0
clust0036	clustered_cis_ohnolog	left_flank	8	-0.575	0	5000	0.0	0.0
clust0036	clustered_cis_ohnolog	left_flank	9	-0.525	0	5000	0.0	0.0
clust0036	clustered_cis_ohnolog	left_flank	10	-0.475	0	5000	0.0	0.0
clust0036	clustered_cis_ohnolog	left_flank	11	-0.425	0	5000	0.0	0.0
clust0036	clustered_cis_ohnolog	left_flank	12	-0.375	0	5000	0.0	0.0
clust0036	clustered_cis_ohnolog	left_flank	13	-0.325	0	5000	0.0	0.0
clust0036	clustered_cis_ohnolog	left_flank	14	-0.275	0	5000	0.0	0.0
clust0036	clustered_cis_ohnolog	left_flank	15	-0.225	0	5000	0.0	0.0
clust0036	clustered_cis_ohnolog	left_flank	16	-0.175	0	5000	0.0	0.0
clust0036	clustered_cis_ohnolog	left_flank	17	-0.125	0	5000	0.0	0.0
clust0036	clustered_cis_ohnolog	left_flank	18	-0.075	0	5000	0.0	0.0
clust0036	clustered_cis_ohnolog	left_flank	19	-0.025	0	5000	0.0	0.0
clust0036	clustered_cis_ohnolog	body	20	0.025	0	15089	0.0	0.0
clust0036	clustered_cis_ohnolog	body	21	0.075	1	15090	0.014314	0.066269
clust0036	clustered_cis_ohnolog	body	22	0.125	0	15090	0.0	0.0
clust0036	clustered_cis_ohnolog	body	23	0.175	1	15090	0.014314	0.066269
clust0036	clustered_cis_ohnolog	body	24	0.225	1	15090	0.005567	0.066269
clust0036	clustered_cis_ohnolog	body	25	0.275	1	15090	0.008814	0.066269
clust0036	clustered_cis_ohnolog	body	26	0.325	0	15090	0.0	0.0
clust0036	clustered_cis_ohnolog	body	27	0.375	1	15090	0.009145	0.066269
clust0036	clustered_cis_ohnolog	body	28	0.425	1	15090	0.008482	0.066269
clust0036	clustered_cis_ohnolog	body	29	0.475	0	15090	0.0	0.0
clust0036	clustered_cis_ohnolog	body	30	0.525	0	15090	0.0	0.0
clust0036	clustered_cis_ohnolog	body	31	0.575	0	15090	0.0	0.0
clust0036	clustered_cis_ohnolog	body	32	0.625	1	15090	0.014314	0.066269
clust0036	clustered_cis_ohnolog	body	33	0.675	0	15090	0.0	0.0
clust0036	clustered_cis_ohnolog	body	34	0.725	1	15090	0.014314	0.066269
clust0036	clustered_cis_ohnolog	body	35	0.775	1	15090	0.014314	0.066269
clust0036	clustered_cis_ohnolog	body	36	0.825	1	15090	0.014314	0.066269
clust0036	clustered_cis_ohnolog	body	37	0.875	0	15090	0.0	0.0
clust0036	clustered_cis_ohnolog	body	38	0.925	1	15090	0.008946	0.066269
clust0036	clustered_cis_ohnolog	body	39	0.975	2	15090	0.025646	0.132538
clust0036	clustered_cis_ohnolog	right_flank	40	1.025	0	5000	0.0	0.0
clust0036	clustered_cis_ohnolog	right_flank	41	1.075	0	5000	0.0	0.0
clust0036	clustered_cis_ohnolog	right_flank	42	1.125	0	5000	0.0	0.0
clust0036	clustered_cis_ohnolog	right_flank	43	1.175	0	5000	0.0	0.0
clust0036	clustered_cis_ohnolog	right_flank	44	1.225	0	5000	0.0	0.0
clust0036	clustered_cis_ohnolog	right_flank	45	1.275	0	5000	0.0	0.0
clust0036	clustered_cis_ohnolog	right_flank	46	1.325	0	5000	0.0	0.0
clust0036	clustered_cis_ohnolog	right_flank	47	1.375	0	5000	0.0	0.0
clust0036	clustered_cis_ohnolog	right_flank	48	1.425	0	5000	0.0	0.0
clust0036	clustered_cis_ohnolog	right_flank	49	1.475	0	5000	0.0	0.0
clust0036	clustered_cis_ohnolog	right_flank	50	1.525	0	5000	0.0	0.0
clust0036	clustered_cis_ohnolog	right_flank	51	1.575	0	5000	0.0	0.0
clust0036	clustered_cis_ohnolog	right_flank	52	1.625	0	5000	0.0	0.0
clust0036	clustered_cis_ohnolog	right_flank	53	1.675	0	5000	0.0	0.0
clust0036	clustered_cis_ohnolog	right_flank	54	1.725	0	5000	0.0	0.0
clust0036	clustered_cis_ohnolog	right_flank	55	1.775	0	5000	0.0	0.0
clust0036	clustered_cis_ohnolog	right_flank	56	1.825	0	5000	0.0	0.0
clust0036	clustered_cis_ohnolog	right_flank	57	1.875	0	5000	0.0	0.0
clust0036	clustered_cis_ohnolog	right_flank	58	1.925	0	5000	0.0	0.0
clust0036	clustered_cis_ohnolog	right_flank	59	1.975	0	5000	0.0	0.0
clust0001	clustered_cis_ohnolog	left_flank	0	-0.975	0	5000	0.0	0.0
clust0001	clustered_cis_ohnolog	left_flank	1	-0.925	0	5000	0.0	0.0
clust0001	clustered_cis_ohnolog	left_flank	2	-0.875	0	5000	0.0	0.0
clust0001	clustered_cis_ohnolog	left_flank	3	-0.825	0	5000	0.0	0.0
clust0001	clustered_cis_ohnolog	left_flank	4	-0.775	0	5000	0.0	0.0
clust0001	clustered_cis_ohnolog	left_flank	5	-0.725	0	5000	0.0	0.0
clust0001	clustered_cis_ohnolog	left_flank	6	-0.675	0	5000	0.0	0.0
clust0001	clustered_cis_ohnolog	left_flank	7	-0.625	0	5000	0.0	0.0
clust0001	clustered_cis_ohnolog	left_flank	8	-0.575	1	5000	0.0122	0.2
clust0001	clustered_cis_ohnolog	left_flank	9	-0.525	0	5000	0.0	0.0
clust0001	clustered_cis_ohnolog	left_flank	10	-0.475	0	5000	0.0	0.0
clust0001	clustered_cis_ohnolog	left_flank	11	-0.425	0	5000	0.0	0.0
clust0001	clustered_cis_ohnolog	left_flank	12	-0.375	0	5000	0.0	0.0
clust0001	clustered_cis_ohnolog	left_flank	13	-0.325	0	5000	0.0	0.0
clust0001	clustered_cis_ohnolog	left_flank	14	-0.275	0	5000	0.0	0.0
clust0001	clustered_cis_ohnolog	left_flank	15	-0.225	0	5000	0.0	0.0
clust0001	clustered_cis_ohnolog	left_flank	16	-0.175	0	5000	0.0	0.0
clust0001	clustered_cis_ohnolog	left_flank	17	-0.125	0	5000	0.0	0.0
clust0001	clustered_cis_ohnolog	left_flank	18	-0.075	0	5000	0.0	0.0
clust0001	clustered_cis_ohnolog	left_flank	19	-0.025	0	5000	0.0	0.0
clust0001	clustered_cis_ohnolog	body	20	0.025	0	6704	0.0	0.0
clust0001	clustered_cis_ohnolog	body	21	0.075	0	6705	0.0	0.0
clust0001	clustered_cis_ohnolog	body	22	0.125	0	6704	0.0	0.0
clust0001	clustered_cis_ohnolog	body	23	0.175	0	6705	0.0	0.0
clust0001	clustered_cis_ohnolog	body	24	0.225	0	6705	0.0	0.0
clust0001	clustered_cis_ohnolog	body	25	0.275	0	6704	0.0	0.0
clust0001	clustered_cis_ohnolog	body	26	0.325	0	6705	0.0	0.0
clust0001	clustered_cis_ohnolog	body	27	0.375	0	6705	0.0	0.0
clust0001	clustered_cis_ohnolog	body	28	0.425	0	6704	0.0	0.0
clust0001	clustered_cis_ohnolog	body	29	0.475	0	6705	0.0	0.0
clust0001	clustered_cis_ohnolog	body	30	0.525	0	6705	0.0	0.0
clust0001	clustered_cis_ohnolog	body	31	0.575	1	6704	0.017601	0.149165
clust0001	clustered_cis_ohnolog	body	32	0.625	0	6705	0.0	0.0
clust0001	clustered_cis_ohnolog	body	33	0.675	0	6705	0.0	0.0
clust0001	clustered_cis_ohnolog	body	34	0.725	0	6704	0.0	0.0
clust0001	clustered_cis_ohnolog	body	35	0.775	2	6705	0.054586	0.298285
clust0001	clustered_cis_ohnolog	body	36	0.825	0	6705	0.0	0.0
clust0001	clustered_cis_ohnolog	body	37	0.875	0	6704	0.0	0.0
clust0001	clustered_cis_ohnolog	body	38	0.925	0	6705	0.0	0.0
clust0001	clustered_cis_ohnolog	body	39	0.975	0	6705	0.0	0.0
clust0001	clustered_cis_ohnolog	right_flank	40	1.025	0	5000	0.0	0.0
clust0001	clustered_cis_ohnolog	right_flank	41	1.075	0	5000	0.0	0.0
clust0001	clustered_cis_ohnolog	right_flank	42	1.125	0	5000	0.0	0.0
clust0001	clustered_cis_ohnolog	right_flank	43	1.175	0	5000	0.0	0.0
clust0001	clustered_cis_ohnolog	right_flank	44	1.225	0	5000	0.0	0.0
clust0001	clustered_cis_ohnolog	right_flank	45	1.275	0	5000	0.0	0.0
clust0001	clustered_cis_ohnolog	right_flank	46	1.325	0	5000	0.0	0.0
clust0001	clustered_cis_ohnolog	right_flank	47	1.375	0	5000	0.0	0.0
clust0001	clustered_cis_ohnolog	right_flank	48	1.425	0	5000	0.0	0.0
clust0001	clustered_cis_ohnolog	right_flank	49	1.475	0	5000	0.0	0.0
clust0001	clustered_cis_ohnolog	right_flank	50	1.525	0	5000	0.0	0.0
clust0001	clustered_cis_ohnolog	right_flank	51	1.575	0	5000	0.0	0.0
clust0001	clustered_cis_ohnolog	right_flank	52	1.625	0	5000	0.0	0.0
clust0001	clustered_cis_ohnolog	right_flank	53	1.675	0	5000	0.0	0.0
clust0001	clustered_cis_ohnolog	right_flank	54	1.725	0	5000	0.0	0.0
clust0001	clustered_cis_ohnolog	right_flank	55	1.775	0	5000	0.0	0.0
clust0001	clustered_cis_ohnolog	right_flank	56	1.825	0	5000	0.0	0.0
clust0001	clustered_cis_ohnolog	right_flank	57	1.875	0	5000	0.0	0.0
clust0001	clustered_cis_ohnolog	right_flank	58	1.925	0	5000	0.0	0.0
clust0001	clustered_cis_ohnolog	right_flank	59	1.975	0	5000	0.0	0.0
clust0025	clustered_cis_ohnolog	left_flank	0	-0.975	0	5000	0.0	0.0
clust0025	clustered_cis_ohnolog	left_flank	1	-0.925	0	5000	0.0	0.0
clust0025	clustered_cis_ohnolog	left_flank	2	-0.875	0	5000	0.0	0.0
clust0025	clustered_cis_ohnolog	left_flank	3	-0.825	0	5000	0.0	0.0
clust0025	clustered_cis_ohnolog	left_flank	4	-0.775	0	5000	0.0	0.0
clust0025	clustered_cis_ohnolog	left_flank	5	-0.725	0	5000	0.0	0.0
clust0025	clustered_cis_ohnolog	left_flank	6	-0.675	0	5000	0.0	0.0
clust0025	clustered_cis_ohnolog	left_flank	7	-0.625	0	5000	0.0	0.0
clust0025	clustered_cis_ohnolog	left_flank	8	-0.575	0	5000	0.0	0.0
clust0025	clustered_cis_ohnolog	left_flank	9	-0.525	0	5000	0.0	0.0
clust0025	clustered_cis_ohnolog	left_flank	10	-0.475	0	5000	0.0	0.0
clust0025	clustered_cis_ohnolog	left_flank	11	-0.425	0	5000	0.0	0.0
clust0025	clustered_cis_ohnolog	left_flank	12	-0.375	0	5000	0.0	0.0
clust0025	clustered_cis_ohnolog	left_flank	13	-0.325	0	5000	0.0	0.0
clust0025	clustered_cis_ohnolog	left_flank	14	-0.275	0	5000	0.0	0.0
clust0025	clustered_cis_ohnolog	left_flank	15	-0.225	0	5000	0.0	0.0
clust0025	clustered_cis_ohnolog	left_flank	16	-0.175	0	5000	0.0	0.0
clust0025	clustered_cis_ohnolog	left_flank	17	-0.125	0	5000	0.0	0.0
clust0025	clustered_cis_ohnolog	left_flank	18	-0.075	0	5000	0.0	0.0
clust0025	clustered_cis_ohnolog	left_flank	19	-0.025	1	5000	0.0432	0.2
clust0025	clustered_cis_ohnolog	body	20	0.025	0	36627	0.0	0.0
clust0025	clustered_cis_ohnolog	body	21	0.075	1	36627	0.005897	0.027302
clust0025	clustered_cis_ohnolog	body	22	0.125	0	36627	0.0	0.0
clust0025	clustered_cis_ohnolog	body	23	0.175	0	36627	0.0	0.0
clust0025	clustered_cis_ohnolog	body	24	0.225	0	36627	0.0	0.0
clust0025	clustered_cis_ohnolog	body	25	0.275	1	36627	0.005897	0.027302
clust0025	clustered_cis_ohnolog	body	26	0.325	0	36628	0.0	0.0
clust0025	clustered_cis_ohnolog	body	27	0.375	0	36627	0.0	0.0
clust0025	clustered_cis_ohnolog	body	28	0.425	0	36627	0.0	0.0
clust0025	clustered_cis_ohnolog	body	29	0.475	0	36627	0.0	0.0
clust0025	clustered_cis_ohnolog	body	30	0.525	0	36627	0.0	0.0
clust0025	clustered_cis_ohnolog	body	31	0.575	0	36627	0.0	0.0
clust0025	clustered_cis_ohnolog	body	32	0.625	2	36627	0.008409	0.054605
clust0025	clustered_cis_ohnolog	body	33	0.675	1	36628	0.00172	0.027302
clust0025	clustered_cis_ohnolog	body	34	0.725	0	36627	0.0	0.0
clust0025	clustered_cis_ohnolog	body	35	0.775	0	36627	0.0	0.0
clust0025	clustered_cis_ohnolog	body	36	0.825	0	36627	0.0	0.0
clust0025	clustered_cis_ohnolog	body	37	0.875	2	36627	0.011795	0.054605
clust0025	clustered_cis_ohnolog	body	38	0.925	0	36627	0.0	0.0
clust0025	clustered_cis_ohnolog	body	39	0.975	1	36628	0.005897	0.027302
clust0025	clustered_cis_ohnolog	right_flank	40	1.025	0	5000	0.0	0.0
clust0025	clustered_cis_ohnolog	right_flank	41	1.075	0	5000	0.0	0.0
clust0025	clustered_cis_ohnolog	right_flank	42	1.125	1	5000	0.0432	0.2
clust0025	clustered_cis_ohnolog	right_flank	43	1.175	0	5000	0.0	0.0
clust0025	clustered_cis_ohnolog	right_flank	44	1.225	0	5000	0.0	0.0
clust0025	clustered_cis_ohnolog	right_flank	45	1.275	0	5000	0.0	0.0
clust0025	clustered_cis_ohnolog	right_flank	46	1.325	0	5000	0.0	0.0
clust0025	clustered_cis_ohnolog	right_flank	47	1.375	0	5000	0.0	0.0
clust0025	clustered_cis_ohnolog	right_flank	48	1.425	0	5000	0.0	0.0
clust0025	clustered_cis_ohnolog	right_flank	49	1.475	0	5000	0.0	0.0
clust0025	clustered_cis_ohnolog	right_flank	50	1.525	1	5000	0.0432	0.2
clust0025	clustered_cis_ohnolog	right_flank	51	1.575	0	5000	0.0	0.0
clust0025	clustered_cis_ohnolog	right_flank	52	1.625	0	5000	0.0	0.0
clust0025	clustered_cis_ohnolog	right_flank	53	1.675	0	5000	0.0	0.0
clust0025	clustered_cis_ohnolog	right_flank	54	1.725	0	5000	0.0	0.0
clust0025	clustered_cis_ohnolog	right_flank	55	1.775	0	5000	0.0	0.0
clust0025	clustered_cis_ohnolog	right_flank	56	1.825	0	5000	0.0	0.0
clust0025	clustered_cis_ohnolog	right_flank	57	1.875	0	5000	0.0	0.0
clust0025	clustered_cis_ohnolog	right_flank	58	1.925	0	5000	0.0	0.0
clust0025	clustered_cis_ohnolog	right_flank	59	1.975	0	5000	0.0	0.0
clust0053	clustered_cis_ohnolog	left_flank	0	-0.975	0	5000	0.0	0.0
clust0053	clustered_cis_ohnolog	left_flank	1	-0.925	0	5000	0.0	0.0
clust0053	clustered_cis_ohnolog	left_flank	2	-0.875	0	5000	0.0	0.0
clust0053	clustered_cis_ohnolog	left_flank	3	-0.825	0	5000	0.0	0.0
clust0053	clustered_cis_ohnolog	left_flank	4	-0.775	0	5000	0.0	0.0
clust0053	clustered_cis_ohnolog	left_flank	5	-0.725	0	5000	0.0	0.0
clust0053	clustered_cis_ohnolog	left_flank	6	-0.675	0	5000	0.0	0.0
clust0053	clustered_cis_ohnolog	left_flank	7	-0.625	0	5000	0.0	0.0
clust0053	clustered_cis_ohnolog	left_flank	8	-0.575	0	5000	0.0	0.0
clust0053	clustered_cis_ohnolog	left_flank	9	-0.525	0	5000	0.0	0.0
clust0053	clustered_cis_ohnolog	left_flank	10	-0.475	0	5000	0.0	0.0
clust0053	clustered_cis_ohnolog	left_flank	11	-0.425	0	5000	0.0	0.0
clust0053	clustered_cis_ohnolog	left_flank	12	-0.375	0	5000	0.0	0.0
clust0053	clustered_cis_ohnolog	left_flank	13	-0.325	0	5000	0.0	0.0
clust0053	clustered_cis_ohnolog	left_flank	14	-0.275	0	5000	0.0	0.0
clust0053	clustered_cis_ohnolog	left_flank	15	-0.225	0	5000	0.0	0.0
clust0053	clustered_cis_ohnolog	left_flank	16	-0.175	0	5000	0.0	0.0
clust0053	clustered_cis_ohnolog	left_flank	17	-0.125	0	5000	0.0	0.0
clust0053	clustered_cis_ohnolog	left_flank	18	-0.075	0	5000	0.0	0.0
clust0053	clustered_cis_ohnolog	left_flank	19	-0.025	0	5000	0.0	0.0
clust0053	clustered_cis_ohnolog	body	20	0.025	0	969	0.0	0.0
clust0053	clustered_cis_ohnolog	body	21	0.075	0	970	0.0	0.0
clust0053	clustered_cis_ohnolog	body	22	0.125	0	970	0.0	0.0
clust0053	clustered_cis_ohnolog	body	23	0.175	0	970	0.0	0.0
clust0053	clustered_cis_ohnolog	body	24	0.225	0	970	0.0	0.0
clust0053	clustered_cis_ohnolog	body	25	0.275	0	970	0.0	0.0
clust0053	clustered_cis_ohnolog	body	26	0.325	0	969	0.0	0.0
clust0053	clustered_cis_ohnolog	body	27	0.375	0	970	0.0	0.0
clust0053	clustered_cis_ohnolog	body	28	0.425	0	970	0.0	0.0
clust0053	clustered_cis_ohnolog	body	29	0.475	0	970	0.0	0.0
clust0053	clustered_cis_ohnolog	body	30	0.525	0	970	0.0	0.0
clust0053	clustered_cis_ohnolog	body	31	0.575	0	970	0.0	0.0
clust0053	clustered_cis_ohnolog	body	32	0.625	0	970	0.0	0.0
clust0053	clustered_cis_ohnolog	body	33	0.675	0	969	0.0	0.0
clust0053	clustered_cis_ohnolog	body	34	0.725	0	970	0.0	0.0
clust0053	clustered_cis_ohnolog	body	35	0.775	0	970	0.0	0.0
clust0053	clustered_cis_ohnolog	body	36	0.825	0	970	0.0	0.0
clust0053	clustered_cis_ohnolog	body	37	0.875	0	970	0.0	0.0
clust0053	clustered_cis_ohnolog	body	38	0.925	0	970	0.0	0.0
clust0053	clustered_cis_ohnolog	body	39	0.975	0	970	0.0	0.0
clust0053	clustered_cis_ohnolog	right_flank	40	1.025	1	5000	0.0306	0.2
clust0053	clustered_cis_ohnolog	right_flank	41	1.075	0	5000	0.0	0.0
clust0053	clustered_cis_ohnolog	right_flank	42	1.125	0	5000	0.0	0.0
clust0053	clustered_cis_ohnolog	right_flank	43	1.175	0	5000	0.0	0.0
clust0053	clustered_cis_ohnolog	right_flank	44	1.225	0	5000	0.0	0.0
clust0053	clustered_cis_ohnolog	right_flank	45	1.275	0	5000	0.0	0.0
clust0053	clustered_cis_ohnolog	right_flank	46	1.325	0	5000	0.0	0.0
clust0053	clustered_cis_ohnolog	right_flank	47	1.375	0	5000	0.0	0.0
clust0053	clustered_cis_ohnolog	right_flank	48	1.425	1	5000	0.0432	0.2
clust0053	clustered_cis_ohnolog	right_flank	49	1.475	0	5000	0.0	0.0
clust0053	clustered_cis_ohnolog	right_flank	50	1.525	0	5000	0.0	0.0
clust0053	clustered_cis_ohnolog	right_flank	51	1.575	0	5000	0.0	0.0
clust0053	clustered_cis_ohnolog	right_flank	52	1.625	0	5000	0.0	0.0
clust0053	clustered_cis_ohnolog	right_flank	53	1.675	0	5000	0.0	0.0
clust0053	clustered_cis_ohnolog	right_flank	54	1.725	0	5000	0.0	0.0
clust0053	clustered_cis_ohnolog	right_flank	55	1.775	1	5000	0.027	0.2
clust0053	clustered_cis_ohnolog	right_flank	56	1.825	0	5000	0.0	0.0
clust0053	clustered_cis_ohnolog	right_flank	57	1.875	0	5000	0.0	0.0
clust0053	clustered_cis_ohnolog	right_flank	58	1.925	1	5000	0.0432	0.2
clust0053	clustered_cis_ohnolog	right_flank	59	1.975	0	5000	0.0	0.0
clust0054	clustered_cis_ohnolog	left_flank	0	-0.975	0	5000	0.0	0.0
clust0054	clustered_cis_ohnolog	left_flank	1	-0.925	0	5000	0.0	0.0
clust0054	clustered_cis_ohnolog	left_flank	2	-0.875	1	5000	0.011	0.2
clust0054	clustered_cis_ohnolog	left_flank	3	-0.825	0	5000	0.0	0.0
clust0054	clustered_cis_ohnolog	left_flank	4	-0.775	0	5000	0.0	0.0
clust0054	clustered_cis_ohnolog	left_flank	5	-0.725	0	5000	0.0	0.0
clust0054	clustered_cis_ohnolog	left_flank	6	-0.675	0	5000	0.0	0.0
clust0054	clustered_cis_ohnolog	left_flank	7	-0.625	0	5000	0.0	0.0
clust0054	clustered_cis_ohnolog	left_flank	8	-0.575	0	5000	0.0	0.0
clust0054	clustered_cis_ohnolog	left_flank	9	-0.525	0	5000	0.0	0.0
clust0054	clustered_cis_ohnolog	left_flank	10	-0.475	0	5000	0.0	0.0
clust0054	clustered_cis_ohnolog	left_flank	11	-0.425	0	5000	0.0	0.0
clust0054	clustered_cis_ohnolog	left_flank	12	-0.375	0	5000	0.0	0.0
clust0054	clustered_cis_ohnolog	left_flank	13	-0.325	0	5000	0.0	0.0
clust0054	clustered_cis_ohnolog	left_flank	14	-0.275	0	5000	0.0	0.0
clust0054	clustered_cis_ohnolog	left_flank	15	-0.225	0	5000	0.0	0.0
clust0054	clustered_cis_ohnolog	left_flank	16	-0.175	0	5000	0.0	0.0
clust0054	clustered_cis_ohnolog	left_flank	17	-0.125	0	5000	0.0	0.0
clust0054	clustered_cis_ohnolog	left_flank	18	-0.075	0	5000	0.0	0.0
clust0054	clustered_cis_ohnolog	left_flank	19	-0.025	0	5000	0.0	0.0
clust0054	clustered_cis_ohnolog	body	20	0.025	0	1402	0.0	0.0
clust0054	clustered_cis_ohnolog	body	21	0.075	0	1403	0.0	0.0
clust0054	clustered_cis_ohnolog	body	22	0.125	0	1403	0.0	0.0
clust0054	clustered_cis_ohnolog	body	23	0.175	0	1403	0.0	0.0
clust0054	clustered_cis_ohnolog	body	24	0.225	0	1403	0.0	0.0
clust0054	clustered_cis_ohnolog	body	25	0.275	0	1403	0.0	0.0
clust0054	clustered_cis_ohnolog	body	26	0.325	0	1403	0.0	0.0
clust0054	clustered_cis_ohnolog	body	27	0.375	0	1403	0.0	0.0
clust0054	clustered_cis_ohnolog	body	28	0.425	0	1403	0.0	0.0
clust0054	clustered_cis_ohnolog	body	29	0.475	0	1403	0.000713	0.0
clust0054	clustered_cis_ohnolog	body	30	0.525	1	1403	0.126871	0.712758
clust0054	clustered_cis_ohnolog	body	31	0.575	0	1403	0.0	0.0
clust0054	clustered_cis_ohnolog	body	32	0.625	0	1403	0.0	0.0
clust0054	clustered_cis_ohnolog	body	33	0.675	0	1403	0.0	0.0
clust0054	clustered_cis_ohnolog	body	34	0.725	0	1403	0.0	0.0
clust0054	clustered_cis_ohnolog	body	35	0.775	0	1403	0.0	0.0
clust0054	clustered_cis_ohnolog	body	36	0.825	0	1403	0.0	0.0
clust0054	clustered_cis_ohnolog	body	37	0.875	0	1403	0.0	0.0
clust0054	clustered_cis_ohnolog	body	38	0.925	0	1403	0.0	0.0
clust0054	clustered_cis_ohnolog	body	39	0.975	0	1403	0.0	0.0
clust0054	clustered_cis_ohnolog	right_flank	40	1.025	0	5000	0.0	0.0
clust0054	clustered_cis_ohnolog	right_flank	41	1.075	0	5000	0.0	0.0
clust0054	clustered_cis_ohnolog	right_flank	42	1.125	0	5000	0.0	0.0
clust0054	clustered_cis_ohnolog	right_flank	43	1.175	0	5000	0.0	0.0
clust0054	clustered_cis_ohnolog	right_flank	44	1.225	0	5000	0.0	0.0
clust0054	clustered_cis_ohnolog	right_flank	45	1.275	0	5000	0.0	0.0
clust0054	clustered_cis_ohnolog	right_flank	46	1.325	0	5000	0.0	0.0
clust0054	clustered_cis_ohnolog	right_flank	47	1.375	0	5000	0.0	0.0
clust0054	clustered_cis_ohnolog	right_flank	48	1.425	2	5000	0.0864	0.4
clust0054	clustered_cis_ohnolog	right_flank	49	1.475	1	5000	0.0432	0.2
clust0054	clustered_cis_ohnolog	right_flank	50	1.525	0	5000	0.0	0.0
clust0054	clustered_cis_ohnolog	right_flank	51	1.575	0	5000	0.0	0.0
clust0054	clustered_cis_ohnolog	right_flank	52	1.625	0	5000	0.0	0.0
clust0054	clustered_cis_ohnolog	right_flank	53	1.675	0	5000	0.0	0.0
clust0054	clustered_cis_ohnolog	right_flank	54	1.725	0	5000	0.0	0.0
clust0054	clustered_cis_ohnolog	right_flank	55	1.775	0	5000	0.0	0.0
clust0054	clustered_cis_ohnolog	right_flank	56	1.825	0	5000	0.0	0.0
clust0054	clustered_cis_ohnolog	right_flank	57	1.875	0	5000	0.0	0.0
clust0054	clustered_cis_ohnolog	right_flank	58	1.925	0	5000	0.0	0.0
clust0054	clustered_cis_ohnolog	right_flank	59	1.975	0	5000	0.0	0.0
clust0028	clustered_cis_ohnolog	left_flank	0	-0.975	0	5000	0.0	0.0
clust0028	clustered_cis_ohnolog	left_flank	1	-0.925	0	5000	0.0	0.0
clust0028	clustered_cis_ohnolog	left_flank	2	-0.875	0	5000	0.0	0.0
clust0028	clustered_cis_ohnolog	left_flank	3	-0.825	0	5000	0.0	0.0
clust0028	clustered_cis_ohnolog	left_flank	4	-0.775	0	5000	0.0	0.0
clust0028	clustered_cis_ohnolog	left_flank	5	-0.725	0	5000	0.0	0.0
clust0028	clustered_cis_ohnolog	left_flank	6	-0.675	0	5000	0.0	0.0
clust0028	clustered_cis_ohnolog	left_flank	7	-0.625	0	5000	0.0	0.0
clust0028	clustered_cis_ohnolog	left_flank	8	-0.575	0	5000	0.0	0.0
clust0028	clustered_cis_ohnolog	left_flank	9	-0.525	0	5000	0.0	0.0
clust0028	clustered_cis_ohnolog	left_flank	10	-0.475	0	5000	0.0	0.0
clust0028	clustered_cis_ohnolog	left_flank	11	-0.425	0	5000	0.0	0.0
clust0028	clustered_cis_ohnolog	left_flank	12	-0.375	0	5000	0.0	0.0
clust0028	clustered_cis_ohnolog	left_flank	13	-0.325	0	5000	0.0	0.0
clust0028	clustered_cis_ohnolog	left_flank	14	-0.275	1	5000	0.0432	0.2
clust0028	clustered_cis_ohnolog	left_flank	15	-0.225	0	5000	0.0	0.0
clust0028	clustered_cis_ohnolog	left_flank	16	-0.175	1	5000	0.0432	0.2
clust0028	clustered_cis_ohnolog	left_flank	17	-0.125	0	5000	0.0	0.0
clust0028	clustered_cis_ohnolog	left_flank	18	-0.075	0	5000	0.0	0.0
clust0028	clustered_cis_ohnolog	left_flank	19	-0.025	0	5000	0.0	0.0
clust0028	clustered_cis_ohnolog	body	20	0.025	0	2656	0.0	0.0
clust0028	clustered_cis_ohnolog	body	21	0.075	0	2657	0.0	0.0
clust0028	clustered_cis_ohnolog	body	22	0.125	0	2656	0.0	0.0
clust0028	clustered_cis_ohnolog	body	23	0.175	0	2657	0.0	0.0
clust0028	clustered_cis_ohnolog	body	24	0.225	0	2656	0.0	0.0
clust0028	clustered_cis_ohnolog	body	25	0.275	0	2657	0.0	0.0
clust0028	clustered_cis_ohnolog	body	26	0.325	0	2656	0.0	0.0
clust0028	clustered_cis_ohnolog	body	27	0.375	0	2657	0.0	0.0
clust0028	clustered_cis_ohnolog	body	28	0.425	0	2656	0.0	0.0
clust0028	clustered_cis_ohnolog	body	29	0.475	0	2657	0.0	0.0
clust0028	clustered_cis_ohnolog	body	30	0.525	0	2657	0.0	0.0
clust0028	clustered_cis_ohnolog	body	31	0.575	1	2656	0.081325	0.376506
clust0028	clustered_cis_ohnolog	body	32	0.625	0	2657	0.0	0.0
clust0028	clustered_cis_ohnolog	body	33	0.675	1	2656	0.048193	0.376506
clust0028	clustered_cis_ohnolog	body	34	0.725	1	2657	0.081295	0.376364
clust0028	clustered_cis_ohnolog	body	35	0.775	0	2656	0.0	0.0
clust0028	clustered_cis_ohnolog	body	36	0.825	0	2657	0.0	0.0
clust0028	clustered_cis_ohnolog	body	37	0.875	0	2656	0.0	0.0
clust0028	clustered_cis_ohnolog	body	38	0.925	0	2657	0.0	0.0
clust0028	clustered_cis_ohnolog	body	39	0.975	0	2657	0.0	0.0
clust0028	clustered_cis_ohnolog	right_flank	40	1.025	0	5000	0.0	0.0
clust0028	clustered_cis_ohnolog	right_flank	41	1.075	1	5000	0.0432	0.2
clust0028	clustered_cis_ohnolog	right_flank	42	1.125	0	5000	0.0082	0.0
clust0028	clustered_cis_ohnolog	right_flank	43	1.175	1	5000	0.035	0.2
clust0028	clustered_cis_ohnolog	right_flank	44	1.225	0	5000	0.0	0.0
clust0028	clustered_cis_ohnolog	right_flank	45	1.275	0	5000	0.0	0.0
clust0028	clustered_cis_ohnolog	right_flank	46	1.325	0	5000	0.0	0.0
clust0028	clustered_cis_ohnolog	right_flank	47	1.375	0	5000	0.0	0.0
clust0028	clustered_cis_ohnolog	right_flank	48	1.425	0	5000	0.0	0.0
clust0028	clustered_cis_ohnolog	right_flank	49	1.475	0	5000	0.0	0.0
clust0028	clustered_cis_ohnolog	right_flank	50	1.525	0	5000	0.0	0.0
clust0028	clustered_cis_ohnolog	right_flank	51	1.575	0	5000	0.0	0.0
clust0028	clustered_cis_ohnolog	right_flank	52	1.625	0	5000	0.0	0.0
clust0028	clustered_cis_ohnolog	right_flank	53	1.675	0	5000	0.0	0.0
clust0028	clustered_cis_ohnolog	right_flank	54	1.725	0	5000	0.0	0.0
clust0028	clustered_cis_ohnolog	right_flank	55	1.775	1	5000	0.0266	0.2
clust0028	clustered_cis_ohnolog	right_flank	56	1.825	1	5000	0.0236	0.2
clust0028	clustered_cis_ohnolog	right_flank	57	1.875	1	5000	0.0432	0.2
clust0028	clustered_cis_ohnolog	right_flank	58	1.925	0	5000	0.0	0.0
clust0028	clustered_cis_ohnolog	right_flank	59	1.975	0	5000	0.0	0.0
clust0059	clustered_cis_ohnolog	left_flank	0	-0.975	0	5000	0.0	0.0
clust0059	clustered_cis_ohnolog	left_flank	1	-0.925	1	5000	0.0432	0.2
clust0059	clustered_cis_ohnolog	left_flank	2	-0.875	1	5000	0.0432	0.2
clust0059	clustered_cis_ohnolog	left_flank	3	-0.825	0	5000	0.0	0.0
clust0059	clustered_cis_ohnolog	left_flank	4	-0.775	0	5000	0.0	0.0
clust0059	clustered_cis_ohnolog	left_flank	5	-0.725	0	5000	0.0	0.0
clust0059	clustered_cis_ohnolog	left_flank	6	-0.675	1	5000	0.0224	0.2
clust0059	clustered_cis_ohnolog	left_flank	7	-0.625	1	5000	0.0288	0.2
clust0059	clustered_cis_ohnolog	left_flank	8	-0.575	0	5000	0.0	0.0
clust0059	clustered_cis_ohnolog	left_flank	9	-0.525	0	5000	0.0	0.0
clust0059	clustered_cis_ohnolog	left_flank	10	-0.475	0	5000	0.0	0.0
clust0059	clustered_cis_ohnolog	left_flank	11	-0.425	0	5000	0.0	0.0
clust0059	clustered_cis_ohnolog	left_flank	12	-0.375	0	5000	0.0	0.0
clust0059	clustered_cis_ohnolog	left_flank	13	-0.325	1	5000	0.0432	0.2
clust0059	clustered_cis_ohnolog	left_flank	14	-0.275	0	5000	0.0	0.0
clust0059	clustered_cis_ohnolog	left_flank	15	-0.225	0	5000	0.0	0.0
clust0059	clustered_cis_ohnolog	left_flank	16	-0.175	0	5000	0.0	0.0
clust0059	clustered_cis_ohnolog	left_flank	17	-0.125	0	5000	0.0	0.0
clust0059	clustered_cis_ohnolog	left_flank	18	-0.075	0	5000	0.0	0.0
clust0059	clustered_cis_ohnolog	left_flank	19	-0.025	1	5000	0.0432	0.2
clust0059	clustered_cis_ohnolog	body	20	0.025	0	14503	0.0	0.0
clust0059	clustered_cis_ohnolog	body	21	0.075	0	14504	0.0	0.0
clust0059	clustered_cis_ohnolog	body	22	0.125	0	14504	0.0	0.0
clust0059	clustered_cis_ohnolog	body	23	0.175	1	14504	0.007308	0.068946
clust0059	clustered_cis_ohnolog	body	24	0.225	1	14503	0.014893	0.068951
clust0059	clustered_cis_ohnolog	body	25	0.275	0	14504	0.0	0.0
clust0059	clustered_cis_ohnolog	body	26	0.325	0	14504	0.0	0.0
clust0059	clustered_cis_ohnolog	body	27	0.375	0	14504	0.0	0.0
clust0059	clustered_cis_ohnolog	body	28	0.425	0	14503	0.0	0.0
clust0059	clustered_cis_ohnolog	body	29	0.475	1	14504	0.010825	0.068946
clust0059	clustered_cis_ohnolog	body	30	0.525	0	14504	0.0	0.0
clust0059	clustered_cis_ohnolog	body	31	0.575	0	14504	0.0	0.0
clust0059	clustered_cis_ohnolog	body	32	0.625	0	14503	0.0	0.0
clust0059	clustered_cis_ohnolog	body	33	0.675	1	14504	0.014892	0.068946
clust0059	clustered_cis_ohnolog	body	34	0.725	0	14504	0.0	0.0
clust0059	clustered_cis_ohnolog	body	35	0.775	1	14504	0.015306	0.068946
clust0059	clustered_cis_ohnolog	body	36	0.825	0	14503	0.0	0.0
clust0059	clustered_cis_ohnolog	body	37	0.875	0	14504	0.0	0.0
clust0059	clustered_cis_ohnolog	body	38	0.925	1	14504	0.014892	0.068946
clust0059	clustered_cis_ohnolog	body	39	0.975	2	14504	0.019029	0.137893
clust0059	clustered_cis_ohnolog	right_flank	40	1.025	2	5000	0.0534	0.4
clust0059	clustered_cis_ohnolog	right_flank	41	1.075	1	5000	0.0432	0.2
clust0059	clustered_cis_ohnolog	right_flank	42	1.125	0	5000	0.0	0.0
clust0059	clustered_cis_ohnolog	right_flank	43	1.175	0	5000	0.0	0.0
clust0059	clustered_cis_ohnolog	right_flank	44	1.225	1	5000	0.0432	0.2
clust0059	clustered_cis_ohnolog	right_flank	45	1.275	0	5000	0.0	0.0
clust0059	clustered_cis_ohnolog	right_flank	46	1.325	0	5000	0.0	0.0
clust0059	clustered_cis_ohnolog	right_flank	47	1.375	0	5000	0.0	0.0
clust0059	clustered_cis_ohnolog	right_flank	48	1.425	0	5000	0.0	0.0
clust0059	clustered_cis_ohnolog	right_flank	49	1.475	0	5000	0.0	0.0
clust0059	clustered_cis_ohnolog	right_flank	50	1.525	0	5000	0.0	0.0
clust0059	clustered_cis_ohnolog	right_flank	51	1.575	0	5000	0.0	0.0
clust0059	clustered_cis_ohnolog	right_flank	52	1.625	0	5000	0.0	0.0
clust0059	clustered_cis_ohnolog	right_flank	53	1.675	1	5000	0.0432	0.2
clust0059	clustered_cis_ohnolog	right_flank	54	1.725	0	5000	0.0	0.0
clust0059	clustered_cis_ohnolog	right_flank	55	1.775	0	5000	0.0	0.0
clust0059	clustered_cis_ohnolog	right_flank	56	1.825	2	5000	0.0878	0.4
clust0059	clustered_cis_ohnolog	right_flank	57	1.875	0	5000	0.0	0.0
clust0059	clustered_cis_ohnolog	right_flank	58	1.925	1	5000	0.0432	0.2
clust0059	clustered_cis_ohnolog	right_flank	59	1.975	1	5000	0.0432	0.2
