cluster_id	dup_class4	region	meta_index	rel_pos	n_summit	width_bp	cov_frac	density_per_kb
clust0006	clustered_SSD_tandem	left_flank	0	-0.975	0	5000	0.0	0.0
clust0006	clustered_SSD_tandem	left_flank	1	-0.925	0	5000	0.0	0.0
clust0006	clustered_SSD_tandem	left_flank	2	-0.875	0	5000	0.0	0.0
clust0006	clustered_SSD_tandem	left_flank	3	-0.825	0	5000	0.0	0.0
clust0006	clustered_SSD_tandem	left_flank	4	-0.775	0	5000	0.0	0.0
clust0006	clustered_SSD_tandem	left_flank	5	-0.725	0	5000	0.0	0.0
clust0006	clustered_SSD_tandem	left_flank	6	-0.675	0	5000	0.0	0.0
clust0006	clustered_SSD_tandem	left_flank	7	-0.625	0	5000	0.0	0.0
clust0006	clustered_SSD_tandem	left_flank	8	-0.575	0	5000	0.0	0.0
clust0006	clustered_SSD_tandem	left_flank	9	-0.525	0	5000	0.0	0.0
clust0006	clustered_SSD_tandem	left_flank	10	-0.475	0	5000	0.0	0.0
clust0006	clustered_SSD_tandem	left_flank	11	-0.425	0	5000	0.0	0.0
clust0006	clustered_SSD_tandem	left_flank	12	-0.375	0	5000	0.0	0.0
clust0006	clustered_SSD_tandem	left_flank	13	-0.325	0	5000	0.0	0.0
clust0006	clustered_SSD_tandem	left_flank	14	-0.275	0	5000	0.0	0.0
clust0006	clustered_SSD_tandem	left_flank	15	-0.225	0	5000	0.0	0.0
clust0006	clustered_SSD_tandem	left_flank	16	-0.175	0	5000	0.0	0.0
clust0006	clustered_SSD_tandem	left_flank	17	-0.125	3	5000	0.3172	0.6
clust0006	clustered_SSD_tandem	left_flank	18	-0.075	0	5000	0.0	0.0
clust0006	clustered_SSD_tandem	left_flank	19	-0.025	1	5000	0.3152	0.2
clust0006	clustered_SSD_tandem	body	20	0.025	3	1046	3.827916	2.868069
clust0006	clustered_SSD_tandem	body	21	0.075	0	1047	0.0	0.0
clust0006	clustered_SSD_tandem	body	22	0.125	0	1047	0.0	0.0
clust0006	clustered_SSD_tandem	body	23	0.175	0	1046	0.0	0.0
clust0006	clustered_SSD_tandem	body	24	0.225	0	1047	0.0	0.0
clust0006	clustered_SSD_tandem	body	25	0.275	0	1047	0.0	0.0
clust0006	clustered_SSD_tandem	body	26	0.325	0	1046	0.0	0.0
clust0006	clustered_SSD_tandem	body	27	0.375	0	1047	0.0	0.0
clust0006	clustered_SSD_tandem	body	28	0.425	0	1047	0.0	0.0
clust0006	clustered_SSD_tandem	body	29	0.475	0	1047	0.0	0.0
clust0006	clustered_SSD_tandem	body	30	0.525	0	1046	0.0	0.0
clust0006	clustered_SSD_tandem	body	31	0.575	0	1047	0.0	0.0
clust0006	clustered_SSD_tandem	body	32	0.625	0	1047	0.0	0.0
clust0006	clustered_SSD_tandem	body	33	0.675	0	1046	0.0	0.0
clust0006	clustered_SSD_tandem	body	34	0.725	0	1047	0.0	0.0
clust0006	clustered_SSD_tandem	body	35	0.775	0	1047	0.0	0.0
clust0006	clustered_SSD_tandem	body	36	0.825	0	1046	0.0	0.0
clust0006	clustered_SSD_tandem	body	37	0.875	0	1047	0.0	0.0
clust0006	clustered_SSD_tandem	body	38	0.925	0	1047	0.0	0.0
clust0006	clustered_SSD_tandem	body	39	0.975	3	1047	2.068768	2.86533
clust0006	clustered_SSD_tandem	right_flank	40	1.025	3	5000	0.555	0.6
clust0006	clustered_SSD_tandem	right_flank	41	1.075	0	5000	0.0	0.0
clust0006	clustered_SSD_tandem	right_flank	42	1.125	2	5000	0.4032	0.4
clust0006	clustered_SSD_tandem	right_flank	43	1.175	1	5000	0.2358	0.2
clust0006	clustered_SSD_tandem	right_flank	44	1.225	0	5000	0.0	0.0
clust0006	clustered_SSD_tandem	right_flank	45	1.275	0	5000	0.0	0.0
clust0006	clustered_SSD_tandem	right_flank	46	1.325	0	5000	0.0	0.0
clust0006	clustered_SSD_tandem	right_flank	47	1.375	0	5000	0.0	0.0
clust0006	clustered_SSD_tandem	right_flank	48	1.425	0	5000	0.0	0.0
clust0006	clustered_SSD_tandem	right_flank	49	1.475	3	5000	0.5814	0.6
clust0006	clustered_SSD_tandem	right_flank	50	1.525	0	5000	0.0	0.0
clust0006	clustered_SSD_tandem	right_flank	51	1.575	0	5000	0.0	0.0
clust0006	clustered_SSD_tandem	right_flank	52	1.625	0	5000	0.0	0.0
clust0006	clustered_SSD_tandem	right_flank	53	1.675	1	5000	0.0654	0.2
clust0006	clustered_SSD_tandem	right_flank	54	1.725	0	5000	0.0	0.0
clust0006	clustered_SSD_tandem	right_flank	55	1.775	0	5000	0.0	0.0
clust0006	clustered_SSD_tandem	right_flank	56	1.825	0	5000	0.0	0.0
clust0006	clustered_SSD_tandem	right_flank	57	1.875	0	5000	0.0	0.0
clust0006	clustered_SSD_tandem	right_flank	58	1.925	0	5000	0.0	0.0
clust0006	clustered_SSD_tandem	right_flank	59	1.975	0	2278	0.0	0.0
clust0042	clustered_SSD_tandem	left_flank	0	-0.975	0	5000	0.0	0.0
clust0042	clustered_SSD_tandem	left_flank	1	-0.925	0	5000	0.0	0.0
clust0042	clustered_SSD_tandem	left_flank	2	-0.875	0	5000	0.0	0.0
clust0042	clustered_SSD_tandem	left_flank	3	-0.825	0	5000	0.0	0.0
clust0042	clustered_SSD_tandem	left_flank	4	-0.775	0	5000	0.0	0.0
clust0042	clustered_SSD_tandem	left_flank	5	-0.725	0	5000	0.0	0.0
clust0042	clustered_SSD_tandem	left_flank	6	-0.675	0	5000	0.0	0.0
clust0042	clustered_SSD_tandem	left_flank	7	-0.625	0	5000	0.0	0.0
clust0042	clustered_SSD_tandem	left_flank	8	-0.575	0	5000	0.0	0.0
clust0042	clustered_SSD_tandem	left_flank	9	-0.525	0	5000	0.0	0.0
clust0042	clustered_SSD_tandem	left_flank	10	-0.475	0	5000	0.0	0.0
clust0042	clustered_SSD_tandem	left_flank	11	-0.425	0	5000	0.0	0.0
clust0042	clustered_SSD_tandem	left_flank	12	-0.375	0	5000	0.0	0.0
clust0042	clustered_SSD_tandem	left_flank	13	-0.325	0	5000	0.0	0.0
clust0042	clustered_SSD_tandem	left_flank	14	-0.275	0	5000	0.0	0.0
clust0042	clustered_SSD_tandem	left_flank	15	-0.225	0	5000	0.0	0.0
clust0042	clustered_SSD_tandem	left_flank	16	-0.175	0	5000	0.0	0.0
clust0042	clustered_SSD_tandem	left_flank	17	-0.125	0	5000	0.0	0.0
clust0042	clustered_SSD_tandem	left_flank	18	-0.075	0	5000	0.0	0.0
clust0042	clustered_SSD_tandem	left_flank	19	-0.025	0	5000	0.0	0.0
clust0042	clustered_SSD_tandem	body	20	0.025	0	1696	0.0	0.0
clust0042	clustered_SSD_tandem	body	21	0.075	0	1697	0.0	0.0
clust0042	clustered_SSD_tandem	body	22	0.125	0	1696	0.0	0.0
clust0042	clustered_SSD_tandem	body	23	0.175	0	1697	0.0	0.0
clust0042	clustered_SSD_tandem	body	24	0.225	0	1696	0.0	0.0
clust0042	clustered_SSD_tandem	body	25	0.275	0	1697	0.0	0.0
clust0042	clustered_SSD_tandem	body	26	0.325	0	1696	0.0	0.0
clust0042	clustered_SSD_tandem	body	27	0.375	0	1697	0.0	0.0
clust0042	clustered_SSD_tandem	body	28	0.425	0	1696	0.0	0.0
clust0042	clustered_SSD_tandem	body	29	0.475	0	1697	0.0	0.0
clust0042	clustered_SSD_tandem	body	30	0.525	0	1696	0.0	0.0
clust0042	clustered_SSD_tandem	body	31	0.575	0	1697	0.0	0.0
clust0042	clustered_SSD_tandem	body	32	0.625	0	1696	0.0	0.0
clust0042	clustered_SSD_tandem	body	33	0.675	0	1697	0.0	0.0
clust0042	clustered_SSD_tandem	body	34	0.725	0	1696	0.0	0.0
clust0042	clustered_SSD_tandem	body	35	0.775	0	1697	0.0	0.0
clust0042	clustered_SSD_tandem	body	36	0.825	0	1696	0.0	0.0
clust0042	clustered_SSD_tandem	body	37	0.875	0	1697	0.0	0.0
clust0042	clustered_SSD_tandem	body	38	0.925	0	1696	0.0	0.0
clust0042	clustered_SSD_tandem	body	39	0.975	0	1697	0.0	0.0
clust0042	clustered_SSD_tandem	right_flank	40	1.025	0	5000	0.0	0.0
clust0042	clustered_SSD_tandem	right_flank	41	1.075	0	5000	0.0	0.0
clust0042	clustered_SSD_tandem	right_flank	42	1.125	0	5000	0.0	0.0
clust0042	clustered_SSD_tandem	right_flank	43	1.175	0	5000	0.0	0.0
clust0042	clustered_SSD_tandem	right_flank	44	1.225	0	5000	0.0	0.0
clust0042	clustered_SSD_tandem	right_flank	45	1.275	0	5000	0.0	0.0
clust0042	clustered_SSD_tandem	right_flank	46	1.325	0	5000	0.0	0.0
clust0042	clustered_SSD_tandem	right_flank	47	1.375	0	5000	0.0	0.0
clust0042	clustered_SSD_tandem	right_flank	48	1.425	1	5000	0.049	0.2
clust0042	clustered_SSD_tandem	right_flank	49	1.475	0	5000	0.0	0.0
clust0042	clustered_SSD_tandem	right_flank	50	1.525	0	5000	0.0	0.0
clust0042	clustered_SSD_tandem	right_flank	51	1.575	0	5000	0.0	0.0
clust0042	clustered_SSD_tandem	right_flank	52	1.625	1	5000	0.0646	0.2
clust0042	clustered_SSD_tandem	right_flank	53	1.675	0	5000	0.0	0.0
clust0042	clustered_SSD_tandem	right_flank	54	1.725	0	5000	0.0	0.0
clust0042	clustered_SSD_tandem	right_flank	55	1.775	0	5000	0.0	0.0
clust0042	clustered_SSD_tandem	right_flank	56	1.825	0	5000	0.0	0.0
clust0042	clustered_SSD_tandem	right_flank	57	1.875	0	5000	0.0	0.0
clust0042	clustered_SSD_tandem	right_flank	58	1.925	0	5000	0.0	0.0
clust0042	clustered_SSD_tandem	right_flank	59	1.975	0	5000	0.0	0.0
clust0072	clustered_SSD_tandem	left_flank	0	-0.975	0	5000	0.0	0.0
clust0072	clustered_SSD_tandem	left_flank	1	-0.925	0	5000	0.0	0.0
clust0072	clustered_SSD_tandem	left_flank	2	-0.875	0	5000	0.0	0.0
clust0072	clustered_SSD_tandem	left_flank	3	-0.825	0	5000	0.0	0.0
clust0072	clustered_SSD_tandem	left_flank	4	-0.775	0	5000	0.0	0.0
clust0072	clustered_SSD_tandem	left_flank	5	-0.725	0	5000	0.0	0.0
clust0072	clustered_SSD_tandem	left_flank	6	-0.675	0	5000	0.0	0.0
clust0072	clustered_SSD_tandem	left_flank	7	-0.625	0	5000	0.0	0.0
clust0072	clustered_SSD_tandem	left_flank	8	-0.575	0	5000	0.0	0.0
clust0072	clustered_SSD_tandem	left_flank	9	-0.525	0	5000	0.0	0.0
clust0072	clustered_SSD_tandem	left_flank	10	-0.475	0	5000	0.0	0.0
clust0072	clustered_SSD_tandem	left_flank	11	-0.425	0	5000	0.0	0.0
clust0072	clustered_SSD_tandem	left_flank	12	-0.375	0	5000	0.0	0.0
clust0072	clustered_SSD_tandem	left_flank	13	-0.325	0	5000	0.0	0.0
clust0072	clustered_SSD_tandem	left_flank	14	-0.275	0	5000	0.0	0.0
clust0072	clustered_SSD_tandem	left_flank	15	-0.225	0	5000	0.0	0.0
clust0072	clustered_SSD_tandem	left_flank	16	-0.175	0	5000	0.0	0.0
clust0072	clustered_SSD_tandem	left_flank	17	-0.125	0	5000	0.0	0.0
clust0072	clustered_SSD_tandem	left_flank	18	-0.075	0	5000	0.0	0.0
clust0072	clustered_SSD_tandem	left_flank	19	-0.025	0	5000	0.0	0.0
clust0072	clustered_SSD_tandem	body	20	0.025	0	6481	0.0	0.0
clust0072	clustered_SSD_tandem	body	21	0.075	0	6481	0.0	0.0
clust0072	clustered_SSD_tandem	body	22	0.125	0	6481	0.0	0.0
clust0072	clustered_SSD_tandem	body	23	0.175	0	6482	0.0	0.0
clust0072	clustered_SSD_tandem	body	24	0.225	0	6481	0.0	0.0
clust0072	clustered_SSD_tandem	body	25	0.275	0	6481	0.0	0.0
clust0072	clustered_SSD_tandem	body	26	0.325	0	6481	0.0	0.0
clust0072	clustered_SSD_tandem	body	27	0.375	0	6482	0.0	0.0
clust0072	clustered_SSD_tandem	body	28	0.425	0	6481	0.0	0.0
clust0072	clustered_SSD_tandem	body	29	0.475	0	6481	0.0	0.0
clust0072	clustered_SSD_tandem	body	30	0.525	0	6481	0.0	0.0
clust0072	clustered_SSD_tandem	body	31	0.575	0	6482	0.0	0.0
clust0072	clustered_SSD_tandem	body	32	0.625	0	6481	0.0	0.0
clust0072	clustered_SSD_tandem	body	33	0.675	0	6481	0.0	0.0
clust0072	clustered_SSD_tandem	body	34	0.725	0	6481	0.0	0.0
clust0072	clustered_SSD_tandem	body	35	0.775	0	6482	0.0	0.0
clust0072	clustered_SSD_tandem	body	36	0.825	0	6481	0.0	0.0
clust0072	clustered_SSD_tandem	body	37	0.875	0	6481	0.0	0.0
clust0072	clustered_SSD_tandem	body	38	0.925	0	6481	0.0	0.0
clust0072	clustered_SSD_tandem	body	39	0.975	0	6482	0.0	0.0
clust0072	clustered_SSD_tandem	right_flank	40	1.025	0	5000	0.0	0.0
clust0072	clustered_SSD_tandem	right_flank	41	1.075	0	5000	0.0	0.0
clust0072	clustered_SSD_tandem	right_flank	42	1.125	0	5000	0.0	0.0
clust0072	clustered_SSD_tandem	right_flank	43	1.175	0	5000	0.0	0.0
clust0072	clustered_SSD_tandem	right_flank	44	1.225	0	5000	0.0	0.0
clust0072	clustered_SSD_tandem	right_flank	45	1.275	0	5000	0.0	0.0
clust0072	clustered_SSD_tandem	right_flank	46	1.325	0	5000	0.0	0.0
clust0072	clustered_SSD_tandem	right_flank	47	1.375	0	5000	0.0	0.0
clust0072	clustered_SSD_tandem	right_flank	48	1.425	0	5000	0.0	0.0
clust0072	clustered_SSD_tandem	right_flank	49	1.475	2	5000	0.348	0.4
clust0072	clustered_SSD_tandem	right_flank	50	1.525	0	5000	0.0	0.0
clust0072	clustered_SSD_tandem	right_flank	51	1.575	0	5000	0.0	0.0
clust0072	clustered_SSD_tandem	right_flank	52	1.625	0	5000	0.0	0.0
clust0072	clustered_SSD_tandem	right_flank	53	1.675	0	5000	0.0	0.0
clust0072	clustered_SSD_tandem	right_flank	54	1.725	0	5000	0.0	0.0
clust0072	clustered_SSD_tandem	right_flank	55	1.775	0	5000	0.0	0.0
clust0072	clustered_SSD_tandem	right_flank	56	1.825	0	5000	0.0	0.0
clust0072	clustered_SSD_tandem	right_flank	57	1.875	0	5000	0.0	0.0
clust0072	clustered_SSD_tandem	right_flank	58	1.925	0	5000	0.0	0.0
clust0072	clustered_SSD_tandem	right_flank	59	1.975	0	5000	0.0	0.0
clust0003	clustered_SSD_tandem	left_flank	0	-0.975	0	5000	0.0	0.0
clust0003	clustered_SSD_tandem	left_flank	1	-0.925	0	5000	0.0	0.0
clust0003	clustered_SSD_tandem	left_flank	2	-0.875	0	5000	0.0	0.0
clust0003	clustered_SSD_tandem	left_flank	3	-0.825	0	5000	0.0	0.0
clust0003	clustered_SSD_tandem	left_flank	4	-0.775	0	5000	0.0	0.0
clust0003	clustered_SSD_tandem	left_flank	5	-0.725	0	5000	0.0	0.0
clust0003	clustered_SSD_tandem	left_flank	6	-0.675	0	5000	0.0	0.0
clust0003	clustered_SSD_tandem	left_flank	7	-0.625	3	5000	0.6786	0.6
clust0003	clustered_SSD_tandem	left_flank	8	-0.575	0	5000	0.0	0.0
clust0003	clustered_SSD_tandem	left_flank	9	-0.525	0	5000	0.0	0.0
clust0003	clustered_SSD_tandem	left_flank	10	-0.475	0	5000	0.0	0.0
clust0003	clustered_SSD_tandem	left_flank	11	-0.425	0	5000	0.0	0.0
clust0003	clustered_SSD_tandem	left_flank	12	-0.375	0	5000	0.0	0.0
clust0003	clustered_SSD_tandem	left_flank	13	-0.325	0	5000	0.0	0.0
clust0003	clustered_SSD_tandem	left_flank	14	-0.275	0	5000	0.0	0.0
clust0003	clustered_SSD_tandem	left_flank	15	-0.225	0	5000	0.0	0.0
clust0003	clustered_SSD_tandem	left_flank	16	-0.175	0	5000	0.0	0.0
clust0003	clustered_SSD_tandem	left_flank	17	-0.125	0	5000	0.0	0.0
clust0003	clustered_SSD_tandem	left_flank	18	-0.075	0	5000	0.0	0.0
clust0003	clustered_SSD_tandem	left_flank	19	-0.025	1	5000	0.0588	0.2
clust0003	clustered_SSD_tandem	body	20	0.025	0	4229	0.0	0.0
clust0003	clustered_SSD_tandem	body	21	0.075	0	4229	0.0	0.0
clust0003	clustered_SSD_tandem	body	22	0.125	0	4229	0.0	0.0
clust0003	clustered_SSD_tandem	body	23	0.175	2	4229	0.417593	0.472925
clust0003	clustered_SSD_tandem	body	24	0.225	0	4230	0.0	0.0
clust0003	clustered_SSD_tandem	body	25	0.275	0	4229	0.0	0.0
clust0003	clustered_SSD_tandem	body	26	0.325	0	4229	0.0	0.0
clust0003	clustered_SSD_tandem	body	27	0.375	0	4229	0.0	0.0
clust0003	clustered_SSD_tandem	body	28	0.425	0	4229	0.0	0.0
clust0003	clustered_SSD_tandem	body	29	0.475	0	4230	0.0	0.0
clust0003	clustered_SSD_tandem	body	30	0.525	0	4229	0.0	0.0
clust0003	clustered_SSD_tandem	body	31	0.575	0	4229	0.0	0.0
clust0003	clustered_SSD_tandem	body	32	0.625	2	4229	0.333885	0.472925
clust0003	clustered_SSD_tandem	body	33	0.675	2	4229	0.255852	0.472925
clust0003	clustered_SSD_tandem	body	34	0.725	1	4230	0.074468	0.236407
clust0003	clustered_SSD_tandem	body	35	0.775	0	4229	0.0	0.0
clust0003	clustered_SSD_tandem	body	36	0.825	0	4229	0.0	0.0
clust0003	clustered_SSD_tandem	body	37	0.875	0	4229	0.0	0.0
clust0003	clustered_SSD_tandem	body	38	0.925	0	4229	0.0	0.0
clust0003	clustered_SSD_tandem	body	39	0.975	0	4230	0.0	0.0
clust0003	clustered_SSD_tandem	right_flank	40	1.025	0	5000	0.0	0.0
clust0003	clustered_SSD_tandem	right_flank	41	1.075	1	5000	0.118	0.2
clust0003	clustered_SSD_tandem	right_flank	42	1.125	0	5000	0.0	0.0
clust0003	clustered_SSD_tandem	right_flank	43	1.175	1	5000	0.0922	0.2
clust0003	clustered_SSD_tandem	right_flank	44	1.225	0	5000	0.0	0.0
clust0003	clustered_SSD_tandem	right_flank	45	1.275	0	5000	0.0	0.0
clust0003	clustered_SSD_tandem	right_flank	46	1.325	0	5000	0.0	0.0
clust0003	clustered_SSD_tandem	right_flank	47	1.375	0	5000	0.0	0.0
clust0003	clustered_SSD_tandem	right_flank	48	1.425	0	5000	0.0	0.0
clust0003	clustered_SSD_tandem	right_flank	49	1.475	0	5000	0.0	0.0
clust0003	clustered_SSD_tandem	right_flank	50	1.525	0	5000	0.0	0.0
clust0003	clustered_SSD_tandem	right_flank	51	1.575	0	5000	0.0	0.0
clust0003	clustered_SSD_tandem	right_flank	52	1.625	0	5000	0.0	0.0
clust0003	clustered_SSD_tandem	right_flank	53	1.675	0	5000	0.0	0.0
clust0003	clustered_SSD_tandem	right_flank	54	1.725	0	5000	0.0	0.0
clust0003	clustered_SSD_tandem	right_flank	55	1.775	0	5000	0.0	0.0
clust0003	clustered_SSD_tandem	right_flank	56	1.825	0	5000	0.0	0.0
clust0003	clustered_SSD_tandem	right_flank	57	1.875	0	5000	0.0	0.0
clust0003	clustered_SSD_tandem	right_flank	58	1.925	0	5000	0.0	0.0
clust0003	clustered_SSD_tandem	right_flank	59	1.975	0	5000	0.0	0.0
clust0073	clustered_SSD_tandem	left_flank	0	-0.975	0	5000	0.0	0.0
clust0073	clustered_SSD_tandem	left_flank	1	-0.925	0	5000	0.0	0.0
clust0073	clustered_SSD_tandem	left_flank	2	-0.875	0	5000	0.0	0.0
clust0073	clustered_SSD_tandem	left_flank	3	-0.825	0	5000	0.0	0.0
clust0073	clustered_SSD_tandem	left_flank	4	-0.775	0	5000	0.0	0.0
clust0073	clustered_SSD_tandem	left_flank	5	-0.725	0	5000	0.0	0.0
clust0073	clustered_SSD_tandem	left_flank	6	-0.675	0	5000	0.0	0.0
clust0073	clustered_SSD_tandem	left_flank	7	-0.625	0	5000	0.0	0.0
clust0073	clustered_SSD_tandem	left_flank	8	-0.575	3	5000	0.5682	0.6
clust0073	clustered_SSD_tandem	left_flank	9	-0.525	0	5000	0.0	0.0
clust0073	clustered_SSD_tandem	left_flank	10	-0.475	0	5000	0.0	0.0
clust0073	clustered_SSD_tandem	left_flank	11	-0.425	0	5000	0.0	0.0
clust0073	clustered_SSD_tandem	left_flank	12	-0.375	0	5000	0.0	0.0
clust0073	clustered_SSD_tandem	left_flank	13	-0.325	0	5000	0.0	0.0
clust0073	clustered_SSD_tandem	left_flank	14	-0.275	0	5000	0.0	0.0
clust0073	clustered_SSD_tandem	left_flank	15	-0.225	0	5000	0.0	0.0
clust0073	clustered_SSD_tandem	left_flank	16	-0.175	0	5000	0.0	0.0
clust0073	clustered_SSD_tandem	left_flank	17	-0.125	0	5000	0.0	0.0
clust0073	clustered_SSD_tandem	left_flank	18	-0.075	0	5000	0.0	0.0
clust0073	clustered_SSD_tandem	left_flank	19	-0.025	0	5000	0.0	0.0
clust0073	clustered_SSD_tandem	body	20	0.025	2	1443	1.100485	1.386001
clust0073	clustered_SSD_tandem	body	21	0.075	0	1444	0.152355	0.0
clust0073	clustered_SSD_tandem	body	22	0.125	0	1444	0.0	0.0
clust0073	clustered_SSD_tandem	body	23	0.175	0	1444	0.0	0.0
clust0073	clustered_SSD_tandem	body	24	0.225	0	1444	0.0	0.0
clust0073	clustered_SSD_tandem	body	25	0.275	0	1444	0.0	0.0
clust0073	clustered_SSD_tandem	body	26	0.325	0	1444	0.0	0.0
clust0073	clustered_SSD_tandem	body	27	0.375	1	1444	0.168975	0.692521
clust0073	clustered_SSD_tandem	body	28	0.425	0	1444	0.0	0.0
clust0073	clustered_SSD_tandem	body	29	0.475	0	1444	0.0	0.0
clust0073	clustered_SSD_tandem	body	30	0.525	0	1444	0.0	0.0
clust0073	clustered_SSD_tandem	body	31	0.575	0	1444	0.0	0.0
clust0073	clustered_SSD_tandem	body	32	0.625	0	1444	0.0	0.0
clust0073	clustered_SSD_tandem	body	33	0.675	0	1444	0.0	0.0
clust0073	clustered_SSD_tandem	body	34	0.725	0	1444	0.0	0.0
clust0073	clustered_SSD_tandem	body	35	0.775	0	1444	0.0	0.0
clust0073	clustered_SSD_tandem	body	36	0.825	0	1444	0.0	0.0
clust0073	clustered_SSD_tandem	body	37	0.875	0	1444	0.0	0.0
clust0073	clustered_SSD_tandem	body	38	0.925	0	1444	0.0	0.0
clust0073	clustered_SSD_tandem	body	39	0.975	0	1444	0.0	0.0
clust0073	clustered_SSD_tandem	right_flank	40	1.025	0	5000	0.0	0.0
clust0073	clustered_SSD_tandem	right_flank	41	1.075	0	5000	0.0	0.0
clust0073	clustered_SSD_tandem	right_flank	42	1.125	0	5000	0.0	0.0
clust0073	clustered_SSD_tandem	right_flank	43	1.175	0	5000	0.0	0.0
clust0073	clustered_SSD_tandem	right_flank	44	1.225	0	5000	0.0	0.0
clust0073	clustered_SSD_tandem	right_flank	45	1.275	0	5000	0.0	0.0
clust0073	clustered_SSD_tandem	right_flank	46	1.325	0	5000	0.0	0.0
clust0073	clustered_SSD_tandem	right_flank	47	1.375	0	5000	0.0	0.0
clust0073	clustered_SSD_tandem	right_flank	48	1.425	0	5000	0.0	0.0
clust0073	clustered_SSD_tandem	right_flank	49	1.475	0	5000	0.0	0.0
clust0073	clustered_SSD_tandem	right_flank	50	1.525	0	5000	0.0	0.0
clust0073	clustered_SSD_tandem	right_flank	51	1.575	0	5000	0.0	0.0
clust0073	clustered_SSD_tandem	right_flank	52	1.625	0	5000	0.0	0.0
clust0073	clustered_SSD_tandem	right_flank	53	1.675	0	5000	0.0	0.0
clust0073	clustered_SSD_tandem	right_flank	54	1.725	0	5000	0.0	0.0
clust0073	clustered_SSD_tandem	right_flank	55	1.775	0	5000	0.0	0.0
clust0073	clustered_SSD_tandem	right_flank	56	1.825	0	5000	0.0	0.0
clust0073	clustered_SSD_tandem	right_flank	57	1.875	0	5000	0.0	0.0
clust0073	clustered_SSD_tandem	right_flank	58	1.925	0	5000	0.0	0.0
clust0073	clustered_SSD_tandem	right_flank	59	1.975	1	5000	0.0618	0.2
clust0061	clustered_SSD_tandem	left_flank	0	-0.975	3	5000	0.6624	0.6
clust0061	clustered_SSD_tandem	left_flank	1	-0.925	0	5000	0.0	0.0
clust0061	clustered_SSD_tandem	left_flank	2	-0.875	0	5000	0.0	0.0
clust0061	clustered_SSD_tandem	left_flank	3	-0.825	0	5000	0.0	0.0
clust0061	clustered_SSD_tandem	left_flank	4	-0.775	2	5000	0.3236	0.4
clust0061	clustered_SSD_tandem	left_flank	5	-0.725	0	5000	0.0	0.0
clust0061	clustered_SSD_tandem	left_flank	6	-0.675	0	5000	0.0	0.0
clust0061	clustered_SSD_tandem	left_flank	7	-0.625	0	5000	0.0	0.0
clust0061	clustered_SSD_tandem	left_flank	8	-0.575	0	5000	0.0	0.0
clust0061	clustered_SSD_tandem	left_flank	9	-0.525	0	5000	0.0	0.0
clust0061	clustered_SSD_tandem	left_flank	10	-0.475	0	5000	0.0	0.0
clust0061	clustered_SSD_tandem	left_flank	11	-0.425	0	5000	0.0	0.0
clust0061	clustered_SSD_tandem	left_flank	12	-0.375	0	5000	0.0	0.0
clust0061	clustered_SSD_tandem	left_flank	13	-0.325	0	5000	0.0	0.0
clust0061	clustered_SSD_tandem	left_flank	14	-0.275	0	5000	0.0	0.0
clust0061	clustered_SSD_tandem	left_flank	15	-0.225	0	5000	0.0	0.0
clust0061	clustered_SSD_tandem	left_flank	16	-0.175	1	5000	0.152	0.2
clust0061	clustered_SSD_tandem	left_flank	17	-0.125	0	5000	0.0	0.0
clust0061	clustered_SSD_tandem	left_flank	18	-0.075	0	5000	0.0	0.0
clust0061	clustered_SSD_tandem	left_flank	19	-0.025	0	5000	0.0	0.0
clust0061	clustered_SSD_tandem	body	20	0.025	0	1364	0.0	0.0
clust0061	clustered_SSD_tandem	body	21	0.075	0	1364	0.0	0.0
clust0061	clustered_SSD_tandem	body	22	0.125	0	1364	0.0	0.0
clust0061	clustered_SSD_tandem	body	23	0.175	0	1364	0.0	0.0
clust0061	clustered_SSD_tandem	body	24	0.225	0	1364	0.0	0.0
clust0061	clustered_SSD_tandem	body	25	0.275	0	1364	0.0	0.0
clust0061	clustered_SSD_tandem	body	26	0.325	0	1365	0.0	0.0
clust0061	clustered_SSD_tandem	body	27	0.375	0	1364	0.0	0.0
clust0061	clustered_SSD_tandem	body	28	0.425	0	1364	0.0	0.0
clust0061	clustered_SSD_tandem	body	29	0.475	0	1364	0.0	0.0
clust0061	clustered_SSD_tandem	body	30	0.525	0	1364	0.0	0.0
clust0061	clustered_SSD_tandem	body	31	0.575	0	1364	0.0	0.0
clust0061	clustered_SSD_tandem	body	32	0.625	0	1364	0.0	0.0
clust0061	clustered_SSD_tandem	body	33	0.675	2	1365	1.072527	1.465201
clust0061	clustered_SSD_tandem	body	34	0.725	1	1364	0.980938	0.733138
clust0061	clustered_SSD_tandem	body	35	0.775	0	1364	0.0	0.0
clust0061	clustered_SSD_tandem	body	36	0.825	0	1364	0.0	0.0
clust0061	clustered_SSD_tandem	body	37	0.875	0	1364	0.0	0.0
clust0061	clustered_SSD_tandem	body	38	0.925	0	1364	0.0	0.0
clust0061	clustered_SSD_tandem	body	39	0.975	0	1365	0.0	0.0
clust0061	clustered_SSD_tandem	right_flank	40	1.025	0	5000	0.0	0.0
clust0061	clustered_SSD_tandem	right_flank	41	1.075	0	5000	0.0	0.0
clust0061	clustered_SSD_tandem	right_flank	42	1.125	0	5000	0.0	0.0
clust0061	clustered_SSD_tandem	right_flank	43	1.175	0	5000	0.0	0.0
clust0061	clustered_SSD_tandem	right_flank	44	1.225	1	5000	0.1388	0.2
clust0061	clustered_SSD_tandem	right_flank	45	1.275	0	5000	0.0	0.0
clust0061	clustered_SSD_tandem	right_flank	46	1.325	2	5000	0.4168	0.4
clust0061	clustered_SSD_tandem	right_flank	47	1.375	0	5000	0.0	0.0
clust0061	clustered_SSD_tandem	right_flank	48	1.425	0	5000	0.0	0.0
clust0061	clustered_SSD_tandem	right_flank	49	1.475	2	5000	0.3476	0.4
clust0061	clustered_SSD_tandem	right_flank	50	1.525	0	5000	0.0	0.0
clust0061	clustered_SSD_tandem	right_flank	51	1.575	0	5000	0.0	0.0
clust0061	clustered_SSD_tandem	right_flank	52	1.625	0	5000	0.0	0.0
clust0061	clustered_SSD_tandem	right_flank	53	1.675	0	5000	0.0	0.0
clust0061	clustered_SSD_tandem	right_flank	54	1.725	0	5000	0.0	0.0
clust0061	clustered_SSD_tandem	right_flank	55	1.775	0	5000	0.0	0.0
clust0061	clustered_SSD_tandem	right_flank	56	1.825	0	5000	0.0	0.0
clust0061	clustered_SSD_tandem	right_flank	57	1.875	0	5000	0.0	0.0
clust0061	clustered_SSD_tandem	right_flank	58	1.925	2	5000	0.205	0.4
clust0061	clustered_SSD_tandem	right_flank	59	1.975	0	5000	0.0	0.0
clust0010	clustered_SSD_tandem	left_flank	0	-0.975	0	5000	0.0	0.0
clust0010	clustered_SSD_tandem	left_flank	1	-0.925	0	5000	0.0	0.0
clust0010	clustered_SSD_tandem	left_flank	2	-0.875	0	5000	0.0	0.0
clust0010	clustered_SSD_tandem	left_flank	3	-0.825	0	5000	0.0	0.0
clust0010	clustered_SSD_tandem	left_flank	4	-0.775	0	5000	0.0	0.0
clust0010	clustered_SSD_tandem	left_flank	5	-0.725	0	5000	0.0	0.0
clust0010	clustered_SSD_tandem	left_flank	6	-0.675	0	5000	0.0	0.0
clust0010	clustered_SSD_tandem	left_flank	7	-0.625	0	5000	0.0	0.0
clust0010	clustered_SSD_tandem	left_flank	8	-0.575	0	5000	0.0	0.0
clust0010	clustered_SSD_tandem	left_flank	9	-0.525	0	5000	0.0	0.0
clust0010	clustered_SSD_tandem	left_flank	10	-0.475	0	5000	0.0	0.0
clust0010	clustered_SSD_tandem	left_flank	11	-0.425	3	5000	0.6162	0.6
clust0010	clustered_SSD_tandem	left_flank	12	-0.375	0	5000	0.0	0.0
clust0010	clustered_SSD_tandem	left_flank	13	-0.325	0	5000	0.0	0.0
clust0010	clustered_SSD_tandem	left_flank	14	-0.275	0	5000	0.0	0.0
clust0010	clustered_SSD_tandem	left_flank	15	-0.225	2	5000	0.2592	0.4
clust0010	clustered_SSD_tandem	left_flank	16	-0.175	0	5000	0.0	0.0
clust0010	clustered_SSD_tandem	left_flank	17	-0.125	0	5000	0.0	0.0
clust0010	clustered_SSD_tandem	left_flank	18	-0.075	1	5000	0.198	0.2
clust0010	clustered_SSD_tandem	left_flank	19	-0.025	1	5000	0.067	0.2
clust0010	clustered_SSD_tandem	body	20	0.025	2	2650	0.349057	0.754717
clust0010	clustered_SSD_tandem	body	21	0.075	2	2650	0.33434	0.754717
clust0010	clustered_SSD_tandem	body	22	0.125	0	2650	0.0	0.0
clust0010	clustered_SSD_tandem	body	23	0.175	0	2650	0.0	0.0
clust0010	clustered_SSD_tandem	body	24	0.225	0	2650	0.0	0.0
clust0010	clustered_SSD_tandem	body	25	0.275	0	2650	0.0	0.0
clust0010	clustered_SSD_tandem	body	26	0.325	2	2650	0.581887	0.754717
clust0010	clustered_SSD_tandem	body	27	0.375	0	2650	0.0	0.0
clust0010	clustered_SSD_tandem	body	28	0.425	0	2650	0.0	0.0
clust0010	clustered_SSD_tandem	body	29	0.475	0	2651	0.0	0.0
clust0010	clustered_SSD_tandem	body	30	0.525	1	2650	0.330566	0.377358
clust0010	clustered_SSD_tandem	body	31	0.575	3	2650	0.873208	1.132075
clust0010	clustered_SSD_tandem	body	32	0.625	0	2650	0.0	0.0
clust0010	clustered_SSD_tandem	body	33	0.675	0	2650	0.0	0.0
clust0010	clustered_SSD_tandem	body	34	0.725	1	2650	0.322264	0.377358
clust0010	clustered_SSD_tandem	body	35	0.775	1	2650	0.427925	0.377358
clust0010	clustered_SSD_tandem	body	36	0.825	0	2650	0.0	0.0
clust0010	clustered_SSD_tandem	body	37	0.875	0	2650	0.0	0.0
clust0010	clustered_SSD_tandem	body	38	0.925	0	2650	0.0	0.0
clust0010	clustered_SSD_tandem	body	39	0.975	2	2651	0.734063	0.754432
clust0010	clustered_SSD_tandem	right_flank	40	1.025	0	5000	0.0	0.0
clust0010	clustered_SSD_tandem	right_flank	41	1.075	0	5000	0.0	0.0
clust0010	clustered_SSD_tandem	right_flank	42	1.125	2	5000	0.344	0.4
clust0010	clustered_SSD_tandem	right_flank	43	1.175	0	5000	0.008	0.0
clust0010	clustered_SSD_tandem	right_flank	44	1.225	0	5000	0.0	0.0
clust0010	clustered_SSD_tandem	right_flank	45	1.275	1	5000	0.1434	0.2
clust0010	clustered_SSD_tandem	right_flank	46	1.325	0	5000	0.0	0.0
clust0010	clustered_SSD_tandem	right_flank	47	1.375	0	5000	0.0442	0.0
clust0010	clustered_SSD_tandem	right_flank	48	1.425	3	5000	0.2696	0.6
clust0010	clustered_SSD_tandem	right_flank	49	1.475	0	5000	0.0	0.0
clust0010	clustered_SSD_tandem	right_flank	50	1.525	1	5000	0.0498	0.2
clust0010	clustered_SSD_tandem	right_flank	51	1.575	0	5000	0.0	0.0
clust0010	clustered_SSD_tandem	right_flank	52	1.625	0	5000	0.0	0.0
clust0010	clustered_SSD_tandem	right_flank	53	1.675	0	5000	0.0	0.0
clust0010	clustered_SSD_tandem	right_flank	54	1.725	0	5000	0.0	0.0
clust0010	clustered_SSD_tandem	right_flank	55	1.775	0	5000	0.0	0.0
clust0010	clustered_SSD_tandem	right_flank	56	1.825	0	5000	0.0	0.0
clust0010	clustered_SSD_tandem	right_flank	57	1.875	0	5000	0.0	0.0
clust0010	clustered_SSD_tandem	right_flank	58	1.925	0	5000	0.0	0.0
clust0010	clustered_SSD_tandem	right_flank	59	1.975	4	5000	1.0032	0.8
clust0011	clustered_SSD_tandem	left_flank	0	-0.975	0	5000	0.0	0.0
clust0011	clustered_SSD_tandem	left_flank	1	-0.925	0	5000	0.0	0.0
clust0011	clustered_SSD_tandem	left_flank	2	-0.875	0	5000	0.0	0.0
clust0011	clustered_SSD_tandem	left_flank	3	-0.825	0	5000	0.0	0.0
clust0011	clustered_SSD_tandem	left_flank	4	-0.775	2	5000	0.1928	0.4
clust0011	clustered_SSD_tandem	left_flank	5	-0.725	0	5000	0.0	0.0
clust0011	clustered_SSD_tandem	left_flank	6	-0.675	0	5000	0.0	0.0
clust0011	clustered_SSD_tandem	left_flank	7	-0.625	2	5000	0.2632	0.4
clust0011	clustered_SSD_tandem	left_flank	8	-0.575	0	5000	0.0	0.0
clust0011	clustered_SSD_tandem	left_flank	9	-0.525	0	5000	0.0	0.0
clust0011	clustered_SSD_tandem	left_flank	10	-0.475	0	5000	0.0	0.0
clust0011	clustered_SSD_tandem	left_flank	11	-0.425	0	5000	0.0	0.0
clust0011	clustered_SSD_tandem	left_flank	12	-0.375	0	5000	0.0	0.0
clust0011	clustered_SSD_tandem	left_flank	13	-0.325	0	5000	0.0	0.0
clust0011	clustered_SSD_tandem	left_flank	14	-0.275	5	5000	1.714	1.0
clust0011	clustered_SSD_tandem	left_flank	15	-0.225	0	5000	0.0	0.0
clust0011	clustered_SSD_tandem	left_flank	16	-0.175	0	5000	0.0	0.0
clust0011	clustered_SSD_tandem	left_flank	17	-0.125	0	5000	0.0	0.0
clust0011	clustered_SSD_tandem	left_flank	18	-0.075	0	5000	0.0	0.0
clust0011	clustered_SSD_tandem	left_flank	19	-0.025	0	5000	0.0	0.0
clust0011	clustered_SSD_tandem	body	20	0.025	0	1167	0.0	0.0
clust0011	clustered_SSD_tandem	body	21	0.075	0	1168	0.0	0.0
clust0011	clustered_SSD_tandem	body	22	0.125	0	1167	0.0	0.0
clust0011	clustered_SSD_tandem	body	23	0.175	0	1168	0.0	0.0
clust0011	clustered_SSD_tandem	body	24	0.225	0	1168	0.0	0.0
clust0011	clustered_SSD_tandem	body	25	0.275	0	1167	0.0	0.0
clust0011	clustered_SSD_tandem	body	26	0.325	0	1168	0.0	0.0
clust0011	clustered_SSD_tandem	body	27	0.375	0	1168	0.0	0.0
clust0011	clustered_SSD_tandem	body	28	0.425	0	1167	0.0	0.0
clust0011	clustered_SSD_tandem	body	29	0.475	0	1168	0.0	0.0
clust0011	clustered_SSD_tandem	body	30	0.525	2	1168	2.089041	1.712329
clust0011	clustered_SSD_tandem	body	31	0.575	3	1167	4.841474	2.570694
clust0011	clustered_SSD_tandem	body	32	0.625	0	1168	0.0	0.0
clust0011	clustered_SSD_tandem	body	33	0.675	0	1168	0.0	0.0
clust0011	clustered_SSD_tandem	body	34	0.725	0	1167	0.0	0.0
clust0011	clustered_SSD_tandem	body	35	0.775	0	1168	0.0	0.0
clust0011	clustered_SSD_tandem	body	36	0.825	0	1168	0.0	0.0
clust0011	clustered_SSD_tandem	body	37	0.875	0	1167	0.0	0.0
clust0011	clustered_SSD_tandem	body	38	0.925	0	1168	0.0	0.0
clust0011	clustered_SSD_tandem	body	39	0.975	0	1168	0.0	0.0
clust0011	clustered_SSD_tandem	right_flank	40	1.025	0	5000	0.0	0.0
clust0011	clustered_SSD_tandem	right_flank	41	1.075	0	5000	0.0	0.0
clust0011	clustered_SSD_tandem	right_flank	42	1.125	2	5000	0.292	0.4
clust0011	clustered_SSD_tandem	right_flank	43	1.175	0	5000	0.0	0.0
clust0011	clustered_SSD_tandem	right_flank	44	1.225	3	5000	0.2684	0.6
clust0011	clustered_SSD_tandem	right_flank	45	1.275	0	5000	0.0	0.0
clust0011	clustered_SSD_tandem	right_flank	46	1.325	2	5000	0.3456	0.4
clust0011	clustered_SSD_tandem	right_flank	47	1.375	0	5000	0.0	0.0
clust0011	clustered_SSD_tandem	right_flank	48	1.425	0	5000	0.0	0.0
clust0011	clustered_SSD_tandem	right_flank	49	1.475	0	5000	0.0	0.0
clust0011	clustered_SSD_tandem	right_flank	50	1.525	0	5000	0.0	0.0
clust0011	clustered_SSD_tandem	right_flank	51	1.575	2	5000	0.3196	0.4
clust0011	clustered_SSD_tandem	right_flank	52	1.625	0	5000	0.0	0.0
clust0011	clustered_SSD_tandem	right_flank	53	1.675	0	5000	0.0	0.0
clust0011	clustered_SSD_tandem	right_flank	54	1.725	0	5000	0.0	0.0
clust0011	clustered_SSD_tandem	right_flank	55	1.775	0	5000	0.0	0.0
clust0011	clustered_SSD_tandem	right_flank	56	1.825	0	5000	0.0	0.0
clust0011	clustered_SSD_tandem	right_flank	57	1.875	0	5000	0.0	0.0
clust0011	clustered_SSD_tandem	right_flank	58	1.925	0	5000	0.0	0.0
clust0011	clustered_SSD_tandem	right_flank	59	1.975	4	5000	1.0464	0.8
clust0035	clustered_SSD_tandem	left_flank	0	-0.975	0	5000	0.0	0.0
clust0035	clustered_SSD_tandem	left_flank	1	-0.925	0	5000	0.0	0.0
clust0035	clustered_SSD_tandem	left_flank	2	-0.875	0	5000	0.0	0.0
clust0035	clustered_SSD_tandem	left_flank	3	-0.825	0	5000	0.0	0.0
clust0035	clustered_SSD_tandem	left_flank	4	-0.775	0	5000	0.0	0.0
clust0035	clustered_SSD_tandem	left_flank	5	-0.725	0	5000	0.0	0.0
clust0035	clustered_SSD_tandem	left_flank	6	-0.675	0	5000	0.0	0.0
clust0035	clustered_SSD_tandem	left_flank	7	-0.625	0	5000	0.0	0.0
clust0035	clustered_SSD_tandem	left_flank	8	-0.575	0	5000	0.0	0.0
clust0035	clustered_SSD_tandem	left_flank	9	-0.525	0	5000	0.0	0.0
clust0035	clustered_SSD_tandem	left_flank	10	-0.475	0	5000	0.0	0.0
clust0035	clustered_SSD_tandem	left_flank	11	-0.425	0	5000	0.0	0.0
clust0035	clustered_SSD_tandem	left_flank	12	-0.375	0	5000	0.0	0.0
clust0035	clustered_SSD_tandem	left_flank	13	-0.325	0	5000	0.0	0.0
clust0035	clustered_SSD_tandem	left_flank	14	-0.275	0	5000	0.0	0.0
clust0035	clustered_SSD_tandem	left_flank	15	-0.225	0	5000	0.0	0.0
clust0035	clustered_SSD_tandem	left_flank	16	-0.175	0	5000	0.0	0.0
clust0035	clustered_SSD_tandem	left_flank	17	-0.125	1	5000	0.1382	0.2
clust0035	clustered_SSD_tandem	left_flank	18	-0.075	0	5000	0.0	0.0
clust0035	clustered_SSD_tandem	left_flank	19	-0.025	1	5000	0.069	0.2
clust0035	clustered_SSD_tandem	body	20	0.025	0	832	0.0	0.0
clust0035	clustered_SSD_tandem	body	21	0.075	0	832	0.0	0.0
clust0035	clustered_SSD_tandem	body	22	0.125	0	833	0.0	0.0
clust0035	clustered_SSD_tandem	body	23	0.175	0	832	0.0	0.0
clust0035	clustered_SSD_tandem	body	24	0.225	0	833	0.0	0.0
clust0035	clustered_SSD_tandem	body	25	0.275	0	832	0.0	0.0
clust0035	clustered_SSD_tandem	body	26	0.325	0	833	0.0	0.0
clust0035	clustered_SSD_tandem	body	27	0.375	0	832	0.0	0.0
clust0035	clustered_SSD_tandem	body	28	0.425	0	833	0.0	0.0
clust0035	clustered_SSD_tandem	body	29	0.475	0	832	0.0	0.0
clust0035	clustered_SSD_tandem	body	30	0.525	0	832	0.0	0.0
clust0035	clustered_SSD_tandem	body	31	0.575	0	833	0.0	0.0
clust0035	clustered_SSD_tandem	body	32	0.625	0	832	0.0	0.0
clust0035	clustered_SSD_tandem	body	33	0.675	0	833	0.0	0.0
clust0035	clustered_SSD_tandem	body	34	0.725	0	832	0.0	0.0
clust0035	clustered_SSD_tandem	body	35	0.775	0	833	0.0	0.0
clust0035	clustered_SSD_tandem	body	36	0.825	0	832	0.0	0.0
clust0035	clustered_SSD_tandem	body	37	0.875	0	833	0.0	0.0
clust0035	clustered_SSD_tandem	body	38	0.925	0	832	0.0	0.0
clust0035	clustered_SSD_tandem	body	39	0.975	0	833	0.0	0.0
clust0035	clustered_SSD_tandem	right_flank	40	1.025	0	5000	0.0	0.0
clust0035	clustered_SSD_tandem	right_flank	41	1.075	0	5000	0.0	0.0
clust0035	clustered_SSD_tandem	right_flank	42	1.125	0	5000	0.0	0.0
clust0035	clustered_SSD_tandem	right_flank	43	1.175	0	5000	0.0	0.0
clust0035	clustered_SSD_tandem	right_flank	44	1.225	1	5000	0.0872	0.2
clust0035	clustered_SSD_tandem	right_flank	45	1.275	0	5000	0.0	0.0
clust0035	clustered_SSD_tandem	right_flank	46	1.325	0	5000	0.0	0.0
clust0035	clustered_SSD_tandem	right_flank	47	1.375	0	5000	0.0	0.0
clust0035	clustered_SSD_tandem	right_flank	48	1.425	0	5000	0.0	0.0
clust0035	clustered_SSD_tandem	right_flank	49	1.475	0	5000	0.0	0.0
clust0035	clustered_SSD_tandem	right_flank	50	1.525	0	5000	0.0	0.0
clust0035	clustered_SSD_tandem	right_flank	51	1.575	0	5000	0.0	0.0
clust0035	clustered_SSD_tandem	right_flank	52	1.625	0	5000	0.0	0.0
clust0035	clustered_SSD_tandem	right_flank	53	1.675	0	5000	0.0	0.0
clust0035	clustered_SSD_tandem	right_flank	54	1.725	0	5000	0.0	0.0
clust0035	clustered_SSD_tandem	right_flank	55	1.775	0	5000	0.0	0.0
clust0035	clustered_SSD_tandem	right_flank	56	1.825	0	5000	0.0	0.0
clust0035	clustered_SSD_tandem	right_flank	57	1.875	0	5000	0.0	0.0
clust0035	clustered_SSD_tandem	right_flank	58	1.925	0	5000	0.0	0.0
clust0035	clustered_SSD_tandem	right_flank	59	1.975	0	5000	0.0	0.0
clust0062	clustered_SSD_tandem	left_flank	0	-0.975	1	5000	0.0486	0.2
clust0062	clustered_SSD_tandem	left_flank	1	-0.925	0	5000	0.0	0.0
clust0062	clustered_SSD_tandem	left_flank	2	-0.875	0	5000	0.0	0.0
clust0062	clustered_SSD_tandem	left_flank	3	-0.825	0	5000	0.0	0.0
clust0062	clustered_SSD_tandem	left_flank	4	-0.775	0	5000	0.0	0.0
clust0062	clustered_SSD_tandem	left_flank	5	-0.725	0	5000	0.0	0.0
clust0062	clustered_SSD_tandem	left_flank	6	-0.675	0	5000	0.0	0.0
clust0062	clustered_SSD_tandem	left_flank	7	-0.625	0	5000	0.0	0.0
clust0062	clustered_SSD_tandem	left_flank	8	-0.575	0	5000	0.0	0.0
clust0062	clustered_SSD_tandem	left_flank	9	-0.525	0	5000	0.0	0.0
clust0062	clustered_SSD_tandem	left_flank	10	-0.475	0	5000	0.0	0.0
clust0062	clustered_SSD_tandem	left_flank	11	-0.425	0	5000	0.0	0.0
clust0062	clustered_SSD_tandem	left_flank	12	-0.375	0	5000	0.0	0.0
clust0062	clustered_SSD_tandem	left_flank	13	-0.325	0	5000	0.0	0.0
clust0062	clustered_SSD_tandem	left_flank	14	-0.275	0	5000	0.0	0.0
clust0062	clustered_SSD_tandem	left_flank	15	-0.225	0	5000	0.0	0.0
clust0062	clustered_SSD_tandem	left_flank	16	-0.175	0	5000	0.0	0.0
clust0062	clustered_SSD_tandem	left_flank	17	-0.125	0	5000	0.0	0.0
clust0062	clustered_SSD_tandem	left_flank	18	-0.075	1	5000	0.056	0.2
clust0062	clustered_SSD_tandem	left_flank	19	-0.025	1	5000	0.0476	0.2
clust0062	clustered_SSD_tandem	body	20	0.025	0	6815	0.0427	0.0
clust0062	clustered_SSD_tandem	body	21	0.075	0	6815	0.0	0.0
clust0062	clustered_SSD_tandem	body	22	0.125	0	6816	0.0	0.0
clust0062	clustered_SSD_tandem	body	23	0.175	2	6815	0.18606	0.29347
clust0062	clustered_SSD_tandem	body	24	0.225	0	6815	0.0	0.0
clust0062	clustered_SSD_tandem	body	25	0.275	1	6816	0.045188	0.146714
clust0062	clustered_SSD_tandem	body	26	0.325	0	6815	0.0	0.0
clust0062	clustered_SSD_tandem	body	27	0.375	2	6815	0.243287	0.29347
clust0062	clustered_SSD_tandem	body	28	0.425	0	6816	0.0	0.0
clust0062	clustered_SSD_tandem	body	29	0.475	0	6815	0.0	0.0
clust0062	clustered_SSD_tandem	body	30	0.525	0	6815	0.0	0.0
clust0062	clustered_SSD_tandem	body	31	0.575	0	6816	0.0	0.0
clust0062	clustered_SSD_tandem	body	32	0.625	0	6815	0.0	0.0
clust0062	clustered_SSD_tandem	body	33	0.675	0	6815	0.0	0.0
clust0062	clustered_SSD_tandem	body	34	0.725	0	6816	0.0	0.0
clust0062	clustered_SSD_tandem	body	35	0.775	2	6815	0.299927	0.29347
clust0062	clustered_SSD_tandem	body	36	0.825	1	6815	0.051651	0.146735
clust0062	clustered_SSD_tandem	body	37	0.875	0	6816	0.0	0.0
clust0062	clustered_SSD_tandem	body	38	0.925	0	6815	0.0	0.0
clust0062	clustered_SSD_tandem	body	39	0.975	4	6816	0.525235	0.586854
clust0062	clustered_SSD_tandem	right_flank	40	1.025	0	5000	0.1096	0.0
clust0062	clustered_SSD_tandem	right_flank	41	1.075	2	5000	0.1812	0.4
clust0062	clustered_SSD_tandem	right_flank	42	1.125	0	5000	0.0	0.0
clust0062	clustered_SSD_tandem	right_flank	43	1.175	0	5000	0.0	0.0
clust0062	clustered_SSD_tandem	right_flank	44	1.225	0	5000	0.0	0.0
clust0062	clustered_SSD_tandem	right_flank	45	1.275	0	5000	0.0	0.0
clust0062	clustered_SSD_tandem	right_flank	46	1.325	0	5000	0.0	0.0
clust0062	clustered_SSD_tandem	right_flank	47	1.375	0	5000	0.0	0.0
clust0062	clustered_SSD_tandem	right_flank	48	1.425	0	5000	0.0	0.0
clust0062	clustered_SSD_tandem	right_flank	49	1.475	0	5000	0.0	0.0
clust0062	clustered_SSD_tandem	right_flank	50	1.525	0	5000	0.0	0.0
clust0062	clustered_SSD_tandem	right_flank	51	1.575	0	5000	0.0	0.0
clust0062	clustered_SSD_tandem	right_flank	52	1.625	0	5000	0.0	0.0
clust0062	clustered_SSD_tandem	right_flank	53	1.675	0	5000	0.0	0.0
clust0062	clustered_SSD_tandem	right_flank	54	1.725	0	5000	0.0	0.0
clust0062	clustered_SSD_tandem	right_flank	55	1.775	0	5000	0.0	0.0
clust0062	clustered_SSD_tandem	right_flank	56	1.825	0	5000	0.0	0.0
clust0062	clustered_SSD_tandem	right_flank	57	1.875	0	5000	0.0	0.0
clust0062	clustered_SSD_tandem	right_flank	58	1.925	0	5000	0.0	0.0
clust0062	clustered_SSD_tandem	right_flank	59	1.975	0	5000	0.0	0.0
clust0014	clustered_SSD_tandem	left_flank	0	-0.975	0	5000	0.0	0.0
clust0014	clustered_SSD_tandem	left_flank	1	-0.925	0	5000	0.0	0.0
clust0014	clustered_SSD_tandem	left_flank	2	-0.875	0	5000	0.0	0.0
clust0014	clustered_SSD_tandem	left_flank	3	-0.825	0	5000	0.0	0.0
clust0014	clustered_SSD_tandem	left_flank	4	-0.775	0	5000	0.0	0.0
clust0014	clustered_SSD_tandem	left_flank	5	-0.725	0	5000	0.0	0.0
clust0014	clustered_SSD_tandem	left_flank	6	-0.675	0	5000	0.0	0.0
clust0014	clustered_SSD_tandem	left_flank	7	-0.625	0	5000	0.0	0.0
clust0014	clustered_SSD_tandem	left_flank	8	-0.575	0	5000	0.0	0.0
clust0014	clustered_SSD_tandem	left_flank	9	-0.525	0	5000	0.0	0.0
clust0014	clustered_SSD_tandem	left_flank	10	-0.475	0	5000	0.0	0.0
clust0014	clustered_SSD_tandem	left_flank	11	-0.425	0	5000	0.0	0.0
clust0014	clustered_SSD_tandem	left_flank	12	-0.375	0	5000	0.0	0.0
clust0014	clustered_SSD_tandem	left_flank	13	-0.325	0	5000	0.0	0.0
clust0014	clustered_SSD_tandem	left_flank	14	-0.275	0	5000	0.0	0.0
clust0014	clustered_SSD_tandem	left_flank	15	-0.225	0	5000	0.0	0.0
clust0014	clustered_SSD_tandem	left_flank	16	-0.175	0	5000	0.0	0.0
clust0014	clustered_SSD_tandem	left_flank	17	-0.125	0	5000	0.0	0.0
clust0014	clustered_SSD_tandem	left_flank	18	-0.075	0	5000	0.0	0.0
clust0014	clustered_SSD_tandem	left_flank	19	-0.025	0	5000	0.0	0.0
clust0014	clustered_SSD_tandem	body	20	0.025	0	30760	0.0	0.0
clust0014	clustered_SSD_tandem	body	21	0.075	1	30761	0.013003	0.032509
clust0014	clustered_SSD_tandem	body	22	0.125	0	30761	0.0	0.0
clust0014	clustered_SSD_tandem	body	23	0.175	0	30761	0.0	0.0
clust0014	clustered_SSD_tandem	body	24	0.225	1	30761	0.014109	0.032509
clust0014	clustered_SSD_tandem	body	25	0.275	0	30761	0.0	0.0
clust0014	clustered_SSD_tandem	body	26	0.325	0	30761	0.0	0.0
clust0014	clustered_SSD_tandem	body	27	0.375	0	30761	0.0	0.0
clust0014	clustered_SSD_tandem	body	28	0.425	0	30761	0.0	0.0
clust0014	clustered_SSD_tandem	body	29	0.475	0	30761	0.0	0.0
clust0014	clustered_SSD_tandem	body	30	0.525	0	30761	0.0	0.0
clust0014	clustered_SSD_tandem	body	31	0.575	3	30761	0.051559	0.097526
clust0014	clustered_SSD_tandem	body	32	0.625	0	30761	0.0	0.0
clust0014	clustered_SSD_tandem	body	33	0.675	0	30761	0.0	0.0
clust0014	clustered_SSD_tandem	body	34	0.725	2	30761	0.021261	0.065017
clust0014	clustered_SSD_tandem	body	35	0.775	4	30761	0.197263	0.130035
clust0014	clustered_SSD_tandem	body	36	0.825	2	30761	0.035369	0.065017
clust0014	clustered_SSD_tandem	body	37	0.875	0	30761	0.0	0.0
clust0014	clustered_SSD_tandem	body	38	0.925	1	30761	0.009688	0.032509
clust0014	clustered_SSD_tandem	body	39	0.975	0	30761	0.0	0.0
clust0014	clustered_SSD_tandem	right_flank	40	1.025	0	5000	0.0	0.0
clust0014	clustered_SSD_tandem	right_flank	41	1.075	0	5000	0.0	0.0
clust0014	clustered_SSD_tandem	right_flank	42	1.125	1	5000	0.0708	0.2
clust0014	clustered_SSD_tandem	right_flank	43	1.175	0	5000	0.0	0.0
clust0014	clustered_SSD_tandem	right_flank	44	1.225	0	5000	0.0	0.0
clust0014	clustered_SSD_tandem	right_flank	45	1.275	0	5000	0.0	0.0
clust0014	clustered_SSD_tandem	right_flank	46	1.325	0	5000	0.0	0.0
clust0014	clustered_SSD_tandem	right_flank	47	1.375	0	5000	0.0	0.0
clust0014	clustered_SSD_tandem	right_flank	48	1.425	0	5000	0.0	0.0
clust0014	clustered_SSD_tandem	right_flank	49	1.475	0	5000	0.0	0.0
clust0014	clustered_SSD_tandem	right_flank	50	1.525	0	5000	0.0	0.0
clust0014	clustered_SSD_tandem	right_flank	51	1.575	0	5000	0.0	0.0
clust0014	clustered_SSD_tandem	right_flank	52	1.625	0	5000	0.0	0.0
clust0014	clustered_SSD_tandem	right_flank	53	1.675	0	5000	0.0	0.0
clust0014	clustered_SSD_tandem	right_flank	54	1.725	0	5000	0.0	0.0
clust0014	clustered_SSD_tandem	right_flank	55	1.775	0	5000	0.0	0.0
clust0014	clustered_SSD_tandem	right_flank	56	1.825	3	5000	0.6924	0.6
clust0014	clustered_SSD_tandem	right_flank	57	1.875	1	5000	0.1128	0.2
clust0014	clustered_SSD_tandem	right_flank	58	1.925	3	5000	0.261	0.6
clust0014	clustered_SSD_tandem	right_flank	59	1.975	2	5000	0.1514	0.4
clust0015	clustered_SSD_tandem	left_flank	0	-0.975	0	5000	0.0	0.0
clust0015	clustered_SSD_tandem	left_flank	1	-0.925	0	5000	0.0	0.0
clust0015	clustered_SSD_tandem	left_flank	2	-0.875	0	5000	0.0	0.0
clust0015	clustered_SSD_tandem	left_flank	3	-0.825	0	5000	0.0	0.0
clust0015	clustered_SSD_tandem	left_flank	4	-0.775	0	5000	0.0	0.0
clust0015	clustered_SSD_tandem	left_flank	5	-0.725	0	5000	0.0	0.0
clust0015	clustered_SSD_tandem	left_flank	6	-0.675	0	5000	0.0	0.0
clust0015	clustered_SSD_tandem	left_flank	7	-0.625	0	5000	0.0	0.0
clust0015	clustered_SSD_tandem	left_flank	8	-0.575	3	5000	0.5718	0.6
clust0015	clustered_SSD_tandem	left_flank	9	-0.525	0	5000	0.0	0.0
clust0015	clustered_SSD_tandem	left_flank	10	-0.475	0	5000	0.0	0.0
clust0015	clustered_SSD_tandem	left_flank	11	-0.425	0	5000	0.0	0.0
clust0015	clustered_SSD_tandem	left_flank	12	-0.375	1	5000	0.1248	0.2
clust0015	clustered_SSD_tandem	left_flank	13	-0.325	1	5000	0.0722	0.2
clust0015	clustered_SSD_tandem	left_flank	14	-0.275	3	5000	0.6486	0.6
clust0015	clustered_SSD_tandem	left_flank	15	-0.225	0	5000	0.0	0.0
clust0015	clustered_SSD_tandem	left_flank	16	-0.175	0	5000	0.0	0.0
clust0015	clustered_SSD_tandem	left_flank	17	-0.125	0	5000	0.0	0.0
clust0015	clustered_SSD_tandem	left_flank	18	-0.075	0	5000	0.0	0.0
clust0015	clustered_SSD_tandem	left_flank	19	-0.025	0	5000	0.0	0.0
clust0015	clustered_SSD_tandem	body	20	0.025	0	3213	0.0	0.0
clust0015	clustered_SSD_tandem	body	21	0.075	0	3213	0.0	0.0
clust0015	clustered_SSD_tandem	body	22	0.125	0	3213	0.0	0.0
clust0015	clustered_SSD_tandem	body	23	0.175	0	3214	0.0	0.0
clust0015	clustered_SSD_tandem	body	24	0.225	0	3213	0.0	0.0
clust0015	clustered_SSD_tandem	body	25	0.275	0	3213	0.0	0.0
clust0015	clustered_SSD_tandem	body	26	0.325	0	3214	0.0	0.0
clust0015	clustered_SSD_tandem	body	27	0.375	0	3213	0.0	0.0
clust0015	clustered_SSD_tandem	body	28	0.425	0	3213	0.0	0.0
clust0015	clustered_SSD_tandem	body	29	0.475	0	3214	0.0	0.0
clust0015	clustered_SSD_tandem	body	30	0.525	0	3213	0.0	0.0
clust0015	clustered_SSD_tandem	body	31	0.575	0	3213	0.0	0.0
clust0015	clustered_SSD_tandem	body	32	0.625	0	3213	0.0	0.0
clust0015	clustered_SSD_tandem	body	33	0.675	0	3214	0.0	0.0
clust0015	clustered_SSD_tandem	body	34	0.725	4	3213	0.71273	1.244942
clust0015	clustered_SSD_tandem	body	35	0.775	1	3213	0.083411	0.311236
clust0015	clustered_SSD_tandem	body	36	0.825	0	3214	0.0	0.0
clust0015	clustered_SSD_tandem	body	37	0.875	0	3213	0.0	0.0
clust0015	clustered_SSD_tandem	body	38	0.925	0	3213	0.0	0.0
clust0015	clustered_SSD_tandem	body	39	0.975	0	3214	0.0	0.0
clust0015	clustered_SSD_tandem	right_flank	40	1.025	0	5000	0.0	0.0
clust0015	clustered_SSD_tandem	right_flank	41	1.075	3	5000	0.4644	0.6
clust0015	clustered_SSD_tandem	right_flank	42	1.125	0	5000	0.0	0.0
clust0015	clustered_SSD_tandem	right_flank	43	1.175	0	5000	0.0	0.0
clust0015	clustered_SSD_tandem	right_flank	44	1.225	0	5000	0.0	0.0
clust0015	clustered_SSD_tandem	right_flank	45	1.275	0	5000	0.0	0.0
clust0015	clustered_SSD_tandem	right_flank	46	1.325	0	5000	0.0	0.0
clust0015	clustered_SSD_tandem	right_flank	47	1.375	2	5000	0.3092	0.4
clust0015	clustered_SSD_tandem	right_flank	48	1.425	0	5000	0.0	0.0
clust0015	clustered_SSD_tandem	right_flank	49	1.475	0	5000	0.0	0.0
clust0015	clustered_SSD_tandem	right_flank	50	1.525	0	5000	0.0	0.0
clust0015	clustered_SSD_tandem	right_flank	51	1.575	0	5000	0.0	0.0
clust0015	clustered_SSD_tandem	right_flank	52	1.625	0	5000	0.0	0.0
clust0015	clustered_SSD_tandem	right_flank	53	1.675	0	5000	0.0	0.0
clust0015	clustered_SSD_tandem	right_flank	54	1.725	0	5000	0.0	0.0
clust0015	clustered_SSD_tandem	right_flank	55	1.775	0	5000	0.0	0.0
clust0015	clustered_SSD_tandem	right_flank	56	1.825	0	5000	0.0	0.0
clust0015	clustered_SSD_tandem	right_flank	57	1.875	0	5000	0.0	0.0
clust0015	clustered_SSD_tandem	right_flank	58	1.925	0	5000	0.0	0.0
clust0015	clustered_SSD_tandem	right_flank	59	1.975	0	5000	0.0	0.0
clust0016	clustered_SSD_tandem	left_flank	0	-0.975	0	5000	0.0	0.0
clust0016	clustered_SSD_tandem	left_flank	1	-0.925	0	5000	0.0	0.0
clust0016	clustered_SSD_tandem	left_flank	2	-0.875	0	5000	0.0	0.0
clust0016	clustered_SSD_tandem	left_flank	3	-0.825	0	5000	0.0	0.0
clust0016	clustered_SSD_tandem	left_flank	4	-0.775	0	5000	0.0	0.0
clust0016	clustered_SSD_tandem	left_flank	5	-0.725	0	5000	0.0	0.0
clust0016	clustered_SSD_tandem	left_flank	6	-0.675	0	5000	0.0	0.0
clust0016	clustered_SSD_tandem	left_flank	7	-0.625	0	5000	0.0	0.0
clust0016	clustered_SSD_tandem	left_flank	8	-0.575	0	5000	0.0	0.0
clust0016	clustered_SSD_tandem	left_flank	9	-0.525	0	5000	0.0	0.0
clust0016	clustered_SSD_tandem	left_flank	10	-0.475	0	5000	0.0	0.0
clust0016	clustered_SSD_tandem	left_flank	11	-0.425	0	5000	0.0	0.0
clust0016	clustered_SSD_tandem	left_flank	12	-0.375	0	5000	0.0	0.0
clust0016	clustered_SSD_tandem	left_flank	13	-0.325	0	5000	0.0	0.0
clust0016	clustered_SSD_tandem	left_flank	14	-0.275	0	5000	0.0	0.0
clust0016	clustered_SSD_tandem	left_flank	15	-0.225	3	5000	0.7086	0.6
clust0016	clustered_SSD_tandem	left_flank	16	-0.175	0	5000	0.0	0.0
clust0016	clustered_SSD_tandem	left_flank	17	-0.125	0	5000	0.0	0.0
clust0016	clustered_SSD_tandem	left_flank	18	-0.075	0	5000	0.0	0.0
clust0016	clustered_SSD_tandem	left_flank	19	-0.025	0	5000	0.0	0.0
clust0016	clustered_SSD_tandem	body	20	0.025	0	4828	0.0	0.0
clust0016	clustered_SSD_tandem	body	21	0.075	0	4829	0.0	0.0
clust0016	clustered_SSD_tandem	body	22	0.125	0	4828	0.0	0.0
clust0016	clustered_SSD_tandem	body	23	0.175	0	4829	0.0	0.0
clust0016	clustered_SSD_tandem	body	24	0.225	0	4828	0.0	0.0
clust0016	clustered_SSD_tandem	body	25	0.275	4	4829	1.060261	0.828329
clust0016	clustered_SSD_tandem	body	26	0.325	0	4828	0.0	0.0
clust0016	clustered_SSD_tandem	body	27	0.375	0	4829	0.0	0.0
clust0016	clustered_SSD_tandem	body	28	0.425	0	4828	0.0	0.0
clust0016	clustered_SSD_tandem	body	29	0.475	0	4829	0.0	0.0
clust0016	clustered_SSD_tandem	body	30	0.525	0	4829	0.0	0.0
clust0016	clustered_SSD_tandem	body	31	0.575	0	4828	0.0	0.0
clust0016	clustered_SSD_tandem	body	32	0.625	0	4829	0.0	0.0
clust0016	clustered_SSD_tandem	body	33	0.675	1	4828	0.150373	0.207125
clust0016	clustered_SSD_tandem	body	34	0.725	0	4829	0.0	0.0
clust0016	clustered_SSD_tandem	body	35	0.775	0	4828	0.0	0.0
clust0016	clustered_SSD_tandem	body	36	0.825	2	4829	0.307724	0.414164
clust0016	clustered_SSD_tandem	body	37	0.875	0	4828	0.0	0.0
clust0016	clustered_SSD_tandem	body	38	0.925	0	4829	0.0	0.0
clust0016	clustered_SSD_tandem	body	39	0.975	1	4829	0.207496	0.207082
clust0016	clustered_SSD_tandem	right_flank	40	1.025	1	5000	0.1192	0.2
clust0016	clustered_SSD_tandem	right_flank	41	1.075	0	5000	0.0	0.0
clust0016	clustered_SSD_tandem	right_flank	42	1.125	3	5000	0.3006	0.6
clust0016	clustered_SSD_tandem	right_flank	43	1.175	0	5000	0.0	0.0
clust0016	clustered_SSD_tandem	right_flank	44	1.225	0	5000	0.0	0.0
clust0016	clustered_SSD_tandem	right_flank	45	1.275	0	5000	0.0	0.0
clust0016	clustered_SSD_tandem	right_flank	46	1.325	0	5000	0.0	0.0
clust0016	clustered_SSD_tandem	right_flank	47	1.375	0	5000	0.0	0.0
clust0016	clustered_SSD_tandem	right_flank	48	1.425	0	5000	0.0	0.0
clust0016	clustered_SSD_tandem	right_flank	49	1.475	0	5000	0.0	0.0
clust0016	clustered_SSD_tandem	right_flank	50	1.525	0	5000	0.0	0.0
clust0016	clustered_SSD_tandem	right_flank	51	1.575	0	5000	0.0	0.0
clust0016	clustered_SSD_tandem	right_flank	52	1.625	1	5000	0.1648	0.2
clust0016	clustered_SSD_tandem	right_flank	53	1.675	1	5000	0.0996	0.2
clust0016	clustered_SSD_tandem	right_flank	54	1.725	0	5000	0.0	0.0
clust0016	clustered_SSD_tandem	right_flank	55	1.775	0	5000	0.0	0.0
clust0016	clustered_SSD_tandem	right_flank	56	1.825	0	5000	0.0	0.0
clust0016	clustered_SSD_tandem	right_flank	57	1.875	0	5000	0.0	0.0
clust0016	clustered_SSD_tandem	right_flank	58	1.925	0	5000	0.0	0.0
clust0016	clustered_SSD_tandem	right_flank	59	1.975	0	5000	0.0	0.0
clust0018	clustered_SSD_tandem	left_flank	0	-0.975	0	5000	0.0	0.0
clust0018	clustered_SSD_tandem	left_flank	1	-0.925	4	5000	1.004	0.8
clust0018	clustered_SSD_tandem	left_flank	2	-0.875	0	5000	0.0	0.0
clust0018	clustered_SSD_tandem	left_flank	3	-0.825	0	5000	0.0	0.0
clust0018	clustered_SSD_tandem	left_flank	4	-0.775	1	5000	0.0546	0.2
clust0018	clustered_SSD_tandem	left_flank	5	-0.725	2	5000	0.2256	0.4
clust0018	clustered_SSD_tandem	left_flank	6	-0.675	2	5000	0.2544	0.4
clust0018	clustered_SSD_tandem	left_flank	7	-0.625	4	5000	0.6074	0.8
clust0018	clustered_SSD_tandem	left_flank	8	-0.575	0	5000	0.0	0.0
clust0018	clustered_SSD_tandem	left_flank	9	-0.525	0	5000	0.0	0.0
clust0018	clustered_SSD_tandem	left_flank	10	-0.475	0	5000	0.0	0.0
clust0018	clustered_SSD_tandem	left_flank	11	-0.425	1	5000	0.0556	0.2
clust0018	clustered_SSD_tandem	left_flank	12	-0.375	0	5000	0.0	0.0
clust0018	clustered_SSD_tandem	left_flank	13	-0.325	1	5000	0.1336	0.2
clust0018	clustered_SSD_tandem	left_flank	14	-0.275	0	5000	0.0	0.0
clust0018	clustered_SSD_tandem	left_flank	15	-0.225	1	5000	0.1192	0.2
clust0018	clustered_SSD_tandem	left_flank	16	-0.175	0	5000	0.0	0.0
clust0018	clustered_SSD_tandem	left_flank	17	-0.125	0	5000	0.0	0.0
clust0018	clustered_SSD_tandem	left_flank	18	-0.075	0	5000	0.0	0.0
clust0018	clustered_SSD_tandem	left_flank	19	-0.025	5	5000	0.6758	1.0
clust0018	clustered_SSD_tandem	body	20	0.025	0	1161	0.463394	0.0
clust0018	clustered_SSD_tandem	body	21	0.075	0	1162	0.0	0.0
clust0018	clustered_SSD_tandem	body	22	0.125	0	1162	0.0	0.0
clust0018	clustered_SSD_tandem	body	23	0.175	0	1162	0.0	0.0
clust0018	clustered_SSD_tandem	body	24	0.225	0	1162	0.0	0.0
clust0018	clustered_SSD_tandem	body	25	0.275	0	1162	0.0	0.0
clust0018	clustered_SSD_tandem	body	26	0.325	0	1161	0.0	0.0
clust0018	clustered_SSD_tandem	body	27	0.375	0	1162	0.0	0.0
clust0018	clustered_SSD_tandem	body	28	0.425	0	1162	0.0	0.0
clust0018	clustered_SSD_tandem	body	29	0.475	0	1162	0.0	0.0
clust0018	clustered_SSD_tandem	body	30	0.525	0	1162	0.0	0.0
clust0018	clustered_SSD_tandem	body	31	0.575	0	1162	0.0	0.0
clust0018	clustered_SSD_tandem	body	32	0.625	0	1162	0.0	0.0
clust0018	clustered_SSD_tandem	body	33	0.675	0	1161	0.0	0.0
clust0018	clustered_SSD_tandem	body	34	0.725	0	1162	0.0	0.0
clust0018	clustered_SSD_tandem	body	35	0.775	0	1162	0.0	0.0
clust0018	clustered_SSD_tandem	body	36	0.825	0	1162	0.0	0.0
clust0018	clustered_SSD_tandem	body	37	0.875	0	1162	0.0	0.0
clust0018	clustered_SSD_tandem	body	38	0.925	0	1162	0.0	0.0
clust0018	clustered_SSD_tandem	body	39	0.975	1	1162	0.659208	0.860585
clust0018	clustered_SSD_tandem	right_flank	40	1.025	1	5000	0.2756	0.2
clust0018	clustered_SSD_tandem	right_flank	41	1.075	1	5000	0.076	0.2
clust0018	clustered_SSD_tandem	right_flank	42	1.125	0	5000	0.0	0.0
clust0018	clustered_SSD_tandem	right_flank	43	1.175	0	5000	0.0	0.0
clust0018	clustered_SSD_tandem	right_flank	44	1.225	2	5000	0.2624	0.4
clust0018	clustered_SSD_tandem	right_flank	45	1.275	0	5000	0.0	0.0
clust0018	clustered_SSD_tandem	right_flank	46	1.325	0	5000	0.0	0.0
clust0018	clustered_SSD_tandem	right_flank	47	1.375	0	5000	0.0	0.0
clust0018	clustered_SSD_tandem	right_flank	48	1.425	0	5000	0.0	0.0
clust0018	clustered_SSD_tandem	right_flank	49	1.475	1	5000	0.1568	0.2
clust0018	clustered_SSD_tandem	right_flank	50	1.525	0	5000	0.0	0.0
clust0018	clustered_SSD_tandem	right_flank	51	1.575	0	5000	0.0	0.0
clust0018	clustered_SSD_tandem	right_flank	52	1.625	0	5000	0.0	0.0
clust0018	clustered_SSD_tandem	right_flank	53	1.675	0	5000	0.0	0.0
clust0018	clustered_SSD_tandem	right_flank	54	1.725	0	5000	0.0	0.0
clust0018	clustered_SSD_tandem	right_flank	55	1.775	0	5000	0.0	0.0
clust0018	clustered_SSD_tandem	right_flank	56	1.825	2	5000	0.2388	0.4
clust0018	clustered_SSD_tandem	right_flank	57	1.875	0	5000	0.0	0.0
clust0018	clustered_SSD_tandem	right_flank	58	1.925	0	5000	0.0	0.0
clust0018	clustered_SSD_tandem	right_flank	59	1.975	0	5000	0.0	0.0
clust0019	clustered_SSD_tandem	left_flank	0	-0.975	2	5000	0.4184	0.4
clust0019	clustered_SSD_tandem	left_flank	1	-0.925	2	5000	0.2404	0.4
clust0019	clustered_SSD_tandem	left_flank	2	-0.875	0	5000	0.0	0.0
clust0019	clustered_SSD_tandem	left_flank	3	-0.825	0	5000	0.0	0.0
clust0019	clustered_SSD_tandem	left_flank	4	-0.775	0	5000	0.0	0.0
clust0019	clustered_SSD_tandem	left_flank	5	-0.725	3	5000	0.4224	0.6
clust0019	clustered_SSD_tandem	left_flank	6	-0.675	0	5000	0.0	0.0
clust0019	clustered_SSD_tandem	left_flank	7	-0.625	0	5000	0.0	0.0
clust0019	clustered_SSD_tandem	left_flank	8	-0.575	1	5000	0.0896	0.2
clust0019	clustered_SSD_tandem	left_flank	9	-0.525	0	5000	0.0	0.0
clust0019	clustered_SSD_tandem	left_flank	10	-0.475	0	5000	0.0	0.0
clust0019	clustered_SSD_tandem	left_flank	11	-0.425	0	5000	0.0	0.0
clust0019	clustered_SSD_tandem	left_flank	12	-0.375	0	5000	0.0	0.0
clust0019	clustered_SSD_tandem	left_flank	13	-0.325	0	5000	0.0	0.0
clust0019	clustered_SSD_tandem	left_flank	14	-0.275	0	5000	0.0	0.0
clust0019	clustered_SSD_tandem	left_flank	15	-0.225	0	5000	0.0	0.0
clust0019	clustered_SSD_tandem	left_flank	16	-0.175	0	5000	0.0	0.0
clust0019	clustered_SSD_tandem	left_flank	17	-0.125	0	5000	0.0	0.0
clust0019	clustered_SSD_tandem	left_flank	18	-0.075	0	5000	0.0	0.0
clust0019	clustered_SSD_tandem	left_flank	19	-0.025	0	5000	0.0	0.0
clust0019	clustered_SSD_tandem	body	20	0.025	0	3442	0.0	0.0
clust0019	clustered_SSD_tandem	body	21	0.075	0	3442	0.0	0.0
clust0019	clustered_SSD_tandem	body	22	0.125	0	3443	0.0	0.0
clust0019	clustered_SSD_tandem	body	23	0.175	1	3442	0.161243	0.290529
clust0019	clustered_SSD_tandem	body	24	0.225	0	3443	0.0	0.0
clust0019	clustered_SSD_tandem	body	25	0.275	0	3442	0.0	0.0
clust0019	clustered_SSD_tandem	body	26	0.325	5	3443	2.483299	1.452222
clust0019	clustered_SSD_tandem	body	27	0.375	0	3442	0.0	0.0
clust0019	clustered_SSD_tandem	body	28	0.425	5	3443	2.13041	1.452222
clust0019	clustered_SSD_tandem	body	29	0.475	0	3442	0.0	0.0
clust0019	clustered_SSD_tandem	body	30	0.525	0	3442	0.0	0.0
clust0019	clustered_SSD_tandem	body	31	0.575	0	3443	0.0	0.0
clust0019	clustered_SSD_tandem	body	32	0.625	0	3442	0.0	0.0
clust0019	clustered_SSD_tandem	body	33	0.675	3	3443	0.742376	0.871333
clust0019	clustered_SSD_tandem	body	34	0.725	0	3442	0.074085	0.0
clust0019	clustered_SSD_tandem	body	35	0.775	1	3443	0.049376	0.290444
clust0019	clustered_SSD_tandem	body	36	0.825	2	3442	0.281232	0.581058
clust0019	clustered_SSD_tandem	body	37	0.875	0	3443	0.0	0.0
clust0019	clustered_SSD_tandem	body	38	0.925	1	3442	0.08774	0.290529
clust0019	clustered_SSD_tandem	body	39	0.975	4	3443	1.057218	1.161778
clust0019	clustered_SSD_tandem	right_flank	40	1.025	0	5000	0.0	0.0
clust0019	clustered_SSD_tandem	right_flank	41	1.075	3	5000	0.8592	0.6
clust0019	clustered_SSD_tandem	right_flank	42	1.125	0	5000	0.0	0.0
clust0019	clustered_SSD_tandem	right_flank	43	1.175	0	5000	0.0	0.0
clust0019	clustered_SSD_tandem	right_flank	44	1.225	0	5000	0.0	0.0
clust0019	clustered_SSD_tandem	right_flank	45	1.275	2	5000	0.3216	0.4
clust0019	clustered_SSD_tandem	right_flank	46	1.325	0	5000	0.0364	0.0
clust0019	clustered_SSD_tandem	right_flank	47	1.375	0	5000	0.0	0.0
clust0019	clustered_SSD_tandem	right_flank	48	1.425	0	5000	0.0	0.0
clust0019	clustered_SSD_tandem	right_flank	49	1.475	0	5000	0.0	0.0
clust0019	clustered_SSD_tandem	right_flank	50	1.525	0	5000	0.0	0.0
clust0019	clustered_SSD_tandem	right_flank	51	1.575	0	5000	0.0	0.0
clust0019	clustered_SSD_tandem	right_flank	52	1.625	0	5000	0.0	0.0
clust0019	clustered_SSD_tandem	right_flank	53	1.675	0	5000	0.0	0.0
clust0019	clustered_SSD_tandem	right_flank	54	1.725	0	5000	0.0	0.0
clust0019	clustered_SSD_tandem	right_flank	55	1.775	0	5000	0.0	0.0
clust0019	clustered_SSD_tandem	right_flank	56	1.825	0	5000	0.0	0.0
clust0019	clustered_SSD_tandem	right_flank	57	1.875	0	5000	0.0	0.0
clust0019	clustered_SSD_tandem	right_flank	58	1.925	0	5000	0.0	0.0
clust0019	clustered_SSD_tandem	right_flank	59	1.975	0	5000	0.0	0.0
clust0063	clustered_SSD_tandem	left_flank	0	-0.975	0	5000	0.0	0.0
clust0063	clustered_SSD_tandem	left_flank	1	-0.925	0	5000	0.0	0.0
clust0063	clustered_SSD_tandem	left_flank	2	-0.875	0	5000	0.0	0.0
clust0063	clustered_SSD_tandem	left_flank	3	-0.825	0	5000	0.0	0.0
clust0063	clustered_SSD_tandem	left_flank	4	-0.775	1	5000	0.0836	0.2
clust0063	clustered_SSD_tandem	left_flank	5	-0.725	0	5000	0.0	0.0
clust0063	clustered_SSD_tandem	left_flank	6	-0.675	2	5000	0.3696	0.4
clust0063	clustered_SSD_tandem	left_flank	7	-0.625	0	5000	0.0	0.0
clust0063	clustered_SSD_tandem	left_flank	8	-0.575	0	5000	0.0	0.0
clust0063	clustered_SSD_tandem	left_flank	9	-0.525	0	5000	0.0	0.0
clust0063	clustered_SSD_tandem	left_flank	10	-0.475	1	5000	0.1496	0.2
clust0063	clustered_SSD_tandem	left_flank	11	-0.425	0	5000	0.0	0.0
clust0063	clustered_SSD_tandem	left_flank	12	-0.375	0	5000	0.0	0.0
clust0063	clustered_SSD_tandem	left_flank	13	-0.325	0	5000	0.0	0.0
clust0063	clustered_SSD_tandem	left_flank	14	-0.275	0	5000	0.0	0.0
clust0063	clustered_SSD_tandem	left_flank	15	-0.225	0	5000	0.0	0.0
clust0063	clustered_SSD_tandem	left_flank	16	-0.175	0	5000	0.0	0.0
clust0063	clustered_SSD_tandem	left_flank	17	-0.125	0	5000	0.0	0.0
clust0063	clustered_SSD_tandem	left_flank	18	-0.075	0	5000	0.0	0.0
clust0063	clustered_SSD_tandem	left_flank	19	-0.025	0	5000	0.0	0.0
clust0063	clustered_SSD_tandem	body	20	0.025	0	8934	0.0	0.0
clust0063	clustered_SSD_tandem	body	21	0.075	0	8935	0.0	0.0
clust0063	clustered_SSD_tandem	body	22	0.125	0	8935	0.0	0.0
clust0063	clustered_SSD_tandem	body	23	0.175	0	8935	0.0	0.0
clust0063	clustered_SSD_tandem	body	24	0.225	0	8935	0.0	0.0
clust0063	clustered_SSD_tandem	body	25	0.275	0	8935	0.0	0.0
clust0063	clustered_SSD_tandem	body	26	0.325	0	8934	0.0	0.0
clust0063	clustered_SSD_tandem	body	27	0.375	0	8935	0.0	0.0
clust0063	clustered_SSD_tandem	body	28	0.425	0	8935	0.0	0.0
clust0063	clustered_SSD_tandem	body	29	0.475	0	8935	0.0	0.0
clust0063	clustered_SSD_tandem	body	30	0.525	0	8935	0.0	0.0
clust0063	clustered_SSD_tandem	body	31	0.575	0	8935	0.0	0.0
clust0063	clustered_SSD_tandem	body	32	0.625	0	8935	0.0	0.0
clust0063	clustered_SSD_tandem	body	33	0.675	1	8934	0.149541	0.111932
clust0063	clustered_SSD_tandem	body	34	0.725	3	8935	0.373811	0.335758
clust0063	clustered_SSD_tandem	body	35	0.775	0	8935	0.0	0.0
clust0063	clustered_SSD_tandem	body	36	0.825	0	8935	0.0	0.0
clust0063	clustered_SSD_tandem	body	37	0.875	0	8935	0.0	0.0
clust0063	clustered_SSD_tandem	body	38	0.925	0	8935	0.0	0.0
clust0063	clustered_SSD_tandem	body	39	0.975	1	8935	0.098489	0.111919
clust0063	clustered_SSD_tandem	right_flank	40	1.025	1	5000	0.1476	0.2
clust0063	clustered_SSD_tandem	right_flank	41	1.075	0	5000	0.0	0.0
clust0063	clustered_SSD_tandem	right_flank	42	1.125	0	5000	0.0	0.0
clust0063	clustered_SSD_tandem	right_flank	43	1.175	0	5000	0.0	0.0
clust0063	clustered_SSD_tandem	right_flank	44	1.225	1	5000	0.0944	0.2
clust0063	clustered_SSD_tandem	right_flank	45	1.275	1	5000	0.1668	0.2
clust0063	clustered_SSD_tandem	right_flank	46	1.325	0	5000	0.0	0.0
clust0063	clustered_SSD_tandem	right_flank	47	1.375	3	5000	0.534	0.6
clust0063	clustered_SSD_tandem	right_flank	48	1.425	0	5000	0.0	0.0
clust0063	clustered_SSD_tandem	right_flank	49	1.475	0	5000	0.0	0.0
clust0063	clustered_SSD_tandem	right_flank	50	1.525	0	5000	0.0	0.0
clust0063	clustered_SSD_tandem	right_flank	51	1.575	0	5000	0.0	0.0
clust0063	clustered_SSD_tandem	right_flank	52	1.625	0	5000	0.0	0.0
clust0063	clustered_SSD_tandem	right_flank	53	1.675	0	5000	0.0	0.0
clust0063	clustered_SSD_tandem	right_flank	54	1.725	0	5000	0.0	0.0
clust0063	clustered_SSD_tandem	right_flank	55	1.775	0	5000	0.0	0.0
clust0063	clustered_SSD_tandem	right_flank	56	1.825	0	5000	0.0	0.0
clust0063	clustered_SSD_tandem	right_flank	57	1.875	0	5000	0.0	0.0
clust0063	clustered_SSD_tandem	right_flank	58	1.925	0	5000	0.0	0.0
clust0063	clustered_SSD_tandem	right_flank	59	1.975	0	5000	0.0	0.0
clust0064	clustered_SSD_tandem	left_flank	0	-0.975	2	5000	0.1972	0.4
clust0064	clustered_SSD_tandem	left_flank	1	-0.925	0	5000	0.0	0.0
clust0064	clustered_SSD_tandem	left_flank	2	-0.875	2	5000	0.2536	0.4
clust0064	clustered_SSD_tandem	left_flank	3	-0.825	0	5000	0.0	0.0
clust0064	clustered_SSD_tandem	left_flank	4	-0.775	0	5000	0.0	0.0
clust0064	clustered_SSD_tandem	left_flank	5	-0.725	0	5000	0.0	0.0
clust0064	clustered_SSD_tandem	left_flank	6	-0.675	0	5000	0.0	0.0
clust0064	clustered_SSD_tandem	left_flank	7	-0.625	0	5000	0.0	0.0
clust0064	clustered_SSD_tandem	left_flank	8	-0.575	0	5000	0.0	0.0
clust0064	clustered_SSD_tandem	left_flank	9	-0.525	0	5000	0.0	0.0
clust0064	clustered_SSD_tandem	left_flank	10	-0.475	0	5000	0.0	0.0
clust0064	clustered_SSD_tandem	left_flank	11	-0.425	0	5000	0.0	0.0
clust0064	clustered_SSD_tandem	left_flank	12	-0.375	0	5000	0.0	0.0
clust0064	clustered_SSD_tandem	left_flank	13	-0.325	2	5000	0.3024	0.4
clust0064	clustered_SSD_tandem	left_flank	14	-0.275	0	5000	0.0	0.0
clust0064	clustered_SSD_tandem	left_flank	15	-0.225	0	5000	0.0	0.0
clust0064	clustered_SSD_tandem	left_flank	16	-0.175	0	5000	0.0	0.0
clust0064	clustered_SSD_tandem	left_flank	17	-0.125	1	5000	0.0584	0.2
clust0064	clustered_SSD_tandem	left_flank	18	-0.075	0	5000	0.0	0.0
clust0064	clustered_SSD_tandem	left_flank	19	-0.025	0	5000	0.0	0.0
clust0064	clustered_SSD_tandem	body	20	0.025	0	4220	0.0	0.0
clust0064	clustered_SSD_tandem	body	21	0.075	0	4220	0.0	0.0
clust0064	clustered_SSD_tandem	body	22	0.125	0	4220	0.0	0.0
clust0064	clustered_SSD_tandem	body	23	0.175	0	4220	0.0	0.0
clust0064	clustered_SSD_tandem	body	24	0.225	0	4220	0.0	0.0
clust0064	clustered_SSD_tandem	body	25	0.275	1	4220	0.130332	0.236967
clust0064	clustered_SSD_tandem	body	26	0.325	1	4220	0.192417	0.236967
clust0064	clustered_SSD_tandem	body	27	0.375	0	4220	0.0	0.0
clust0064	clustered_SSD_tandem	body	28	0.425	0	4220	0.0	0.0
clust0064	clustered_SSD_tandem	body	29	0.475	0	4221	0.0	0.0
clust0064	clustered_SSD_tandem	body	30	0.525	0	4220	0.0	0.0
clust0064	clustered_SSD_tandem	body	31	0.575	0	4220	0.0	0.0
clust0064	clustered_SSD_tandem	body	32	0.625	0	4220	0.0	0.0
clust0064	clustered_SSD_tandem	body	33	0.675	0	4220	0.0	0.0
clust0064	clustered_SSD_tandem	body	34	0.725	0	4220	0.0	0.0
clust0064	clustered_SSD_tandem	body	35	0.775	2	4220	0.462559	0.473934
clust0064	clustered_SSD_tandem	body	36	0.825	0	4220	0.0	0.0
clust0064	clustered_SSD_tandem	body	37	0.875	0	4220	0.0	0.0
clust0064	clustered_SSD_tandem	body	38	0.925	0	4220	0.0	0.0
clust0064	clustered_SSD_tandem	body	39	0.975	0	4221	0.0	0.0
clust0064	clustered_SSD_tandem	right_flank	40	1.025	0	5000	0.0	0.0
clust0064	clustered_SSD_tandem	right_flank	41	1.075	0	5000	0.0	0.0
clust0064	clustered_SSD_tandem	right_flank	42	1.125	0	5000	0.0	0.0
clust0064	clustered_SSD_tandem	right_flank	43	1.175	0	5000	0.0	0.0
clust0064	clustered_SSD_tandem	right_flank	44	1.225	0	5000	0.0	0.0
clust0064	clustered_SSD_tandem	right_flank	45	1.275	0	5000	0.0	0.0
clust0064	clustered_SSD_tandem	right_flank	46	1.325	1	5000	0.0904	0.2
clust0064	clustered_SSD_tandem	right_flank	47	1.375	2	5000	0.2724	0.4
clust0064	clustered_SSD_tandem	right_flank	48	1.425	0	5000	0.0	0.0
clust0064	clustered_SSD_tandem	right_flank	49	1.475	0	5000	0.0	0.0
clust0064	clustered_SSD_tandem	right_flank	50	1.525	0	5000	0.0	0.0
clust0064	clustered_SSD_tandem	right_flank	51	1.575	0	5000	0.0	0.0
clust0064	clustered_SSD_tandem	right_flank	52	1.625	2	5000	0.4038	0.4
clust0064	clustered_SSD_tandem	right_flank	53	1.675	1	5000	0.2706	0.2
clust0064	clustered_SSD_tandem	right_flank	54	1.725	0	5000	0.0	0.0
clust0064	clustered_SSD_tandem	right_flank	55	1.775	0	5000	0.0	0.0
clust0064	clustered_SSD_tandem	right_flank	56	1.825	0	5000	0.0	0.0
clust0064	clustered_SSD_tandem	right_flank	57	1.875	0	5000	0.0	0.0
clust0064	clustered_SSD_tandem	right_flank	58	1.925	0	5000	0.0	0.0
clust0064	clustered_SSD_tandem	right_flank	59	1.975	0	5000	0.0	0.0
clust0020	clustered_SSD_tandem	left_flank	0	-0.975	0	5000	0.0	0.0
clust0020	clustered_SSD_tandem	left_flank	1	-0.925	0	5000	0.0	0.0
clust0020	clustered_SSD_tandem	left_flank	2	-0.875	0	5000	0.0	0.0
clust0020	clustered_SSD_tandem	left_flank	3	-0.825	0	5000	0.0	0.0
clust0020	clustered_SSD_tandem	left_flank	4	-0.775	1	5000	0.1156	0.2
clust0020	clustered_SSD_tandem	left_flank	5	-0.725	0	5000	0.0	0.0
clust0020	clustered_SSD_tandem	left_flank	6	-0.675	0	5000	0.0	0.0
clust0020	clustered_SSD_tandem	left_flank	7	-0.625	0	5000	0.0	0.0
clust0020	clustered_SSD_tandem	left_flank	8	-0.575	0	5000	0.0	0.0
clust0020	clustered_SSD_tandem	left_flank	9	-0.525	0	5000	0.0	0.0
clust0020	clustered_SSD_tandem	left_flank	10	-0.475	2	5000	0.3148	0.4
clust0020	clustered_SSD_tandem	left_flank	11	-0.425	0	5000	0.0	0.0
clust0020	clustered_SSD_tandem	left_flank	12	-0.375	0	5000	0.0	0.0
clust0020	clustered_SSD_tandem	left_flank	13	-0.325	0	5000	0.0	0.0
clust0020	clustered_SSD_tandem	left_flank	14	-0.275	4	5000	0.9184	0.8
clust0020	clustered_SSD_tandem	left_flank	15	-0.225	0	5000	0.0	0.0
clust0020	clustered_SSD_tandem	left_flank	16	-0.175	0	5000	0.0	0.0
clust0020	clustered_SSD_tandem	left_flank	17	-0.125	0	5000	0.0	0.0
clust0020	clustered_SSD_tandem	left_flank	18	-0.075	1	5000	0.1644	0.2
clust0020	clustered_SSD_tandem	left_flank	19	-0.025	0	5000	0.0	0.0
clust0020	clustered_SSD_tandem	body	20	0.025	0	1333	0.0	0.0
clust0020	clustered_SSD_tandem	body	21	0.075	0	1334	0.0	0.0
clust0020	clustered_SSD_tandem	body	22	0.125	0	1333	0.0	0.0
clust0020	clustered_SSD_tandem	body	23	0.175	0	1334	0.0	0.0
clust0020	clustered_SSD_tandem	body	24	0.225	0	1334	0.0	0.0
clust0020	clustered_SSD_tandem	body	25	0.275	0	1333	0.166542	0.0
clust0020	clustered_SSD_tandem	body	26	0.325	2	1334	1.188906	1.49925
clust0020	clustered_SSD_tandem	body	27	0.375	0	1334	0.0	0.0
clust0020	clustered_SSD_tandem	body	28	0.425	0	1333	0.0	0.0
clust0020	clustered_SSD_tandem	body	29	0.475	0	1334	0.0	0.0
clust0020	clustered_SSD_tandem	body	30	0.525	0	1334	0.0	0.0
clust0020	clustered_SSD_tandem	body	31	0.575	0	1333	0.0	0.0
clust0020	clustered_SSD_tandem	body	32	0.625	0	1334	0.0	0.0
clust0020	clustered_SSD_tandem	body	33	0.675	0	1334	0.0	0.0
clust0020	clustered_SSD_tandem	body	34	0.725	0	1333	0.0	0.0
clust0020	clustered_SSD_tandem	body	35	0.775	0	1334	0.0	0.0
clust0020	clustered_SSD_tandem	body	36	0.825	0	1334	0.0	0.0
clust0020	clustered_SSD_tandem	body	37	0.875	0	1333	0.0	0.0
clust0020	clustered_SSD_tandem	body	38	0.925	0	1334	0.0	0.0
clust0020	clustered_SSD_tandem	body	39	0.975	1	1334	0.634183	0.749625
clust0020	clustered_SSD_tandem	right_flank	40	1.025	1	5000	0.1776	0.2
clust0020	clustered_SSD_tandem	right_flank	41	1.075	2	5000	0.31	0.4
clust0020	clustered_SSD_tandem	right_flank	42	1.125	0	5000	0.0	0.0
clust0020	clustered_SSD_tandem	right_flank	43	1.175	0	5000	0.0	0.0
clust0020	clustered_SSD_tandem	right_flank	44	1.225	1	5000	0.1324	0.2
clust0020	clustered_SSD_tandem	right_flank	45	1.275	2	5000	0.316	0.4
clust0020	clustered_SSD_tandem	right_flank	46	1.325	0	5000	0.0	0.0
clust0020	clustered_SSD_tandem	right_flank	47	1.375	0	5000	0.0	0.0
clust0020	clustered_SSD_tandem	right_flank	48	1.425	0	5000	0.0	0.0
clust0020	clustered_SSD_tandem	right_flank	49	1.475	0	5000	0.0	0.0
clust0020	clustered_SSD_tandem	right_flank	50	1.525	0	5000	0.0	0.0
clust0020	clustered_SSD_tandem	right_flank	51	1.575	1	5000	0.1058	0.2
clust0020	clustered_SSD_tandem	right_flank	52	1.625	0	5000	0.0	0.0
clust0020	clustered_SSD_tandem	right_flank	53	1.675	0	5000	0.0	0.0
clust0020	clustered_SSD_tandem	right_flank	54	1.725	3	5000	0.5412	0.6
clust0020	clustered_SSD_tandem	right_flank	55	1.775	0	5000	0.0	0.0
clust0020	clustered_SSD_tandem	right_flank	56	1.825	0	5000	0.0	0.0
clust0020	clustered_SSD_tandem	right_flank	57	1.875	4	5000	0.7936	0.8
clust0020	clustered_SSD_tandem	right_flank	58	1.925	1	5000	0.158	0.2
clust0020	clustered_SSD_tandem	right_flank	59	1.975	1	5000	0.1608	0.2
clust0060	clustered_SSD_tandem	left_flank	0	-0.975	1	5000	0.065	0.2
clust0060	clustered_SSD_tandem	left_flank	1	-0.925	0	5000	0.0	0.0
clust0060	clustered_SSD_tandem	left_flank	2	-0.875	0	5000	0.0	0.0
clust0060	clustered_SSD_tandem	left_flank	3	-0.825	0	5000	0.0	0.0
clust0060	clustered_SSD_tandem	left_flank	4	-0.775	0	5000	0.0	0.0
clust0060	clustered_SSD_tandem	left_flank	5	-0.725	0	5000	0.0	0.0
clust0060	clustered_SSD_tandem	left_flank	6	-0.675	0	5000	0.0	0.0
clust0060	clustered_SSD_tandem	left_flank	7	-0.625	0	5000	0.0	0.0
clust0060	clustered_SSD_tandem	left_flank	8	-0.575	0	5000	0.0	0.0
clust0060	clustered_SSD_tandem	left_flank	9	-0.525	0	5000	0.0	0.0
clust0060	clustered_SSD_tandem	left_flank	10	-0.475	0	5000	0.0	0.0
clust0060	clustered_SSD_tandem	left_flank	11	-0.425	0	5000	0.0	0.0
clust0060	clustered_SSD_tandem	left_flank	12	-0.375	0	5000	0.0	0.0
clust0060	clustered_SSD_tandem	left_flank	13	-0.325	0	5000	0.0	0.0
clust0060	clustered_SSD_tandem	left_flank	14	-0.275	0	5000	0.0	0.0
clust0060	clustered_SSD_tandem	left_flank	15	-0.225	0	5000	0.0	0.0
clust0060	clustered_SSD_tandem	left_flank	16	-0.175	0	5000	0.0	0.0
clust0060	clustered_SSD_tandem	left_flank	17	-0.125	0	5000	0.0	0.0
clust0060	clustered_SSD_tandem	left_flank	18	-0.075	0	5000	0.0	0.0
clust0060	clustered_SSD_tandem	left_flank	19	-0.025	0	5000	0.0	0.0
clust0060	clustered_SSD_tandem	body	20	0.025	0	19021	0.0	0.0
clust0060	clustered_SSD_tandem	body	21	0.075	0	19021	0.0	0.0
clust0060	clustered_SSD_tandem	body	22	0.125	3	19021	0.086589	0.15772
clust0060	clustered_SSD_tandem	body	23	0.175	3	19021	0.181852	0.15772
clust0060	clustered_SSD_tandem	body	24	0.225	0	19021	0.0	0.0
clust0060	clustered_SSD_tandem	body	25	0.275	0	19021	0.0	0.0
clust0060	clustered_SSD_tandem	body	26	0.325	0	19021	0.0	0.0
clust0060	clustered_SSD_tandem	body	27	0.375	0	19021	0.0	0.0
clust0060	clustered_SSD_tandem	body	28	0.425	4	19021	0.181746	0.210294
clust0060	clustered_SSD_tandem	body	29	0.475	2	19021	0.079807	0.105147
clust0060	clustered_SSD_tandem	body	30	0.525	0	19021	0.0	0.0
clust0060	clustered_SSD_tandem	body	31	0.575	0	19021	0.0	0.0
clust0060	clustered_SSD_tandem	body	32	0.625	1	19021	0.03901	0.052573
clust0060	clustered_SSD_tandem	body	33	0.675	1	19021	0.027075	0.052573
clust0060	clustered_SSD_tandem	body	34	0.725	4	19021	0.135429	0.210294
clust0060	clustered_SSD_tandem	body	35	0.775	0	19021	0.0	0.0
clust0060	clustered_SSD_tandem	body	36	0.825	2	19021	0.076021	0.105147
clust0060	clustered_SSD_tandem	body	37	0.875	0	19021	0.0	0.0
clust0060	clustered_SSD_tandem	body	38	0.925	0	19021	0.0	0.0
clust0060	clustered_SSD_tandem	body	39	0.975	0	19021	0.0	0.0
clust0060	clustered_SSD_tandem	right_flank	40	1.025	0	5000	0.0	0.0
clust0060	clustered_SSD_tandem	right_flank	41	1.075	0	5000	0.0	0.0
clust0060	clustered_SSD_tandem	right_flank	42	1.125	0	5000	0.0	0.0
clust0060	clustered_SSD_tandem	right_flank	43	1.175	0	5000	0.0	0.0
clust0060	clustered_SSD_tandem	right_flank	44	1.225	0	5000	0.0	0.0
clust0060	clustered_SSD_tandem	right_flank	45	1.275	0	5000	0.0	0.0
clust0060	clustered_SSD_tandem	right_flank	46	1.325	0	5000	0.0	0.0
clust0060	clustered_SSD_tandem	right_flank	47	1.375	0	5000	0.0	0.0
clust0060	clustered_SSD_tandem	right_flank	48	1.425	1	5000	0.0772	0.2
clust0060	clustered_SSD_tandem	right_flank	49	1.475	0	5000	0.0	0.0
clust0060	clustered_SSD_tandem	right_flank	50	1.525	0	5000	0.0	0.0
clust0060	clustered_SSD_tandem	right_flank	51	1.575	2	5000	0.3416	0.4
clust0060	clustered_SSD_tandem	right_flank	52	1.625	0	5000	0.0	0.0
clust0060	clustered_SSD_tandem	right_flank	53	1.675	1	5000	0.1274	0.2
clust0060	clustered_SSD_tandem	right_flank	54	1.725	0	5000	0.0	0.0
clust0060	clustered_SSD_tandem	right_flank	55	1.775	0	5000	0.0	0.0
clust0060	clustered_SSD_tandem	right_flank	56	1.825	0	5000	0.0	0.0
clust0060	clustered_SSD_tandem	right_flank	57	1.875	0	5000	0.0	0.0
clust0060	clustered_SSD_tandem	right_flank	58	1.925	0	5000	0.0	0.0
clust0060	clustered_SSD_tandem	right_flank	59	1.975	3	5000	0.4554	0.6
clust0074	clustered_SSD_tandem	left_flank	0	-0.975	0	5000	0.0	0.0
clust0074	clustered_SSD_tandem	left_flank	1	-0.925	1	5000	0.0984	0.2
clust0074	clustered_SSD_tandem	left_flank	2	-0.875	0	5000	0.0	0.0
clust0074	clustered_SSD_tandem	left_flank	3	-0.825	0	5000	0.0	0.0
clust0074	clustered_SSD_tandem	left_flank	4	-0.775	0	5000	0.0	0.0
clust0074	clustered_SSD_tandem	left_flank	5	-0.725	0	5000	0.0	0.0
clust0074	clustered_SSD_tandem	left_flank	6	-0.675	0	5000	0.0	0.0
clust0074	clustered_SSD_tandem	left_flank	7	-0.625	0	5000	0.0	0.0
clust0074	clustered_SSD_tandem	left_flank	8	-0.575	0	5000	0.0	0.0
clust0074	clustered_SSD_tandem	left_flank	9	-0.525	0	5000	0.0	0.0
clust0074	clustered_SSD_tandem	left_flank	10	-0.475	0	5000	0.0	0.0
clust0074	clustered_SSD_tandem	left_flank	11	-0.425	0	5000	0.0	0.0
clust0074	clustered_SSD_tandem	left_flank	12	-0.375	0	5000	0.0	0.0
clust0074	clustered_SSD_tandem	left_flank	13	-0.325	0	5000	0.0	0.0
clust0074	clustered_SSD_tandem	left_flank	14	-0.275	0	5000	0.0	0.0
clust0074	clustered_SSD_tandem	left_flank	15	-0.225	0	5000	0.0	0.0
clust0074	clustered_SSD_tandem	left_flank	16	-0.175	0	5000	0.0	0.0
clust0074	clustered_SSD_tandem	left_flank	17	-0.125	0	5000	0.0	0.0
clust0074	clustered_SSD_tandem	left_flank	18	-0.075	0	5000	0.0	0.0
clust0074	clustered_SSD_tandem	left_flank	19	-0.025	0	5000	0.0	0.0
clust0074	clustered_SSD_tandem	body	20	0.025	0	2323	0.0	0.0
clust0074	clustered_SSD_tandem	body	21	0.075	1	2324	0.091652	0.430293
clust0074	clustered_SSD_tandem	body	22	0.125	0	2324	0.0	0.0
clust0074	clustered_SSD_tandem	body	23	0.175	0	2324	0.0	0.0
clust0074	clustered_SSD_tandem	body	24	0.225	1	2324	0.245267	0.430293
clust0074	clustered_SSD_tandem	body	25	0.275	0	2324	0.0	0.0
clust0074	clustered_SSD_tandem	body	26	0.325	0	2324	0.0	0.0
clust0074	clustered_SSD_tandem	body	27	0.375	0	2324	0.0	0.0
clust0074	clustered_SSD_tandem	body	28	0.425	0	2324	0.0	0.0
clust0074	clustered_SSD_tandem	body	29	0.475	0	2324	0.0	0.0
clust0074	clustered_SSD_tandem	body	30	0.525	0	2323	0.0	0.0
clust0074	clustered_SSD_tandem	body	31	0.575	0	2324	0.0	0.0
clust0074	clustered_SSD_tandem	body	32	0.625	0	2324	0.0	0.0
clust0074	clustered_SSD_tandem	body	33	0.675	0	2324	0.0	0.0
clust0074	clustered_SSD_tandem	body	34	0.725	0	2324	0.0	0.0
clust0074	clustered_SSD_tandem	body	35	0.775	0	2324	0.0	0.0
clust0074	clustered_SSD_tandem	body	36	0.825	0	2324	0.0	0.0
clust0074	clustered_SSD_tandem	body	37	0.875	0	2324	0.0	0.0
clust0074	clustered_SSD_tandem	body	38	0.925	0	2324	0.0	0.0
clust0074	clustered_SSD_tandem	body	39	0.975	0	2324	0.0	0.0
clust0074	clustered_SSD_tandem	right_flank	40	1.025	0	5000	0.0	0.0
clust0074	clustered_SSD_tandem	right_flank	41	1.075	0	5000	0.0	0.0
clust0074	clustered_SSD_tandem	right_flank	42	1.125	0	5000	0.0	0.0
clust0074	clustered_SSD_tandem	right_flank	43	1.175	0	5000	0.0	0.0
clust0074	clustered_SSD_tandem	right_flank	44	1.225	0	5000	0.0	0.0
clust0074	clustered_SSD_tandem	right_flank	45	1.275	0	5000	0.0	0.0
clust0074	clustered_SSD_tandem	right_flank	46	1.325	0	5000	0.0	0.0
clust0074	clustered_SSD_tandem	right_flank	47	1.375	0	5000	0.0	0.0
clust0074	clustered_SSD_tandem	right_flank	48	1.425	0	5000	0.0	0.0
clust0074	clustered_SSD_tandem	right_flank	49	1.475	0	5000	0.0	0.0
clust0074	clustered_SSD_tandem	right_flank	50	1.525	0	5000	0.0	0.0
clust0074	clustered_SSD_tandem	right_flank	51	1.575	0	5000	0.0	0.0
clust0074	clustered_SSD_tandem	right_flank	52	1.625	0	5000	0.0	0.0
clust0074	clustered_SSD_tandem	right_flank	53	1.675	0	5000	0.0	0.0
clust0074	clustered_SSD_tandem	right_flank	54	1.725	0	5000	0.0	0.0
clust0074	clustered_SSD_tandem	right_flank	55	1.775	0	5000	0.0	0.0
clust0074	clustered_SSD_tandem	right_flank	56	1.825	0	5000	0.0	0.0
clust0074	clustered_SSD_tandem	right_flank	57	1.875	0	5000	0.0	0.0
clust0074	clustered_SSD_tandem	right_flank	58	1.925	0	5000	0.0	0.0
clust0074	clustered_SSD_tandem	right_flank	59	1.975	0	5000	0.0	0.0
clust0065	clustered_SSD_tandem	left_flank	0	-0.975	0	5000	0.0	0.0
clust0065	clustered_SSD_tandem	left_flank	1	-0.925	0	5000	0.0	0.0
clust0065	clustered_SSD_tandem	left_flank	2	-0.875	0	5000	0.0	0.0
clust0065	clustered_SSD_tandem	left_flank	3	-0.825	0	5000	0.0	0.0
clust0065	clustered_SSD_tandem	left_flank	4	-0.775	0	5000	0.0	0.0
clust0065	clustered_SSD_tandem	left_flank	5	-0.725	0	5000	0.0	0.0
clust0065	clustered_SSD_tandem	left_flank	6	-0.675	0	5000	0.0	0.0
clust0065	clustered_SSD_tandem	left_flank	7	-0.625	0	5000	0.0	0.0
clust0065	clustered_SSD_tandem	left_flank	8	-0.575	0	5000	0.0	0.0
clust0065	clustered_SSD_tandem	left_flank	9	-0.525	0	5000	0.0	0.0
clust0065	clustered_SSD_tandem	left_flank	10	-0.475	0	5000	0.0	0.0
clust0065	clustered_SSD_tandem	left_flank	11	-0.425	0	5000	0.0	0.0
clust0065	clustered_SSD_tandem	left_flank	12	-0.375	0	5000	0.0	0.0
clust0065	clustered_SSD_tandem	left_flank	13	-0.325	0	5000	0.0	0.0
clust0065	clustered_SSD_tandem	left_flank	14	-0.275	0	5000	0.0	0.0
clust0065	clustered_SSD_tandem	left_flank	15	-0.225	0	5000	0.0	0.0
clust0065	clustered_SSD_tandem	left_flank	16	-0.175	0	5000	0.0	0.0
clust0065	clustered_SSD_tandem	left_flank	17	-0.125	0	5000	0.0	0.0
clust0065	clustered_SSD_tandem	left_flank	18	-0.075	0	5000	0.0	0.0
clust0065	clustered_SSD_tandem	left_flank	19	-0.025	0	5000	0.0	0.0
clust0065	clustered_SSD_tandem	body	20	0.025	2	2475	0.492929	0.808081
clust0065	clustered_SSD_tandem	body	21	0.075	0	2476	0.0	0.0
clust0065	clustered_SSD_tandem	body	22	0.125	0	2476	0.0	0.0
clust0065	clustered_SSD_tandem	body	23	0.175	0	2475	0.0	0.0
clust0065	clustered_SSD_tandem	body	24	0.225	0	2476	0.0	0.0
clust0065	clustered_SSD_tandem	body	25	0.275	0	2476	0.0	0.0
clust0065	clustered_SSD_tandem	body	26	0.325	0	2475	0.0	0.0
clust0065	clustered_SSD_tandem	body	27	0.375	0	2476	0.0	0.0
clust0065	clustered_SSD_tandem	body	28	0.425	0	2476	0.0	0.0
clust0065	clustered_SSD_tandem	body	29	0.475	1	2476	0.249192	0.403877
clust0065	clustered_SSD_tandem	body	30	0.525	0	2475	0.0	0.0
clust0065	clustered_SSD_tandem	body	31	0.575	0	2476	0.0	0.0
clust0065	clustered_SSD_tandem	body	32	0.625	0	2476	0.0	0.0
clust0065	clustered_SSD_tandem	body	33	0.675	0	2475	0.0	0.0
clust0065	clustered_SSD_tandem	body	34	0.725	0	2476	0.0	0.0
clust0065	clustered_SSD_tandem	body	35	0.775	0	2476	0.0	0.0
clust0065	clustered_SSD_tandem	body	36	0.825	0	2475	0.0	0.0
clust0065	clustered_SSD_tandem	body	37	0.875	4	2476	1.495961	1.615509
clust0065	clustered_SSD_tandem	body	38	0.925	0	2476	0.313409	0.0
clust0065	clustered_SSD_tandem	body	39	0.975	0	2476	0.0	0.0
clust0065	clustered_SSD_tandem	right_flank	40	1.025	0	5000	0.0	0.0
clust0065	clustered_SSD_tandem	right_flank	41	1.075	2	5000	0.2616	0.4
clust0065	clustered_SSD_tandem	right_flank	42	1.125	2	5000	0.2324	0.4
clust0065	clustered_SSD_tandem	right_flank	43	1.175	0	5000	0.0	0.0
clust0065	clustered_SSD_tandem	right_flank	44	1.225	0	5000	0.0	0.0
clust0065	clustered_SSD_tandem	right_flank	45	1.275	0	5000	0.0	0.0
clust0065	clustered_SSD_tandem	right_flank	46	1.325	1	5000	0.0906	0.2
clust0065	clustered_SSD_tandem	right_flank	47	1.375	0	5000	0.0	0.0
clust0065	clustered_SSD_tandem	right_flank	48	1.425	0	5000	0.0	0.0
clust0065	clustered_SSD_tandem	right_flank	49	1.475	0	5000	0.0	0.0
clust0065	clustered_SSD_tandem	right_flank	50	1.525	0	5000	0.0	0.0
clust0065	clustered_SSD_tandem	right_flank	51	1.575	0	5000	0.0	0.0
clust0065	clustered_SSD_tandem	right_flank	52	1.625	0	5000	0.0	0.0
clust0065	clustered_SSD_tandem	right_flank	53	1.675	0	5000	0.0	0.0
clust0065	clustered_SSD_tandem	right_flank	54	1.725	0	5000	0.0	0.0
clust0065	clustered_SSD_tandem	right_flank	55	1.775	0	5000	0.0	0.0
clust0065	clustered_SSD_tandem	right_flank	56	1.825	0	5000	0.0	0.0
clust0065	clustered_SSD_tandem	right_flank	57	1.875	0	5000	0.0	0.0
clust0065	clustered_SSD_tandem	right_flank	58	1.925	0	5000	0.0	0.0
clust0065	clustered_SSD_tandem	right_flank	59	1.975	0	5000	0.0	0.0
clust0066	clustered_SSD_tandem	left_flank	0	-0.975	0	5000	0.0	0.0
clust0066	clustered_SSD_tandem	left_flank	1	-0.925	0	5000	0.0	0.0
clust0066	clustered_SSD_tandem	left_flank	2	-0.875	0	5000	0.0	0.0
clust0066	clustered_SSD_tandem	left_flank	3	-0.825	0	5000	0.0	0.0
clust0066	clustered_SSD_tandem	left_flank	4	-0.775	0	5000	0.0	0.0
clust0066	clustered_SSD_tandem	left_flank	5	-0.725	2	5000	0.3456	0.4
clust0066	clustered_SSD_tandem	left_flank	6	-0.675	0	5000	0.0	0.0
clust0066	clustered_SSD_tandem	left_flank	7	-0.625	0	5000	0.0	0.0
clust0066	clustered_SSD_tandem	left_flank	8	-0.575	2	5000	0.2084	0.4
clust0066	clustered_SSD_tandem	left_flank	9	-0.525	0	5000	0.0	0.0
clust0066	clustered_SSD_tandem	left_flank	10	-0.475	0	5000	0.0	0.0
clust0066	clustered_SSD_tandem	left_flank	11	-0.425	0	5000	0.0	0.0
clust0066	clustered_SSD_tandem	left_flank	12	-0.375	0	5000	0.0	0.0
clust0066	clustered_SSD_tandem	left_flank	13	-0.325	0	5000	0.0	0.0
clust0066	clustered_SSD_tandem	left_flank	14	-0.275	0	5000	0.0	0.0
clust0066	clustered_SSD_tandem	left_flank	15	-0.225	0	5000	0.0	0.0
clust0066	clustered_SSD_tandem	left_flank	16	-0.175	0	5000	0.0	0.0
clust0066	clustered_SSD_tandem	left_flank	17	-0.125	0	5000	0.0	0.0
clust0066	clustered_SSD_tandem	left_flank	18	-0.075	0	5000	0.0	0.0
clust0066	clustered_SSD_tandem	left_flank	19	-0.025	0	5000	0.0	0.0
clust0066	clustered_SSD_tandem	body	20	0.025	0	5940	0.0	0.0
clust0066	clustered_SSD_tandem	body	21	0.075	2	5940	0.315825	0.3367
clust0066	clustered_SSD_tandem	body	22	0.125	0	5941	0.0	0.0
clust0066	clustered_SSD_tandem	body	23	0.175	0	5940	0.0	0.0
clust0066	clustered_SSD_tandem	body	24	0.225	1	5941	0.076755	0.168322
clust0066	clustered_SSD_tandem	body	25	0.275	2	5940	0.258923	0.3367
clust0066	clustered_SSD_tandem	body	26	0.325	0	5941	0.0	0.0
clust0066	clustered_SSD_tandem	body	27	0.375	0	5940	0.0	0.0
clust0066	clustered_SSD_tandem	body	28	0.425	0	5941	0.0	0.0
clust0066	clustered_SSD_tandem	body	29	0.475	0	5940	0.0	0.0
clust0066	clustered_SSD_tandem	body	30	0.525	0	5940	0.0	0.0
clust0066	clustered_SSD_tandem	body	31	0.575	0	5941	0.0	0.0
clust0066	clustered_SSD_tandem	body	32	0.625	2	5940	0.229293	0.3367
clust0066	clustered_SSD_tandem	body	33	0.675	0	5941	0.0	0.0
clust0066	clustered_SSD_tandem	body	34	0.725	0	5940	0.0	0.0
clust0066	clustered_SSD_tandem	body	35	0.775	0	5941	0.0	0.0
clust0066	clustered_SSD_tandem	body	36	0.825	0	5940	0.0	0.0
clust0066	clustered_SSD_tandem	body	37	0.875	0	5941	0.0	0.0
clust0066	clustered_SSD_tandem	body	38	0.925	0	5940	0.0	0.0
clust0066	clustered_SSD_tandem	body	39	0.975	0	5941	0.09426	0.0
clust0066	clustered_SSD_tandem	right_flank	40	1.025	1	5000	0.0534	0.2
clust0066	clustered_SSD_tandem	right_flank	41	1.075	0	5000	0.0	0.0
clust0066	clustered_SSD_tandem	right_flank	42	1.125	0	5000	0.0	0.0
clust0066	clustered_SSD_tandem	right_flank	43	1.175	0	5000	0.0	0.0
clust0066	clustered_SSD_tandem	right_flank	44	1.225	0	5000	0.0	0.0
clust0066	clustered_SSD_tandem	right_flank	45	1.275	0	5000	0.0	0.0
clust0066	clustered_SSD_tandem	right_flank	46	1.325	0	5000	0.0	0.0
clust0066	clustered_SSD_tandem	right_flank	47	1.375	0	5000	0.0	0.0
clust0066	clustered_SSD_tandem	right_flank	48	1.425	0	5000	0.0	0.0
clust0066	clustered_SSD_tandem	right_flank	49	1.475	0	5000	0.0	0.0
clust0066	clustered_SSD_tandem	right_flank	50	1.525	0	5000	0.0	0.0
clust0066	clustered_SSD_tandem	right_flank	51	1.575	0	5000	0.0	0.0
clust0066	clustered_SSD_tandem	right_flank	52	1.625	0	5000	0.0	0.0
clust0066	clustered_SSD_tandem	right_flank	53	1.675	0	5000	0.0	0.0
clust0066	clustered_SSD_tandem	right_flank	54	1.725	0	5000	0.0	0.0
clust0066	clustered_SSD_tandem	right_flank	55	1.775	0	5000	0.0	0.0
clust0066	clustered_SSD_tandem	right_flank	56	1.825	0	5000	0.0	0.0
clust0066	clustered_SSD_tandem	right_flank	57	1.875	0	5000	0.0	0.0
clust0066	clustered_SSD_tandem	right_flank	58	1.925	0	5000	0.0	0.0
clust0066	clustered_SSD_tandem	right_flank	59	1.975	0	5000	0.0	0.0
clust0075	clustered_SSD_tandem	left_flank	0	-0.975	0	5000	0.0	0.0
clust0075	clustered_SSD_tandem	left_flank	1	-0.925	0	5000	0.0	0.0
clust0075	clustered_SSD_tandem	left_flank	2	-0.875	0	5000	0.0	0.0
clust0075	clustered_SSD_tandem	left_flank	3	-0.825	0	5000	0.0	0.0
clust0075	clustered_SSD_tandem	left_flank	4	-0.775	0	5000	0.0	0.0
clust0075	clustered_SSD_tandem	left_flank	5	-0.725	0	5000	0.0	0.0
clust0075	clustered_SSD_tandem	left_flank	6	-0.675	0	5000	0.0	0.0
clust0075	clustered_SSD_tandem	left_flank	7	-0.625	0	5000	0.0	0.0
clust0075	clustered_SSD_tandem	left_flank	8	-0.575	0	5000	0.0	0.0
clust0075	clustered_SSD_tandem	left_flank	9	-0.525	0	5000	0.0	0.0
clust0075	clustered_SSD_tandem	left_flank	10	-0.475	0	5000	0.0	0.0
clust0075	clustered_SSD_tandem	left_flank	11	-0.425	0	5000	0.0	0.0
clust0075	clustered_SSD_tandem	left_flank	12	-0.375	0	5000	0.0	0.0
clust0075	clustered_SSD_tandem	left_flank	13	-0.325	0	5000	0.0	0.0
clust0075	clustered_SSD_tandem	left_flank	14	-0.275	0	5000	0.0	0.0
clust0075	clustered_SSD_tandem	left_flank	15	-0.225	0	5000	0.0	0.0
clust0075	clustered_SSD_tandem	left_flank	16	-0.175	0	5000	0.0	0.0
clust0075	clustered_SSD_tandem	left_flank	17	-0.125	0	5000	0.0	0.0
clust0075	clustered_SSD_tandem	left_flank	18	-0.075	0	5000	0.0	0.0
clust0075	clustered_SSD_tandem	left_flank	19	-0.025	0	5000	0.0	0.0
clust0075	clustered_SSD_tandem	body	20	0.025	0	6221	0.0	0.0
clust0075	clustered_SSD_tandem	body	21	0.075	0	6222	0.0	0.0
clust0075	clustered_SSD_tandem	body	22	0.125	0	6221	0.0	0.0
clust0075	clustered_SSD_tandem	body	23	0.175	0	6222	0.0	0.0
clust0075	clustered_SSD_tandem	body	24	0.225	0	6221	0.0	0.0
clust0075	clustered_SSD_tandem	body	25	0.275	0	6222	0.0	0.0
clust0075	clustered_SSD_tandem	body	26	0.325	0	6221	0.0	0.0
clust0075	clustered_SSD_tandem	body	27	0.375	0	6222	0.0	0.0
clust0075	clustered_SSD_tandem	body	28	0.425	0	6221	0.0	0.0
clust0075	clustered_SSD_tandem	body	29	0.475	0	6222	0.0	0.0
clust0075	clustered_SSD_tandem	body	30	0.525	0	6221	0.0	0.0
clust0075	clustered_SSD_tandem	body	31	0.575	0	6222	0.0	0.0
clust0075	clustered_SSD_tandem	body	32	0.625	0	6221	0.0	0.0
clust0075	clustered_SSD_tandem	body	33	0.675	0	6222	0.0	0.0
clust0075	clustered_SSD_tandem	body	34	0.725	0	6221	0.0	0.0
clust0075	clustered_SSD_tandem	body	35	0.775	0	6222	0.0	0.0
clust0075	clustered_SSD_tandem	body	36	0.825	0	6221	0.0	0.0
clust0075	clustered_SSD_tandem	body	37	0.875	0	6222	0.0	0.0
clust0075	clustered_SSD_tandem	body	38	0.925	0	6221	0.0	0.0
clust0075	clustered_SSD_tandem	body	39	0.975	0	6222	0.0	0.0
clust0075	clustered_SSD_tandem	right_flank	40	1.025	0	5000	0.0	0.0
clust0075	clustered_SSD_tandem	right_flank	41	1.075	0	5000	0.0	0.0
clust0075	clustered_SSD_tandem	right_flank	42	1.125	0	5000	0.0	0.0
clust0075	clustered_SSD_tandem	right_flank	43	1.175	0	5000	0.0	0.0
clust0075	clustered_SSD_tandem	right_flank	44	1.225	0	5000	0.0	0.0
clust0075	clustered_SSD_tandem	right_flank	45	1.275	0	5000	0.0	0.0
clust0075	clustered_SSD_tandem	right_flank	46	1.325	0	5000	0.0	0.0
clust0075	clustered_SSD_tandem	right_flank	47	1.375	0	5000	0.0	0.0
clust0075	clustered_SSD_tandem	right_flank	48	1.425	0	5000	0.0	0.0
clust0075	clustered_SSD_tandem	right_flank	49	1.475	0	5000	0.0	0.0
clust0075	clustered_SSD_tandem	right_flank	50	1.525	0	5000	0.0	0.0
clust0075	clustered_SSD_tandem	right_flank	51	1.575	0	5000	0.0	0.0
clust0075	clustered_SSD_tandem	right_flank	52	1.625	0	5000	0.0	0.0
clust0075	clustered_SSD_tandem	right_flank	53	1.675	0	5000	0.0	0.0
clust0075	clustered_SSD_tandem	right_flank	54	1.725	0	5000	0.0	0.0
clust0075	clustered_SSD_tandem	right_flank	55	1.775	0	5000	0.0	0.0
clust0075	clustered_SSD_tandem	right_flank	56	1.825	0	5000	0.0	0.0
clust0075	clustered_SSD_tandem	right_flank	57	1.875	0	5000	0.0	0.0
clust0075	clustered_SSD_tandem	right_flank	58	1.925	0	5000	0.0	0.0
clust0075	clustered_SSD_tandem	right_flank	59	1.975	0	5000	0.0	0.0
clust0026	clustered_SSD_tandem	left_flank	0	-0.975	4	5000	0.8544	0.8
clust0026	clustered_SSD_tandem	left_flank	1	-0.925	0	5000	0.0	0.0
clust0026	clustered_SSD_tandem	left_flank	2	-0.875	0	5000	0.0	0.0
clust0026	clustered_SSD_tandem	left_flank	3	-0.825	0	5000	0.0	0.0
clust0026	clustered_SSD_tandem	left_flank	4	-0.775	0	5000	0.0	0.0
clust0026	clustered_SSD_tandem	left_flank	5	-0.725	0	5000	0.0	0.0
clust0026	clustered_SSD_tandem	left_flank	6	-0.675	0	5000	0.0	0.0
clust0026	clustered_SSD_tandem	left_flank	7	-0.625	0	5000	0.0	0.0
clust0026	clustered_SSD_tandem	left_flank	8	-0.575	0	5000	0.0	0.0
clust0026	clustered_SSD_tandem	left_flank	9	-0.525	0	5000	0.0	0.0
clust0026	clustered_SSD_tandem	left_flank	10	-0.475	0	5000	0.0	0.0
clust0026	clustered_SSD_tandem	left_flank	11	-0.425	0	5000	0.0	0.0
clust0026	clustered_SSD_tandem	left_flank	12	-0.375	0	5000	0.0	0.0
clust0026	clustered_SSD_tandem	left_flank	13	-0.325	0	5000	0.0	0.0
clust0026	clustered_SSD_tandem	left_flank	14	-0.275	0	5000	0.0	0.0
clust0026	clustered_SSD_tandem	left_flank	15	-0.225	0	5000	0.0	0.0
clust0026	clustered_SSD_tandem	left_flank	16	-0.175	0	5000	0.0	0.0
clust0026	clustered_SSD_tandem	left_flank	17	-0.125	0	5000	0.0	0.0
clust0026	clustered_SSD_tandem	left_flank	18	-0.075	0	5000	0.0	0.0
clust0026	clustered_SSD_tandem	left_flank	19	-0.025	1	5000	0.0968	0.2
clust0026	clustered_SSD_tandem	body	20	0.025	1	8379	0.125791	0.119346
clust0026	clustered_SSD_tandem	body	21	0.075	0	8379	0.0	0.0
clust0026	clustered_SSD_tandem	body	22	0.125	0	8379	0.0	0.0
clust0026	clustered_SSD_tandem	body	23	0.175	0	8379	0.0	0.0
clust0026	clustered_SSD_tandem	body	24	0.225	0	8379	0.0	0.0
clust0026	clustered_SSD_tandem	body	25	0.275	0	8379	0.0	0.0
clust0026	clustered_SSD_tandem	body	26	0.325	0	8379	0.0	0.0
clust0026	clustered_SSD_tandem	body	27	0.375	0	8379	0.0	0.0
clust0026	clustered_SSD_tandem	body	28	0.425	0	8379	0.0	0.0
clust0026	clustered_SSD_tandem	body	29	0.475	0	8380	0.0	0.0
clust0026	clustered_SSD_tandem	body	30	0.525	0	8379	0.0	0.0
clust0026	clustered_SSD_tandem	body	31	0.575	0	8379	0.0	0.0
clust0026	clustered_SSD_tandem	body	32	0.625	0	8379	0.0	0.0
clust0026	clustered_SSD_tandem	body	33	0.675	0	8379	0.0	0.0
clust0026	clustered_SSD_tandem	body	34	0.725	0	8379	0.0	0.0
clust0026	clustered_SSD_tandem	body	35	0.775	2	8379	0.178303	0.238692
clust0026	clustered_SSD_tandem	body	36	0.825	0	8379	0.0	0.0
clust0026	clustered_SSD_tandem	body	37	0.875	0	8379	0.0	0.0
clust0026	clustered_SSD_tandem	body	38	0.925	0	8379	0.0	0.0
clust0026	clustered_SSD_tandem	body	39	0.975	0	8380	0.0	0.0
clust0026	clustered_SSD_tandem	right_flank	40	1.025	0	5000	0.0	0.0
clust0026	clustered_SSD_tandem	right_flank	41	1.075	0	5000	0.0	0.0
clust0026	clustered_SSD_tandem	right_flank	42	1.125	0	5000	0.0	0.0
clust0026	clustered_SSD_tandem	right_flank	43	1.175	0	5000	0.0	0.0
clust0026	clustered_SSD_tandem	right_flank	44	1.225	0	5000	0.0	0.0
clust0026	clustered_SSD_tandem	right_flank	45	1.275	0	5000	0.0	0.0
clust0026	clustered_SSD_tandem	right_flank	46	1.325	0	5000	0.0	0.0
clust0026	clustered_SSD_tandem	right_flank	47	1.375	0	5000	0.0	0.0
clust0026	clustered_SSD_tandem	right_flank	48	1.425	1	5000	0.0632	0.2
clust0026	clustered_SSD_tandem	right_flank	49	1.475	0	5000	0.0	0.0
clust0026	clustered_SSD_tandem	right_flank	50	1.525	0	5000	0.0	0.0
clust0026	clustered_SSD_tandem	right_flank	51	1.575	0	5000	0.0	0.0
clust0026	clustered_SSD_tandem	right_flank	52	1.625	0	5000	0.0	0.0
clust0026	clustered_SSD_tandem	right_flank	53	1.675	2	5000	0.3324	0.4
clust0026	clustered_SSD_tandem	right_flank	54	1.725	0	5000	0.0	0.0
clust0026	clustered_SSD_tandem	right_flank	55	1.775	0	5000	0.0	0.0
clust0026	clustered_SSD_tandem	right_flank	56	1.825	0	5000	0.0	0.0
clust0026	clustered_SSD_tandem	right_flank	57	1.875	0	5000	0.0	0.0
clust0026	clustered_SSD_tandem	right_flank	58	1.925	0	5000	0.0	0.0
clust0026	clustered_SSD_tandem	right_flank	59	1.975	0	5000	0.0	0.0
clust0037	clustered_SSD_tandem	left_flank	0	-0.975	0	5000	0.0	0.0
clust0037	clustered_SSD_tandem	left_flank	1	-0.925	0	5000	0.0	0.0
clust0037	clustered_SSD_tandem	left_flank	2	-0.875	0	5000	0.0	0.0
clust0037	clustered_SSD_tandem	left_flank	3	-0.825	0	5000	0.0	0.0
clust0037	clustered_SSD_tandem	left_flank	4	-0.775	0	5000	0.0	0.0
clust0037	clustered_SSD_tandem	left_flank	5	-0.725	0	5000	0.0	0.0
clust0037	clustered_SSD_tandem	left_flank	6	-0.675	0	5000	0.0	0.0
clust0037	clustered_SSD_tandem	left_flank	7	-0.625	0	5000	0.0	0.0
clust0037	clustered_SSD_tandem	left_flank	8	-0.575	0	5000	0.0	0.0
clust0037	clustered_SSD_tandem	left_flank	9	-0.525	0	5000	0.0	0.0
clust0037	clustered_SSD_tandem	left_flank	10	-0.475	0	5000	0.0	0.0
clust0037	clustered_SSD_tandem	left_flank	11	-0.425	0	5000	0.0	0.0
clust0037	clustered_SSD_tandem	left_flank	12	-0.375	0	5000	0.0	0.0
clust0037	clustered_SSD_tandem	left_flank	13	-0.325	0	5000	0.0	0.0
clust0037	clustered_SSD_tandem	left_flank	14	-0.275	0	5000	0.0	0.0
clust0037	clustered_SSD_tandem	left_flank	15	-0.225	0	5000	0.0	0.0
clust0037	clustered_SSD_tandem	left_flank	16	-0.175	0	5000	0.0	0.0
clust0037	clustered_SSD_tandem	left_flank	17	-0.125	0	5000	0.0	0.0
clust0037	clustered_SSD_tandem	left_flank	18	-0.075	0	5000	0.0	0.0
clust0037	clustered_SSD_tandem	left_flank	19	-0.025	1	5000	0.1282	0.2
clust0037	clustered_SSD_tandem	body	20	0.025	0	15345	0.0	0.0
clust0037	clustered_SSD_tandem	body	21	0.075	0	15345	0.0	0.0
clust0037	clustered_SSD_tandem	body	22	0.125	0	15345	0.0	0.0
clust0037	clustered_SSD_tandem	body	23	0.175	0	15345	0.0	0.0
clust0037	clustered_SSD_tandem	body	24	0.225	0	15345	0.0	0.0
clust0037	clustered_SSD_tandem	body	25	0.275	0	15345	0.0	0.0
clust0037	clustered_SSD_tandem	body	26	0.325	0	15345	0.0	0.0
clust0037	clustered_SSD_tandem	body	27	0.375	1	15345	0.016487	0.065168
clust0037	clustered_SSD_tandem	body	28	0.425	0	15345	0.0	0.0
clust0037	clustered_SSD_tandem	body	29	0.475	2	15346	0.093966	0.130327
clust0037	clustered_SSD_tandem	body	30	0.525	0	15345	0.0	0.0
clust0037	clustered_SSD_tandem	body	31	0.575	0	15345	0.0	0.0
clust0037	clustered_SSD_tandem	body	32	0.625	1	15345	0.026328	0.065168
clust0037	clustered_SSD_tandem	body	33	0.675	3	15345	0.132356	0.195503
clust0037	clustered_SSD_tandem	body	34	0.725	0	15345	0.0	0.0
clust0037	clustered_SSD_tandem	body	35	0.775	0	15345	0.0	0.0
clust0037	clustered_SSD_tandem	body	36	0.825	0	15345	0.0	0.0
clust0037	clustered_SSD_tandem	body	37	0.875	0	15345	0.0	0.0
clust0037	clustered_SSD_tandem	body	38	0.925	0	15345	0.0	0.0
clust0037	clustered_SSD_tandem	body	39	0.975	0	15346	0.0	0.0
clust0037	clustered_SSD_tandem	right_flank	40	1.025	1	5000	0.2436	0.2
clust0037	clustered_SSD_tandem	right_flank	41	1.075	2	5000	0.273	0.4
clust0037	clustered_SSD_tandem	right_flank	42	1.125	0	5000	0.0	0.0
clust0037	clustered_SSD_tandem	right_flank	43	1.175	0	5000	0.0	0.0
clust0037	clustered_SSD_tandem	right_flank	44	1.225	0	5000	0.0	0.0
clust0037	clustered_SSD_tandem	right_flank	45	1.275	1	5000	0.1596	0.2
clust0037	clustered_SSD_tandem	right_flank	46	1.325	0	5000	0.0	0.0
clust0037	clustered_SSD_tandem	right_flank	47	1.375	1	5000	0.058	0.2
clust0037	clustered_SSD_tandem	right_flank	48	1.425	0	5000	0.0064	0.0
clust0037	clustered_SSD_tandem	right_flank	49	1.475	0	5000	0.0	0.0
clust0037	clustered_SSD_tandem	right_flank	50	1.525	0	5000	0.0	0.0
clust0037	clustered_SSD_tandem	right_flank	51	1.575	0	5000	0.0	0.0
clust0037	clustered_SSD_tandem	right_flank	52	1.625	0	5000	0.0	0.0
clust0037	clustered_SSD_tandem	right_flank	53	1.675	0	5000	0.0	0.0
clust0037	clustered_SSD_tandem	right_flank	54	1.725	0	5000	0.0	0.0
clust0037	clustered_SSD_tandem	right_flank	55	1.775	0	5000	0.0	0.0
clust0037	clustered_SSD_tandem	right_flank	56	1.825	0	5000	0.0	0.0
clust0037	clustered_SSD_tandem	right_flank	57	1.875	0	5000	0.0024	0.0
clust0037	clustered_SSD_tandem	right_flank	58	1.925	4	5000	0.9304	0.8
clust0037	clustered_SSD_tandem	right_flank	59	1.975	0	5000	0.0	0.0
clust0027	clustered_SSD_tandem	left_flank	0	-0.975	0	5000	0.0	0.0
clust0027	clustered_SSD_tandem	left_flank	1	-0.925	1	5000	0.0478	0.2
clust0027	clustered_SSD_tandem	left_flank	2	-0.875	0	5000	0.0	0.0
clust0027	clustered_SSD_tandem	left_flank	3	-0.825	0	5000	0.0	0.0
clust0027	clustered_SSD_tandem	left_flank	4	-0.775	0	5000	0.0	0.0
clust0027	clustered_SSD_tandem	left_flank	5	-0.725	0	5000	0.0	0.0
clust0027	clustered_SSD_tandem	left_flank	6	-0.675	0	5000	0.0	0.0
clust0027	clustered_SSD_tandem	left_flank	7	-0.625	0	5000	0.0	0.0
clust0027	clustered_SSD_tandem	left_flank	8	-0.575	0	5000	0.0	0.0
clust0027	clustered_SSD_tandem	left_flank	9	-0.525	0	5000	0.0	0.0
clust0027	clustered_SSD_tandem	left_flank	10	-0.475	1	5000	0.2244	0.2
clust0027	clustered_SSD_tandem	left_flank	11	-0.425	3	5000	0.486	0.6
clust0027	clustered_SSD_tandem	left_flank	12	-0.375	0	5000	0.0	0.0
clust0027	clustered_SSD_tandem	left_flank	13	-0.325	0	5000	0.0	0.0
clust0027	clustered_SSD_tandem	left_flank	14	-0.275	0	5000	0.0	0.0
clust0027	clustered_SSD_tandem	left_flank	15	-0.225	0	5000	0.0	0.0
clust0027	clustered_SSD_tandem	left_flank	16	-0.175	0	5000	0.0	0.0
clust0027	clustered_SSD_tandem	left_flank	17	-0.125	2	5000	0.2236	0.4
clust0027	clustered_SSD_tandem	left_flank	18	-0.075	0	5000	0.0	0.0
clust0027	clustered_SSD_tandem	left_flank	19	-0.025	1	5000	0.05	0.2
clust0027	clustered_SSD_tandem	body	20	0.025	2	1522	0.977661	1.31406
clust0027	clustered_SSD_tandem	body	21	0.075	0	1522	0.0	0.0
clust0027	clustered_SSD_tandem	body	22	0.125	0	1522	0.0	0.0
clust0027	clustered_SSD_tandem	body	23	0.175	0	1522	0.0	0.0
clust0027	clustered_SSD_tandem	body	24	0.225	0	1522	0.0	0.0
clust0027	clustered_SSD_tandem	body	25	0.275	0	1522	0.0	0.0
clust0027	clustered_SSD_tandem	body	26	0.325	0	1522	0.0	0.0
clust0027	clustered_SSD_tandem	body	27	0.375	2	1522	0.992116	1.31406
clust0027	clustered_SSD_tandem	body	28	0.425	0	1522	0.0	0.0
clust0027	clustered_SSD_tandem	body	29	0.475	0	1522	0.0	0.0
clust0027	clustered_SSD_tandem	body	30	0.525	0	1522	0.0	0.0
clust0027	clustered_SSD_tandem	body	31	0.575	0	1522	0.0	0.0
clust0027	clustered_SSD_tandem	body	32	0.625	0	1522	0.0	0.0
clust0027	clustered_SSD_tandem	body	33	0.675	0	1522	0.0	0.0
clust0027	clustered_SSD_tandem	body	34	0.725	0	1522	0.0	0.0
clust0027	clustered_SSD_tandem	body	35	0.775	0	1522	0.0	0.0
clust0027	clustered_SSD_tandem	body	36	0.825	0	1522	0.0	0.0
clust0027	clustered_SSD_tandem	body	37	0.875	0	1522	0.0	0.0
clust0027	clustered_SSD_tandem	body	38	0.925	0	1522	0.0	0.0
clust0027	clustered_SSD_tandem	body	39	0.975	0	1523	0.0	0.0
clust0027	clustered_SSD_tandem	right_flank	40	1.025	0	5000	0.0	0.0
clust0027	clustered_SSD_tandem	right_flank	41	1.075	3	5000	0.453	0.6
clust0027	clustered_SSD_tandem	right_flank	42	1.125	0	5000	0.0	0.0
clust0027	clustered_SSD_tandem	right_flank	43	1.175	0	5000	0.0	0.0
clust0027	clustered_SSD_tandem	right_flank	44	1.225	1	5000	0.0854	0.2
clust0027	clustered_SSD_tandem	right_flank	45	1.275	0	5000	0.0	0.0
clust0027	clustered_SSD_tandem	right_flank	46	1.325	0	5000	0.0	0.0
clust0027	clustered_SSD_tandem	right_flank	47	1.375	0	5000	0.0	0.0
clust0027	clustered_SSD_tandem	right_flank	48	1.425	0	5000	0.0	0.0
clust0027	clustered_SSD_tandem	right_flank	49	1.475	0	5000	0.0236	0.0
clust0027	clustered_SSD_tandem	right_flank	50	1.525	5	5000	0.5032	1.0
clust0027	clustered_SSD_tandem	right_flank	51	1.575	0	5000	0.0	0.0
clust0027	clustered_SSD_tandem	right_flank	52	1.625	0	5000	0.0	0.0
clust0027	clustered_SSD_tandem	right_flank	53	1.675	0	5000	0.0	0.0
clust0027	clustered_SSD_tandem	right_flank	54	1.725	0	5000	0.0	0.0
clust0027	clustered_SSD_tandem	right_flank	55	1.775	0	5000	0.0	0.0
clust0027	clustered_SSD_tandem	right_flank	56	1.825	4	5000	0.436	0.8
clust0027	clustered_SSD_tandem	right_flank	57	1.875	0	5000	0.0	0.0
clust0027	clustered_SSD_tandem	right_flank	58	1.925	0	5000	0.0	0.0
clust0027	clustered_SSD_tandem	right_flank	59	1.975	0	5000	0.0	0.0
clust0029	clustered_SSD_tandem	left_flank	0	-0.975	0	5000	0.0	0.0
clust0029	clustered_SSD_tandem	left_flank	1	-0.925	0	5000	0.0	0.0
clust0029	clustered_SSD_tandem	left_flank	2	-0.875	0	5000	0.0	0.0
clust0029	clustered_SSD_tandem	left_flank	3	-0.825	0	5000	0.0	0.0
clust0029	clustered_SSD_tandem	left_flank	4	-0.775	0	5000	0.0	0.0
clust0029	clustered_SSD_tandem	left_flank	5	-0.725	0	5000	0.0	0.0
clust0029	clustered_SSD_tandem	left_flank	6	-0.675	0	5000	0.0	0.0
clust0029	clustered_SSD_tandem	left_flank	7	-0.625	0	5000	0.0	0.0
clust0029	clustered_SSD_tandem	left_flank	8	-0.575	0	5000	0.0	0.0
clust0029	clustered_SSD_tandem	left_flank	9	-0.525	0	5000	0.0	0.0
clust0029	clustered_SSD_tandem	left_flank	10	-0.475	0	5000	0.0	0.0
clust0029	clustered_SSD_tandem	left_flank	11	-0.425	0	5000	0.0	0.0
clust0029	clustered_SSD_tandem	left_flank	12	-0.375	0	5000	0.0	0.0
clust0029	clustered_SSD_tandem	left_flank	13	-0.325	0	5000	0.0	0.0
clust0029	clustered_SSD_tandem	left_flank	14	-0.275	0	5000	0.0	0.0
clust0029	clustered_SSD_tandem	left_flank	15	-0.225	0	5000	0.0	0.0
clust0029	clustered_SSD_tandem	left_flank	16	-0.175	0	5000	0.0	0.0
clust0029	clustered_SSD_tandem	left_flank	17	-0.125	0	5000	0.0	0.0
clust0029	clustered_SSD_tandem	left_flank	18	-0.075	0	5000	0.0	0.0
clust0029	clustered_SSD_tandem	left_flank	19	-0.025	0	5000	0.0	0.0
clust0029	clustered_SSD_tandem	body	20	0.025	0	10793	0.0	0.0
clust0029	clustered_SSD_tandem	body	21	0.075	0	10793	0.0	0.0
clust0029	clustered_SSD_tandem	body	22	0.125	0	10793	0.0	0.0
clust0029	clustered_SSD_tandem	body	23	0.175	0	10793	0.0	0.0
clust0029	clustered_SSD_tandem	body	24	0.225	1	10793	0.05031	0.092653
clust0029	clustered_SSD_tandem	body	25	0.275	0	10793	0.0	0.0
clust0029	clustered_SSD_tandem	body	26	0.325	0	10793	0.0	0.0
clust0029	clustered_SSD_tandem	body	27	0.375	0	10793	0.0	0.0
clust0029	clustered_SSD_tandem	body	28	0.425	0	10793	0.0	0.0
clust0029	clustered_SSD_tandem	body	29	0.475	0	10794	0.0	0.0
clust0029	clustered_SSD_tandem	body	30	0.525	0	10793	0.0	0.0
clust0029	clustered_SSD_tandem	body	31	0.575	0	10793	0.0	0.0
clust0029	clustered_SSD_tandem	body	32	0.625	0	10793	0.0	0.0
clust0029	clustered_SSD_tandem	body	33	0.675	0	10793	0.0	0.0
clust0029	clustered_SSD_tandem	body	34	0.725	0	10793	0.0	0.0
clust0029	clustered_SSD_tandem	body	35	0.775	0	10793	0.0	0.0
clust0029	clustered_SSD_tandem	body	36	0.825	0	10793	0.0	0.0
clust0029	clustered_SSD_tandem	body	37	0.875	0	10793	0.0	0.0
clust0029	clustered_SSD_tandem	body	38	0.925	0	10793	0.0	0.0
clust0029	clustered_SSD_tandem	body	39	0.975	0	10794	0.0	0.0
clust0029	clustered_SSD_tandem	right_flank	40	1.025	0	5000	0.0	0.0
clust0029	clustered_SSD_tandem	right_flank	41	1.075	0	5000	0.0	0.0
clust0029	clustered_SSD_tandem	right_flank	42	1.125	0	5000	0.0	0.0
clust0029	clustered_SSD_tandem	right_flank	43	1.175	0	5000	0.0	0.0
clust0029	clustered_SSD_tandem	right_flank	44	1.225	0	5000	0.0	0.0
clust0029	clustered_SSD_tandem	right_flank	45	1.275	0	5000	0.0	0.0
clust0029	clustered_SSD_tandem	right_flank	46	1.325	0	5000	0.0	0.0
clust0029	clustered_SSD_tandem	right_flank	47	1.375	0	5000	0.0	0.0
clust0029	clustered_SSD_tandem	right_flank	48	1.425	0	5000	0.0	0.0
clust0029	clustered_SSD_tandem	right_flank	49	1.475	0	5000	0.0	0.0
clust0029	clustered_SSD_tandem	right_flank	50	1.525	0	5000	0.0	0.0
clust0029	clustered_SSD_tandem	right_flank	51	1.575	0	5000	0.0	0.0
clust0029	clustered_SSD_tandem	right_flank	52	1.625	0	5000	0.0	0.0
clust0029	clustered_SSD_tandem	right_flank	53	1.675	0	5000	0.0	0.0
clust0029	clustered_SSD_tandem	right_flank	54	1.725	0	5000	0.0	0.0
clust0029	clustered_SSD_tandem	right_flank	55	1.775	0	5000	0.0	0.0
clust0029	clustered_SSD_tandem	right_flank	56	1.825	0	5000	0.0	0.0
clust0029	clustered_SSD_tandem	right_flank	57	1.875	0	5000	0.0	0.0
clust0029	clustered_SSD_tandem	right_flank	58	1.925	0	5000	0.0	0.0
clust0029	clustered_SSD_tandem	right_flank	59	1.975	0	5000	0.0	0.0
clust0004	clustered_SSD_tandem	left_flank	0	-0.975	1	5000	0.089	0.2
clust0004	clustered_SSD_tandem	left_flank	1	-0.925	1	5000	0.0848	0.2
clust0004	clustered_SSD_tandem	left_flank	2	-0.875	0	5000	0.0	0.0
clust0004	clustered_SSD_tandem	left_flank	3	-0.825	0	5000	0.0	0.0
clust0004	clustered_SSD_tandem	left_flank	4	-0.775	2	5000	0.2964	0.4
clust0004	clustered_SSD_tandem	left_flank	5	-0.725	2	5000	0.1776	0.4
clust0004	clustered_SSD_tandem	left_flank	6	-0.675	0	5000	0.0	0.0
clust0004	clustered_SSD_tandem	left_flank	7	-0.625	0	5000	0.0	0.0
clust0004	clustered_SSD_tandem	left_flank	8	-0.575	0	5000	0.0	0.0
clust0004	clustered_SSD_tandem	left_flank	9	-0.525	0	5000	0.0	0.0
clust0004	clustered_SSD_tandem	left_flank	10	-0.475	0	5000	0.0	0.0
clust0004	clustered_SSD_tandem	left_flank	11	-0.425	0	5000	0.0	0.0
clust0004	clustered_SSD_tandem	left_flank	12	-0.375	0	5000	0.0	0.0
clust0004	clustered_SSD_tandem	left_flank	13	-0.325	0	5000	0.0	0.0
clust0004	clustered_SSD_tandem	left_flank	14	-0.275	0	5000	0.0	0.0
clust0004	clustered_SSD_tandem	left_flank	15	-0.225	0	5000	0.0	0.0
clust0004	clustered_SSD_tandem	left_flank	16	-0.175	0	5000	0.0	0.0
clust0004	clustered_SSD_tandem	left_flank	17	-0.125	0	5000	0.0	0.0
clust0004	clustered_SSD_tandem	left_flank	18	-0.075	0	5000	0.0	0.0
clust0004	clustered_SSD_tandem	left_flank	19	-0.025	2	5000	0.3332	0.4
clust0004	clustered_SSD_tandem	body	20	0.025	0	1172	0.0	0.0
clust0004	clustered_SSD_tandem	body	21	0.075	0	1173	0.0	0.0
clust0004	clustered_SSD_tandem	body	22	0.125	0	1173	0.0	0.0
clust0004	clustered_SSD_tandem	body	23	0.175	0	1173	0.0	0.0
clust0004	clustered_SSD_tandem	body	24	0.225	2	1173	1.103154	1.70503
clust0004	clustered_SSD_tandem	body	25	0.275	0	1172	0.0	0.0
clust0004	clustered_SSD_tandem	body	26	0.325	0	1173	0.0	0.0
clust0004	clustered_SSD_tandem	body	27	0.375	0	1173	0.0	0.0
clust0004	clustered_SSD_tandem	body	28	0.425	0	1173	0.0	0.0
clust0004	clustered_SSD_tandem	body	29	0.475	0	1173	0.0	0.0
clust0004	clustered_SSD_tandem	body	30	0.525	0	1172	0.0	0.0
clust0004	clustered_SSD_tandem	body	31	0.575	0	1173	0.0	0.0
clust0004	clustered_SSD_tandem	body	32	0.625	0	1173	0.0	0.0
clust0004	clustered_SSD_tandem	body	33	0.675	0	1173	0.0	0.0
clust0004	clustered_SSD_tandem	body	34	0.725	0	1173	0.0	0.0
clust0004	clustered_SSD_tandem	body	35	0.775	0	1172	0.0	0.0
clust0004	clustered_SSD_tandem	body	36	0.825	0	1173	0.0	0.0
clust0004	clustered_SSD_tandem	body	37	0.875	0	1173	0.0	0.0
clust0004	clustered_SSD_tandem	body	38	0.925	0	1173	0.0	0.0
clust0004	clustered_SSD_tandem	body	39	0.975	0	1173	0.416027	0.0
clust0004	clustered_SSD_tandem	right_flank	40	1.025	1	5000	0.097	0.2
clust0004	clustered_SSD_tandem	right_flank	41	1.075	2	5000	0.3272	0.4
clust0004	clustered_SSD_tandem	right_flank	42	1.125	0	5000	0.0	0.0
clust0004	clustered_SSD_tandem	right_flank	43	1.175	0	5000	0.0	0.0
clust0004	clustered_SSD_tandem	right_flank	44	1.225	0	5000	0.0	0.0
clust0004	clustered_SSD_tandem	right_flank	45	1.275	0	5000	0.0	0.0
clust0004	clustered_SSD_tandem	right_flank	46	1.325	0	5000	0.0	0.0
clust0004	clustered_SSD_tandem	right_flank	47	1.375	0	5000	0.0	0.0
clust0004	clustered_SSD_tandem	right_flank	48	1.425	0	5000	0.0	0.0
clust0004	clustered_SSD_tandem	right_flank	49	1.475	0	5000	0.0	0.0
clust0004	clustered_SSD_tandem	right_flank	50	1.525	0	5000	0.0	0.0
clust0004	clustered_SSD_tandem	right_flank	51	1.575	0	5000	0.0172	0.0
clust0004	clustered_SSD_tandem	right_flank	52	1.625	1	5000	0.0578	0.2
clust0004	clustered_SSD_tandem	right_flank	53	1.675	0	5000	0.0	0.0
clust0004	clustered_SSD_tandem	right_flank	54	1.725	0	5000	0.0	0.0
clust0004	clustered_SSD_tandem	right_flank	55	1.775	0	5000	0.0	0.0
clust0004	clustered_SSD_tandem	right_flank	56	1.825	0	5000	0.0	0.0
clust0004	clustered_SSD_tandem	right_flank	57	1.875	0	5000	0.0	0.0
clust0004	clustered_SSD_tandem	right_flank	58	1.925	0	5000	0.0	0.0
clust0004	clustered_SSD_tandem	right_flank	59	1.975	0	5000	0.0	0.0
clust0005	clustered_SSD_tandem	left_flank	0	-0.975	2	5000	0.1246	0.4
clust0005	clustered_SSD_tandem	left_flank	1	-0.925	0	5000	0.0	0.0
clust0005	clustered_SSD_tandem	left_flank	2	-0.875	1	5000	0.0626	0.2
clust0005	clustered_SSD_tandem	left_flank	3	-0.825	3	5000	0.302	0.6
clust0005	clustered_SSD_tandem	left_flank	4	-0.775	0	5000	0.0	0.0
clust0005	clustered_SSD_tandem	left_flank	5	-0.725	0	5000	0.0	0.0
clust0005	clustered_SSD_tandem	left_flank	6	-0.675	0	5000	0.0	0.0
clust0005	clustered_SSD_tandem	left_flank	7	-0.625	0	5000	0.0	0.0
clust0005	clustered_SSD_tandem	left_flank	8	-0.575	0	5000	0.0	0.0
clust0005	clustered_SSD_tandem	left_flank	9	-0.525	0	5000	0.0	0.0
clust0005	clustered_SSD_tandem	left_flank	10	-0.475	0	5000	0.0	0.0
clust0005	clustered_SSD_tandem	left_flank	11	-0.425	0	5000	0.0	0.0
clust0005	clustered_SSD_tandem	left_flank	12	-0.375	0	5000	0.0	0.0
clust0005	clustered_SSD_tandem	left_flank	13	-0.325	0	5000	0.0	0.0
clust0005	clustered_SSD_tandem	left_flank	14	-0.275	0	5000	0.0	0.0
clust0005	clustered_SSD_tandem	left_flank	15	-0.225	1	5000	0.054	0.2
clust0005	clustered_SSD_tandem	left_flank	16	-0.175	0	5000	0.0	0.0
clust0005	clustered_SSD_tandem	left_flank	17	-0.125	0	5000	0.0	0.0
clust0005	clustered_SSD_tandem	left_flank	18	-0.075	0	5000	0.0	0.0
clust0005	clustered_SSD_tandem	left_flank	19	-0.025	0	5000	0.057	0.0
clust0005	clustered_SSD_tandem	body	20	0.025	3	4043	0.359387	0.742023
clust0005	clustered_SSD_tandem	body	21	0.075	0	4044	0.0	0.0
clust0005	clustered_SSD_tandem	body	22	0.125	0	4043	0.0	0.0
clust0005	clustered_SSD_tandem	body	23	0.175	0	4044	0.0	0.0
clust0005	clustered_SSD_tandem	body	24	0.225	0	4044	0.0	0.0
clust0005	clustered_SSD_tandem	body	25	0.275	0	4043	0.0	0.0
clust0005	clustered_SSD_tandem	body	26	0.325	0	4044	0.0	0.0
clust0005	clustered_SSD_tandem	body	27	0.375	0	4043	0.0	0.0
clust0005	clustered_SSD_tandem	body	28	0.425	0	4044	0.0	0.0
clust0005	clustered_SSD_tandem	body	29	0.475	0	4044	0.0	0.0
clust0005	clustered_SSD_tandem	body	30	0.525	0	4043	0.0	0.0
clust0005	clustered_SSD_tandem	body	31	0.575	0	4044	0.0	0.0
clust0005	clustered_SSD_tandem	body	32	0.625	0	4043	0.0	0.0
clust0005	clustered_SSD_tandem	body	33	0.675	3	4044	0.513353	0.74184
clust0005	clustered_SSD_tandem	body	34	0.725	0	4044	0.0	0.0
clust0005	clustered_SSD_tandem	body	35	0.775	0	4043	0.0	0.0
clust0005	clustered_SSD_tandem	body	36	0.825	0	4044	0.0	0.0
clust0005	clustered_SSD_tandem	body	37	0.875	0	4043	0.0	0.0
clust0005	clustered_SSD_tandem	body	38	0.925	0	4044	0.0	0.0
clust0005	clustered_SSD_tandem	body	39	0.975	0	4044	0.0	0.0
clust0005	clustered_SSD_tandem	right_flank	40	1.025	0	5000	0.0	0.0
clust0005	clustered_SSD_tandem	right_flank	41	1.075	0	5000	0.0	0.0
clust0005	clustered_SSD_tandem	right_flank	42	1.125	0	5000	0.0	0.0
clust0005	clustered_SSD_tandem	right_flank	43	1.175	0	5000	0.0	0.0
clust0005	clustered_SSD_tandem	right_flank	44	1.225	0	5000	0.0	0.0
clust0005	clustered_SSD_tandem	right_flank	45	1.275	3	5000	0.6144	0.6
clust0005	clustered_SSD_tandem	right_flank	46	1.325	0	5000	0.0	0.0
clust0005	clustered_SSD_tandem	right_flank	47	1.375	0	5000	0.0	0.0
clust0005	clustered_SSD_tandem	right_flank	48	1.425	0	5000	0.0	0.0
clust0005	clustered_SSD_tandem	right_flank	49	1.475	0	5000	0.0	0.0
clust0005	clustered_SSD_tandem	right_flank	50	1.525	0	5000	0.0	0.0
clust0005	clustered_SSD_tandem	right_flank	51	1.575	0	5000	0.0	0.0
clust0005	clustered_SSD_tandem	right_flank	52	1.625	0	5000	0.0	0.0
clust0005	clustered_SSD_tandem	right_flank	53	1.675	0	5000	0.0	0.0
clust0005	clustered_SSD_tandem	right_flank	54	1.725	0	5000	0.0	0.0
clust0005	clustered_SSD_tandem	right_flank	55	1.775	0	5000	0.0	0.0
clust0005	clustered_SSD_tandem	right_flank	56	1.825	0	5000	0.0	0.0
clust0005	clustered_SSD_tandem	right_flank	57	1.875	0	5000	0.0	0.0
clust0005	clustered_SSD_tandem	right_flank	58	1.925	0	5000	0.0	0.0
clust0005	clustered_SSD_tandem	right_flank	59	1.975	0	5000	0.0268	0.0
clust0055	clustered_SSD_tandem	left_flank	0	-0.975	0	5000	0.0	0.0
clust0055	clustered_SSD_tandem	left_flank	1	-0.925	0	5000	0.0	0.0
clust0055	clustered_SSD_tandem	left_flank	2	-0.875	0	5000	0.0	0.0
clust0055	clustered_SSD_tandem	left_flank	3	-0.825	0	5000	0.0	0.0
clust0055	clustered_SSD_tandem	left_flank	4	-0.775	0	5000	0.0	0.0
clust0055	clustered_SSD_tandem	left_flank	5	-0.725	0	5000	0.0	0.0
clust0055	clustered_SSD_tandem	left_flank	6	-0.675	0	5000	0.0	0.0
clust0055	clustered_SSD_tandem	left_flank	7	-0.625	0	5000	0.0	0.0
clust0055	clustered_SSD_tandem	left_flank	8	-0.575	0	5000	0.0	0.0
clust0055	clustered_SSD_tandem	left_flank	9	-0.525	0	5000	0.0	0.0
clust0055	clustered_SSD_tandem	left_flank	10	-0.475	0	5000	0.0	0.0
clust0055	clustered_SSD_tandem	left_flank	11	-0.425	0	5000	0.0	0.0
clust0055	clustered_SSD_tandem	left_flank	12	-0.375	0	5000	0.0	0.0
clust0055	clustered_SSD_tandem	left_flank	13	-0.325	0	5000	0.0	0.0
clust0055	clustered_SSD_tandem	left_flank	14	-0.275	0	5000	0.0	0.0
clust0055	clustered_SSD_tandem	left_flank	15	-0.225	0	5000	0.0	0.0
clust0055	clustered_SSD_tandem	left_flank	16	-0.175	0	5000	0.0	0.0
clust0055	clustered_SSD_tandem	left_flank	17	-0.125	0	5000	0.0	0.0
clust0055	clustered_SSD_tandem	left_flank	18	-0.075	0	5000	0.0	0.0
clust0055	clustered_SSD_tandem	left_flank	19	-0.025	0	5000	0.0	0.0
clust0055	clustered_SSD_tandem	body	20	0.025	0	8650	0.0	0.0
clust0055	clustered_SSD_tandem	body	21	0.075	0	8650	0.0	0.0
clust0055	clustered_SSD_tandem	body	22	0.125	0	8650	0.0	0.0
clust0055	clustered_SSD_tandem	body	23	0.175	0	8650	0.0	0.0
clust0055	clustered_SSD_tandem	body	24	0.225	0	8650	0.0	0.0
clust0055	clustered_SSD_tandem	body	25	0.275	0	8650	0.0	0.0
clust0055	clustered_SSD_tandem	body	26	0.325	0	8651	0.0	0.0
clust0055	clustered_SSD_tandem	body	27	0.375	0	8650	0.0	0.0
clust0055	clustered_SSD_tandem	body	28	0.425	0	8650	0.0	0.0
clust0055	clustered_SSD_tandem	body	29	0.475	0	8650	0.0	0.0
clust0055	clustered_SSD_tandem	body	30	0.525	0	8650	0.0	0.0
clust0055	clustered_SSD_tandem	body	31	0.575	0	8650	0.0	0.0
clust0055	clustered_SSD_tandem	body	32	0.625	0	8650	0.0	0.0
clust0055	clustered_SSD_tandem	body	33	0.675	0	8651	0.0	0.0
clust0055	clustered_SSD_tandem	body	34	0.725	0	8650	0.0	0.0
clust0055	clustered_SSD_tandem	body	35	0.775	0	8650	0.0	0.0
clust0055	clustered_SSD_tandem	body	36	0.825	0	8650	0.0	0.0
clust0055	clustered_SSD_tandem	body	37	0.875	0	8650	0.0	0.0
clust0055	clustered_SSD_tandem	body	38	0.925	0	8650	0.0	0.0
clust0055	clustered_SSD_tandem	body	39	0.975	2	8651	0.135476	0.231187
clust0055	clustered_SSD_tandem	right_flank	40	1.025	0	5000	0.0648	0.0
clust0055	clustered_SSD_tandem	right_flank	41	1.075	2	5000	0.2568	0.4
clust0055	clustered_SSD_tandem	right_flank	42	1.125	0	5000	0.0	0.0
clust0055	clustered_SSD_tandem	right_flank	43	1.175	0	5000	0.0	0.0
clust0055	clustered_SSD_tandem	right_flank	44	1.225	0	5000	0.0	0.0
clust0055	clustered_SSD_tandem	right_flank	45	1.275	0	5000	0.0	0.0
clust0055	clustered_SSD_tandem	right_flank	46	1.325	0	5000	0.0	0.0
clust0055	clustered_SSD_tandem	right_flank	47	1.375	0	5000	0.0	0.0
clust0055	clustered_SSD_tandem	right_flank	48	1.425	0	5000	0.0	0.0
clust0055	clustered_SSD_tandem	right_flank	49	1.475	0	5000	0.0	0.0
clust0055	clustered_SSD_tandem	right_flank	50	1.525	0	5000	0.0	0.0
clust0055	clustered_SSD_tandem	right_flank	51	1.575	1	5000	0.0678	0.2
clust0055	clustered_SSD_tandem	right_flank	52	1.625	2	5000	0.2464	0.4
clust0055	clustered_SSD_tandem	right_flank	53	1.675	0	5000	0.0	0.0
clust0055	clustered_SSD_tandem	right_flank	54	1.725	0	5000	0.0	0.0
clust0055	clustered_SSD_tandem	right_flank	55	1.775	0	5000	0.0	0.0
clust0055	clustered_SSD_tandem	right_flank	56	1.825	0	5000	0.0	0.0
clust0055	clustered_SSD_tandem	right_flank	57	1.875	0	5000	0.0	0.0
clust0055	clustered_SSD_tandem	right_flank	58	1.925	0	5000	0.0	0.0
clust0055	clustered_SSD_tandem	right_flank	59	1.975	0	5000	0.0	0.0
clust0002	clustered_cis_ohnolog	left_flank	0	-0.975	0	5000	0.0	0.0
clust0002	clustered_cis_ohnolog	left_flank	1	-0.925	1	5000	0.1336	0.2
clust0002	clustered_cis_ohnolog	left_flank	2	-0.875	0	5000	0.0	0.0
clust0002	clustered_cis_ohnolog	left_flank	3	-0.825	0	5000	0.0	0.0
clust0002	clustered_cis_ohnolog	left_flank	4	-0.775	0	5000	0.0	0.0
clust0002	clustered_cis_ohnolog	left_flank	5	-0.725	4	5000	0.7776	0.8
clust0002	clustered_cis_ohnolog	left_flank	6	-0.675	0	5000	0.0	0.0
clust0002	clustered_cis_ohnolog	left_flank	7	-0.625	0	5000	0.0	0.0
clust0002	clustered_cis_ohnolog	left_flank	8	-0.575	0	5000	0.0	0.0
clust0002	clustered_cis_ohnolog	left_flank	9	-0.525	1	5000	0.0514	0.2
clust0002	clustered_cis_ohnolog	left_flank	10	-0.475	0	5000	0.0	0.0
clust0002	clustered_cis_ohnolog	left_flank	11	-0.425	0	5000	0.0	0.0
clust0002	clustered_cis_ohnolog	left_flank	12	-0.375	0	5000	0.0	0.0
clust0002	clustered_cis_ohnolog	left_flank	13	-0.325	0	5000	0.0	0.0
clust0002	clustered_cis_ohnolog	left_flank	14	-0.275	0	5000	0.0	0.0
clust0002	clustered_cis_ohnolog	left_flank	15	-0.225	0	5000	0.0	0.0
clust0002	clustered_cis_ohnolog	left_flank	16	-0.175	0	5000	0.0	0.0
clust0002	clustered_cis_ohnolog	left_flank	17	-0.125	0	5000	0.0	0.0
clust0002	clustered_cis_ohnolog	left_flank	18	-0.075	0	5000	0.0	0.0
clust0002	clustered_cis_ohnolog	left_flank	19	-0.025	0	5000	0.0	0.0
clust0002	clustered_cis_ohnolog	body	20	0.025	0	7043	0.0	0.0
clust0002	clustered_cis_ohnolog	body	21	0.075	0	7043	0.0	0.0
clust0002	clustered_cis_ohnolog	body	22	0.125	0	7044	0.0	0.0
clust0002	clustered_cis_ohnolog	body	23	0.175	0	7043	0.0	0.0
clust0002	clustered_cis_ohnolog	body	24	0.225	0	7044	0.0	0.0
clust0002	clustered_cis_ohnolog	body	25	0.275	0	7043	0.0	0.0
clust0002	clustered_cis_ohnolog	body	26	0.325	0	7044	0.0	0.0
clust0002	clustered_cis_ohnolog	body	27	0.375	1	7043	0.082067	0.141985
clust0002	clustered_cis_ohnolog	body	28	0.425	0	7044	0.0	0.0
clust0002	clustered_cis_ohnolog	body	29	0.475	0	7043	0.0	0.0
clust0002	clustered_cis_ohnolog	body	30	0.525	0	7043	0.0	0.0
clust0002	clustered_cis_ohnolog	body	31	0.575	0	7044	0.0	0.0
clust0002	clustered_cis_ohnolog	body	32	0.625	0	7043	0.0	0.0
clust0002	clustered_cis_ohnolog	body	33	0.675	0	7044	0.0	0.0
clust0002	clustered_cis_ohnolog	body	34	0.725	0	7043	0.0	0.0
clust0002	clustered_cis_ohnolog	body	35	0.775	0	7044	0.0	0.0
clust0002	clustered_cis_ohnolog	body	36	0.825	0	7043	0.0	0.0
clust0002	clustered_cis_ohnolog	body	37	0.875	0	7044	0.0	0.0
clust0002	clustered_cis_ohnolog	body	38	0.925	0	7043	0.0	0.0
clust0002	clustered_cis_ohnolog	body	39	0.975	0	7044	0.0	0.0
clust0002	clustered_cis_ohnolog	right_flank	40	1.025	0	5000	0.0	0.0
clust0002	clustered_cis_ohnolog	right_flank	41	1.075	1	5000	0.0962	0.2
clust0002	clustered_cis_ohnolog	right_flank	42	1.125	0	5000	0.0	0.0
clust0002	clustered_cis_ohnolog	right_flank	43	1.175	0	5000	0.0	0.0
clust0002	clustered_cis_ohnolog	right_flank	44	1.225	0	5000	0.0	0.0
clust0002	clustered_cis_ohnolog	right_flank	45	1.275	0	5000	0.0	0.0
clust0002	clustered_cis_ohnolog	right_flank	46	1.325	0	5000	0.0	0.0
clust0002	clustered_cis_ohnolog	right_flank	47	1.375	0	5000	0.0	0.0
clust0002	clustered_cis_ohnolog	right_flank	48	1.425	1	5000	0.1318	0.2
clust0002	clustered_cis_ohnolog	right_flank	49	1.475	2	5000	0.2904	0.4
clust0002	clustered_cis_ohnolog	right_flank	50	1.525	0	5000	0.0	0.0
clust0002	clustered_cis_ohnolog	right_flank	51	1.575	0	5000	0.0	0.0
clust0002	clustered_cis_ohnolog	right_flank	52	1.625	0	5000	0.0	0.0
clust0002	clustered_cis_ohnolog	right_flank	53	1.675	0	5000	0.0	0.0
clust0002	clustered_cis_ohnolog	right_flank	54	1.725	0	5000	0.0	0.0
clust0002	clustered_cis_ohnolog	right_flank	55	1.775	0	5000	0.0	0.0
clust0002	clustered_cis_ohnolog	right_flank	56	1.825	0	5000	0.0	0.0
clust0002	clustered_cis_ohnolog	right_flank	57	1.875	0	5000	0.0	0.0
clust0002	clustered_cis_ohnolog	right_flank	58	1.925	0	5000	0.0	0.0
clust0002	clustered_cis_ohnolog	right_flank	59	1.975	0	5000	0.0	0.0
clust0034	clustered_cis_ohnolog	left_flank	0	-0.975	0	5000	0.0	0.0
clust0034	clustered_cis_ohnolog	left_flank	1	-0.925	0	5000	0.0	0.0
clust0034	clustered_cis_ohnolog	left_flank	2	-0.875	0	5000	0.0	0.0
clust0034	clustered_cis_ohnolog	left_flank	3	-0.825	5	5000	1.238	1.0
clust0034	clustered_cis_ohnolog	left_flank	4	-0.775	0	5000	0.0	0.0
clust0034	clustered_cis_ohnolog	left_flank	5	-0.725	0	5000	0.0	0.0
clust0034	clustered_cis_ohnolog	left_flank	6	-0.675	0	5000	0.0	0.0
clust0034	clustered_cis_ohnolog	left_flank	7	-0.625	0	5000	0.0	0.0
clust0034	clustered_cis_ohnolog	left_flank	8	-0.575	0	5000	0.0	0.0
clust0034	clustered_cis_ohnolog	left_flank	9	-0.525	0	5000	0.0	0.0
clust0034	clustered_cis_ohnolog	left_flank	10	-0.475	0	5000	0.0	0.0
clust0034	clustered_cis_ohnolog	left_flank	11	-0.425	0	5000	0.0	0.0
clust0034	clustered_cis_ohnolog	left_flank	12	-0.375	0	5000	0.0	0.0
clust0034	clustered_cis_ohnolog	left_flank	13	-0.325	0	5000	0.0	0.0
clust0034	clustered_cis_ohnolog	left_flank	14	-0.275	0	5000	0.0	0.0
clust0034	clustered_cis_ohnolog	left_flank	15	-0.225	0	5000	0.0	0.0
clust0034	clustered_cis_ohnolog	left_flank	16	-0.175	0	5000	0.0	0.0
clust0034	clustered_cis_ohnolog	left_flank	17	-0.125	0	5000	0.0	0.0
clust0034	clustered_cis_ohnolog	left_flank	18	-0.075	0	5000	0.0	0.0
clust0034	clustered_cis_ohnolog	left_flank	19	-0.025	0	5000	0.0	0.0
clust0034	clustered_cis_ohnolog	body	20	0.025	0	1220	0.0	0.0
clust0034	clustered_cis_ohnolog	body	21	0.075	0	1220	0.0	0.0
clust0034	clustered_cis_ohnolog	body	22	0.125	0	1220	0.0	0.0
clust0034	clustered_cis_ohnolog	body	23	0.175	0	1221	0.0	0.0
clust0034	clustered_cis_ohnolog	body	24	0.225	0	1220	0.0	0.0
clust0034	clustered_cis_ohnolog	body	25	0.275	0	1220	0.0	0.0
clust0034	clustered_cis_ohnolog	body	26	0.325	0	1221	0.0	0.0
clust0034	clustered_cis_ohnolog	body	27	0.375	0	1220	0.0	0.0
clust0034	clustered_cis_ohnolog	body	28	0.425	0	1220	0.0	0.0
clust0034	clustered_cis_ohnolog	body	29	0.475	0	1221	0.0	0.0
clust0034	clustered_cis_ohnolog	body	30	0.525	0	1220	0.0	0.0
clust0034	clustered_cis_ohnolog	body	31	0.575	0	1220	0.0	0.0
clust0034	clustered_cis_ohnolog	body	32	0.625	0	1220	0.0	0.0
clust0034	clustered_cis_ohnolog	body	33	0.675	2	1221	0.779689	1.638002
clust0034	clustered_cis_ohnolog	body	34	0.725	0	1220	0.0	0.0
clust0034	clustered_cis_ohnolog	body	35	0.775	0	1220	0.0	0.0
clust0034	clustered_cis_ohnolog	body	36	0.825	0	1221	0.0	0.0
clust0034	clustered_cis_ohnolog	body	37	0.875	3	1220	2.340984	2.459016
clust0034	clustered_cis_ohnolog	body	38	0.925	0	1220	0.0	0.0
clust0034	clustered_cis_ohnolog	body	39	0.975	0	1221	0.0	0.0
clust0034	clustered_cis_ohnolog	right_flank	40	1.025	0	5000	0.0	0.0
clust0034	clustered_cis_ohnolog	right_flank	41	1.075	0	5000	0.0	0.0
clust0034	clustered_cis_ohnolog	right_flank	42	1.125	0	5000	0.0	0.0
clust0034	clustered_cis_ohnolog	right_flank	43	1.175	0	5000	0.0	0.0
clust0034	clustered_cis_ohnolog	right_flank	44	1.225	0	5000	0.0	0.0
clust0034	clustered_cis_ohnolog	right_flank	45	1.275	0	5000	0.0	0.0
clust0034	clustered_cis_ohnolog	right_flank	46	1.325	0	5000	0.0	0.0
clust0034	clustered_cis_ohnolog	right_flank	47	1.375	0	5000	0.0	0.0
clust0034	clustered_cis_ohnolog	right_flank	48	1.425	0	5000	0.0	0.0
clust0034	clustered_cis_ohnolog	right_flank	49	1.475	0	5000	0.0	0.0
clust0034	clustered_cis_ohnolog	right_flank	50	1.525	0	5000	0.0	0.0
clust0034	clustered_cis_ohnolog	right_flank	51	1.575	0	5000	0.0	0.0
clust0034	clustered_cis_ohnolog	right_flank	52	1.625	0	5000	0.0	0.0
clust0034	clustered_cis_ohnolog	right_flank	53	1.675	0	5000	0.0	0.0
clust0034	clustered_cis_ohnolog	right_flank	54	1.725	0	5000	0.0	0.0
clust0034	clustered_cis_ohnolog	right_flank	55	1.775	0	5000	0.0	0.0
clust0034	clustered_cis_ohnolog	right_flank	56	1.825	0	5000	0.0	0.0
clust0034	clustered_cis_ohnolog	right_flank	57	1.875	0	5000	0.0	0.0
clust0034	clustered_cis_ohnolog	right_flank	58	1.925	0	5000	0.0	0.0
clust0034	clustered_cis_ohnolog	right_flank	59	1.975	0	5000	0.0	0.0
clust0030	clustered_cis_ohnolog	left_flank	0	-0.975	0	5000	0.0	0.0
clust0030	clustered_cis_ohnolog	left_flank	1	-0.925	0	5000	0.0	0.0
clust0030	clustered_cis_ohnolog	left_flank	2	-0.875	0	5000	0.0	0.0
clust0030	clustered_cis_ohnolog	left_flank	3	-0.825	0	5000	0.0	0.0
clust0030	clustered_cis_ohnolog	left_flank	4	-0.775	0	5000	0.0	0.0
clust0030	clustered_cis_ohnolog	left_flank	5	-0.725	0	5000	0.0	0.0
clust0030	clustered_cis_ohnolog	left_flank	6	-0.675	0	5000	0.0	0.0
clust0030	clustered_cis_ohnolog	left_flank	7	-0.625	0	5000	0.0	0.0
clust0030	clustered_cis_ohnolog	left_flank	8	-0.575	0	5000	0.0	0.0
clust0030	clustered_cis_ohnolog	left_flank	9	-0.525	0	5000	0.0	0.0
clust0030	clustered_cis_ohnolog	left_flank	10	-0.475	0	5000	0.0	0.0
clust0030	clustered_cis_ohnolog	left_flank	11	-0.425	0	5000	0.0	0.0
clust0030	clustered_cis_ohnolog	left_flank	12	-0.375	0	5000	0.0	0.0
clust0030	clustered_cis_ohnolog	left_flank	13	-0.325	0	5000	0.0	0.0
clust0030	clustered_cis_ohnolog	left_flank	14	-0.275	0	5000	0.0	0.0
clust0030	clustered_cis_ohnolog	left_flank	15	-0.225	0	5000	0.0	0.0
clust0030	clustered_cis_ohnolog	left_flank	16	-0.175	0	5000	0.0	0.0
clust0030	clustered_cis_ohnolog	left_flank	17	-0.125	0	5000	0.0	0.0
clust0030	clustered_cis_ohnolog	left_flank	18	-0.075	0	5000	0.0	0.0
clust0030	clustered_cis_ohnolog	left_flank	19	-0.025	1	5000	0.0824	0.2
clust0030	clustered_cis_ohnolog	body	20	0.025	0	2321	0.0	0.0
clust0030	clustered_cis_ohnolog	body	21	0.075	0	2322	0.0	0.0
clust0030	clustered_cis_ohnolog	body	22	0.125	0	2321	0.0	0.0
clust0030	clustered_cis_ohnolog	body	23	0.175	0	2322	0.0	0.0
clust0030	clustered_cis_ohnolog	body	24	0.225	0	2321	0.0	0.0
clust0030	clustered_cis_ohnolog	body	25	0.275	0	2322	0.0	0.0
clust0030	clustered_cis_ohnolog	body	26	0.325	0	2321	0.0	0.0
clust0030	clustered_cis_ohnolog	body	27	0.375	0	2322	0.0	0.0
clust0030	clustered_cis_ohnolog	body	28	0.425	0	2321	0.0	0.0
clust0030	clustered_cis_ohnolog	body	29	0.475	0	2322	0.0	0.0
clust0030	clustered_cis_ohnolog	body	30	0.525	0	2322	0.0	0.0
clust0030	clustered_cis_ohnolog	body	31	0.575	0	2321	0.0	0.0
clust0030	clustered_cis_ohnolog	body	32	0.625	0	2322	0.0	0.0
clust0030	clustered_cis_ohnolog	body	33	0.675	0	2321	0.0	0.0
clust0030	clustered_cis_ohnolog	body	34	0.725	0	2322	0.0	0.0
clust0030	clustered_cis_ohnolog	body	35	0.775	0	2321	0.0	0.0
clust0030	clustered_cis_ohnolog	body	36	0.825	0	2322	0.0	0.0
clust0030	clustered_cis_ohnolog	body	37	0.875	1	2321	0.118053	0.430849
clust0030	clustered_cis_ohnolog	body	38	0.925	0	2322	0.0	0.0
clust0030	clustered_cis_ohnolog	body	39	0.975	2	2322	0.585271	0.861326
clust0030	clustered_cis_ohnolog	right_flank	40	1.025	1	5000	0.3708	0.2
clust0030	clustered_cis_ohnolog	right_flank	41	1.075	0	5000	0.0	0.0
clust0030	clustered_cis_ohnolog	right_flank	42	1.125	0	5000	0.0	0.0
clust0030	clustered_cis_ohnolog	right_flank	43	1.175	0	5000	0.0	0.0
clust0030	clustered_cis_ohnolog	right_flank	44	1.225	0	5000	0.0	0.0
clust0030	clustered_cis_ohnolog	right_flank	45	1.275	0	5000	0.0	0.0
clust0030	clustered_cis_ohnolog	right_flank	46	1.325	0	5000	0.0	0.0
clust0030	clustered_cis_ohnolog	right_flank	47	1.375	0	5000	0.0	0.0
clust0030	clustered_cis_ohnolog	right_flank	48	1.425	0	5000	0.0	0.0
clust0030	clustered_cis_ohnolog	right_flank	49	1.475	0	5000	0.0	0.0
clust0030	clustered_cis_ohnolog	right_flank	50	1.525	0	5000	0.0	0.0
clust0030	clustered_cis_ohnolog	right_flank	51	1.575	0	5000	0.0	0.0
clust0030	clustered_cis_ohnolog	right_flank	52	1.625	0	5000	0.0	0.0
clust0030	clustered_cis_ohnolog	right_flank	53	1.675	0	5000	0.0	0.0
clust0030	clustered_cis_ohnolog	right_flank	54	1.725	0	5000	0.0	0.0
clust0030	clustered_cis_ohnolog	right_flank	55	1.775	0	5000	0.0	0.0
clust0030	clustered_cis_ohnolog	right_flank	56	1.825	0	5000	0.0	0.0
clust0030	clustered_cis_ohnolog	right_flank	57	1.875	0	5000	0.0	0.0
clust0030	clustered_cis_ohnolog	right_flank	58	1.925	0	5000	0.0	0.0
clust0030	clustered_cis_ohnolog	right_flank	59	1.975	0	5000	0.0	0.0
clust0039	clustered_cis_ohnolog	left_flank	0	-0.975	0	5000	0.0	0.0
clust0039	clustered_cis_ohnolog	left_flank	1	-0.925	0	5000	0.0	0.0
clust0039	clustered_cis_ohnolog	left_flank	2	-0.875	0	5000	0.0	0.0
clust0039	clustered_cis_ohnolog	left_flank	3	-0.825	0	5000	0.0	0.0
clust0039	clustered_cis_ohnolog	left_flank	4	-0.775	0	5000	0.0	0.0
clust0039	clustered_cis_ohnolog	left_flank	5	-0.725	0	5000	0.0	0.0
clust0039	clustered_cis_ohnolog	left_flank	6	-0.675	0	5000	0.0	0.0
clust0039	clustered_cis_ohnolog	left_flank	7	-0.625	0	5000	0.0	0.0
clust0039	clustered_cis_ohnolog	left_flank	8	-0.575	0	5000	0.0	0.0
clust0039	clustered_cis_ohnolog	left_flank	9	-0.525	0	5000	0.0	0.0
clust0039	clustered_cis_ohnolog	left_flank	10	-0.475	0	5000	0.0	0.0
clust0039	clustered_cis_ohnolog	left_flank	11	-0.425	0	5000	0.0	0.0
clust0039	clustered_cis_ohnolog	left_flank	12	-0.375	0	5000	0.0	0.0
clust0039	clustered_cis_ohnolog	left_flank	13	-0.325	0	5000	0.0	0.0
clust0039	clustered_cis_ohnolog	left_flank	14	-0.275	0	5000	0.0	0.0
clust0039	clustered_cis_ohnolog	left_flank	15	-0.225	0	5000	0.0	0.0
clust0039	clustered_cis_ohnolog	left_flank	16	-0.175	0	5000	0.0	0.0
clust0039	clustered_cis_ohnolog	left_flank	17	-0.125	0	5000	0.0	0.0
clust0039	clustered_cis_ohnolog	left_flank	18	-0.075	0	5000	0.0	0.0
clust0039	clustered_cis_ohnolog	left_flank	19	-0.025	0	5000	0.0	0.0
clust0039	clustered_cis_ohnolog	body	20	0.025	1	40056	0.015279	0.024965
clust0039	clustered_cis_ohnolog	body	21	0.075	0	40057	0.0	0.0
clust0039	clustered_cis_ohnolog	body	22	0.125	0	40056	0.0	0.0
clust0039	clustered_cis_ohnolog	body	23	0.175	0	40057	0.0	0.0
clust0039	clustered_cis_ohnolog	body	24	0.225	0	40056	0.0	0.0
clust0039	clustered_cis_ohnolog	body	25	0.275	0	40057	0.0	0.0
clust0039	clustered_cis_ohnolog	body	26	0.325	0	40056	0.0	0.0
clust0039	clustered_cis_ohnolog	body	27	0.375	0	40057	0.0	0.0
clust0039	clustered_cis_ohnolog	body	28	0.425	0	40056	0.0	0.0
clust0039	clustered_cis_ohnolog	body	29	0.475	0	40057	0.0	0.0
clust0039	clustered_cis_ohnolog	body	30	0.525	0	40057	0.0	0.0
clust0039	clustered_cis_ohnolog	body	31	0.575	0	40056	0.0	0.0
clust0039	clustered_cis_ohnolog	body	32	0.625	0	40057	0.0	0.0
clust0039	clustered_cis_ohnolog	body	33	0.675	0	40056	0.0	0.0
clust0039	clustered_cis_ohnolog	body	34	0.725	0	40057	0.0	0.0
clust0039	clustered_cis_ohnolog	body	35	0.775	0	40056	0.0	0.0
clust0039	clustered_cis_ohnolog	body	36	0.825	0	40057	0.0	0.0
clust0039	clustered_cis_ohnolog	body	37	0.875	0	40056	0.0	0.0
clust0039	clustered_cis_ohnolog	body	38	0.925	0	40057	0.0	0.0
clust0039	clustered_cis_ohnolog	body	39	0.975	0	40057	0.0	0.0
clust0039	clustered_cis_ohnolog	right_flank	40	1.025	0	5000	0.0	0.0
clust0039	clustered_cis_ohnolog	right_flank	41	1.075	0	5000	0.0	0.0
clust0039	clustered_cis_ohnolog	right_flank	42	1.125	0	5000	0.0	0.0
clust0039	clustered_cis_ohnolog	right_flank	43	1.175	0	5000	0.0	0.0
clust0039	clustered_cis_ohnolog	right_flank	44	1.225	0	5000	0.0	0.0
clust0039	clustered_cis_ohnolog	right_flank	45	1.275	0	5000	0.0	0.0
clust0039	clustered_cis_ohnolog	right_flank	46	1.325	0	5000	0.0	0.0
clust0039	clustered_cis_ohnolog	right_flank	47	1.375	1	5000	0.0862	0.2
clust0039	clustered_cis_ohnolog	right_flank	48	1.425	0	5000	0.0	0.0
clust0039	clustered_cis_ohnolog	right_flank	49	1.475	0	5000	0.0	0.0
clust0039	clustered_cis_ohnolog	right_flank	50	1.525	0	5000	0.0	0.0
clust0039	clustered_cis_ohnolog	right_flank	51	1.575	0	5000	0.0	0.0
clust0039	clustered_cis_ohnolog	right_flank	52	1.625	0	5000	0.0	0.0
clust0039	clustered_cis_ohnolog	right_flank	53	1.675	0	5000	0.0	0.0
clust0039	clustered_cis_ohnolog	right_flank	54	1.725	0	5000	0.0	0.0
clust0039	clustered_cis_ohnolog	right_flank	55	1.775	0	5000	0.0	0.0
clust0039	clustered_cis_ohnolog	right_flank	56	1.825	0	5000	0.0	0.0
clust0039	clustered_cis_ohnolog	right_flank	57	1.875	0	5000	0.0	0.0
clust0039	clustered_cis_ohnolog	right_flank	58	1.925	0	5000	0.0	0.0
clust0039	clustered_cis_ohnolog	right_flank	59	1.975	0	5000	0.0	0.0
clust0040	clustered_cis_ohnolog	left_flank	0	-0.975	4	5000	0.5424	0.8
clust0040	clustered_cis_ohnolog	left_flank	1	-0.925	0	5000	0.0768	0.0
clust0040	clustered_cis_ohnolog	left_flank	2	-0.875	4	5000	0.4172	0.8
clust0040	clustered_cis_ohnolog	left_flank	3	-0.825	1	5000	0.0738	0.2
clust0040	clustered_cis_ohnolog	left_flank	4	-0.775	0	5000	0.0	0.0
clust0040	clustered_cis_ohnolog	left_flank	5	-0.725	2	5000	0.652	0.4
clust0040	clustered_cis_ohnolog	left_flank	6	-0.675	2	5000	0.2896	0.4
clust0040	clustered_cis_ohnolog	left_flank	7	-0.625	1	5000	0.0482	0.2
clust0040	clustered_cis_ohnolog	left_flank	8	-0.575	0	5000	0.0	0.0
clust0040	clustered_cis_ohnolog	left_flank	9	-0.525	0	5000	0.0	0.0
clust0040	clustered_cis_ohnolog	left_flank	10	-0.475	0	5000	0.0	0.0
clust0040	clustered_cis_ohnolog	left_flank	11	-0.425	0	5000	0.0	0.0
clust0040	clustered_cis_ohnolog	left_flank	12	-0.375	1	5000	0.0646	0.2
clust0040	clustered_cis_ohnolog	left_flank	13	-0.325	0	5000	0.0	0.0
clust0040	clustered_cis_ohnolog	left_flank	14	-0.275	0	5000	0.0	0.0
clust0040	clustered_cis_ohnolog	left_flank	15	-0.225	0	5000	0.0	0.0
clust0040	clustered_cis_ohnolog	left_flank	16	-0.175	0	5000	0.0	0.0
clust0040	clustered_cis_ohnolog	left_flank	17	-0.125	1	5000	0.186	0.2
clust0040	clustered_cis_ohnolog	left_flank	18	-0.075	2	5000	0.3684	0.4
clust0040	clustered_cis_ohnolog	left_flank	19	-0.025	0	5000	0.0	0.0
clust0040	clustered_cis_ohnolog	body	20	0.025	0	4908	0.0	0.0
clust0040	clustered_cis_ohnolog	body	21	0.075	0	4908	0.0	0.0
clust0040	clustered_cis_ohnolog	body	22	0.125	1	4908	0.064996	0.203749
clust0040	clustered_cis_ohnolog	body	23	0.175	0	4908	0.0	0.0
clust0040	clustered_cis_ohnolog	body	24	0.225	0	4908	0.0	0.0
clust0040	clustered_cis_ohnolog	body	25	0.275	0	4908	0.0	0.0
clust0040	clustered_cis_ohnolog	body	26	0.325	0	4909	0.0	0.0
clust0040	clustered_cis_ohnolog	body	27	0.375	0	4908	0.0	0.0
clust0040	clustered_cis_ohnolog	body	28	0.425	0	4908	0.0	0.0
clust0040	clustered_cis_ohnolog	body	29	0.475	0	4908	0.0	0.0
clust0040	clustered_cis_ohnolog	body	30	0.525	0	4908	0.0	0.0
clust0040	clustered_cis_ohnolog	body	31	0.575	0	4908	0.0	0.0
clust0040	clustered_cis_ohnolog	body	32	0.625	0	4908	0.0	0.0
clust0040	clustered_cis_ohnolog	body	33	0.675	0	4909	0.0	0.0
clust0040	clustered_cis_ohnolog	body	34	0.725	0	4908	0.0	0.0
clust0040	clustered_cis_ohnolog	body	35	0.775	0	4908	0.0	0.0
clust0040	clustered_cis_ohnolog	body	36	0.825	0	4908	0.023024	0.0
clust0040	clustered_cis_ohnolog	body	37	0.875	1	4908	0.06031	0.203749
clust0040	clustered_cis_ohnolog	body	38	0.925	0	4908	0.0	0.0
clust0040	clustered_cis_ohnolog	body	39	0.975	0	4909	0.0	0.0
clust0040	clustered_cis_ohnolog	right_flank	40	1.025	0	5000	0.0	0.0
clust0040	clustered_cis_ohnolog	right_flank	41	1.075	0	5000	0.0	0.0
clust0040	clustered_cis_ohnolog	right_flank	42	1.125	0	5000	0.0	0.0
clust0040	clustered_cis_ohnolog	right_flank	43	1.175	0	5000	0.0	0.0
clust0040	clustered_cis_ohnolog	right_flank	44	1.225	0	5000	0.0	0.0
clust0040	clustered_cis_ohnolog	right_flank	45	1.275	0	5000	0.0	0.0
clust0040	clustered_cis_ohnolog	right_flank	46	1.325	0	5000	0.0	0.0
clust0040	clustered_cis_ohnolog	right_flank	47	1.375	0	5000	0.0	0.0
clust0040	clustered_cis_ohnolog	right_flank	48	1.425	0	5000	0.0	0.0
clust0040	clustered_cis_ohnolog	right_flank	49	1.475	0	5000	0.0	0.0
clust0040	clustered_cis_ohnolog	right_flank	50	1.525	0	5000	0.0	0.0
clust0040	clustered_cis_ohnolog	right_flank	51	1.575	0	5000	0.0	0.0
clust0040	clustered_cis_ohnolog	right_flank	52	1.625	0	5000	0.0	0.0
clust0040	clustered_cis_ohnolog	right_flank	53	1.675	1	5000	0.066	0.2
clust0040	clustered_cis_ohnolog	right_flank	54	1.725	0	5000	0.0	0.0
clust0040	clustered_cis_ohnolog	right_flank	55	1.775	0	5000	0.0	0.0
clust0040	clustered_cis_ohnolog	right_flank	56	1.825	0	5000	0.0	0.0
clust0040	clustered_cis_ohnolog	right_flank	57	1.875	0	5000	0.0	0.0
clust0040	clustered_cis_ohnolog	right_flank	58	1.925	0	5000	0.0	0.0
clust0040	clustered_cis_ohnolog	right_flank	59	1.975	0	5000	0.0	0.0
clust0041	clustered_cis_ohnolog	left_flank	0	-0.975	0	5000	0.0	0.0
clust0041	clustered_cis_ohnolog	left_flank	1	-0.925	0	5000	0.0	0.0
clust0041	clustered_cis_ohnolog	left_flank	2	-0.875	0	5000	0.0	0.0
clust0041	clustered_cis_ohnolog	left_flank	3	-0.825	0	5000	0.0	0.0
clust0041	clustered_cis_ohnolog	left_flank	4	-0.775	0	5000	0.0	0.0
clust0041	clustered_cis_ohnolog	left_flank	5	-0.725	0	5000	0.0	0.0
clust0041	clustered_cis_ohnolog	left_flank	6	-0.675	0	5000	0.0	0.0
clust0041	clustered_cis_ohnolog	left_flank	7	-0.625	0	5000	0.0	0.0
clust0041	clustered_cis_ohnolog	left_flank	8	-0.575	0	5000	0.0	0.0
clust0041	clustered_cis_ohnolog	left_flank	9	-0.525	0	5000	0.0	0.0
clust0041	clustered_cis_ohnolog	left_flank	10	-0.475	0	5000	0.0	0.0
clust0041	clustered_cis_ohnolog	left_flank	11	-0.425	0	5000	0.0	0.0
clust0041	clustered_cis_ohnolog	left_flank	12	-0.375	0	5000	0.0	0.0
clust0041	clustered_cis_ohnolog	left_flank	13	-0.325	0	5000	0.0	0.0
clust0041	clustered_cis_ohnolog	left_flank	14	-0.275	0	5000	0.0	0.0
clust0041	clustered_cis_ohnolog	left_flank	15	-0.225	0	5000	0.0	0.0
clust0041	clustered_cis_ohnolog	left_flank	16	-0.175	0	5000	0.0	0.0
clust0041	clustered_cis_ohnolog	left_flank	17	-0.125	0	5000	0.0	0.0
clust0041	clustered_cis_ohnolog	left_flank	18	-0.075	0	5000	0.0	0.0
clust0041	clustered_cis_ohnolog	left_flank	19	-0.025	1	5000	0.0916	0.2
clust0041	clustered_cis_ohnolog	body	20	0.025	0	735	0.0	0.0
clust0041	clustered_cis_ohnolog	body	21	0.075	0	735	0.0	0.0
clust0041	clustered_cis_ohnolog	body	22	0.125	0	735	0.0	0.0
clust0041	clustered_cis_ohnolog	body	23	0.175	0	735	0.0	0.0
clust0041	clustered_cis_ohnolog	body	24	0.225	0	735	0.0	0.0
clust0041	clustered_cis_ohnolog	body	25	0.275	0	735	0.0	0.0
clust0041	clustered_cis_ohnolog	body	26	0.325	0	735	0.0	0.0
clust0041	clustered_cis_ohnolog	body	27	0.375	0	735	0.0	0.0
clust0041	clustered_cis_ohnolog	body	28	0.425	0	735	0.0	0.0
clust0041	clustered_cis_ohnolog	body	29	0.475	0	736	0.0	0.0
clust0041	clustered_cis_ohnolog	body	30	0.525	0	735	0.0	0.0
clust0041	clustered_cis_ohnolog	body	31	0.575	0	735	0.0	0.0
clust0041	clustered_cis_ohnolog	body	32	0.625	0	735	0.0	0.0
clust0041	clustered_cis_ohnolog	body	33	0.675	0	735	0.0	0.0
clust0041	clustered_cis_ohnolog	body	34	0.725	0	735	0.0	0.0
clust0041	clustered_cis_ohnolog	body	35	0.775	0	735	0.0	0.0
clust0041	clustered_cis_ohnolog	body	36	0.825	0	735	0.0	0.0
clust0041	clustered_cis_ohnolog	body	37	0.875	0	735	0.0	0.0
clust0041	clustered_cis_ohnolog	body	38	0.925	0	735	0.0	0.0
clust0041	clustered_cis_ohnolog	body	39	0.975	0	736	0.0	0.0
clust0041	clustered_cis_ohnolog	right_flank	40	1.025	1	5000	0.1106	0.2
clust0041	clustered_cis_ohnolog	right_flank	41	1.075	1	5000	0.0824	0.2
clust0041	clustered_cis_ohnolog	right_flank	42	1.125	1	5000	0.1116	0.2
clust0041	clustered_cis_ohnolog	right_flank	43	1.175	0	5000	0.0	0.0
clust0041	clustered_cis_ohnolog	right_flank	44	1.225	0	5000	0.0	0.0
clust0041	clustered_cis_ohnolog	right_flank	45	1.275	0	5000	0.0	0.0
clust0041	clustered_cis_ohnolog	right_flank	46	1.325	0	5000	0.0	0.0
clust0041	clustered_cis_ohnolog	right_flank	47	1.375	0	5000	0.0	0.0
clust0041	clustered_cis_ohnolog	right_flank	48	1.425	0	5000	0.0	0.0
clust0041	clustered_cis_ohnolog	right_flank	49	1.475	0	5000	0.0	0.0
clust0041	clustered_cis_ohnolog	right_flank	50	1.525	0	5000	0.0	0.0
clust0041	clustered_cis_ohnolog	right_flank	51	1.575	0	5000	0.0	0.0
clust0041	clustered_cis_ohnolog	right_flank	52	1.625	0	5000	0.0	0.0
clust0041	clustered_cis_ohnolog	right_flank	53	1.675	0	5000	0.0	0.0
clust0041	clustered_cis_ohnolog	right_flank	54	1.725	0	5000	0.0	0.0
clust0041	clustered_cis_ohnolog	right_flank	55	1.775	0	5000	0.0	0.0
clust0041	clustered_cis_ohnolog	right_flank	56	1.825	0	5000	0.0	0.0
clust0041	clustered_cis_ohnolog	right_flank	57	1.875	0	5000	0.0	0.0
clust0041	clustered_cis_ohnolog	right_flank	58	1.925	3	5000	0.5802	0.6
clust0041	clustered_cis_ohnolog	right_flank	59	1.975	0	5000	0.0	0.0
clust0031	clustered_cis_ohnolog	left_flank	0	-0.975	0	5000	0.0	0.0
clust0031	clustered_cis_ohnolog	left_flank	1	-0.925	0	5000	0.0	0.0
clust0031	clustered_cis_ohnolog	left_flank	2	-0.875	0	5000	0.0	0.0
clust0031	clustered_cis_ohnolog	left_flank	3	-0.825	0	5000	0.0	0.0
clust0031	clustered_cis_ohnolog	left_flank	4	-0.775	0	5000	0.0	0.0
clust0031	clustered_cis_ohnolog	left_flank	5	-0.725	0	5000	0.0	0.0
clust0031	clustered_cis_ohnolog	left_flank	6	-0.675	0	5000	0.0	0.0
clust0031	clustered_cis_ohnolog	left_flank	7	-0.625	0	5000	0.0	0.0
clust0031	clustered_cis_ohnolog	left_flank	8	-0.575	0	5000	0.0	0.0
clust0031	clustered_cis_ohnolog	left_flank	9	-0.525	0	5000	0.0	0.0
clust0031	clustered_cis_ohnolog	left_flank	10	-0.475	0	5000	0.0	0.0
clust0031	clustered_cis_ohnolog	left_flank	11	-0.425	1	5000	0.2352	0.2
clust0031	clustered_cis_ohnolog	left_flank	12	-0.375	3	5000	0.5504	0.6
clust0031	clustered_cis_ohnolog	left_flank	13	-0.325	0	5000	0.0	0.0
clust0031	clustered_cis_ohnolog	left_flank	14	-0.275	0	5000	0.0	0.0
clust0031	clustered_cis_ohnolog	left_flank	15	-0.225	0	5000	0.0	0.0
clust0031	clustered_cis_ohnolog	left_flank	16	-0.175	0	5000	0.0	0.0
clust0031	clustered_cis_ohnolog	left_flank	17	-0.125	0	5000	0.0	0.0
clust0031	clustered_cis_ohnolog	left_flank	18	-0.075	0	5000	0.0	0.0
clust0031	clustered_cis_ohnolog	left_flank	19	-0.025	0	5000	0.0	0.0
clust0031	clustered_cis_ohnolog	body	20	0.025	0	9224	0.0	0.0
clust0031	clustered_cis_ohnolog	body	21	0.075	0	9225	0.0	0.0
clust0031	clustered_cis_ohnolog	body	22	0.125	0	9225	0.0	0.0
clust0031	clustered_cis_ohnolog	body	23	0.175	0	9225	0.0	0.0
clust0031	clustered_cis_ohnolog	body	24	0.225	0	9225	0.0	0.0
clust0031	clustered_cis_ohnolog	body	25	0.275	0	9225	0.0	0.0
clust0031	clustered_cis_ohnolog	body	26	0.325	0	9224	0.0	0.0
clust0031	clustered_cis_ohnolog	body	27	0.375	0	9225	0.0	0.0
clust0031	clustered_cis_ohnolog	body	28	0.425	0	9225	0.0	0.0
clust0031	clustered_cis_ohnolog	body	29	0.475	0	9225	0.0	0.0
clust0031	clustered_cis_ohnolog	body	30	0.525	0	9225	0.0	0.0
clust0031	clustered_cis_ohnolog	body	31	0.575	0	9225	0.0	0.0
clust0031	clustered_cis_ohnolog	body	32	0.625	0	9225	0.0	0.0
clust0031	clustered_cis_ohnolog	body	33	0.675	0	9224	0.0	0.0
clust0031	clustered_cis_ohnolog	body	34	0.725	0	9225	0.0	0.0
clust0031	clustered_cis_ohnolog	body	35	0.775	0	9225	0.0	0.0
clust0031	clustered_cis_ohnolog	body	36	0.825	0	9225	0.0	0.0
clust0031	clustered_cis_ohnolog	body	37	0.875	0	9225	0.0	0.0
clust0031	clustered_cis_ohnolog	body	38	0.925	0	9225	0.0	0.0
clust0031	clustered_cis_ohnolog	body	39	0.975	0	9225	0.0	0.0
clust0031	clustered_cis_ohnolog	right_flank	40	1.025	0	5000	0.0	0.0
clust0031	clustered_cis_ohnolog	right_flank	41	1.075	0	5000	0.0	0.0
clust0031	clustered_cis_ohnolog	right_flank	42	1.125	0	5000	0.0	0.0
clust0031	clustered_cis_ohnolog	right_flank	43	1.175	0	5000	0.0	0.0
clust0031	clustered_cis_ohnolog	right_flank	44	1.225	0	5000	0.0	0.0
clust0031	clustered_cis_ohnolog	right_flank	45	1.275	0	5000	0.0	0.0
clust0031	clustered_cis_ohnolog	right_flank	46	1.325	0	5000	0.0	0.0
clust0031	clustered_cis_ohnolog	right_flank	47	1.375	0	5000	0.0	0.0
clust0031	clustered_cis_ohnolog	right_flank	48	1.425	0	5000	0.0	0.0
clust0031	clustered_cis_ohnolog	right_flank	49	1.475	0	5000	0.0	0.0
clust0031	clustered_cis_ohnolog	right_flank	50	1.525	0	5000	0.0	0.0
clust0031	clustered_cis_ohnolog	right_flank	51	1.575	0	5000	0.0	0.0
clust0031	clustered_cis_ohnolog	right_flank	52	1.625	0	5000	0.0	0.0
clust0031	clustered_cis_ohnolog	right_flank	53	1.675	0	5000	0.0	0.0
clust0031	clustered_cis_ohnolog	right_flank	54	1.725	0	5000	0.0	0.0
clust0031	clustered_cis_ohnolog	right_flank	55	1.775	0	5000	0.0	0.0
clust0031	clustered_cis_ohnolog	right_flank	56	1.825	0	5000	0.0	0.0
clust0031	clustered_cis_ohnolog	right_flank	57	1.875	0	5000	0.0	0.0
clust0031	clustered_cis_ohnolog	right_flank	58	1.925	0	5000	0.0	0.0
clust0031	clustered_cis_ohnolog	right_flank	59	1.975	0	5000	0.0	0.0
clust0032	clustered_cis_ohnolog	left_flank	0	-0.975	0	5000	0.0	0.0
clust0032	clustered_cis_ohnolog	left_flank	1	-0.925	0	5000	0.0	0.0
clust0032	clustered_cis_ohnolog	left_flank	2	-0.875	0	5000	0.0	0.0
clust0032	clustered_cis_ohnolog	left_flank	3	-0.825	0	5000	0.0	0.0
clust0032	clustered_cis_ohnolog	left_flank	4	-0.775	1	5000	0.087	0.2
clust0032	clustered_cis_ohnolog	left_flank	5	-0.725	0	5000	0.0	0.0
clust0032	clustered_cis_ohnolog	left_flank	6	-0.675	0	5000	0.0	0.0
clust0032	clustered_cis_ohnolog	left_flank	7	-0.625	0	5000	0.0	0.0
clust0032	clustered_cis_ohnolog	left_flank	8	-0.575	0	5000	0.0	0.0
clust0032	clustered_cis_ohnolog	left_flank	9	-0.525	0	5000	0.0	0.0
clust0032	clustered_cis_ohnolog	left_flank	10	-0.475	0	5000	0.0	0.0
clust0032	clustered_cis_ohnolog	left_flank	11	-0.425	0	5000	0.0	0.0
clust0032	clustered_cis_ohnolog	left_flank	12	-0.375	2	5000	0.246	0.4
clust0032	clustered_cis_ohnolog	left_flank	13	-0.325	0	5000	0.0	0.0
clust0032	clustered_cis_ohnolog	left_flank	14	-0.275	0	5000	0.0	0.0
clust0032	clustered_cis_ohnolog	left_flank	15	-0.225	0	5000	0.0	0.0
clust0032	clustered_cis_ohnolog	left_flank	16	-0.175	0	5000	0.0	0.0
clust0032	clustered_cis_ohnolog	left_flank	17	-0.125	0	5000	0.0	0.0
clust0032	clustered_cis_ohnolog	left_flank	18	-0.075	0	5000	0.0	0.0
clust0032	clustered_cis_ohnolog	left_flank	19	-0.025	0	5000	0.0	0.0
clust0032	clustered_cis_ohnolog	body	20	0.025	1	17725	0.021382	0.056417
clust0032	clustered_cis_ohnolog	body	21	0.075	2	17725	0.053484	0.112835
clust0032	clustered_cis_ohnolog	body	22	0.125	2	17725	0.077179	0.112835
clust0032	clustered_cis_ohnolog	body	23	0.175	6	17726	0.204897	0.338486
clust0032	clustered_cis_ohnolog	body	24	0.225	1	17725	0.025557	0.056417
clust0032	clustered_cis_ohnolog	body	25	0.275	2	17725	0.056361	0.112835
clust0032	clustered_cis_ohnolog	body	26	0.325	2	17726	0.068374	0.112829
clust0032	clustered_cis_ohnolog	body	27	0.375	0	17725	0.0	0.0
clust0032	clustered_cis_ohnolog	body	28	0.425	2	17725	0.08677	0.112835
clust0032	clustered_cis_ohnolog	body	29	0.475	5	17726	0.18628	0.282072
clust0032	clustered_cis_ohnolog	body	30	0.525	0	17725	0.0	0.0
clust0032	clustered_cis_ohnolog	body	31	0.575	0	17725	0.0	0.0
clust0032	clustered_cis_ohnolog	body	32	0.625	1	17725	0.019238	0.056417
clust0032	clustered_cis_ohnolog	body	33	0.675	4	17726	0.150401	0.225657
clust0032	clustered_cis_ohnolog	body	34	0.725	1	17725	0.025896	0.056417
clust0032	clustered_cis_ohnolog	body	35	0.775	6	17725	0.119041	0.338505
clust0032	clustered_cis_ohnolog	body	36	0.825	1	17726	0.018165	0.056414
clust0032	clustered_cis_ohnolog	body	37	0.875	0	17725	0.0	0.0
clust0032	clustered_cis_ohnolog	body	38	0.925	0	17725	0.0	0.0
clust0032	clustered_cis_ohnolog	body	39	0.975	0	17726	0.0	0.0
clust0032	clustered_cis_ohnolog	right_flank	40	1.025	0	5000	0.0	0.0
clust0032	clustered_cis_ohnolog	right_flank	41	1.075	0	5000	0.0	0.0
clust0032	clustered_cis_ohnolog	right_flank	42	1.125	0	5000	0.0	0.0
clust0032	clustered_cis_ohnolog	right_flank	43	1.175	4	5000	0.8024	0.8
clust0032	clustered_cis_ohnolog	right_flank	44	1.225	0	5000	0.0	0.0
clust0032	clustered_cis_ohnolog	right_flank	45	1.275	0	5000	0.0	0.0
clust0032	clustered_cis_ohnolog	right_flank	46	1.325	1	5000	0.133	0.2
clust0032	clustered_cis_ohnolog	right_flank	47	1.375	0	5000	0.0	0.0
clust0032	clustered_cis_ohnolog	right_flank	48	1.425	0	5000	0.0	0.0
clust0032	clustered_cis_ohnolog	right_flank	49	1.475	2	5000	0.1976	0.4
clust0032	clustered_cis_ohnolog	right_flank	50	1.525	0	5000	0.0	0.0
clust0032	clustered_cis_ohnolog	right_flank	51	1.575	0	5000	0.0	0.0
clust0032	clustered_cis_ohnolog	right_flank	52	1.625	0	5000	0.0	0.0
clust0032	clustered_cis_ohnolog	right_flank	53	1.675	0	5000	0.0	0.0
clust0032	clustered_cis_ohnolog	right_flank	54	1.725	0	5000	0.0	0.0
clust0032	clustered_cis_ohnolog	right_flank	55	1.775	0	5000	0.0	0.0
clust0032	clustered_cis_ohnolog	right_flank	56	1.825	0	5000	0.0	0.0
clust0032	clustered_cis_ohnolog	right_flank	57	1.875	0	5000	0.0	0.0
clust0032	clustered_cis_ohnolog	right_flank	58	1.925	4	5000	0.8672	0.8
clust0032	clustered_cis_ohnolog	right_flank	59	1.975	0	5000	0.0	0.0
clust0007	clustered_cis_ohnolog	left_flank	0	-0.975	0	5000	0.0	0.0
clust0007	clustered_cis_ohnolog	left_flank	1	-0.925	4	5000	1.1574	0.8
clust0007	clustered_cis_ohnolog	left_flank	2	-0.875	1	5000	0.0474	0.2
clust0007	clustered_cis_ohnolog	left_flank	3	-0.825	0	5000	0.0	0.0
clust0007	clustered_cis_ohnolog	left_flank	4	-0.775	0	5000	0.0066	0.0
clust0007	clustered_cis_ohnolog	left_flank	5	-0.725	3	5000	0.5598	0.6
clust0007	clustered_cis_ohnolog	left_flank	6	-0.675	0	5000	0.0	0.0
clust0007	clustered_cis_ohnolog	left_flank	7	-0.625	0	5000	0.0	0.0
clust0007	clustered_cis_ohnolog	left_flank	8	-0.575	3	5000	0.5616	0.6
clust0007	clustered_cis_ohnolog	left_flank	9	-0.525	0	5000	0.0	0.0
clust0007	clustered_cis_ohnolog	left_flank	10	-0.475	0	5000	0.0	0.0
clust0007	clustered_cis_ohnolog	left_flank	11	-0.425	0	5000	0.0	0.0
clust0007	clustered_cis_ohnolog	left_flank	12	-0.375	2	5000	0.1824	0.4
clust0007	clustered_cis_ohnolog	left_flank	13	-0.325	2	5000	0.2128	0.4
clust0007	clustered_cis_ohnolog	left_flank	14	-0.275	1	5000	0.096	0.2
clust0007	clustered_cis_ohnolog	left_flank	15	-0.225	0	5000	0.0	0.0
clust0007	clustered_cis_ohnolog	left_flank	16	-0.175	0	5000	0.0	0.0
clust0007	clustered_cis_ohnolog	left_flank	17	-0.125	0	5000	0.0	0.0
clust0007	clustered_cis_ohnolog	left_flank	18	-0.075	1	5000	0.1604	0.2
clust0007	clustered_cis_ohnolog	left_flank	19	-0.025	4	5000	0.6808	0.8
clust0007	clustered_cis_ohnolog	body	20	0.025	0	4493	0.0	0.0
clust0007	clustered_cis_ohnolog	body	21	0.075	0	4494	0.0	0.0
clust0007	clustered_cis_ohnolog	body	22	0.125	0	4493	0.0	0.0
clust0007	clustered_cis_ohnolog	body	23	0.175	1	4494	0.065866	0.222519
clust0007	clustered_cis_ohnolog	body	24	0.225	2	4493	0.356555	0.445137
clust0007	clustered_cis_ohnolog	body	25	0.275	1	4494	0.135291	0.222519
clust0007	clustered_cis_ohnolog	body	26	0.325	0	4493	0.0	0.0
clust0007	clustered_cis_ohnolog	body	27	0.375	0	4494	0.0	0.0
clust0007	clustered_cis_ohnolog	body	28	0.425	0	4493	0.0	0.0
clust0007	clustered_cis_ohnolog	body	29	0.475	2	4494	0.268358	0.445038
clust0007	clustered_cis_ohnolog	body	30	0.525	0	4494	0.060525	0.0
clust0007	clustered_cis_ohnolog	body	31	0.575	2	4493	0.75651	0.445137
clust0007	clustered_cis_ohnolog	body	32	0.625	1	4494	0.238318	0.222519
clust0007	clustered_cis_ohnolog	body	33	0.675	0	4493	0.0	0.0
clust0007	clustered_cis_ohnolog	body	34	0.725	0	4494	0.0	0.0
clust0007	clustered_cis_ohnolog	body	35	0.775	0	4493	0.0	0.0
clust0007	clustered_cis_ohnolog	body	36	0.825	0	4494	0.0	0.0
clust0007	clustered_cis_ohnolog	body	37	0.875	0	4493	0.0	0.0
clust0007	clustered_cis_ohnolog	body	38	0.925	0	4494	0.0	0.0
clust0007	clustered_cis_ohnolog	body	39	0.975	0	4494	0.0	0.0
clust0007	clustered_cis_ohnolog	right_flank	40	1.025	0	5000	0.0066	0.0
clust0007	clustered_cis_ohnolog	right_flank	41	1.075	1	5000	0.0868	0.2
clust0007	clustered_cis_ohnolog	right_flank	42	1.125	1	5000	0.0648	0.2
clust0007	clustered_cis_ohnolog	right_flank	43	1.175	0	5000	0.0	0.0
clust0007	clustered_cis_ohnolog	right_flank	44	1.225	0	5000	0.0184	0.0
clust0007	clustered_cis_ohnolog	right_flank	45	1.275	1	5000	0.081	0.2
clust0007	clustered_cis_ohnolog	right_flank	46	1.325	0	5000	0.0	0.0
clust0007	clustered_cis_ohnolog	right_flank	47	1.375	3	5000	0.6768	0.6
clust0007	clustered_cis_ohnolog	right_flank	48	1.425	0	5000	0.0	0.0
clust0007	clustered_cis_ohnolog	right_flank	49	1.475	0	5000	0.0	0.0
clust0007	clustered_cis_ohnolog	right_flank	50	1.525	0	5000	0.0	0.0
clust0007	clustered_cis_ohnolog	right_flank	51	1.575	0	5000	0.0	0.0
clust0007	clustered_cis_ohnolog	right_flank	52	1.625	0	5000	0.0	0.0
clust0007	clustered_cis_ohnolog	right_flank	53	1.675	0	5000	0.0	0.0
clust0007	clustered_cis_ohnolog	right_flank	54	1.725	0	5000	0.0	0.0
clust0007	clustered_cis_ohnolog	right_flank	55	1.775	1	5000	0.1404	0.2
clust0007	clustered_cis_ohnolog	right_flank	56	1.825	2	5000	0.5184	0.4
clust0007	clustered_cis_ohnolog	right_flank	57	1.875	1	5000	0.1404	0.2
clust0007	clustered_cis_ohnolog	right_flank	58	1.925	1	5000	0.0952	0.2
clust0007	clustered_cis_ohnolog	right_flank	59	1.975	0	5000	0.0	0.0
clust0076	clustered_cis_ohnolog	left_flank	0	-0.975	0	5000	0.0	0.0
clust0076	clustered_cis_ohnolog	left_flank	1	-0.925	0	5000	0.0	0.0
clust0076	clustered_cis_ohnolog	left_flank	2	-0.875	1	5000	0.0556	0.2
clust0076	clustered_cis_ohnolog	left_flank	3	-0.825	0	5000	0.0378	0.0
clust0076	clustered_cis_ohnolog	left_flank	4	-0.775	1	5000	0.0648	0.2
clust0076	clustered_cis_ohnolog	left_flank	5	-0.725	0	5000	0.0	0.0
clust0076	clustered_cis_ohnolog	left_flank	6	-0.675	1	5000	0.0674	0.2
clust0076	clustered_cis_ohnolog	left_flank	7	-0.625	0	5000	0.032	0.0
clust0076	clustered_cis_ohnolog	left_flank	8	-0.575	0	5000	0.0	0.0
clust0076	clustered_cis_ohnolog	left_flank	9	-0.525	3	5000	0.6768	0.6
clust0076	clustered_cis_ohnolog	left_flank	10	-0.475	0	5000	0.0	0.0
clust0076	clustered_cis_ohnolog	left_flank	11	-0.425	0	5000	0.0	0.0
clust0076	clustered_cis_ohnolog	left_flank	12	-0.375	0	5000	0.0	0.0
clust0076	clustered_cis_ohnolog	left_flank	13	-0.325	0	5000	0.0	0.0
clust0076	clustered_cis_ohnolog	left_flank	14	-0.275	0	5000	0.0	0.0
clust0076	clustered_cis_ohnolog	left_flank	15	-0.225	0	5000	0.0	0.0
clust0076	clustered_cis_ohnolog	left_flank	16	-0.175	0	5000	0.0	0.0
clust0076	clustered_cis_ohnolog	left_flank	17	-0.125	1	5000	0.1404	0.2
clust0076	clustered_cis_ohnolog	left_flank	18	-0.075	3	5000	0.6588	0.6
clust0076	clustered_cis_ohnolog	left_flank	19	-0.025	0	5000	0.0	0.0
clust0076	clustered_cis_ohnolog	body	20	0.025	1	5985	0.079532	0.167084
clust0076	clustered_cis_ohnolog	body	21	0.075	0	5986	0.0	0.0
clust0076	clustered_cis_ohnolog	body	22	0.125	0	5986	0.0	0.0
clust0076	clustered_cis_ohnolog	body	23	0.175	0	5986	0.0	0.0
clust0076	clustered_cis_ohnolog	body	24	0.225	0	5986	0.0	0.0
clust0076	clustered_cis_ohnolog	body	25	0.275	0	5986	0.0	0.0
clust0076	clustered_cis_ohnolog	body	26	0.325	2	5986	0.094387	0.334113
clust0076	clustered_cis_ohnolog	body	27	0.375	0	5986	0.0	0.0
clust0076	clustered_cis_ohnolog	body	28	0.425	0	5986	0.0	0.0
clust0076	clustered_cis_ohnolog	body	29	0.475	0	5986	0.0	0.0
clust0076	clustered_cis_ohnolog	body	30	0.525	0	5986	0.0	0.0
clust0076	clustered_cis_ohnolog	body	31	0.575	0	5986	0.0	0.0
clust0076	clustered_cis_ohnolog	body	32	0.625	0	5986	0.0	0.0
clust0076	clustered_cis_ohnolog	body	33	0.675	0	5986	0.0	0.0
clust0076	clustered_cis_ohnolog	body	34	0.725	0	5986	0.0	0.0
clust0076	clustered_cis_ohnolog	body	35	0.775	0	5986	0.0	0.0
clust0076	clustered_cis_ohnolog	body	36	0.825	0	5986	0.0	0.0
clust0076	clustered_cis_ohnolog	body	37	0.875	0	5986	0.0	0.0
clust0076	clustered_cis_ohnolog	body	38	0.925	0	5986	0.0	0.0
clust0076	clustered_cis_ohnolog	body	39	0.975	1	5986	0.174407	0.167056
clust0076	clustered_cis_ohnolog	right_flank	40	1.025	1	5000	0.1152	0.2
clust0076	clustered_cis_ohnolog	right_flank	41	1.075	0	5000	0.0	0.0
clust0076	clustered_cis_ohnolog	right_flank	42	1.125	0	5000	0.0	0.0
clust0076	clustered_cis_ohnolog	right_flank	43	1.175	0	5000	0.0	0.0
clust0076	clustered_cis_ohnolog	right_flank	44	1.225	0	5000	0.0	0.0
clust0076	clustered_cis_ohnolog	right_flank	45	1.275	0	5000	0.0	0.0
clust0076	clustered_cis_ohnolog	right_flank	46	1.325	0	5000	0.0	0.0
clust0076	clustered_cis_ohnolog	right_flank	47	1.375	0	5000	0.0	0.0
clust0076	clustered_cis_ohnolog	right_flank	48	1.425	0	5000	0.0	0.0
clust0076	clustered_cis_ohnolog	right_flank	49	1.475	2	5000	0.2644	0.4
clust0076	clustered_cis_ohnolog	right_flank	50	1.525	0	5000	0.0	0.0
clust0076	clustered_cis_ohnolog	right_flank	51	1.575	0	5000	0.0	0.0
clust0076	clustered_cis_ohnolog	right_flank	52	1.625	0	5000	0.0	0.0
clust0076	clustered_cis_ohnolog	right_flank	53	1.675	0	5000	0.0	0.0
clust0076	clustered_cis_ohnolog	right_flank	54	1.725	0	5000	0.0	0.0
clust0076	clustered_cis_ohnolog	right_flank	55	1.775	1	5000	0.1034	0.2
clust0076	clustered_cis_ohnolog	right_flank	56	1.825	0	5000	0.0	0.0
clust0076	clustered_cis_ohnolog	right_flank	57	1.875	0	5000	0.0	0.0
clust0076	clustered_cis_ohnolog	right_flank	58	1.925	0	5000	0.0	0.0
clust0076	clustered_cis_ohnolog	right_flank	59	1.975	0	5000	0.0	0.0
clust0071	clustered_cis_ohnolog	left_flank	0	-0.975	0	5000	0.0	0.0
clust0071	clustered_cis_ohnolog	left_flank	1	-0.925	0	5000	0.0	0.0
clust0071	clustered_cis_ohnolog	left_flank	2	-0.875	0	5000	0.0	0.0
clust0071	clustered_cis_ohnolog	left_flank	3	-0.825	0	5000	0.0	0.0
clust0071	clustered_cis_ohnolog	left_flank	4	-0.775	0	5000	0.0	0.0
clust0071	clustered_cis_ohnolog	left_flank	5	-0.725	0	5000	0.0	0.0
clust0071	clustered_cis_ohnolog	left_flank	6	-0.675	0	5000	0.0	0.0
clust0071	clustered_cis_ohnolog	left_flank	7	-0.625	0	5000	0.0	0.0
clust0071	clustered_cis_ohnolog	left_flank	8	-0.575	0	5000	0.0	0.0
clust0071	clustered_cis_ohnolog	left_flank	9	-0.525	0	5000	0.0	0.0
clust0071	clustered_cis_ohnolog	left_flank	10	-0.475	0	5000	0.0	0.0
clust0071	clustered_cis_ohnolog	left_flank	11	-0.425	0	5000	0.0	0.0
clust0071	clustered_cis_ohnolog	left_flank	12	-0.375	0	5000	0.0	0.0
clust0071	clustered_cis_ohnolog	left_flank	13	-0.325	0	5000	0.0	0.0
clust0071	clustered_cis_ohnolog	left_flank	14	-0.275	0	5000	0.0	0.0
clust0071	clustered_cis_ohnolog	left_flank	15	-0.225	0	5000	0.0	0.0
clust0071	clustered_cis_ohnolog	left_flank	16	-0.175	0	5000	0.0	0.0
clust0071	clustered_cis_ohnolog	left_flank	17	-0.125	0	5000	0.0	0.0
clust0071	clustered_cis_ohnolog	left_flank	18	-0.075	0	5000	0.0	0.0
clust0071	clustered_cis_ohnolog	left_flank	19	-0.025	0	5000	0.0	0.0
clust0071	clustered_cis_ohnolog	body	20	0.025	0	601	0.0	0.0
clust0071	clustered_cis_ohnolog	body	21	0.075	0	602	0.0	0.0
clust0071	clustered_cis_ohnolog	body	22	0.125	0	602	0.0	0.0
clust0071	clustered_cis_ohnolog	body	23	0.175	0	602	0.0	0.0
clust0071	clustered_cis_ohnolog	body	24	0.225	0	602	0.0	0.0
clust0071	clustered_cis_ohnolog	body	25	0.275	0	602	0.0	0.0
clust0071	clustered_cis_ohnolog	body	26	0.325	0	601	0.0	0.0
clust0071	clustered_cis_ohnolog	body	27	0.375	0	602	0.0	0.0
clust0071	clustered_cis_ohnolog	body	28	0.425	0	602	0.0	0.0
clust0071	clustered_cis_ohnolog	body	29	0.475	0	602	0.0	0.0
clust0071	clustered_cis_ohnolog	body	30	0.525	0	602	0.0	0.0
clust0071	clustered_cis_ohnolog	body	31	0.575	0	602	0.0	0.0
clust0071	clustered_cis_ohnolog	body	32	0.625	0	602	0.0	0.0
clust0071	clustered_cis_ohnolog	body	33	0.675	0	601	0.0	0.0
clust0071	clustered_cis_ohnolog	body	34	0.725	0	602	0.0	0.0
clust0071	clustered_cis_ohnolog	body	35	0.775	0	602	0.0	0.0
clust0071	clustered_cis_ohnolog	body	36	0.825	0	602	0.0	0.0
clust0071	clustered_cis_ohnolog	body	37	0.875	0	602	0.0	0.0
clust0071	clustered_cis_ohnolog	body	38	0.925	0	602	0.0	0.0
clust0071	clustered_cis_ohnolog	body	39	0.975	0	602	0.0	0.0
clust0071	clustered_cis_ohnolog	right_flank	40	1.025	0	5000	0.0	0.0
clust0071	clustered_cis_ohnolog	right_flank	41	1.075	0	5000	0.0	0.0
clust0071	clustered_cis_ohnolog	right_flank	42	1.125	0	5000	0.0	0.0
clust0071	clustered_cis_ohnolog	right_flank	43	1.175	0	5000	0.0	0.0
clust0071	clustered_cis_ohnolog	right_flank	44	1.225	0	5000	0.0	0.0
clust0071	clustered_cis_ohnolog	right_flank	45	1.275	0	5000	0.0	0.0
clust0071	clustered_cis_ohnolog	right_flank	46	1.325	0	5000	0.0	0.0
clust0071	clustered_cis_ohnolog	right_flank	47	1.375	0	5000	0.0	0.0
clust0071	clustered_cis_ohnolog	right_flank	48	1.425	0	5000	0.0	0.0
clust0071	clustered_cis_ohnolog	right_flank	49	1.475	0	5000	0.0	0.0
clust0071	clustered_cis_ohnolog	right_flank	50	1.525	0	5000	0.0	0.0
clust0071	clustered_cis_ohnolog	right_flank	51	1.575	0	5000	0.0	0.0
clust0071	clustered_cis_ohnolog	right_flank	52	1.625	0	5000	0.0	0.0
clust0071	clustered_cis_ohnolog	right_flank	53	1.675	0	5000	0.0	0.0
clust0071	clustered_cis_ohnolog	right_flank	54	1.725	0	5000	0.0	0.0
clust0071	clustered_cis_ohnolog	right_flank	55	1.775	0	5000	0.0	0.0
clust0071	clustered_cis_ohnolog	right_flank	56	1.825	0	5000	0.0	0.0
clust0071	clustered_cis_ohnolog	right_flank	57	1.875	0	5000	0.0	0.0
clust0071	clustered_cis_ohnolog	right_flank	58	1.925	0	5000	0.0	0.0
clust0071	clustered_cis_ohnolog	right_flank	59	1.975	0	5000	0.0	0.0
clust0069	clustered_cis_ohnolog	left_flank	0	-0.975	0	5000	0.0	0.0
clust0069	clustered_cis_ohnolog	left_flank	1	-0.925	0	5000	0.0	0.0
clust0069	clustered_cis_ohnolog	left_flank	2	-0.875	0	5000	0.0	0.0
clust0069	clustered_cis_ohnolog	left_flank	3	-0.825	0	5000	0.0	0.0
clust0069	clustered_cis_ohnolog	left_flank	4	-0.775	0	5000	0.0	0.0
clust0069	clustered_cis_ohnolog	left_flank	5	-0.725	0	5000	0.0	0.0
clust0069	clustered_cis_ohnolog	left_flank	6	-0.675	0	5000	0.0	0.0
clust0069	clustered_cis_ohnolog	left_flank	7	-0.625	0	5000	0.0	0.0
clust0069	clustered_cis_ohnolog	left_flank	8	-0.575	0	5000	0.0	0.0
clust0069	clustered_cis_ohnolog	left_flank	9	-0.525	0	5000	0.0	0.0
clust0069	clustered_cis_ohnolog	left_flank	10	-0.475	0	5000	0.0	0.0
clust0069	clustered_cis_ohnolog	left_flank	11	-0.425	0	5000	0.0	0.0
clust0069	clustered_cis_ohnolog	left_flank	12	-0.375	0	5000	0.0	0.0
clust0069	clustered_cis_ohnolog	left_flank	13	-0.325	0	5000	0.0	0.0
clust0069	clustered_cis_ohnolog	left_flank	14	-0.275	0	5000	0.0	0.0
clust0069	clustered_cis_ohnolog	left_flank	15	-0.225	0	5000	0.0	0.0
clust0069	clustered_cis_ohnolog	left_flank	16	-0.175	0	5000	0.0	0.0
clust0069	clustered_cis_ohnolog	left_flank	17	-0.125	0	5000	0.0	0.0
clust0069	clustered_cis_ohnolog	left_flank	18	-0.075	0	5000	0.0	0.0
clust0069	clustered_cis_ohnolog	left_flank	19	-0.025	0	5000	0.0	0.0
clust0069	clustered_cis_ohnolog	body	20	0.025	0	16513	0.0	0.0
clust0069	clustered_cis_ohnolog	body	21	0.075	0	16513	0.0	0.0
clust0069	clustered_cis_ohnolog	body	22	0.125	0	16513	0.0	0.0
clust0069	clustered_cis_ohnolog	body	23	0.175	0	16513	0.0	0.0
clust0069	clustered_cis_ohnolog	body	24	0.225	0	16514	0.0	0.0
clust0069	clustered_cis_ohnolog	body	25	0.275	0	16513	0.0	0.0
clust0069	clustered_cis_ohnolog	body	26	0.325	0	16513	0.0	0.0
clust0069	clustered_cis_ohnolog	body	27	0.375	0	16513	0.0	0.0
clust0069	clustered_cis_ohnolog	body	28	0.425	0	16513	0.0	0.0
clust0069	clustered_cis_ohnolog	body	29	0.475	0	16514	0.0	0.0
clust0069	clustered_cis_ohnolog	body	30	0.525	0	16513	0.0	0.0
clust0069	clustered_cis_ohnolog	body	31	0.575	0	16513	0.0	0.0
clust0069	clustered_cis_ohnolog	body	32	0.625	0	16513	0.0	0.0
clust0069	clustered_cis_ohnolog	body	33	0.675	0	16513	0.0	0.0
clust0069	clustered_cis_ohnolog	body	34	0.725	0	16514	0.0	0.0
clust0069	clustered_cis_ohnolog	body	35	0.775	0	16513	0.0	0.0
clust0069	clustered_cis_ohnolog	body	36	0.825	0	16513	0.0	0.0
clust0069	clustered_cis_ohnolog	body	37	0.875	0	16513	0.0	0.0
clust0069	clustered_cis_ohnolog	body	38	0.925	0	16513	0.0	0.0
clust0069	clustered_cis_ohnolog	body	39	0.975	0	16514	0.0	0.0
clust0069	clustered_cis_ohnolog	right_flank	40	1.025	0	5000	0.0	0.0
clust0069	clustered_cis_ohnolog	right_flank	41	1.075	0	5000	0.0	0.0
clust0069	clustered_cis_ohnolog	right_flank	42	1.125	0	5000	0.0	0.0
clust0069	clustered_cis_ohnolog	right_flank	43	1.175	0	5000	0.0	0.0
clust0069	clustered_cis_ohnolog	right_flank	44	1.225	0	5000	0.0	0.0
clust0069	clustered_cis_ohnolog	right_flank	45	1.275	0	5000	0.0	0.0
clust0069	clustered_cis_ohnolog	right_flank	46	1.325	0	5000	0.0	0.0
clust0069	clustered_cis_ohnolog	right_flank	47	1.375	0	5000	0.0	0.0
clust0069	clustered_cis_ohnolog	right_flank	48	1.425	0	5000	0.0	0.0
clust0069	clustered_cis_ohnolog	right_flank	49	1.475	0	5000	0.0	0.0
clust0069	clustered_cis_ohnolog	right_flank	50	1.525	0	5000	0.0	0.0
clust0069	clustered_cis_ohnolog	right_flank	51	1.575	0	5000	0.0	0.0
clust0069	clustered_cis_ohnolog	right_flank	52	1.625	0	5000	0.0	0.0
clust0069	clustered_cis_ohnolog	right_flank	53	1.675	0	5000	0.0	0.0
clust0069	clustered_cis_ohnolog	right_flank	54	1.725	0	5000	0.0	0.0
clust0069	clustered_cis_ohnolog	right_flank	55	1.775	0	5000	0.0	0.0
clust0069	clustered_cis_ohnolog	right_flank	56	1.825	0	5000	0.0	0.0
clust0069	clustered_cis_ohnolog	right_flank	57	1.875	0	5000	0.0	0.0
clust0069	clustered_cis_ohnolog	right_flank	58	1.925	0	5000	0.0	0.0
clust0069	clustered_cis_ohnolog	right_flank	59	1.975	0	5000	0.0	0.0
clust0043	clustered_cis_ohnolog	left_flank	0	-0.975	0	5000	0.0	0.0
clust0043	clustered_cis_ohnolog	left_flank	1	-0.925	0	5000	0.0	0.0
clust0043	clustered_cis_ohnolog	left_flank	2	-0.875	0	5000	0.0	0.0
clust0043	clustered_cis_ohnolog	left_flank	3	-0.825	0	5000	0.0	0.0
clust0043	clustered_cis_ohnolog	left_flank	4	-0.775	0	5000	0.0	0.0
clust0043	clustered_cis_ohnolog	left_flank	5	-0.725	0	5000	0.0	0.0
clust0043	clustered_cis_ohnolog	left_flank	6	-0.675	0	5000	0.0	0.0
clust0043	clustered_cis_ohnolog	left_flank	7	-0.625	0	5000	0.0	0.0
clust0043	clustered_cis_ohnolog	left_flank	8	-0.575	0	5000	0.0	0.0
clust0043	clustered_cis_ohnolog	left_flank	9	-0.525	0	5000	0.0	0.0
clust0043	clustered_cis_ohnolog	left_flank	10	-0.475	0	5000	0.0	0.0
clust0043	clustered_cis_ohnolog	left_flank	11	-0.425	0	5000	0.0	0.0
clust0043	clustered_cis_ohnolog	left_flank	12	-0.375	0	5000	0.0	0.0
clust0043	clustered_cis_ohnolog	left_flank	13	-0.325	0	5000	0.0	0.0
clust0043	clustered_cis_ohnolog	left_flank	14	-0.275	0	5000	0.0	0.0
clust0043	clustered_cis_ohnolog	left_flank	15	-0.225	0	5000	0.0	0.0
clust0043	clustered_cis_ohnolog	left_flank	16	-0.175	0	5000	0.0	0.0
clust0043	clustered_cis_ohnolog	left_flank	17	-0.125	0	5000	0.0	0.0
clust0043	clustered_cis_ohnolog	left_flank	18	-0.075	0	5000	0.0	0.0
clust0043	clustered_cis_ohnolog	left_flank	19	-0.025	0	5000	0.0	0.0
clust0043	clustered_cis_ohnolog	body	20	0.025	0	8841	0.0	0.0
clust0043	clustered_cis_ohnolog	body	21	0.075	0	8842	0.0	0.0
clust0043	clustered_cis_ohnolog	body	22	0.125	0	8841	0.0	0.0
clust0043	clustered_cis_ohnolog	body	23	0.175	0	8842	0.0	0.0
clust0043	clustered_cis_ohnolog	body	24	0.225	1	8842	0.042864	0.113097
clust0043	clustered_cis_ohnolog	body	25	0.275	0	8841	0.0	0.0
clust0043	clustered_cis_ohnolog	body	26	0.325	0	8842	0.0	0.0
clust0043	clustered_cis_ohnolog	body	27	0.375	0	8841	0.0	0.0
clust0043	clustered_cis_ohnolog	body	28	0.425	0	8842	0.0	0.0
clust0043	clustered_cis_ohnolog	body	29	0.475	0	8842	0.0	0.0
clust0043	clustered_cis_ohnolog	body	30	0.525	0	8841	0.0	0.0
clust0043	clustered_cis_ohnolog	body	31	0.575	0	8842	0.0	0.0
clust0043	clustered_cis_ohnolog	body	32	0.625	0	8841	0.0	0.0
clust0043	clustered_cis_ohnolog	body	33	0.675	0	8842	0.0	0.0
clust0043	clustered_cis_ohnolog	body	34	0.725	0	8842	0.0	0.0
clust0043	clustered_cis_ohnolog	body	35	0.775	0	8841	0.0	0.0
clust0043	clustered_cis_ohnolog	body	36	0.825	0	8842	0.0	0.0
clust0043	clustered_cis_ohnolog	body	37	0.875	0	8841	0.0	0.0
clust0043	clustered_cis_ohnolog	body	38	0.925	0	8842	0.0	0.0
clust0043	clustered_cis_ohnolog	body	39	0.975	0	8842	0.0	0.0
clust0043	clustered_cis_ohnolog	right_flank	40	1.025	0	5000	0.0	0.0
clust0043	clustered_cis_ohnolog	right_flank	41	1.075	0	5000	0.0	0.0
clust0043	clustered_cis_ohnolog	right_flank	42	1.125	0	5000	0.0	0.0
clust0043	clustered_cis_ohnolog	right_flank	43	1.175	0	5000	0.0	0.0
clust0043	clustered_cis_ohnolog	right_flank	44	1.225	0	5000	0.0	0.0
clust0043	clustered_cis_ohnolog	right_flank	45	1.275	0	5000	0.0	0.0
clust0043	clustered_cis_ohnolog	right_flank	46	1.325	0	5000	0.0	0.0
clust0043	clustered_cis_ohnolog	right_flank	47	1.375	0	5000	0.0	0.0
clust0043	clustered_cis_ohnolog	right_flank	48	1.425	0	5000	0.0	0.0
clust0043	clustered_cis_ohnolog	right_flank	49	1.475	0	5000	0.0	0.0
clust0043	clustered_cis_ohnolog	right_flank	50	1.525	0	5000	0.0	0.0
clust0043	clustered_cis_ohnolog	right_flank	51	1.575	0	5000	0.0	0.0
clust0043	clustered_cis_ohnolog	right_flank	52	1.625	0	5000	0.0	0.0
clust0043	clustered_cis_ohnolog	right_flank	53	1.675	0	5000	0.0	0.0
clust0043	clustered_cis_ohnolog	right_flank	54	1.725	0	5000	0.0	0.0
clust0043	clustered_cis_ohnolog	right_flank	55	1.775	1	5000	0.0982	0.2
clust0043	clustered_cis_ohnolog	right_flank	56	1.825	0	5000	0.0	0.0
clust0043	clustered_cis_ohnolog	right_flank	57	1.875	0	5000	0.0	0.0
clust0043	clustered_cis_ohnolog	right_flank	58	1.925	0	5000	0.0	0.0
clust0043	clustered_cis_ohnolog	right_flank	59	1.975	0	5000	0.0	0.0
clust0008	clustered_cis_ohnolog	left_flank	0	-0.975	0	5000	0.0	0.0
clust0008	clustered_cis_ohnolog	left_flank	1	-0.925	0	5000	0.0	0.0
clust0008	clustered_cis_ohnolog	left_flank	2	-0.875	0	5000	0.0	0.0
clust0008	clustered_cis_ohnolog	left_flank	3	-0.825	0	5000	0.0	0.0
clust0008	clustered_cis_ohnolog	left_flank	4	-0.775	0	5000	0.0	0.0
clust0008	clustered_cis_ohnolog	left_flank	5	-0.725	0	5000	0.0	0.0
clust0008	clustered_cis_ohnolog	left_flank	6	-0.675	0	5000	0.0	0.0
clust0008	clustered_cis_ohnolog	left_flank	7	-0.625	0	5000	0.0	0.0
clust0008	clustered_cis_ohnolog	left_flank	8	-0.575	0	5000	0.0	0.0
clust0008	clustered_cis_ohnolog	left_flank	9	-0.525	0	5000	0.0	0.0
clust0008	clustered_cis_ohnolog	left_flank	10	-0.475	0	5000	0.0	0.0
clust0008	clustered_cis_ohnolog	left_flank	11	-0.425	0	5000	0.0	0.0
clust0008	clustered_cis_ohnolog	left_flank	12	-0.375	0	5000	0.0	0.0
clust0008	clustered_cis_ohnolog	left_flank	13	-0.325	0	5000	0.0	0.0
clust0008	clustered_cis_ohnolog	left_flank	14	-0.275	0	5000	0.0	0.0
clust0008	clustered_cis_ohnolog	left_flank	15	-0.225	0	5000	0.0	0.0
clust0008	clustered_cis_ohnolog	left_flank	16	-0.175	0	5000	0.0	0.0
clust0008	clustered_cis_ohnolog	left_flank	17	-0.125	0	5000	0.0	0.0
clust0008	clustered_cis_ohnolog	left_flank	18	-0.075	0	5000	0.0	0.0
clust0008	clustered_cis_ohnolog	left_flank	19	-0.025	0	5000	0.0	0.0
clust0008	clustered_cis_ohnolog	body	20	0.025	5	53971	0.111819	0.092642
clust0008	clustered_cis_ohnolog	body	21	0.075	0	53971	0.0	0.0
clust0008	clustered_cis_ohnolog	body	22	0.125	0	53972	0.0	0.0
clust0008	clustered_cis_ohnolog	body	23	0.175	0	53971	0.0	0.0
clust0008	clustered_cis_ohnolog	body	24	0.225	0	53972	0.0	0.0
clust0008	clustered_cis_ohnolog	body	25	0.275	0	53971	0.0	0.0
clust0008	clustered_cis_ohnolog	body	26	0.325	0	53971	0.0	0.0
clust0008	clustered_cis_ohnolog	body	27	0.375	0	53972	0.0	0.0
clust0008	clustered_cis_ohnolog	body	28	0.425	0	53971	0.0	0.0
clust0008	clustered_cis_ohnolog	body	29	0.475	0	53972	0.0	0.0
clust0008	clustered_cis_ohnolog	body	30	0.525	1	53971	0.006244	0.018528
clust0008	clustered_cis_ohnolog	body	31	0.575	1	53971	0.009931	0.018528
clust0008	clustered_cis_ohnolog	body	32	0.625	6	53972	0.077355	0.111169
clust0008	clustered_cis_ohnolog	body	33	0.675	2	53971	0.016398	0.037057
clust0008	clustered_cis_ohnolog	body	34	0.725	1	53972	0.008171	0.018528
clust0008	clustered_cis_ohnolog	body	35	0.775	0	53971	0.0	0.0
clust0008	clustered_cis_ohnolog	body	36	0.825	1	53971	0.006652	0.018528
clust0008	clustered_cis_ohnolog	body	37	0.875	2	53972	0.012766	0.037056
clust0008	clustered_cis_ohnolog	body	38	0.925	5	53971	0.057383	0.092642
clust0008	clustered_cis_ohnolog	body	39	0.975	3	53972	0.058215	0.055584
clust0008	clustered_cis_ohnolog	right_flank	40	1.025	2	5000	0.6088	0.4
clust0008	clustered_cis_ohnolog	right_flank	41	1.075	0	5000	0.0	0.0
clust0008	clustered_cis_ohnolog	right_flank	42	1.125	0	5000	0.0	0.0
clust0008	clustered_cis_ohnolog	right_flank	43	1.175	0	5000	0.0	0.0
clust0008	clustered_cis_ohnolog	right_flank	44	1.225	0	5000	0.0	0.0
clust0008	clustered_cis_ohnolog	right_flank	45	1.275	0	5000	0.0	0.0
clust0008	clustered_cis_ohnolog	right_flank	46	1.325	0	5000	0.0	0.0
clust0008	clustered_cis_ohnolog	right_flank	47	1.375	0	5000	0.0	0.0
clust0008	clustered_cis_ohnolog	right_flank	48	1.425	0	5000	0.0	0.0
clust0008	clustered_cis_ohnolog	right_flank	49	1.475	0	5000	0.0	0.0
clust0008	clustered_cis_ohnolog	right_flank	50	1.525	0	5000	0.0	0.0
clust0008	clustered_cis_ohnolog	right_flank	51	1.575	0	5000	0.0	0.0
clust0008	clustered_cis_ohnolog	right_flank	52	1.625	0	5000	0.0	0.0
clust0008	clustered_cis_ohnolog	right_flank	53	1.675	0	5000	0.0	0.0
clust0008	clustered_cis_ohnolog	right_flank	54	1.725	0	5000	0.0	0.0
clust0008	clustered_cis_ohnolog	right_flank	55	1.775	0	5000	0.0	0.0
clust0008	clustered_cis_ohnolog	right_flank	56	1.825	0	5000	0.0	0.0
clust0008	clustered_cis_ohnolog	right_flank	57	1.875	0	5000	0.0	0.0
clust0008	clustered_cis_ohnolog	right_flank	58	1.925	0	5000	0.0	0.0
clust0008	clustered_cis_ohnolog	right_flank	59	1.975	2	5000	0.2684	0.4
clust0009	clustered_cis_ohnolog	left_flank	0	-0.975	0	5000	0.0	0.0
clust0009	clustered_cis_ohnolog	left_flank	1	-0.925	0	5000	0.0	0.0
clust0009	clustered_cis_ohnolog	left_flank	2	-0.875	0	5000	0.0	0.0
clust0009	clustered_cis_ohnolog	left_flank	3	-0.825	0	5000	0.0	0.0
clust0009	clustered_cis_ohnolog	left_flank	4	-0.775	0	5000	0.0	0.0
clust0009	clustered_cis_ohnolog	left_flank	5	-0.725	0	5000	0.0	0.0
clust0009	clustered_cis_ohnolog	left_flank	6	-0.675	0	5000	0.0	0.0
clust0009	clustered_cis_ohnolog	left_flank	7	-0.625	1	5000	0.0818	0.2
clust0009	clustered_cis_ohnolog	left_flank	8	-0.575	0	5000	0.0	0.0
clust0009	clustered_cis_ohnolog	left_flank	9	-0.525	3	5000	0.5748	0.6
clust0009	clustered_cis_ohnolog	left_flank	10	-0.475	1	5000	0.0394	0.2
clust0009	clustered_cis_ohnolog	left_flank	11	-0.425	0	5000	0.0	0.0
clust0009	clustered_cis_ohnolog	left_flank	12	-0.375	0	5000	0.0	0.0
clust0009	clustered_cis_ohnolog	left_flank	13	-0.325	0	5000	0.0	0.0
clust0009	clustered_cis_ohnolog	left_flank	14	-0.275	0	5000	0.0	0.0
clust0009	clustered_cis_ohnolog	left_flank	15	-0.225	0	5000	0.0	0.0
clust0009	clustered_cis_ohnolog	left_flank	16	-0.175	0	5000	0.0	0.0
clust0009	clustered_cis_ohnolog	left_flank	17	-0.125	0	5000	0.0	0.0
clust0009	clustered_cis_ohnolog	left_flank	18	-0.075	0	5000	0.0	0.0
clust0009	clustered_cis_ohnolog	left_flank	19	-0.025	0	5000	0.0	0.0
clust0009	clustered_cis_ohnolog	body	20	0.025	0	1190	0.0	0.0
clust0009	clustered_cis_ohnolog	body	21	0.075	0	1190	0.0	0.0
clust0009	clustered_cis_ohnolog	body	22	0.125	0	1190	0.0	0.0
clust0009	clustered_cis_ohnolog	body	23	0.175	0	1190	0.0	0.0
clust0009	clustered_cis_ohnolog	body	24	0.225	0	1190	0.0	0.0
clust0009	clustered_cis_ohnolog	body	25	0.275	0	1190	0.0	0.0
clust0009	clustered_cis_ohnolog	body	26	0.325	0	1190	0.0	0.0
clust0009	clustered_cis_ohnolog	body	27	0.375	0	1190	0.0	0.0
clust0009	clustered_cis_ohnolog	body	28	0.425	0	1190	0.0	0.0
clust0009	clustered_cis_ohnolog	body	29	0.475	0	1190	0.0	0.0
clust0009	clustered_cis_ohnolog	body	30	0.525	0	1190	0.0	0.0
clust0009	clustered_cis_ohnolog	body	31	0.575	0	1190	0.0	0.0
clust0009	clustered_cis_ohnolog	body	32	0.625	0	1190	0.0	0.0
clust0009	clustered_cis_ohnolog	body	33	0.675	0	1190	0.0	0.0
clust0009	clustered_cis_ohnolog	body	34	0.725	0	1190	0.0	0.0
clust0009	clustered_cis_ohnolog	body	35	0.775	0	1190	0.0	0.0
clust0009	clustered_cis_ohnolog	body	36	0.825	0	1190	0.0	0.0
clust0009	clustered_cis_ohnolog	body	37	0.875	0	1190	0.0	0.0
clust0009	clustered_cis_ohnolog	body	38	0.925	0	1190	0.0	0.0
clust0009	clustered_cis_ohnolog	body	39	0.975	0	1191	0.0	0.0
clust0009	clustered_cis_ohnolog	right_flank	40	1.025	0	5000	0.0	0.0
clust0009	clustered_cis_ohnolog	right_flank	41	1.075	0	5000	0.0	0.0
clust0009	clustered_cis_ohnolog	right_flank	42	1.125	0	5000	0.0	0.0
clust0009	clustered_cis_ohnolog	right_flank	43	1.175	0	5000	0.0	0.0
clust0009	clustered_cis_ohnolog	right_flank	44	1.225	0	5000	0.0	0.0
clust0009	clustered_cis_ohnolog	right_flank	45	1.275	0	5000	0.0	0.0
clust0009	clustered_cis_ohnolog	right_flank	46	1.325	0	5000	0.0	0.0
clust0009	clustered_cis_ohnolog	right_flank	47	1.375	0	5000	0.0	0.0
clust0009	clustered_cis_ohnolog	right_flank	48	1.425	0	5000	0.0	0.0
clust0009	clustered_cis_ohnolog	right_flank	49	1.475	0	5000	0.0	0.0
clust0009	clustered_cis_ohnolog	right_flank	50	1.525	0	5000	0.0	0.0
clust0009	clustered_cis_ohnolog	right_flank	51	1.575	0	5000	0.0	0.0
clust0009	clustered_cis_ohnolog	right_flank	52	1.625	0	5000	0.0	0.0
clust0009	clustered_cis_ohnolog	right_flank	53	1.675	0	5000	0.0	0.0
clust0009	clustered_cis_ohnolog	right_flank	54	1.725	0	5000	0.0	0.0
clust0009	clustered_cis_ohnolog	right_flank	55	1.775	0	5000	0.0	0.0
clust0009	clustered_cis_ohnolog	right_flank	56	1.825	0	5000	0.0	0.0
clust0009	clustered_cis_ohnolog	right_flank	57	1.875	0	5000	0.0	0.0
clust0009	clustered_cis_ohnolog	right_flank	58	1.925	0	5000	0.0	0.0
clust0009	clustered_cis_ohnolog	right_flank	59	1.975	0	5000	0.0	0.0
clust0044	clustered_cis_ohnolog	left_flank	0	-0.975	0	5000	0.0	0.0
clust0044	clustered_cis_ohnolog	left_flank	1	-0.925	0	5000	0.0	0.0
clust0044	clustered_cis_ohnolog	left_flank	2	-0.875	0	5000	0.0	0.0
clust0044	clustered_cis_ohnolog	left_flank	3	-0.825	0	5000	0.0	0.0
clust0044	clustered_cis_ohnolog	left_flank	4	-0.775	0	5000	0.0	0.0
clust0044	clustered_cis_ohnolog	left_flank	5	-0.725	0	5000	0.0	0.0
clust0044	clustered_cis_ohnolog	left_flank	6	-0.675	0	5000	0.0	0.0
clust0044	clustered_cis_ohnolog	left_flank	7	-0.625	0	5000	0.0	0.0
clust0044	clustered_cis_ohnolog	left_flank	8	-0.575	0	5000	0.0	0.0
clust0044	clustered_cis_ohnolog	left_flank	9	-0.525	0	5000	0.0	0.0
clust0044	clustered_cis_ohnolog	left_flank	10	-0.475	0	5000	0.0	0.0
clust0044	clustered_cis_ohnolog	left_flank	11	-0.425	0	5000	0.0	0.0
clust0044	clustered_cis_ohnolog	left_flank	12	-0.375	0	5000	0.0	0.0
clust0044	clustered_cis_ohnolog	left_flank	13	-0.325	0	5000	0.0	0.0
clust0044	clustered_cis_ohnolog	left_flank	14	-0.275	0	5000	0.0	0.0
clust0044	clustered_cis_ohnolog	left_flank	15	-0.225	0	5000	0.0	0.0
clust0044	clustered_cis_ohnolog	left_flank	16	-0.175	0	5000	0.0	0.0
clust0044	clustered_cis_ohnolog	left_flank	17	-0.125	0	5000	0.0	0.0
clust0044	clustered_cis_ohnolog	left_flank	18	-0.075	0	5000	0.0	0.0
clust0044	clustered_cis_ohnolog	left_flank	19	-0.025	0	5000	0.0	0.0
clust0044	clustered_cis_ohnolog	body	20	0.025	0	3311	0.0	0.0
clust0044	clustered_cis_ohnolog	body	21	0.075	0	3311	0.0	0.0
clust0044	clustered_cis_ohnolog	body	22	0.125	0	3311	0.0	0.0
clust0044	clustered_cis_ohnolog	body	23	0.175	0	3311	0.0	0.0
clust0044	clustered_cis_ohnolog	body	24	0.225	0	3311	0.0	0.0
clust0044	clustered_cis_ohnolog	body	25	0.275	0	3311	0.0	0.0
clust0044	clustered_cis_ohnolog	body	26	0.325	0	3311	0.0	0.0
clust0044	clustered_cis_ohnolog	body	27	0.375	0	3311	0.0	0.0
clust0044	clustered_cis_ohnolog	body	28	0.425	0	3311	0.0	0.0
clust0044	clustered_cis_ohnolog	body	29	0.475	0	3312	0.0	0.0
clust0044	clustered_cis_ohnolog	body	30	0.525	0	3311	0.0	0.0
clust0044	clustered_cis_ohnolog	body	31	0.575	0	3311	0.0	0.0
clust0044	clustered_cis_ohnolog	body	32	0.625	0	3311	0.0	0.0
clust0044	clustered_cis_ohnolog	body	33	0.675	0	3311	0.0	0.0
clust0044	clustered_cis_ohnolog	body	34	0.725	0	3311	0.0	0.0
clust0044	clustered_cis_ohnolog	body	35	0.775	0	3311	0.0	0.0
clust0044	clustered_cis_ohnolog	body	36	0.825	0	3311	0.0	0.0
clust0044	clustered_cis_ohnolog	body	37	0.875	0	3311	0.0	0.0
clust0044	clustered_cis_ohnolog	body	38	0.925	0	3311	0.0	0.0
clust0044	clustered_cis_ohnolog	body	39	0.975	0	3312	0.0	0.0
clust0044	clustered_cis_ohnolog	right_flank	40	1.025	0	5000	0.0	0.0
clust0044	clustered_cis_ohnolog	right_flank	41	1.075	0	5000	0.0	0.0
clust0044	clustered_cis_ohnolog	right_flank	42	1.125	0	5000	0.0	0.0
clust0044	clustered_cis_ohnolog	right_flank	43	1.175	0	5000	0.0	0.0
clust0044	clustered_cis_ohnolog	right_flank	44	1.225	0	5000	0.0	0.0
clust0044	clustered_cis_ohnolog	right_flank	45	1.275	0	5000	0.0	0.0
clust0044	clustered_cis_ohnolog	right_flank	46	1.325	0	5000	0.0	0.0
clust0044	clustered_cis_ohnolog	right_flank	47	1.375	0	5000	0.0	0.0
clust0044	clustered_cis_ohnolog	right_flank	48	1.425	0	5000	0.0	0.0
clust0044	clustered_cis_ohnolog	right_flank	49	1.475	0	5000	0.0	0.0
clust0044	clustered_cis_ohnolog	right_flank	50	1.525	0	5000	0.0	0.0
clust0044	clustered_cis_ohnolog	right_flank	51	1.575	0	5000	0.0	0.0
clust0044	clustered_cis_ohnolog	right_flank	52	1.625	0	5000	0.0	0.0
clust0044	clustered_cis_ohnolog	right_flank	53	1.675	0	5000	0.0	0.0
clust0044	clustered_cis_ohnolog	right_flank	54	1.725	0	5000	0.0	0.0
clust0044	clustered_cis_ohnolog	right_flank	55	1.775	0	5000	0.0	0.0
clust0044	clustered_cis_ohnolog	right_flank	56	1.825	0	5000	0.0	0.0
clust0044	clustered_cis_ohnolog	right_flank	57	1.875	0	5000	0.0	0.0
clust0044	clustered_cis_ohnolog	right_flank	58	1.925	0	5000	0.0	0.0
clust0044	clustered_cis_ohnolog	right_flank	59	1.975	0	5000	0.0	0.0
clust0045	clustered_cis_ohnolog	left_flank	0	-0.975	0	5000	0.0	0.0
clust0045	clustered_cis_ohnolog	left_flank	1	-0.925	0	5000	0.0	0.0
clust0045	clustered_cis_ohnolog	left_flank	2	-0.875	0	5000	0.0	0.0
clust0045	clustered_cis_ohnolog	left_flank	3	-0.825	0	5000	0.0	0.0
clust0045	clustered_cis_ohnolog	left_flank	4	-0.775	0	5000	0.0	0.0
clust0045	clustered_cis_ohnolog	left_flank	5	-0.725	0	5000	0.0	0.0
clust0045	clustered_cis_ohnolog	left_flank	6	-0.675	0	5000	0.0	0.0
clust0045	clustered_cis_ohnolog	left_flank	7	-0.625	0	5000	0.0	0.0
clust0045	clustered_cis_ohnolog	left_flank	8	-0.575	0	5000	0.0	0.0
clust0045	clustered_cis_ohnolog	left_flank	9	-0.525	0	5000	0.0	0.0
clust0045	clustered_cis_ohnolog	left_flank	10	-0.475	0	5000	0.0	0.0
clust0045	clustered_cis_ohnolog	left_flank	11	-0.425	0	5000	0.0	0.0
clust0045	clustered_cis_ohnolog	left_flank	12	-0.375	0	5000	0.0	0.0
clust0045	clustered_cis_ohnolog	left_flank	13	-0.325	0	5000	0.0	0.0
clust0045	clustered_cis_ohnolog	left_flank	14	-0.275	0	5000	0.0	0.0
clust0045	clustered_cis_ohnolog	left_flank	15	-0.225	0	5000	0.0	0.0
clust0045	clustered_cis_ohnolog	left_flank	16	-0.175	0	5000	0.0	0.0
clust0045	clustered_cis_ohnolog	left_flank	17	-0.125	0	5000	0.0	0.0
clust0045	clustered_cis_ohnolog	left_flank	18	-0.075	0	5000	0.0	0.0
clust0045	clustered_cis_ohnolog	left_flank	19	-0.025	0	5000	0.0	0.0
clust0045	clustered_cis_ohnolog	body	20	0.025	0	10760	0.0	0.0
clust0045	clustered_cis_ohnolog	body	21	0.075	0	10760	0.0	0.0
clust0045	clustered_cis_ohnolog	body	22	0.125	0	10760	0.0	0.0
clust0045	clustered_cis_ohnolog	body	23	0.175	0	10761	0.0	0.0
clust0045	clustered_cis_ohnolog	body	24	0.225	0	10760	0.0	0.0
clust0045	clustered_cis_ohnolog	body	25	0.275	0	10760	0.0	0.0
clust0045	clustered_cis_ohnolog	body	26	0.325	0	10760	0.0	0.0
clust0045	clustered_cis_ohnolog	body	27	0.375	0	10761	0.0	0.0
clust0045	clustered_cis_ohnolog	body	28	0.425	0	10760	0.0	0.0
clust0045	clustered_cis_ohnolog	body	29	0.475	0	10760	0.0	0.0
clust0045	clustered_cis_ohnolog	body	30	0.525	0	10760	0.0	0.0
clust0045	clustered_cis_ohnolog	body	31	0.575	0	10761	0.0	0.0
clust0045	clustered_cis_ohnolog	body	32	0.625	0	10760	0.0	0.0
clust0045	clustered_cis_ohnolog	body	33	0.675	0	10760	0.0	0.0
clust0045	clustered_cis_ohnolog	body	34	0.725	0	10760	0.0	0.0
clust0045	clustered_cis_ohnolog	body	35	0.775	0	10761	0.0	0.0
clust0045	clustered_cis_ohnolog	body	36	0.825	0	10760	0.0	0.0
clust0045	clustered_cis_ohnolog	body	37	0.875	0	10760	0.0	0.0
clust0045	clustered_cis_ohnolog	body	38	0.925	0	10760	0.0	0.0
clust0045	clustered_cis_ohnolog	body	39	0.975	0	10761	0.0	0.0
clust0045	clustered_cis_ohnolog	right_flank	40	1.025	0	5000	0.0	0.0
clust0045	clustered_cis_ohnolog	right_flank	41	1.075	0	5000	0.0	0.0
clust0045	clustered_cis_ohnolog	right_flank	42	1.125	2	5000	0.2572	0.4
clust0045	clustered_cis_ohnolog	right_flank	43	1.175	0	5000	0.0	0.0
clust0045	clustered_cis_ohnolog	right_flank	44	1.225	0	5000	0.0	0.0
clust0045	clustered_cis_ohnolog	right_flank	45	1.275	1	5000	0.077	0.2
clust0045	clustered_cis_ohnolog	right_flank	46	1.325	0	5000	0.0	0.0
clust0045	clustered_cis_ohnolog	right_flank	47	1.375	0	5000	0.0	0.0
clust0045	clustered_cis_ohnolog	right_flank	48	1.425	0	5000	0.0	0.0
clust0045	clustered_cis_ohnolog	right_flank	49	1.475	0	5000	0.0	0.0
clust0045	clustered_cis_ohnolog	right_flank	50	1.525	0	5000	0.0	0.0
clust0045	clustered_cis_ohnolog	right_flank	51	1.575	0	5000	0.0	0.0
clust0045	clustered_cis_ohnolog	right_flank	52	1.625	0	5000	0.0	0.0
clust0045	clustered_cis_ohnolog	right_flank	53	1.675	0	5000	0.0	0.0
clust0045	clustered_cis_ohnolog	right_flank	54	1.725	0	5000	0.0	0.0
clust0045	clustered_cis_ohnolog	right_flank	55	1.775	0	5000	0.0	0.0
clust0045	clustered_cis_ohnolog	right_flank	56	1.825	0	5000	0.0	0.0
clust0045	clustered_cis_ohnolog	right_flank	57	1.875	0	5000	0.0	0.0
clust0045	clustered_cis_ohnolog	right_flank	58	1.925	0	5000	0.0	0.0
clust0045	clustered_cis_ohnolog	right_flank	59	1.975	0	5000	0.0	0.0
clust0077	clustered_cis_ohnolog	left_flank	0	-0.975	0	5000	0.0	0.0
clust0077	clustered_cis_ohnolog	left_flank	1	-0.925	0	5000	0.0	0.0
clust0077	clustered_cis_ohnolog	left_flank	2	-0.875	0	5000	0.0	0.0
clust0077	clustered_cis_ohnolog	left_flank	3	-0.825	0	5000	0.0	0.0
clust0077	clustered_cis_ohnolog	left_flank	4	-0.775	0	5000	0.0	0.0
clust0077	clustered_cis_ohnolog	left_flank	5	-0.725	0	5000	0.0	0.0
clust0077	clustered_cis_ohnolog	left_flank	6	-0.675	0	5000	0.0	0.0
clust0077	clustered_cis_ohnolog	left_flank	7	-0.625	0	5000	0.0	0.0
clust0077	clustered_cis_ohnolog	left_flank	8	-0.575	0	5000	0.0	0.0
clust0077	clustered_cis_ohnolog	left_flank	9	-0.525	0	5000	0.0	0.0
clust0077	clustered_cis_ohnolog	left_flank	10	-0.475	1	5000	0.0832	0.2
clust0077	clustered_cis_ohnolog	left_flank	11	-0.425	0	5000	0.0	0.0
clust0077	clustered_cis_ohnolog	left_flank	12	-0.375	0	5000	0.0	0.0
clust0077	clustered_cis_ohnolog	left_flank	13	-0.325	1	5000	0.0746	0.2
clust0077	clustered_cis_ohnolog	left_flank	14	-0.275	1	5000	0.1098	0.2
clust0077	clustered_cis_ohnolog	left_flank	15	-0.225	0	5000	0.0016	0.0
clust0077	clustered_cis_ohnolog	left_flank	16	-0.175	1	5000	0.1432	0.2
clust0077	clustered_cis_ohnolog	left_flank	17	-0.125	0	5000	0.0	0.0
clust0077	clustered_cis_ohnolog	left_flank	18	-0.075	0	5000	0.0	0.0
clust0077	clustered_cis_ohnolog	left_flank	19	-0.025	2	5000	0.2616	0.4
clust0077	clustered_cis_ohnolog	body	20	0.025	0	13408	0.043258	0.0
clust0077	clustered_cis_ohnolog	body	21	0.075	2	13408	0.066975	0.149165
clust0077	clustered_cis_ohnolog	body	22	0.125	0	13409	0.0	0.0
clust0077	clustered_cis_ohnolog	body	23	0.175	0	13408	0.0	0.0
clust0077	clustered_cis_ohnolog	body	24	0.225	3	13408	0.201149	0.223747
clust0077	clustered_cis_ohnolog	body	25	0.275	0	13409	0.0	0.0
clust0077	clustered_cis_ohnolog	body	26	0.325	0	13408	0.0	0.0
clust0077	clustered_cis_ohnolog	body	27	0.375	0	13408	0.0	0.0
clust0077	clustered_cis_ohnolog	body	28	0.425	0	13409	0.0	0.0
clust0077	clustered_cis_ohnolog	body	29	0.475	0	13408	0.0	0.0
clust0077	clustered_cis_ohnolog	body	30	0.525	0	13408	0.0	0.0
clust0077	clustered_cis_ohnolog	body	31	0.575	0	13409	0.0	0.0
clust0077	clustered_cis_ohnolog	body	32	0.625	0	13408	0.0	0.0
clust0077	clustered_cis_ohnolog	body	33	0.675	0	13408	0.0	0.0
clust0077	clustered_cis_ohnolog	body	34	0.725	0	13409	0.0	0.0
clust0077	clustered_cis_ohnolog	body	35	0.775	2	13408	0.078013	0.149165
clust0077	clustered_cis_ohnolog	body	36	0.825	0	13408	0.0	0.0
clust0077	clustered_cis_ohnolog	body	37	0.875	2	13409	0.057424	0.149154
clust0077	clustered_cis_ohnolog	body	38	0.925	4	13408	0.186754	0.298329
clust0077	clustered_cis_ohnolog	body	39	0.975	6	13409	0.732642	0.447461
clust0077	clustered_cis_ohnolog	right_flank	40	1.025	0	5000	0.0	0.0
clust0077	clustered_cis_ohnolog	right_flank	41	1.075	0	5000	0.0	0.0
clust0077	clustered_cis_ohnolog	right_flank	42	1.125	0	5000	0.0	0.0
clust0077	clustered_cis_ohnolog	right_flank	43	1.175	1	5000	0.0938	0.2
clust0077	clustered_cis_ohnolog	right_flank	44	1.225	0	5000	0.0	0.0
clust0077	clustered_cis_ohnolog	right_flank	45	1.275	0	5000	0.0	0.0
clust0077	clustered_cis_ohnolog	right_flank	46	1.325	4	5000	1.0168	0.8
clust0077	clustered_cis_ohnolog	right_flank	47	1.375	0	5000	0.0	0.0
clust0077	clustered_cis_ohnolog	right_flank	48	1.425	0	5000	0.0	0.0
clust0077	clustered_cis_ohnolog	right_flank	49	1.475	0	5000	0.0	0.0
clust0077	clustered_cis_ohnolog	right_flank	50	1.525	0	5000	0.0	0.0
clust0077	clustered_cis_ohnolog	right_flank	51	1.575	0	5000	0.0	0.0
clust0077	clustered_cis_ohnolog	right_flank	52	1.625	0	5000	0.0	0.0
clust0077	clustered_cis_ohnolog	right_flank	53	1.675	0	5000	0.0	0.0
clust0077	clustered_cis_ohnolog	right_flank	54	1.725	0	5000	0.0	0.0
clust0077	clustered_cis_ohnolog	right_flank	55	1.775	0	5000	0.0	0.0
clust0077	clustered_cis_ohnolog	right_flank	56	1.825	0	5000	0.0	0.0
clust0077	clustered_cis_ohnolog	right_flank	57	1.875	0	5000	0.0	0.0
clust0077	clustered_cis_ohnolog	right_flank	58	1.925	0	5000	0.0	0.0
clust0077	clustered_cis_ohnolog	right_flank	59	1.975	0	5000	0.0	0.0
clust0046	clustered_cis_ohnolog	left_flank	0	-0.975	0	5000	0.0	0.0
clust0046	clustered_cis_ohnolog	left_flank	1	-0.925	0	5000	0.0	0.0
clust0046	clustered_cis_ohnolog	left_flank	2	-0.875	0	5000	0.0	0.0
clust0046	clustered_cis_ohnolog	left_flank	3	-0.825	0	5000	0.0	0.0
clust0046	clustered_cis_ohnolog	left_flank	4	-0.775	0	5000	0.0	0.0
clust0046	clustered_cis_ohnolog	left_flank	5	-0.725	0	5000	0.0	0.0
clust0046	clustered_cis_ohnolog	left_flank	6	-0.675	0	5000	0.0	0.0
clust0046	clustered_cis_ohnolog	left_flank	7	-0.625	0	5000	0.0	0.0
clust0046	clustered_cis_ohnolog	left_flank	8	-0.575	0	5000	0.0	0.0
clust0046	clustered_cis_ohnolog	left_flank	9	-0.525	0	5000	0.0	0.0
clust0046	clustered_cis_ohnolog	left_flank	10	-0.475	0	5000	0.0	0.0
clust0046	clustered_cis_ohnolog	left_flank	11	-0.425	0	5000	0.0	0.0
clust0046	clustered_cis_ohnolog	left_flank	12	-0.375	0	5000	0.0	0.0
clust0046	clustered_cis_ohnolog	left_flank	13	-0.325	0	5000	0.0	0.0
clust0046	clustered_cis_ohnolog	left_flank	14	-0.275	0	5000	0.0	0.0
clust0046	clustered_cis_ohnolog	left_flank	15	-0.225	0	5000	0.0	0.0
clust0046	clustered_cis_ohnolog	left_flank	16	-0.175	0	5000	0.0	0.0
clust0046	clustered_cis_ohnolog	left_flank	17	-0.125	0	5000	0.0	0.0
clust0046	clustered_cis_ohnolog	left_flank	18	-0.075	0	5000	0.0	0.0
clust0046	clustered_cis_ohnolog	left_flank	19	-0.025	0	5000	0.0	0.0
clust0046	clustered_cis_ohnolog	body	20	0.025	0	52372	0.0	0.0
clust0046	clustered_cis_ohnolog	body	21	0.075	0	52373	0.0	0.0
clust0046	clustered_cis_ohnolog	body	22	0.125	0	52372	0.0	0.0
clust0046	clustered_cis_ohnolog	body	23	0.175	0	52373	0.0	0.0
clust0046	clustered_cis_ohnolog	body	24	0.225	0	52373	0.0	0.0
clust0046	clustered_cis_ohnolog	body	25	0.275	0	52372	0.0	0.0
clust0046	clustered_cis_ohnolog	body	26	0.325	0	52373	0.0	0.0
clust0046	clustered_cis_ohnolog	body	27	0.375	0	52372	0.0	0.0
clust0046	clustered_cis_ohnolog	body	28	0.425	0	52373	0.0	0.0
clust0046	clustered_cis_ohnolog	body	29	0.475	0	52373	0.0	0.0
clust0046	clustered_cis_ohnolog	body	30	0.525	0	52372	0.0	0.0
clust0046	clustered_cis_ohnolog	body	31	0.575	0	52373	0.0	0.0
clust0046	clustered_cis_ohnolog	body	32	0.625	2	52372	0.028107	0.038188
clust0046	clustered_cis_ohnolog	body	33	0.675	0	52373	0.0	0.0
clust0046	clustered_cis_ohnolog	body	34	0.725	0	52373	0.0	0.0
clust0046	clustered_cis_ohnolog	body	35	0.775	0	52372	0.0	0.0
clust0046	clustered_cis_ohnolog	body	36	0.825	0	52373	0.0	0.0
clust0046	clustered_cis_ohnolog	body	37	0.875	0	52372	0.0	0.0
clust0046	clustered_cis_ohnolog	body	38	0.925	0	52373	0.0	0.0
clust0046	clustered_cis_ohnolog	body	39	0.975	0	52373	0.0	0.0
clust0046	clustered_cis_ohnolog	right_flank	40	1.025	0	5000	0.0	0.0
clust0046	clustered_cis_ohnolog	right_flank	41	1.075	0	5000	0.0	0.0
clust0046	clustered_cis_ohnolog	right_flank	42	1.125	0	5000	0.0	0.0
clust0046	clustered_cis_ohnolog	right_flank	43	1.175	0	5000	0.0	0.0
clust0046	clustered_cis_ohnolog	right_flank	44	1.225	0	5000	0.0	0.0
clust0046	clustered_cis_ohnolog	right_flank	45	1.275	0	5000	0.0	0.0
clust0046	clustered_cis_ohnolog	right_flank	46	1.325	0	5000	0.0	0.0
clust0046	clustered_cis_ohnolog	right_flank	47	1.375	0	5000	0.0	0.0
clust0046	clustered_cis_ohnolog	right_flank	48	1.425	0	5000	0.0	0.0
clust0046	clustered_cis_ohnolog	right_flank	49	1.475	0	5000	0.0	0.0
clust0046	clustered_cis_ohnolog	right_flank	50	1.525	0	5000	0.0	0.0
clust0046	clustered_cis_ohnolog	right_flank	51	1.575	0	5000	0.0	0.0
clust0046	clustered_cis_ohnolog	right_flank	52	1.625	0	5000	0.0	0.0
clust0046	clustered_cis_ohnolog	right_flank	53	1.675	0	5000	0.0	0.0
clust0046	clustered_cis_ohnolog	right_flank	54	1.725	0	5000	0.0	0.0
clust0046	clustered_cis_ohnolog	right_flank	55	1.775	0	5000	0.0	0.0
clust0046	clustered_cis_ohnolog	right_flank	56	1.825	0	5000	0.0	0.0
clust0046	clustered_cis_ohnolog	right_flank	57	1.875	0	5000	0.0	0.0
clust0046	clustered_cis_ohnolog	right_flank	58	1.925	0	5000	0.0	0.0
clust0046	clustered_cis_ohnolog	right_flank	59	1.975	0	5000	0.0	0.0
clust0012	clustered_cis_ohnolog	left_flank	0	-0.975	0	5000	0.0	0.0
clust0012	clustered_cis_ohnolog	left_flank	1	-0.925	0	5000	0.0	0.0
clust0012	clustered_cis_ohnolog	left_flank	2	-0.875	0	5000	0.0	0.0
clust0012	clustered_cis_ohnolog	left_flank	3	-0.825	0	5000	0.0	0.0
clust0012	clustered_cis_ohnolog	left_flank	4	-0.775	0	5000	0.0	0.0
clust0012	clustered_cis_ohnolog	left_flank	5	-0.725	0	5000	0.0	0.0
clust0012	clustered_cis_ohnolog	left_flank	6	-0.675	0	5000	0.0	0.0
clust0012	clustered_cis_ohnolog	left_flank	7	-0.625	0	5000	0.0	0.0
clust0012	clustered_cis_ohnolog	left_flank	8	-0.575	0	5000	0.0	0.0
clust0012	clustered_cis_ohnolog	left_flank	9	-0.525	0	5000	0.0	0.0
clust0012	clustered_cis_ohnolog	left_flank	10	-0.475	0	5000	0.0	0.0
clust0012	clustered_cis_ohnolog	left_flank	11	-0.425	0	5000	0.0	0.0
clust0012	clustered_cis_ohnolog	left_flank	12	-0.375	0	5000	0.0	0.0
clust0012	clustered_cis_ohnolog	left_flank	13	-0.325	0	5000	0.0	0.0
clust0012	clustered_cis_ohnolog	left_flank	14	-0.275	0	5000	0.0	0.0
clust0012	clustered_cis_ohnolog	left_flank	15	-0.225	0	5000	0.0	0.0
clust0012	clustered_cis_ohnolog	left_flank	16	-0.175	0	5000	0.0	0.0
clust0012	clustered_cis_ohnolog	left_flank	17	-0.125	0	5000	0.0	0.0
clust0012	clustered_cis_ohnolog	left_flank	18	-0.075	0	5000	0.0	0.0
clust0012	clustered_cis_ohnolog	left_flank	19	-0.025	0	5000	0.0	0.0
clust0012	clustered_cis_ohnolog	body	20	0.025	0	7703	0.0	0.0
clust0012	clustered_cis_ohnolog	body	21	0.075	0	7704	0.0	0.0
clust0012	clustered_cis_ohnolog	body	22	0.125	0	7703	0.0	0.0
clust0012	clustered_cis_ohnolog	body	23	0.175	0	7704	0.0	0.0
clust0012	clustered_cis_ohnolog	body	24	0.225	0	7704	0.0	0.0
clust0012	clustered_cis_ohnolog	body	25	0.275	0	7703	0.0	0.0
clust0012	clustered_cis_ohnolog	body	26	0.325	3	7704	0.32204	0.389408
clust0012	clustered_cis_ohnolog	body	27	0.375	2	7703	0.144879	0.259639
clust0012	clustered_cis_ohnolog	body	28	0.425	0	7704	0.0	0.0
clust0012	clustered_cis_ohnolog	body	29	0.475	3	7704	0.239486	0.389408
clust0012	clustered_cis_ohnolog	body	30	0.525	0	7703	0.0	0.0
clust0012	clustered_cis_ohnolog	body	31	0.575	1	7704	0.078271	0.129803
clust0012	clustered_cis_ohnolog	body	32	0.625	2	7703	0.140724	0.259639
clust0012	clustered_cis_ohnolog	body	33	0.675	0	7704	0.0	0.0
clust0012	clustered_cis_ohnolog	body	34	0.725	0	7704	0.0	0.0
clust0012	clustered_cis_ohnolog	body	35	0.775	1	7703	0.041023	0.12982
clust0012	clustered_cis_ohnolog	body	36	0.825	0	7704	0.0	0.0
clust0012	clustered_cis_ohnolog	body	37	0.875	0	7703	0.0	0.0
clust0012	clustered_cis_ohnolog	body	38	0.925	1	7704	0.039979	0.129803
clust0012	clustered_cis_ohnolog	body	39	0.975	3	7704	0.420561	0.389408
clust0012	clustered_cis_ohnolog	right_flank	40	1.025	0	5000	0.0	0.0
clust0012	clustered_cis_ohnolog	right_flank	41	1.075	0	5000	0.0	0.0
clust0012	clustered_cis_ohnolog	right_flank	42	1.125	2	5000	0.324	0.4
clust0012	clustered_cis_ohnolog	right_flank	43	1.175	0	5000	0.0	0.0
clust0012	clustered_cis_ohnolog	right_flank	44	1.225	0	5000	0.0318	0.0
clust0012	clustered_cis_ohnolog	right_flank	45	1.275	1	5000	0.0604	0.2
clust0012	clustered_cis_ohnolog	right_flank	46	1.325	4	5000	0.932	0.8
clust0012	clustered_cis_ohnolog	right_flank	47	1.375	0	5000	0.0	0.0
clust0012	clustered_cis_ohnolog	right_flank	48	1.425	0	5000	0.0	0.0
clust0012	clustered_cis_ohnolog	right_flank	49	1.475	0	5000	0.0	0.0
clust0012	clustered_cis_ohnolog	right_flank	50	1.525	3	5000	0.3828	0.6
clust0012	clustered_cis_ohnolog	right_flank	51	1.575	0	5000	0.0	0.0
clust0012	clustered_cis_ohnolog	right_flank	52	1.625	0	5000	0.0	0.0
clust0012	clustered_cis_ohnolog	right_flank	53	1.675	0	5000	0.0	0.0
clust0012	clustered_cis_ohnolog	right_flank	54	1.725	0	5000	0.0	0.0
clust0012	clustered_cis_ohnolog	right_flank	55	1.775	0	5000	0.0	0.0
clust0012	clustered_cis_ohnolog	right_flank	56	1.825	1	5000	0.1492	0.2
clust0012	clustered_cis_ohnolog	right_flank	57	1.875	0	5000	0.0	0.0
clust0012	clustered_cis_ohnolog	right_flank	58	1.925	0	5000	0.0	0.0
clust0012	clustered_cis_ohnolog	right_flank	59	1.975	4	5000	0.718	0.8
clust0057	clustered_cis_ohnolog	left_flank	0	-0.975	2	5000	0.1756	0.4
clust0057	clustered_cis_ohnolog	left_flank	1	-0.925	1	5000	0.0856	0.2
clust0057	clustered_cis_ohnolog	left_flank	2	-0.875	0	5000	0.0	0.0
clust0057	clustered_cis_ohnolog	left_flank	3	-0.825	0	5000	0.0	0.0
clust0057	clustered_cis_ohnolog	left_flank	4	-0.775	1	5000	0.1558	0.2
clust0057	clustered_cis_ohnolog	left_flank	5	-0.725	0	5000	0.0	0.0
clust0057	clustered_cis_ohnolog	left_flank	6	-0.675	0	5000	0.0	0.0
clust0057	clustered_cis_ohnolog	left_flank	7	-0.625	0	5000	0.0	0.0
clust0057	clustered_cis_ohnolog	left_flank	8	-0.575	0	5000	0.0	0.0
clust0057	clustered_cis_ohnolog	left_flank	9	-0.525	0	5000	0.0	0.0
clust0057	clustered_cis_ohnolog	left_flank	10	-0.475	0	5000	0.0	0.0
clust0057	clustered_cis_ohnolog	left_flank	11	-0.425	1	5000	0.0942	0.2
clust0057	clustered_cis_ohnolog	left_flank	12	-0.375	0	5000	0.0	0.0
clust0057	clustered_cis_ohnolog	left_flank	13	-0.325	2	5000	0.2348	0.4
clust0057	clustered_cis_ohnolog	left_flank	14	-0.275	0	5000	0.0	0.0
clust0057	clustered_cis_ohnolog	left_flank	15	-0.225	0	5000	0.0	0.0
clust0057	clustered_cis_ohnolog	left_flank	16	-0.175	0	5000	0.0	0.0
clust0057	clustered_cis_ohnolog	left_flank	17	-0.125	0	5000	0.0	0.0
clust0057	clustered_cis_ohnolog	left_flank	18	-0.075	0	5000	0.0	0.0
clust0057	clustered_cis_ohnolog	left_flank	19	-0.025	2	5000	0.2764	0.4
clust0057	clustered_cis_ohnolog	body	20	0.025	0	2114	0.0	0.0
clust0057	clustered_cis_ohnolog	body	21	0.075	0	2115	0.033097	0.0
clust0057	clustered_cis_ohnolog	body	22	0.125	2	2115	0.794326	0.945626
clust0057	clustered_cis_ohnolog	body	23	0.175	0	2115	0.0	0.0
clust0057	clustered_cis_ohnolog	body	24	0.225	0	2115	0.074232	0.0
clust0057	clustered_cis_ohnolog	body	25	0.275	1	2115	0.134279	0.472813
clust0057	clustered_cis_ohnolog	body	26	0.325	0	2115	0.0	0.0
clust0057	clustered_cis_ohnolog	body	27	0.375	0	2115	0.0	0.0
clust0057	clustered_cis_ohnolog	body	28	0.425	2	2115	0.575887	0.945626
clust0057	clustered_cis_ohnolog	body	29	0.475	0	2115	0.0	0.0
clust0057	clustered_cis_ohnolog	body	30	0.525	0	2115	0.0	0.0
clust0057	clustered_cis_ohnolog	body	31	0.575	0	2115	0.0	0.0
clust0057	clustered_cis_ohnolog	body	32	0.625	0	2115	0.0	0.0
clust0057	clustered_cis_ohnolog	body	33	0.675	0	2115	0.0	0.0
clust0057	clustered_cis_ohnolog	body	34	0.725	0	2115	0.0	0.0
clust0057	clustered_cis_ohnolog	body	35	0.775	0	2115	0.0	0.0
clust0057	clustered_cis_ohnolog	body	36	0.825	0	2115	0.0	0.0
clust0057	clustered_cis_ohnolog	body	37	0.875	1	2115	0.177305	0.472813
clust0057	clustered_cis_ohnolog	body	38	0.925	0	2115	0.081324	0.0
clust0057	clustered_cis_ohnolog	body	39	0.975	1	2115	0.341371	0.472813
clust0057	clustered_cis_ohnolog	right_flank	40	1.025	1	5000	0.0772	0.2
clust0057	clustered_cis_ohnolog	right_flank	41	1.075	2	5000	0.2228	0.4
clust0057	clustered_cis_ohnolog	right_flank	42	1.125	2	5000	0.1544	0.4
clust0057	clustered_cis_ohnolog	right_flank	43	1.175	0	5000	0.0	0.0
clust0057	clustered_cis_ohnolog	right_flank	44	1.225	5	5000	1.404	1.0
clust0057	clustered_cis_ohnolog	right_flank	45	1.275	0	5000	0.0	0.0
clust0057	clustered_cis_ohnolog	right_flank	46	1.325	0	5000	0.0	0.0
clust0057	clustered_cis_ohnolog	right_flank	47	1.375	3	5000	0.6104	0.6
clust0057	clustered_cis_ohnolog	right_flank	48	1.425	1	5000	0.248	0.2
clust0057	clustered_cis_ohnolog	right_flank	49	1.475	0	5000	0.0	0.0
clust0057	clustered_cis_ohnolog	right_flank	50	1.525	0	5000	0.0	0.0
clust0057	clustered_cis_ohnolog	right_flank	51	1.575	0	5000	0.0	0.0
clust0057	clustered_cis_ohnolog	right_flank	52	1.625	0	5000	0.0	0.0
clust0057	clustered_cis_ohnolog	right_flank	53	1.675	1	5000	0.0656	0.2
clust0057	clustered_cis_ohnolog	right_flank	54	1.725	0	5000	0.0	0.0
clust0057	clustered_cis_ohnolog	right_flank	55	1.775	3	5000	0.4194	0.6
clust0057	clustered_cis_ohnolog	right_flank	56	1.825	0	5000	0.0	0.0
clust0057	clustered_cis_ohnolog	right_flank	57	1.875	0	5000	0.0	0.0
clust0057	clustered_cis_ohnolog	right_flank	58	1.925	3	5000	0.4572	0.6
clust0057	clustered_cis_ohnolog	right_flank	59	1.975	0	5000	0.0	0.0
clust0067	clustered_cis_ohnolog	left_flank	0	-0.975	0	5000	0.0	0.0
clust0067	clustered_cis_ohnolog	left_flank	1	-0.925	1	5000	0.095	0.2
clust0067	clustered_cis_ohnolog	left_flank	2	-0.875	1	5000	0.1448	0.2
clust0067	clustered_cis_ohnolog	left_flank	3	-0.825	1	5000	0.0504	0.2
clust0067	clustered_cis_ohnolog	left_flank	4	-0.775	2	5000	0.1696	0.4
clust0067	clustered_cis_ohnolog	left_flank	5	-0.725	0	5000	0.0	0.0
clust0067	clustered_cis_ohnolog	left_flank	6	-0.675	1	5000	0.1458	0.2
clust0067	clustered_cis_ohnolog	left_flank	7	-0.625	0	5000	0.0	0.0
clust0067	clustered_cis_ohnolog	left_flank	8	-0.575	0	5000	0.0	0.0
clust0067	clustered_cis_ohnolog	left_flank	9	-0.525	0	5000	0.0	0.0
clust0067	clustered_cis_ohnolog	left_flank	10	-0.475	0	5000	0.0	0.0
clust0067	clustered_cis_ohnolog	left_flank	11	-0.425	1	5000	0.1004	0.2
clust0067	clustered_cis_ohnolog	left_flank	12	-0.375	0	5000	0.0	0.0
clust0067	clustered_cis_ohnolog	left_flank	13	-0.325	0	5000	0.0	0.0
clust0067	clustered_cis_ohnolog	left_flank	14	-0.275	0	5000	0.0	0.0
clust0067	clustered_cis_ohnolog	left_flank	15	-0.225	0	5000	0.0	0.0
clust0067	clustered_cis_ohnolog	left_flank	16	-0.175	2	5000	0.2864	0.4
clust0067	clustered_cis_ohnolog	left_flank	17	-0.125	1	5000	0.168	0.2
clust0067	clustered_cis_ohnolog	left_flank	18	-0.075	1	5000	0.0488	0.2
clust0067	clustered_cis_ohnolog	left_flank	19	-0.025	1	5000	0.2032	0.2
clust0067	clustered_cis_ohnolog	body	20	0.025	0	9469	0.0	0.0
clust0067	clustered_cis_ohnolog	body	21	0.075	0	9470	0.0	0.0
clust0067	clustered_cis_ohnolog	body	22	0.125	1	9469	0.067378	0.105608
clust0067	clustered_cis_ohnolog	body	23	0.175	0	9470	0.0	0.0
clust0067	clustered_cis_ohnolog	body	24	0.225	0	9470	0.0	0.0
clust0067	clustered_cis_ohnolog	body	25	0.275	1	9469	0.057662	0.105608
clust0067	clustered_cis_ohnolog	body	26	0.325	0	9470	0.0	0.0
clust0067	clustered_cis_ohnolog	body	27	0.375	1	9469	0.059668	0.105608
clust0067	clustered_cis_ohnolog	body	28	0.425	2	9470	0.184583	0.211193
clust0067	clustered_cis_ohnolog	body	29	0.475	5	9470	0.669483	0.527983
clust0067	clustered_cis_ohnolog	body	30	0.525	0	9469	0.0	0.0
clust0067	clustered_cis_ohnolog	body	31	0.575	3	9470	0.233157	0.31679
clust0067	clustered_cis_ohnolog	body	32	0.625	1	9469	0.119126	0.105608
clust0067	clustered_cis_ohnolog	body	33	0.675	2	9470	0.106019	0.211193
clust0067	clustered_cis_ohnolog	body	34	0.725	1	9470	0.046568	0.105597
clust0067	clustered_cis_ohnolog	body	35	0.775	1	9469	0.04351	0.105608
clust0067	clustered_cis_ohnolog	body	36	0.825	0	9470	0.0	0.0
clust0067	clustered_cis_ohnolog	body	37	0.875	1	9469	0.032422	0.105608
clust0067	clustered_cis_ohnolog	body	38	0.925	0	9470	0.0	0.0
clust0067	clustered_cis_ohnolog	body	39	0.975	0	9470	0.06188	0.0
clust0067	clustered_cis_ohnolog	right_flank	40	1.025	2	5000	0.302	0.4
clust0067	clustered_cis_ohnolog	right_flank	41	1.075	0	5000	0.0	0.0
clust0067	clustered_cis_ohnolog	right_flank	42	1.125	0	5000	0.0	0.0
clust0067	clustered_cis_ohnolog	right_flank	43	1.175	2	5000	0.1404	0.4
clust0067	clustered_cis_ohnolog	right_flank	44	1.225	0	5000	0.0	0.0
clust0067	clustered_cis_ohnolog	right_flank	45	1.275	1	5000	0.0952	0.2
clust0067	clustered_cis_ohnolog	right_flank	46	1.325	0	5000	0.0	0.0
clust0067	clustered_cis_ohnolog	right_flank	47	1.375	0	5000	0.0	0.0
clust0067	clustered_cis_ohnolog	right_flank	48	1.425	0	5000	0.0	0.0
clust0067	clustered_cis_ohnolog	right_flank	49	1.475	0	5000	0.0	0.0
clust0067	clustered_cis_ohnolog	right_flank	50	1.525	0	5000	0.0	0.0
clust0067	clustered_cis_ohnolog	right_flank	51	1.575	0	5000	0.0	0.0
clust0067	clustered_cis_ohnolog	right_flank	52	1.625	0	5000	0.0	0.0
clust0067	clustered_cis_ohnolog	right_flank	53	1.675	1	5000	0.0586	0.2
clust0067	clustered_cis_ohnolog	right_flank	54	1.725	1	5000	0.0946	0.2
clust0067	clustered_cis_ohnolog	right_flank	55	1.775	0	5000	0.0	0.0
clust0067	clustered_cis_ohnolog	right_flank	56	1.825	0	5000	0.0	0.0
clust0067	clustered_cis_ohnolog	right_flank	57	1.875	0	5000	0.0	0.0
clust0067	clustered_cis_ohnolog	right_flank	58	1.925	0	5000	0.0	0.0
clust0067	clustered_cis_ohnolog	right_flank	59	1.975	3	5000	0.2342	0.6
clust0013	clustered_cis_ohnolog	left_flank	0	-0.975	0	5000	0.0	0.0
clust0013	clustered_cis_ohnolog	left_flank	1	-0.925	0	5000	0.0	0.0
clust0013	clustered_cis_ohnolog	left_flank	2	-0.875	0	5000	0.0	0.0
clust0013	clustered_cis_ohnolog	left_flank	3	-0.825	0	5000	0.0	0.0
clust0013	clustered_cis_ohnolog	left_flank	4	-0.775	0	5000	0.0	0.0
clust0013	clustered_cis_ohnolog	left_flank	5	-0.725	0	5000	0.0	0.0
clust0013	clustered_cis_ohnolog	left_flank	6	-0.675	0	5000	0.0	0.0
clust0013	clustered_cis_ohnolog	left_flank	7	-0.625	0	5000	0.0	0.0
clust0013	clustered_cis_ohnolog	left_flank	8	-0.575	1	5000	0.076	0.2
clust0013	clustered_cis_ohnolog	left_flank	9	-0.525	1	5000	0.1668	0.2
clust0013	clustered_cis_ohnolog	left_flank	10	-0.475	0	5000	0.0	0.0
clust0013	clustered_cis_ohnolog	left_flank	11	-0.425	1	5000	0.1428	0.2
clust0013	clustered_cis_ohnolog	left_flank	12	-0.375	0	5000	0.0	0.0
clust0013	clustered_cis_ohnolog	left_flank	13	-0.325	0	5000	0.0	0.0
clust0013	clustered_cis_ohnolog	left_flank	14	-0.275	0	5000	0.0	0.0
clust0013	clustered_cis_ohnolog	left_flank	15	-0.225	2	5000	0.322	0.4
clust0013	clustered_cis_ohnolog	left_flank	16	-0.175	0	5000	0.0	0.0
clust0013	clustered_cis_ohnolog	left_flank	17	-0.125	2	5000	0.3576	0.4
clust0013	clustered_cis_ohnolog	left_flank	18	-0.075	0	5000	0.0	0.0
clust0013	clustered_cis_ohnolog	left_flank	19	-0.025	3	5000	0.322	0.6
clust0013	clustered_cis_ohnolog	body	20	0.025	0	4202	0.0	0.0
clust0013	clustered_cis_ohnolog	body	21	0.075	1	4202	0.10138	0.237982
clust0013	clustered_cis_ohnolog	body	22	0.125	0	4203	0.0	0.0
clust0013	clustered_cis_ohnolog	body	23	0.175	0	4202	0.0	0.0
clust0013	clustered_cis_ohnolog	body	24	0.225	0	4203	0.0	0.0
clust0013	clustered_cis_ohnolog	body	25	0.275	0	4202	0.0	0.0
clust0013	clustered_cis_ohnolog	body	26	0.325	0	4203	0.0	0.0
clust0013	clustered_cis_ohnolog	body	27	0.375	0	4202	0.0	0.0
clust0013	clustered_cis_ohnolog	body	28	0.425	0	4203	0.0	0.0
clust0013	clustered_cis_ohnolog	body	29	0.475	0	4202	0.0	0.0
clust0013	clustered_cis_ohnolog	body	30	0.525	1	4202	0.106616	0.237982
clust0013	clustered_cis_ohnolog	body	31	0.575	0	4203	0.0	0.0
clust0013	clustered_cis_ohnolog	body	32	0.625	2	4202	0.478344	0.475964
clust0013	clustered_cis_ohnolog	body	33	0.675	0	4203	0.0	0.0
clust0013	clustered_cis_ohnolog	body	34	0.725	0	4202	0.0	0.0
clust0013	clustered_cis_ohnolog	body	35	0.775	0	4203	0.0	0.0
clust0013	clustered_cis_ohnolog	body	36	0.825	0	4202	0.0	0.0
clust0013	clustered_cis_ohnolog	body	37	0.875	0	4203	0.0	0.0
clust0013	clustered_cis_ohnolog	body	38	0.925	0	4202	0.0	0.0
clust0013	clustered_cis_ohnolog	body	39	0.975	0	4203	0.0	0.0
clust0013	clustered_cis_ohnolog	right_flank	40	1.025	0	5000	0.0	0.0
clust0013	clustered_cis_ohnolog	right_flank	41	1.075	0	5000	0.0	0.0
clust0013	clustered_cis_ohnolog	right_flank	42	1.125	1	5000	0.1348	0.2
clust0013	clustered_cis_ohnolog	right_flank	43	1.175	1	5000	0.0504	0.2
clust0013	clustered_cis_ohnolog	right_flank	44	1.225	0	5000	0.0	0.0
clust0013	clustered_cis_ohnolog	right_flank	45	1.275	0	5000	0.0	0.0
clust0013	clustered_cis_ohnolog	right_flank	46	1.325	0	5000	0.0	0.0
clust0013	clustered_cis_ohnolog	right_flank	47	1.375	0	5000	0.0	0.0
clust0013	clustered_cis_ohnolog	right_flank	48	1.425	1	5000	0.1536	0.2
clust0013	clustered_cis_ohnolog	right_flank	49	1.475	0	5000	0.0	0.0
clust0013	clustered_cis_ohnolog	right_flank	50	1.525	0	5000	0.0	0.0
clust0013	clustered_cis_ohnolog	right_flank	51	1.575	0	5000	0.0	0.0
clust0013	clustered_cis_ohnolog	right_flank	52	1.625	0	5000	0.0	0.0
clust0013	clustered_cis_ohnolog	right_flank	53	1.675	0	5000	0.0	0.0
clust0013	clustered_cis_ohnolog	right_flank	54	1.725	0	5000	0.0	0.0
clust0013	clustered_cis_ohnolog	right_flank	55	1.775	0	5000	0.0	0.0
clust0013	clustered_cis_ohnolog	right_flank	56	1.825	2	5000	0.1582	0.4
clust0013	clustered_cis_ohnolog	right_flank	57	1.875	0	5000	0.0	0.0
clust0013	clustered_cis_ohnolog	right_flank	58	1.925	0	5000	0.0	0.0
clust0013	clustered_cis_ohnolog	right_flank	59	1.975	3	5000	0.5406	0.6
clust0047	clustered_cis_ohnolog	left_flank	0	-0.975	0	5000	0.0	0.0
clust0047	clustered_cis_ohnolog	left_flank	1	-0.925	0	5000	0.0	0.0
clust0047	clustered_cis_ohnolog	left_flank	2	-0.875	2	5000	0.1828	0.4
clust0047	clustered_cis_ohnolog	left_flank	3	-0.825	0	5000	0.0	0.0
clust0047	clustered_cis_ohnolog	left_flank	4	-0.775	0	5000	0.0	0.0
clust0047	clustered_cis_ohnolog	left_flank	5	-0.725	0	5000	0.0	0.0
clust0047	clustered_cis_ohnolog	left_flank	6	-0.675	0	5000	0.0	0.0
clust0047	clustered_cis_ohnolog	left_flank	7	-0.625	0	5000	0.0	0.0
clust0047	clustered_cis_ohnolog	left_flank	8	-0.575	0	5000	0.0	0.0
clust0047	clustered_cis_ohnolog	left_flank	9	-0.525	0	5000	0.0	0.0
clust0047	clustered_cis_ohnolog	left_flank	10	-0.475	0	5000	0.0	0.0
clust0047	clustered_cis_ohnolog	left_flank	11	-0.425	0	5000	0.0	0.0
clust0047	clustered_cis_ohnolog	left_flank	12	-0.375	0	5000	0.0	0.0
clust0047	clustered_cis_ohnolog	left_flank	13	-0.325	0	5000	0.0	0.0
clust0047	clustered_cis_ohnolog	left_flank	14	-0.275	0	5000	0.0	0.0
clust0047	clustered_cis_ohnolog	left_flank	15	-0.225	0	5000	0.0	0.0
clust0047	clustered_cis_ohnolog	left_flank	16	-0.175	1	5000	0.0618	0.2
clust0047	clustered_cis_ohnolog	left_flank	17	-0.125	0	5000	0.0	0.0
clust0047	clustered_cis_ohnolog	left_flank	18	-0.075	0	5000	0.0	0.0
clust0047	clustered_cis_ohnolog	left_flank	19	-0.025	0	5000	0.032	0.0
clust0047	clustered_cis_ohnolog	body	20	0.025	1	1331	0.193088	0.751315
clust0047	clustered_cis_ohnolog	body	21	0.075	0	1332	0.0	0.0
clust0047	clustered_cis_ohnolog	body	22	0.125	0	1332	0.0	0.0
clust0047	clustered_cis_ohnolog	body	23	0.175	0	1332	0.0	0.0
clust0047	clustered_cis_ohnolog	body	24	0.225	0	1332	0.0	0.0
clust0047	clustered_cis_ohnolog	body	25	0.275	0	1331	0.0	0.0
clust0047	clustered_cis_ohnolog	body	26	0.325	0	1332	0.0	0.0
clust0047	clustered_cis_ohnolog	body	27	0.375	0	1332	0.0	0.0
clust0047	clustered_cis_ohnolog	body	28	0.425	0	1332	0.0	0.0
clust0047	clustered_cis_ohnolog	body	29	0.475	0	1332	0.0	0.0
clust0047	clustered_cis_ohnolog	body	30	0.525	0	1331	0.0	0.0
clust0047	clustered_cis_ohnolog	body	31	0.575	0	1332	0.0	0.0
clust0047	clustered_cis_ohnolog	body	32	0.625	0	1332	0.0	0.0
clust0047	clustered_cis_ohnolog	body	33	0.675	0	1332	0.0	0.0
clust0047	clustered_cis_ohnolog	body	34	0.725	0	1332	0.0	0.0
clust0047	clustered_cis_ohnolog	body	35	0.775	0	1331	0.0	0.0
clust0047	clustered_cis_ohnolog	body	36	0.825	0	1332	0.0	0.0
clust0047	clustered_cis_ohnolog	body	37	0.875	0	1332	0.0	0.0
clust0047	clustered_cis_ohnolog	body	38	0.925	0	1332	0.0	0.0
clust0047	clustered_cis_ohnolog	body	39	0.975	0	1332	0.0	0.0
clust0047	clustered_cis_ohnolog	right_flank	40	1.025	1	5000	0.057	0.2
clust0047	clustered_cis_ohnolog	right_flank	41	1.075	0	5000	0.0	0.0
clust0047	clustered_cis_ohnolog	right_flank	42	1.125	0	5000	0.0	0.0
clust0047	clustered_cis_ohnolog	right_flank	43	1.175	0	5000	0.0	0.0
clust0047	clustered_cis_ohnolog	right_flank	44	1.225	0	5000	0.0	0.0
clust0047	clustered_cis_ohnolog	right_flank	45	1.275	0	5000	0.0	0.0
clust0047	clustered_cis_ohnolog	right_flank	46	1.325	0	5000	0.0	0.0
clust0047	clustered_cis_ohnolog	right_flank	47	1.375	0	5000	0.0	0.0
clust0047	clustered_cis_ohnolog	right_flank	48	1.425	0	5000	0.0	0.0
clust0047	clustered_cis_ohnolog	right_flank	49	1.475	0	5000	0.0	0.0
clust0047	clustered_cis_ohnolog	right_flank	50	1.525	0	5000	0.0	0.0
clust0047	clustered_cis_ohnolog	right_flank	51	1.575	1	5000	0.0576	0.2
clust0047	clustered_cis_ohnolog	right_flank	52	1.625	4	5000	0.9808	0.8
clust0047	clustered_cis_ohnolog	right_flank	53	1.675	0	5000	0.0	0.0
clust0047	clustered_cis_ohnolog	right_flank	54	1.725	0	5000	0.0	0.0
clust0047	clustered_cis_ohnolog	right_flank	55	1.775	0	5000	0.0	0.0
clust0047	clustered_cis_ohnolog	right_flank	56	1.825	0	5000	0.0	0.0
clust0047	clustered_cis_ohnolog	right_flank	57	1.875	0	5000	0.0	0.0
clust0047	clustered_cis_ohnolog	right_flank	58	1.925	2	5000	0.218	0.4
clust0047	clustered_cis_ohnolog	right_flank	59	1.975	4	5000	0.3276	0.8
clust0070	clustered_cis_ohnolog	left_flank	0	-0.975	0	5000	0.0	0.0
clust0070	clustered_cis_ohnolog	left_flank	1	-0.925	0	5000	0.0	0.0
clust0070	clustered_cis_ohnolog	left_flank	2	-0.875	0	5000	0.0	0.0
clust0070	clustered_cis_ohnolog	left_flank	3	-0.825	0	5000	0.0	0.0
clust0070	clustered_cis_ohnolog	left_flank	4	-0.775	0	5000	0.0	0.0
clust0070	clustered_cis_ohnolog	left_flank	5	-0.725	0	5000	0.0	0.0
clust0070	clustered_cis_ohnolog	left_flank	6	-0.675	0	5000	0.0	0.0
clust0070	clustered_cis_ohnolog	left_flank	7	-0.625	0	5000	0.0	0.0
clust0070	clustered_cis_ohnolog	left_flank	8	-0.575	0	5000	0.0	0.0
clust0070	clustered_cis_ohnolog	left_flank	9	-0.525	0	5000	0.0	0.0
clust0070	clustered_cis_ohnolog	left_flank	10	-0.475	0	5000	0.0	0.0
clust0070	clustered_cis_ohnolog	left_flank	11	-0.425	0	5000	0.0	0.0
clust0070	clustered_cis_ohnolog	left_flank	12	-0.375	0	5000	0.0	0.0
clust0070	clustered_cis_ohnolog	left_flank	13	-0.325	0	5000	0.0	0.0
clust0070	clustered_cis_ohnolog	left_flank	14	-0.275	0	5000	0.0	0.0
clust0070	clustered_cis_ohnolog	left_flank	15	-0.225	0	5000	0.0	0.0
clust0070	clustered_cis_ohnolog	left_flank	16	-0.175	0	5000	0.0	0.0
clust0070	clustered_cis_ohnolog	left_flank	17	-0.125	0	5000	0.0	0.0
clust0070	clustered_cis_ohnolog	left_flank	18	-0.075	0	5000	0.0	0.0
clust0070	clustered_cis_ohnolog	left_flank	19	-0.025	0	5000	0.0	0.0
clust0070	clustered_cis_ohnolog	body	20	0.025	0	4263	0.0	0.0
clust0070	clustered_cis_ohnolog	body	21	0.075	0	4263	0.0	0.0
clust0070	clustered_cis_ohnolog	body	22	0.125	2	4264	0.103424	0.469043
clust0070	clustered_cis_ohnolog	body	23	0.175	0	4263	0.048792	0.0
clust0070	clustered_cis_ohnolog	body	24	0.225	0	4263	0.0	0.0
clust0070	clustered_cis_ohnolog	body	25	0.275	0	4264	0.0	0.0
clust0070	clustered_cis_ohnolog	body	26	0.325	0	4263	0.0	0.0
clust0070	clustered_cis_ohnolog	body	27	0.375	0	4263	0.0	0.0
clust0070	clustered_cis_ohnolog	body	28	0.425	0	4264	0.0	0.0
clust0070	clustered_cis_ohnolog	body	29	0.475	0	4263	0.0	0.0
clust0070	clustered_cis_ohnolog	body	30	0.525	0	4263	0.0	0.0
clust0070	clustered_cis_ohnolog	body	31	0.575	0	4264	0.0	0.0
clust0070	clustered_cis_ohnolog	body	32	0.625	0	4263	0.0	0.0
clust0070	clustered_cis_ohnolog	body	33	0.675	0	4263	0.0	0.0
clust0070	clustered_cis_ohnolog	body	34	0.725	0	4264	0.0	0.0
clust0070	clustered_cis_ohnolog	body	35	0.775	0	4263	0.0	0.0
clust0070	clustered_cis_ohnolog	body	36	0.825	0	4263	0.0	0.0
clust0070	clustered_cis_ohnolog	body	37	0.875	0	4264	0.0	0.0
clust0070	clustered_cis_ohnolog	body	38	0.925	0	4263	0.0	0.0
clust0070	clustered_cis_ohnolog	body	39	0.975	0	4264	0.0	0.0
clust0070	clustered_cis_ohnolog	right_flank	40	1.025	0	5000	0.0	0.0
clust0070	clustered_cis_ohnolog	right_flank	41	1.075	0	5000	0.0	0.0
clust0070	clustered_cis_ohnolog	right_flank	42	1.125	0	5000	0.0	0.0
clust0070	clustered_cis_ohnolog	right_flank	43	1.175	0	5000	0.0	0.0
clust0070	clustered_cis_ohnolog	right_flank	44	1.225	0	5000	0.0	0.0
clust0070	clustered_cis_ohnolog	right_flank	45	1.275	0	5000	0.0	0.0
clust0070	clustered_cis_ohnolog	right_flank	46	1.325	0	5000	0.0	0.0
clust0070	clustered_cis_ohnolog	right_flank	47	1.375	0	5000	0.0	0.0
clust0070	clustered_cis_ohnolog	right_flank	48	1.425	0	5000	0.0	0.0
clust0070	clustered_cis_ohnolog	right_flank	49	1.475	0	5000	0.0	0.0
clust0070	clustered_cis_ohnolog	right_flank	50	1.525	0	5000	0.0	0.0
clust0070	clustered_cis_ohnolog	right_flank	51	1.575	0	5000	0.0	0.0
clust0070	clustered_cis_ohnolog	right_flank	52	1.625	0	5000	0.0	0.0
clust0070	clustered_cis_ohnolog	right_flank	53	1.675	0	5000	0.0	0.0
clust0070	clustered_cis_ohnolog	right_flank	54	1.725	0	5000	0.0	0.0
clust0070	clustered_cis_ohnolog	right_flank	55	1.775	0	5000	0.0	0.0
clust0070	clustered_cis_ohnolog	right_flank	56	1.825	0	5000	0.0	0.0
clust0070	clustered_cis_ohnolog	right_flank	57	1.875	0	5000	0.0	0.0
clust0070	clustered_cis_ohnolog	right_flank	58	1.925	0	5000	0.0	0.0
clust0070	clustered_cis_ohnolog	right_flank	59	1.975	0	5000	0.0	0.0
clust0056	clustered_cis_ohnolog	left_flank	0	-0.975	0	5000	0.0	0.0
clust0056	clustered_cis_ohnolog	left_flank	1	-0.925	0	5000	0.0	0.0
clust0056	clustered_cis_ohnolog	left_flank	2	-0.875	0	5000	0.0	0.0
clust0056	clustered_cis_ohnolog	left_flank	3	-0.825	2	5000	0.3512	0.4
clust0056	clustered_cis_ohnolog	left_flank	4	-0.775	0	5000	0.0	0.0
clust0056	clustered_cis_ohnolog	left_flank	5	-0.725	0	5000	0.0	0.0
clust0056	clustered_cis_ohnolog	left_flank	6	-0.675	0	5000	0.0	0.0
clust0056	clustered_cis_ohnolog	left_flank	7	-0.625	0	5000	0.0	0.0
clust0056	clustered_cis_ohnolog	left_flank	8	-0.575	0	5000	0.0	0.0
clust0056	clustered_cis_ohnolog	left_flank	9	-0.525	0	5000	0.0	0.0
clust0056	clustered_cis_ohnolog	left_flank	10	-0.475	0	5000	0.0	0.0
clust0056	clustered_cis_ohnolog	left_flank	11	-0.425	0	5000	0.0	0.0
clust0056	clustered_cis_ohnolog	left_flank	12	-0.375	0	5000	0.0	0.0
clust0056	clustered_cis_ohnolog	left_flank	13	-0.325	0	5000	0.0	0.0
clust0056	clustered_cis_ohnolog	left_flank	14	-0.275	0	5000	0.0	0.0
clust0056	clustered_cis_ohnolog	left_flank	15	-0.225	0	5000	0.0	0.0
clust0056	clustered_cis_ohnolog	left_flank	16	-0.175	0	5000	0.0	0.0
clust0056	clustered_cis_ohnolog	left_flank	17	-0.125	0	5000	0.0	0.0
clust0056	clustered_cis_ohnolog	left_flank	18	-0.075	2	5000	0.2168	0.4
clust0056	clustered_cis_ohnolog	left_flank	19	-0.025	0	5000	0.0	0.0
clust0056	clustered_cis_ohnolog	body	20	0.025	1	2329	0.1155	0.429369
clust0056	clustered_cis_ohnolog	body	21	0.075	0	2330	0.0	0.0
clust0056	clustered_cis_ohnolog	body	22	0.125	0	2329	0.0	0.0
clust0056	clustered_cis_ohnolog	body	23	0.175	0	2330	0.0	0.0
clust0056	clustered_cis_ohnolog	body	24	0.225	0	2329	0.0	0.0
clust0056	clustered_cis_ohnolog	body	25	0.275	0	2330	0.0	0.0
clust0056	clustered_cis_ohnolog	body	26	0.325	0	2329	0.0	0.0
clust0056	clustered_cis_ohnolog	body	27	0.375	0	2330	0.0	0.0
clust0056	clustered_cis_ohnolog	body	28	0.425	0	2329	0.0	0.0
clust0056	clustered_cis_ohnolog	body	29	0.475	0	2330	0.0	0.0
clust0056	clustered_cis_ohnolog	body	30	0.525	1	2330	0.19485	0.429185
clust0056	clustered_cis_ohnolog	body	31	0.575	0	2329	0.0	0.0
clust0056	clustered_cis_ohnolog	body	32	0.625	0	2330	0.0	0.0
clust0056	clustered_cis_ohnolog	body	33	0.675	0	2329	0.0	0.0
clust0056	clustered_cis_ohnolog	body	34	0.725	0	2330	0.0	0.0
clust0056	clustered_cis_ohnolog	body	35	0.775	0	2329	0.0	0.0
clust0056	clustered_cis_ohnolog	body	36	0.825	0	2330	0.0	0.0
clust0056	clustered_cis_ohnolog	body	37	0.875	1	2329	0.199227	0.429369
clust0056	clustered_cis_ohnolog	body	38	0.925	0	2330	0.0	0.0
clust0056	clustered_cis_ohnolog	body	39	0.975	0	2330	0.060515	0.0
clust0056	clustered_cis_ohnolog	right_flank	40	1.025	2	5000	0.14	0.4
clust0056	clustered_cis_ohnolog	right_flank	41	1.075	0	5000	0.0	0.0
clust0056	clustered_cis_ohnolog	right_flank	42	1.125	4	5000	0.6928	0.8
clust0056	clustered_cis_ohnolog	right_flank	43	1.175	0	5000	0.0	0.0
clust0056	clustered_cis_ohnolog	right_flank	44	1.225	0	5000	0.0	0.0
clust0056	clustered_cis_ohnolog	right_flank	45	1.275	0	5000	0.0	0.0
clust0056	clustered_cis_ohnolog	right_flank	46	1.325	2	5000	0.2136	0.4
clust0056	clustered_cis_ohnolog	right_flank	47	1.375	0	5000	0.0	0.0
clust0056	clustered_cis_ohnolog	right_flank	48	1.425	0	5000	0.0	0.0
clust0056	clustered_cis_ohnolog	right_flank	49	1.475	0	5000	0.0	0.0
clust0056	clustered_cis_ohnolog	right_flank	50	1.525	0	5000	0.0	0.0
clust0056	clustered_cis_ohnolog	right_flank	51	1.575	0	5000	0.0	0.0
clust0056	clustered_cis_ohnolog	right_flank	52	1.625	0	5000	0.0	0.0
clust0056	clustered_cis_ohnolog	right_flank	53	1.675	0	5000	0.0	0.0
clust0056	clustered_cis_ohnolog	right_flank	54	1.725	0	5000	0.0	0.0
clust0056	clustered_cis_ohnolog	right_flank	55	1.775	0	5000	0.0	0.0
clust0056	clustered_cis_ohnolog	right_flank	56	1.825	0	5000	0.0	0.0
clust0056	clustered_cis_ohnolog	right_flank	57	1.875	0	5000	0.0	0.0
clust0056	clustered_cis_ohnolog	right_flank	58	1.925	0	5000	0.0	0.0
clust0056	clustered_cis_ohnolog	right_flank	59	1.975	0	5000	0.0	0.0
clust0017	clustered_cis_ohnolog	left_flank	0	-0.975	0	5000	0.0	0.0
clust0017	clustered_cis_ohnolog	left_flank	1	-0.925	0	5000	0.0	0.0
clust0017	clustered_cis_ohnolog	left_flank	2	-0.875	0	5000	0.0	0.0
clust0017	clustered_cis_ohnolog	left_flank	3	-0.825	0	5000	0.0	0.0
clust0017	clustered_cis_ohnolog	left_flank	4	-0.775	0	5000	0.0	0.0
clust0017	clustered_cis_ohnolog	left_flank	5	-0.725	0	5000	0.0	0.0
clust0017	clustered_cis_ohnolog	left_flank	6	-0.675	0	5000	0.0	0.0
clust0017	clustered_cis_ohnolog	left_flank	7	-0.625	0	5000	0.0	0.0
clust0017	clustered_cis_ohnolog	left_flank	8	-0.575	0	5000	0.0	0.0
clust0017	clustered_cis_ohnolog	left_flank	9	-0.525	0	5000	0.0	0.0
clust0017	clustered_cis_ohnolog	left_flank	10	-0.475	0	5000	0.0	0.0
clust0017	clustered_cis_ohnolog	left_flank	11	-0.425	0	5000	0.0	0.0
clust0017	clustered_cis_ohnolog	left_flank	12	-0.375	0	5000	0.0	0.0
clust0017	clustered_cis_ohnolog	left_flank	13	-0.325	0	5000	0.0	0.0
clust0017	clustered_cis_ohnolog	left_flank	14	-0.275	0	5000	0.0	0.0
clust0017	clustered_cis_ohnolog	left_flank	15	-0.225	0	5000	0.0	0.0
clust0017	clustered_cis_ohnolog	left_flank	16	-0.175	0	5000	0.0	0.0
clust0017	clustered_cis_ohnolog	left_flank	17	-0.125	0	5000	0.0	0.0
clust0017	clustered_cis_ohnolog	left_flank	18	-0.075	0	5000	0.0	0.0
clust0017	clustered_cis_ohnolog	left_flank	19	-0.025	0	5000	0.0	0.0
clust0017	clustered_cis_ohnolog	body	20	0.025	0	108138	0.0	0.0
clust0017	clustered_cis_ohnolog	body	21	0.075	0	108139	0.0	0.0
clust0017	clustered_cis_ohnolog	body	22	0.125	0	108139	0.0	0.0
clust0017	clustered_cis_ohnolog	body	23	0.175	0	108139	0.0	0.0
clust0017	clustered_cis_ohnolog	body	24	0.225	0	108139	0.0	0.0
clust0017	clustered_cis_ohnolog	body	25	0.275	0	108138	0.0	0.0
clust0017	clustered_cis_ohnolog	body	26	0.325	0	108139	0.0	0.0
clust0017	clustered_cis_ohnolog	body	27	0.375	0	108139	0.0	0.0
clust0017	clustered_cis_ohnolog	body	28	0.425	0	108139	0.0	0.0
clust0017	clustered_cis_ohnolog	body	29	0.475	1	108139	0.004587	0.009247
clust0017	clustered_cis_ohnolog	body	30	0.525	2	108138	0.013094	0.018495
clust0017	clustered_cis_ohnolog	body	31	0.575	0	108139	0.0	0.0
clust0017	clustered_cis_ohnolog	body	32	0.625	0	108139	0.0	0.0
clust0017	clustered_cis_ohnolog	body	33	0.675	0	108139	0.0	0.0
clust0017	clustered_cis_ohnolog	body	34	0.725	0	108139	0.0	0.0
clust0017	clustered_cis_ohnolog	body	35	0.775	0	108138	0.0	0.0
clust0017	clustered_cis_ohnolog	body	36	0.825	0	108139	0.0	0.0
clust0017	clustered_cis_ohnolog	body	37	0.875	0	108139	0.0	0.0
clust0017	clustered_cis_ohnolog	body	38	0.925	1	108139	0.00234	0.009247
clust0017	clustered_cis_ohnolog	body	39	0.975	2	108139	0.017219	0.018495
clust0017	clustered_cis_ohnolog	right_flank	40	1.025	0	5000	0.0	0.0
clust0017	clustered_cis_ohnolog	right_flank	41	1.075	0	5000	0.0	0.0
clust0017	clustered_cis_ohnolog	right_flank	42	1.125	0	5000	0.0	0.0
clust0017	clustered_cis_ohnolog	right_flank	43	1.175	3	5000	0.7164	0.6
clust0017	clustered_cis_ohnolog	right_flank	44	1.225	0	5000	0.0	0.0
clust0017	clustered_cis_ohnolog	right_flank	45	1.275	0	5000	0.0	0.0
clust0017	clustered_cis_ohnolog	right_flank	46	1.325	0	5000	0.0	0.0
clust0017	clustered_cis_ohnolog	right_flank	47	1.375	0	5000	0.0	0.0
clust0017	clustered_cis_ohnolog	right_flank	48	1.425	0	5000	0.0	0.0
clust0017	clustered_cis_ohnolog	right_flank	49	1.475	0	5000	0.0	0.0
clust0017	clustered_cis_ohnolog	right_flank	50	1.525	0	5000	0.0	0.0
clust0017	clustered_cis_ohnolog	right_flank	51	1.575	0	5000	0.0	0.0
clust0017	clustered_cis_ohnolog	right_flank	52	1.625	0	5000	0.0	0.0
clust0017	clustered_cis_ohnolog	right_flank	53	1.675	0	5000	0.0	0.0
clust0017	clustered_cis_ohnolog	right_flank	54	1.725	0	5000	0.0	0.0
clust0017	clustered_cis_ohnolog	right_flank	55	1.775	0	5000	0.0	0.0
clust0017	clustered_cis_ohnolog	right_flank	56	1.825	0	5000	0.0	0.0
clust0017	clustered_cis_ohnolog	right_flank	57	1.875	0	5000	0.0	0.0
clust0017	clustered_cis_ohnolog	right_flank	58	1.925	0	5000	0.0	0.0
clust0017	clustered_cis_ohnolog	right_flank	59	1.975	0	5000	0.0	0.0
clust0078	clustered_cis_ohnolog	left_flank	0	-0.975	0	5000	0.0	0.0
clust0078	clustered_cis_ohnolog	left_flank	1	-0.925	0	5000	0.0	0.0
clust0078	clustered_cis_ohnolog	left_flank	2	-0.875	0	5000	0.0	0.0
clust0078	clustered_cis_ohnolog	left_flank	3	-0.825	0	5000	0.0	0.0
clust0078	clustered_cis_ohnolog	left_flank	4	-0.775	0	5000	0.0	0.0
clust0078	clustered_cis_ohnolog	left_flank	5	-0.725	0	5000	0.0	0.0
clust0078	clustered_cis_ohnolog	left_flank	6	-0.675	0	5000	0.0	0.0
clust0078	clustered_cis_ohnolog	left_flank	7	-0.625	3	5000	0.663	0.6
clust0078	clustered_cis_ohnolog	left_flank	8	-0.575	0	5000	0.0	0.0
clust0078	clustered_cis_ohnolog	left_flank	9	-0.525	0	5000	0.0	0.0
clust0078	clustered_cis_ohnolog	left_flank	10	-0.475	0	5000	0.0	0.0
clust0078	clustered_cis_ohnolog	left_flank	11	-0.425	0	5000	0.0	0.0
clust0078	clustered_cis_ohnolog	left_flank	12	-0.375	0	5000	0.0	0.0
clust0078	clustered_cis_ohnolog	left_flank	13	-0.325	0	5000	0.0	0.0
clust0078	clustered_cis_ohnolog	left_flank	14	-0.275	0	5000	0.0	0.0
clust0078	clustered_cis_ohnolog	left_flank	15	-0.225	0	5000	0.0	0.0
clust0078	clustered_cis_ohnolog	left_flank	16	-0.175	0	5000	0.0	0.0
clust0078	clustered_cis_ohnolog	left_flank	17	-0.125	1	5000	0.0794	0.2
clust0078	clustered_cis_ohnolog	left_flank	18	-0.075	0	5000	0.0	0.0
clust0078	clustered_cis_ohnolog	left_flank	19	-0.025	0	5000	0.0	0.0
clust0078	clustered_cis_ohnolog	body	20	0.025	1	4137	0.212956	0.241721
clust0078	clustered_cis_ohnolog	body	21	0.075	0	4138	0.0	0.0
clust0078	clustered_cis_ohnolog	body	22	0.125	0	4137	0.0	0.0
clust0078	clustered_cis_ohnolog	body	23	0.175	0	4138	0.0	0.0
clust0078	clustered_cis_ohnolog	body	24	0.225	0	4138	0.0	0.0
clust0078	clustered_cis_ohnolog	body	25	0.275	0	4137	0.0	0.0
clust0078	clustered_cis_ohnolog	body	26	0.325	0	4138	0.0	0.0
clust0078	clustered_cis_ohnolog	body	27	0.375	0	4137	0.0	0.0
clust0078	clustered_cis_ohnolog	body	28	0.425	0	4138	0.0	0.0
clust0078	clustered_cis_ohnolog	body	29	0.475	0	4138	0.0	0.0
clust0078	clustered_cis_ohnolog	body	30	0.525	0	4137	0.0	0.0
clust0078	clustered_cis_ohnolog	body	31	0.575	0	4138	0.0	0.0
clust0078	clustered_cis_ohnolog	body	32	0.625	0	4137	0.0	0.0
clust0078	clustered_cis_ohnolog	body	33	0.675	0	4138	0.0	0.0
clust0078	clustered_cis_ohnolog	body	34	0.725	0	4138	0.0	0.0
clust0078	clustered_cis_ohnolog	body	35	0.775	0	4137	0.0	0.0
clust0078	clustered_cis_ohnolog	body	36	0.825	0	4138	0.0	0.0
clust0078	clustered_cis_ohnolog	body	37	0.875	3	4137	0.783901	0.725163
clust0078	clustered_cis_ohnolog	body	38	0.925	0	4138	0.0	0.0
clust0078	clustered_cis_ohnolog	body	39	0.975	0	4138	0.0	0.0
clust0078	clustered_cis_ohnolog	right_flank	40	1.025	0	5000	0.0	0.0
clust0078	clustered_cis_ohnolog	right_flank	41	1.075	0	5000	0.0	0.0
clust0078	clustered_cis_ohnolog	right_flank	42	1.125	0	5000	0.0	0.0
clust0078	clustered_cis_ohnolog	right_flank	43	1.175	0	5000	0.0	0.0
clust0078	clustered_cis_ohnolog	right_flank	44	1.225	1	5000	0.0822	0.2
clust0078	clustered_cis_ohnolog	right_flank	45	1.275	0	5000	0.0	0.0
clust0078	clustered_cis_ohnolog	right_flank	46	1.325	0	5000	0.0	0.0
clust0078	clustered_cis_ohnolog	right_flank	47	1.375	0	5000	0.0	0.0
clust0078	clustered_cis_ohnolog	right_flank	48	1.425	0	5000	0.0	0.0
clust0078	clustered_cis_ohnolog	right_flank	49	1.475	2	5000	0.2592	0.4
clust0078	clustered_cis_ohnolog	right_flank	50	1.525	0	5000	0.0	0.0
clust0078	clustered_cis_ohnolog	right_flank	51	1.575	0	5000	0.0	0.0
clust0078	clustered_cis_ohnolog	right_flank	52	1.625	0	5000	0.0	0.0
clust0078	clustered_cis_ohnolog	right_flank	53	1.675	0	5000	0.0	0.0
clust0078	clustered_cis_ohnolog	right_flank	54	1.725	0	5000	0.0	0.0
clust0078	clustered_cis_ohnolog	right_flank	55	1.775	0	5000	0.0	0.0
clust0078	clustered_cis_ohnolog	right_flank	56	1.825	0	5000	0.0	0.0
clust0078	clustered_cis_ohnolog	right_flank	57	1.875	0	5000	0.0	0.0
clust0078	clustered_cis_ohnolog	right_flank	58	1.925	0	5000	0.0	0.0
clust0078	clustered_cis_ohnolog	right_flank	59	1.975	0	5000	0.0	0.0
clust0048	clustered_cis_ohnolog	left_flank	0	-0.975	0	5000	0.0	0.0
clust0048	clustered_cis_ohnolog	left_flank	1	-0.925	0	5000	0.0	0.0
clust0048	clustered_cis_ohnolog	left_flank	2	-0.875	0	5000	0.0	0.0
clust0048	clustered_cis_ohnolog	left_flank	3	-0.825	0	5000	0.0	0.0
clust0048	clustered_cis_ohnolog	left_flank	4	-0.775	0	5000	0.0	0.0
clust0048	clustered_cis_ohnolog	left_flank	5	-0.725	0	5000	0.0	0.0
clust0048	clustered_cis_ohnolog	left_flank	6	-0.675	0	5000	0.0	0.0
clust0048	clustered_cis_ohnolog	left_flank	7	-0.625	0	5000	0.0	0.0
clust0048	clustered_cis_ohnolog	left_flank	8	-0.575	3	5000	0.3242	0.6
clust0048	clustered_cis_ohnolog	left_flank	9	-0.525	0	5000	0.0	0.0
clust0048	clustered_cis_ohnolog	left_flank	10	-0.475	0	5000	0.0	0.0
clust0048	clustered_cis_ohnolog	left_flank	11	-0.425	0	5000	0.0	0.0
clust0048	clustered_cis_ohnolog	left_flank	12	-0.375	0	5000	0.0	0.0
clust0048	clustered_cis_ohnolog	left_flank	13	-0.325	0	5000	0.0	0.0
clust0048	clustered_cis_ohnolog	left_flank	14	-0.275	0	5000	0.0	0.0
clust0048	clustered_cis_ohnolog	left_flank	15	-0.225	3	5000	0.4986	0.6
clust0048	clustered_cis_ohnolog	left_flank	16	-0.175	0	5000	0.0	0.0
clust0048	clustered_cis_ohnolog	left_flank	17	-0.125	0	5000	0.0	0.0
clust0048	clustered_cis_ohnolog	left_flank	18	-0.075	0	5000	0.0	0.0
clust0048	clustered_cis_ohnolog	left_flank	19	-0.025	0	5000	0.0	0.0
clust0048	clustered_cis_ohnolog	body	20	0.025	0	2104	0.0	0.0
clust0048	clustered_cis_ohnolog	body	21	0.075	0	2105	0.0	0.0
clust0048	clustered_cis_ohnolog	body	22	0.125	0	2105	0.0	0.0
clust0048	clustered_cis_ohnolog	body	23	0.175	0	2105	0.0	0.0
clust0048	clustered_cis_ohnolog	body	24	0.225	0	2105	0.0	0.0
clust0048	clustered_cis_ohnolog	body	25	0.275	0	2105	0.0	0.0
clust0048	clustered_cis_ohnolog	body	26	0.325	0	2105	0.0	0.0
clust0048	clustered_cis_ohnolog	body	27	0.375	0	2105	0.0	0.0
clust0048	clustered_cis_ohnolog	body	28	0.425	0	2105	0.0	0.0
clust0048	clustered_cis_ohnolog	body	29	0.475	0	2105	0.0	0.0
clust0048	clustered_cis_ohnolog	body	30	0.525	0	2104	0.0	0.0
clust0048	clustered_cis_ohnolog	body	31	0.575	0	2105	0.0	0.0
clust0048	clustered_cis_ohnolog	body	32	0.625	0	2105	0.0	0.0
clust0048	clustered_cis_ohnolog	body	33	0.675	0	2105	0.0	0.0
clust0048	clustered_cis_ohnolog	body	34	0.725	0	2105	0.0	0.0
clust0048	clustered_cis_ohnolog	body	35	0.775	0	2105	0.0	0.0
clust0048	clustered_cis_ohnolog	body	36	0.825	0	2105	0.0	0.0
clust0048	clustered_cis_ohnolog	body	37	0.875	0	2105	0.0	0.0
clust0048	clustered_cis_ohnolog	body	38	0.925	0	2105	0.0	0.0
clust0048	clustered_cis_ohnolog	body	39	0.975	0	2105	0.0	0.0
clust0048	clustered_cis_ohnolog	right_flank	40	1.025	0	5000	0.0	0.0
clust0048	clustered_cis_ohnolog	right_flank	41	1.075	0	5000	0.0	0.0
clust0048	clustered_cis_ohnolog	right_flank	42	1.125	0	5000	0.0	0.0
clust0048	clustered_cis_ohnolog	right_flank	43	1.175	0	5000	0.0	0.0
clust0048	clustered_cis_ohnolog	right_flank	44	1.225	1	5000	0.054	0.2
clust0048	clustered_cis_ohnolog	right_flank	45	1.275	1	5000	0.056	0.2
clust0048	clustered_cis_ohnolog	right_flank	46	1.325	0	5000	0.0	0.0
clust0048	clustered_cis_ohnolog	right_flank	47	1.375	0	5000	0.0	0.0
clust0048	clustered_cis_ohnolog	right_flank	48	1.425	0	5000	0.0	0.0
clust0048	clustered_cis_ohnolog	right_flank	49	1.475	0	5000	0.0	0.0
clust0048	clustered_cis_ohnolog	right_flank	50	1.525	0	5000	0.0	0.0
clust0048	clustered_cis_ohnolog	right_flank	51	1.575	0	5000	0.0	0.0
clust0048	clustered_cis_ohnolog	right_flank	52	1.625	0	5000	0.0	0.0
clust0048	clustered_cis_ohnolog	right_flank	53	1.675	0	5000	0.0	0.0
clust0048	clustered_cis_ohnolog	right_flank	54	1.725	0	5000	0.0	0.0
clust0048	clustered_cis_ohnolog	right_flank	55	1.775	0	5000	0.0	0.0
clust0048	clustered_cis_ohnolog	right_flank	56	1.825	0	5000	0.0	0.0
clust0048	clustered_cis_ohnolog	right_flank	57	1.875	0	5000	0.0	0.0
clust0048	clustered_cis_ohnolog	right_flank	58	1.925	0	5000	0.0	0.0
clust0048	clustered_cis_ohnolog	right_flank	59	1.975	0	5000	0.0	0.0
clust0049	clustered_cis_ohnolog	left_flank	0	-0.975	0	5000	0.0	0.0
clust0049	clustered_cis_ohnolog	left_flank	1	-0.925	0	5000	0.0	0.0
clust0049	clustered_cis_ohnolog	left_flank	2	-0.875	0	5000	0.0	0.0
clust0049	clustered_cis_ohnolog	left_flank	3	-0.825	0	5000	0.0	0.0
clust0049	clustered_cis_ohnolog	left_flank	4	-0.775	0	5000	0.0	0.0
clust0049	clustered_cis_ohnolog	left_flank	5	-0.725	0	5000	0.0	0.0
clust0049	clustered_cis_ohnolog	left_flank	6	-0.675	0	5000	0.0	0.0
clust0049	clustered_cis_ohnolog	left_flank	7	-0.625	0	5000	0.0	0.0
clust0049	clustered_cis_ohnolog	left_flank	8	-0.575	0	5000	0.0	0.0
clust0049	clustered_cis_ohnolog	left_flank	9	-0.525	0	5000	0.0	0.0
clust0049	clustered_cis_ohnolog	left_flank	10	-0.475	0	5000	0.0	0.0
clust0049	clustered_cis_ohnolog	left_flank	11	-0.425	0	5000	0.0	0.0
clust0049	clustered_cis_ohnolog	left_flank	12	-0.375	0	5000	0.0	0.0
clust0049	clustered_cis_ohnolog	left_flank	13	-0.325	0	5000	0.0	0.0
clust0049	clustered_cis_ohnolog	left_flank	14	-0.275	0	5000	0.0	0.0
clust0049	clustered_cis_ohnolog	left_flank	15	-0.225	0	5000	0.0	0.0
clust0049	clustered_cis_ohnolog	left_flank	16	-0.175	0	5000	0.0	0.0
clust0049	clustered_cis_ohnolog	left_flank	17	-0.125	0	5000	0.0	0.0
clust0049	clustered_cis_ohnolog	left_flank	18	-0.075	0	5000	0.0	0.0
clust0049	clustered_cis_ohnolog	left_flank	19	-0.025	0	5000	0.0	0.0
clust0049	clustered_cis_ohnolog	body	20	0.025	0	3387	0.0	0.0
clust0049	clustered_cis_ohnolog	body	21	0.075	0	3388	0.0	0.0
clust0049	clustered_cis_ohnolog	body	22	0.125	0	3387	0.0	0.0
clust0049	clustered_cis_ohnolog	body	23	0.175	0	3388	0.0	0.0
clust0049	clustered_cis_ohnolog	body	24	0.225	0	3387	0.0	0.0
clust0049	clustered_cis_ohnolog	body	25	0.275	0	3388	0.0	0.0
clust0049	clustered_cis_ohnolog	body	26	0.325	0	3387	0.0	0.0
clust0049	clustered_cis_ohnolog	body	27	0.375	0	3388	0.0	0.0
clust0049	clustered_cis_ohnolog	body	28	0.425	0	3387	0.0	0.0
clust0049	clustered_cis_ohnolog	body	29	0.475	0	3388	0.0	0.0
clust0049	clustered_cis_ohnolog	body	30	0.525	0	3387	0.0	0.0
clust0049	clustered_cis_ohnolog	body	31	0.575	0	3388	0.0	0.0
clust0049	clustered_cis_ohnolog	body	32	0.625	0	3387	0.0	0.0
clust0049	clustered_cis_ohnolog	body	33	0.675	0	3388	0.0	0.0
clust0049	clustered_cis_ohnolog	body	34	0.725	0	3387	0.0	0.0
clust0049	clustered_cis_ohnolog	body	35	0.775	0	3388	0.0	0.0
clust0049	clustered_cis_ohnolog	body	36	0.825	0	3387	0.0	0.0
clust0049	clustered_cis_ohnolog	body	37	0.875	0	3388	0.0	0.0
clust0049	clustered_cis_ohnolog	body	38	0.925	0	3387	0.0	0.0
clust0049	clustered_cis_ohnolog	body	39	0.975	0	3388	0.0	0.0
clust0049	clustered_cis_ohnolog	right_flank	40	1.025	0	5000	0.0	0.0
clust0049	clustered_cis_ohnolog	right_flank	41	1.075	0	5000	0.0	0.0
clust0049	clustered_cis_ohnolog	right_flank	42	1.125	0	5000	0.0	0.0
clust0049	clustered_cis_ohnolog	right_flank	43	1.175	0	5000	0.0	0.0
clust0049	clustered_cis_ohnolog	right_flank	44	1.225	0	5000	0.0	0.0
clust0049	clustered_cis_ohnolog	right_flank	45	1.275	0	5000	0.0	0.0
clust0049	clustered_cis_ohnolog	right_flank	46	1.325	0	5000	0.0	0.0
clust0049	clustered_cis_ohnolog	right_flank	47	1.375	0	5000	0.0	0.0
clust0049	clustered_cis_ohnolog	right_flank	48	1.425	0	5000	0.0	0.0
clust0049	clustered_cis_ohnolog	right_flank	49	1.475	0	5000	0.0	0.0
clust0049	clustered_cis_ohnolog	right_flank	50	1.525	0	5000	0.0	0.0
clust0049	clustered_cis_ohnolog	right_flank	51	1.575	0	5000	0.0	0.0
clust0049	clustered_cis_ohnolog	right_flank	52	1.625	0	5000	0.0	0.0
clust0049	clustered_cis_ohnolog	right_flank	53	1.675	0	5000	0.0	0.0
clust0049	clustered_cis_ohnolog	right_flank	54	1.725	0	5000	0.0	0.0
clust0049	clustered_cis_ohnolog	right_flank	55	1.775	0	5000	0.0	0.0
clust0049	clustered_cis_ohnolog	right_flank	56	1.825	0	5000	0.0	0.0
clust0049	clustered_cis_ohnolog	right_flank	57	1.875	0	5000	0.0	0.0
clust0049	clustered_cis_ohnolog	right_flank	58	1.925	0	5000	0.0	0.0
clust0049	clustered_cis_ohnolog	right_flank	59	1.975	0	5000	0.0	0.0
clust0050	clustered_cis_ohnolog	left_flank	0	-0.975	0	5000	0.0	0.0
clust0050	clustered_cis_ohnolog	left_flank	1	-0.925	0	5000	0.0	0.0
clust0050	clustered_cis_ohnolog	left_flank	2	-0.875	0	5000	0.0396	0.0
clust0050	clustered_cis_ohnolog	left_flank	3	-0.825	2	5000	0.2304	0.4
clust0050	clustered_cis_ohnolog	left_flank	4	-0.775	0	5000	0.0	0.0
clust0050	clustered_cis_ohnolog	left_flank	5	-0.725	0	5000	0.0	0.0
clust0050	clustered_cis_ohnolog	left_flank	6	-0.675	0	5000	0.0	0.0
clust0050	clustered_cis_ohnolog	left_flank	7	-0.625	0	5000	0.0	0.0
clust0050	clustered_cis_ohnolog	left_flank	8	-0.575	0	5000	0.0	0.0
clust0050	clustered_cis_ohnolog	left_flank	9	-0.525	0	5000	0.0	0.0
clust0050	clustered_cis_ohnolog	left_flank	10	-0.475	0	5000	0.0	0.0
clust0050	clustered_cis_ohnolog	left_flank	11	-0.425	0	5000	0.0	0.0
clust0050	clustered_cis_ohnolog	left_flank	12	-0.375	0	5000	0.0	0.0
clust0050	clustered_cis_ohnolog	left_flank	13	-0.325	0	5000	0.0	0.0
clust0050	clustered_cis_ohnolog	left_flank	14	-0.275	0	5000	0.0	0.0
clust0050	clustered_cis_ohnolog	left_flank	15	-0.225	0	5000	0.0	0.0
clust0050	clustered_cis_ohnolog	left_flank	16	-0.175	0	5000	0.0	0.0
clust0050	clustered_cis_ohnolog	left_flank	17	-0.125	0	5000	0.0	0.0
clust0050	clustered_cis_ohnolog	left_flank	18	-0.075	0	5000	0.0	0.0
clust0050	clustered_cis_ohnolog	left_flank	19	-0.025	0	5000	0.0	0.0
clust0050	clustered_cis_ohnolog	body	20	0.025	2	908	1.636564	2.202643
clust0050	clustered_cis_ohnolog	body	21	0.075	0	908	0.0	0.0
clust0050	clustered_cis_ohnolog	body	22	0.125	1	908	0.26652	1.101322
clust0050	clustered_cis_ohnolog	body	23	0.175	0	908	0.0	0.0
clust0050	clustered_cis_ohnolog	body	24	0.225	0	908	0.0	0.0
clust0050	clustered_cis_ohnolog	body	25	0.275	0	908	0.0	0.0
clust0050	clustered_cis_ohnolog	body	26	0.325	0	908	0.0	0.0
clust0050	clustered_cis_ohnolog	body	27	0.375	0	908	0.0	0.0
clust0050	clustered_cis_ohnolog	body	28	0.425	0	908	0.0	0.0
clust0050	clustered_cis_ohnolog	body	29	0.475	0	908	0.0	0.0
clust0050	clustered_cis_ohnolog	body	30	0.525	0	908	0.0	0.0
clust0050	clustered_cis_ohnolog	body	31	0.575	1	908	0.345815	1.101322
clust0050	clustered_cis_ohnolog	body	32	0.625	0	908	0.22467	0.0
clust0050	clustered_cis_ohnolog	body	33	0.675	0	908	0.0	0.0
clust0050	clustered_cis_ohnolog	body	34	0.725	0	908	0.0	0.0
clust0050	clustered_cis_ohnolog	body	35	0.775	0	908	0.0	0.0
clust0050	clustered_cis_ohnolog	body	36	0.825	0	908	0.0	0.0
clust0050	clustered_cis_ohnolog	body	37	0.875	0	908	0.0	0.0
clust0050	clustered_cis_ohnolog	body	38	0.925	0	908	0.0	0.0
clust0050	clustered_cis_ohnolog	body	39	0.975	0	908	0.0	0.0
clust0050	clustered_cis_ohnolog	right_flank	40	1.025	0	5000	0.0	0.0
clust0050	clustered_cis_ohnolog	right_flank	41	1.075	0	5000	0.0	0.0
clust0050	clustered_cis_ohnolog	right_flank	42	1.125	0	5000	0.0	0.0
clust0050	clustered_cis_ohnolog	right_flank	43	1.175	0	5000	0.0	0.0
clust0050	clustered_cis_ohnolog	right_flank	44	1.225	0	5000	0.0	0.0
clust0050	clustered_cis_ohnolog	right_flank	45	1.275	0	5000	0.0	0.0
clust0050	clustered_cis_ohnolog	right_flank	46	1.325	0	5000	0.0	0.0
clust0050	clustered_cis_ohnolog	right_flank	47	1.375	0	5000	0.0	0.0
clust0050	clustered_cis_ohnolog	right_flank	48	1.425	0	5000	0.0	0.0
clust0050	clustered_cis_ohnolog	right_flank	49	1.475	0	5000	0.0	0.0
clust0050	clustered_cis_ohnolog	right_flank	50	1.525	0	5000	0.0	0.0
clust0050	clustered_cis_ohnolog	right_flank	51	1.575	0	5000	0.0	0.0
clust0050	clustered_cis_ohnolog	right_flank	52	1.625	0	5000	0.0	0.0
clust0050	clustered_cis_ohnolog	right_flank	53	1.675	1	5000	0.081	0.2
clust0050	clustered_cis_ohnolog	right_flank	54	1.725	0	5000	0.0148	0.0
clust0050	clustered_cis_ohnolog	right_flank	55	1.775	0	5000	0.0	0.0
clust0050	clustered_cis_ohnolog	right_flank	56	1.825	0	5000	0.0	0.0
clust0050	clustered_cis_ohnolog	right_flank	57	1.875	0	5000	0.0	0.0
clust0050	clustered_cis_ohnolog	right_flank	58	1.925	0	5000	0.0	0.0
clust0050	clustered_cis_ohnolog	right_flank	59	1.975	0	5000	0.0	0.0
clust0068	clustered_cis_ohnolog	left_flank	0	-0.975	0	5000	0.0	0.0
clust0068	clustered_cis_ohnolog	left_flank	1	-0.925	0	5000	0.0	0.0
clust0068	clustered_cis_ohnolog	left_flank	2	-0.875	0	5000	0.0	0.0
clust0068	clustered_cis_ohnolog	left_flank	3	-0.825	0	5000	0.0	0.0
clust0068	clustered_cis_ohnolog	left_flank	4	-0.775	0	5000	0.0	0.0
clust0068	clustered_cis_ohnolog	left_flank	5	-0.725	0	5000	0.0	0.0
clust0068	clustered_cis_ohnolog	left_flank	6	-0.675	0	5000	0.0	0.0
clust0068	clustered_cis_ohnolog	left_flank	7	-0.625	0	5000	0.0	0.0
clust0068	clustered_cis_ohnolog	left_flank	8	-0.575	0	5000	0.0	0.0
clust0068	clustered_cis_ohnolog	left_flank	9	-0.525	0	5000	0.0	0.0
clust0068	clustered_cis_ohnolog	left_flank	10	-0.475	0	5000	0.0	0.0
clust0068	clustered_cis_ohnolog	left_flank	11	-0.425	0	5000	0.0	0.0
clust0068	clustered_cis_ohnolog	left_flank	12	-0.375	0	5000	0.0	0.0
clust0068	clustered_cis_ohnolog	left_flank	13	-0.325	0	5000	0.0	0.0
clust0068	clustered_cis_ohnolog	left_flank	14	-0.275	5	5000	0.883	1.0
clust0068	clustered_cis_ohnolog	left_flank	15	-0.225	0	5000	0.0	0.0
clust0068	clustered_cis_ohnolog	left_flank	16	-0.175	0	5000	0.0	0.0
clust0068	clustered_cis_ohnolog	left_flank	17	-0.125	0	5000	0.0	0.0
clust0068	clustered_cis_ohnolog	left_flank	18	-0.075	0	5000	0.0	0.0
clust0068	clustered_cis_ohnolog	left_flank	19	-0.025	0	5000	0.0	0.0
clust0068	clustered_cis_ohnolog	body	20	0.025	0	12156	0.0	0.0
clust0068	clustered_cis_ohnolog	body	21	0.075	0	12157	0.0	0.0
clust0068	clustered_cis_ohnolog	body	22	0.125	0	12157	0.0	0.0
clust0068	clustered_cis_ohnolog	body	23	0.175	1	12157	0.035042	0.082257
clust0068	clustered_cis_ohnolog	body	24	0.225	0	12157	0.0	0.0
clust0068	clustered_cis_ohnolog	body	25	0.275	0	12156	0.0	0.0
clust0068	clustered_cis_ohnolog	body	26	0.325	1	12157	0.036193	0.082257
clust0068	clustered_cis_ohnolog	body	27	0.375	0	12157	0.0	0.0
clust0068	clustered_cis_ohnolog	body	28	0.425	2	12157	0.186888	0.164514
clust0068	clustered_cis_ohnolog	body	29	0.475	6	12157	0.418031	0.493543
clust0068	clustered_cis_ohnolog	body	30	0.525	4	12156	0.23001	0.329056
clust0068	clustered_cis_ohnolog	body	31	0.575	1	12157	0.017356	0.082257
clust0068	clustered_cis_ohnolog	body	32	0.625	1	12157	0.031093	0.082257
clust0068	clustered_cis_ohnolog	body	33	0.675	0	12157	0.0	0.0
clust0068	clustered_cis_ohnolog	body	34	0.725	0	12157	0.0	0.0
clust0068	clustered_cis_ohnolog	body	35	0.775	0	12156	0.0	0.0
clust0068	clustered_cis_ohnolog	body	36	0.825	0	12157	0.0	0.0
clust0068	clustered_cis_ohnolog	body	37	0.875	2	12157	0.13704	0.164514
clust0068	clustered_cis_ohnolog	body	38	0.925	0	12157	0.0	0.0
clust0068	clustered_cis_ohnolog	body	39	0.975	3	12157	0.276878	0.246771
clust0068	clustered_cis_ohnolog	right_flank	40	1.025	0	5000	0.0	0.0
clust0068	clustered_cis_ohnolog	right_flank	41	1.075	0	5000	0.0	0.0
clust0068	clustered_cis_ohnolog	right_flank	42	1.125	0	5000	0.0	0.0
clust0068	clustered_cis_ohnolog	right_flank	43	1.175	0	5000	0.0	0.0
clust0068	clustered_cis_ohnolog	right_flank	44	1.225	0	5000	0.0	0.0
clust0068	clustered_cis_ohnolog	right_flank	45	1.275	0	5000	0.0	0.0
clust0068	clustered_cis_ohnolog	right_flank	46	1.325	0	5000	0.0	0.0
clust0068	clustered_cis_ohnolog	right_flank	47	1.375	0	5000	0.0	0.0
clust0068	clustered_cis_ohnolog	right_flank	48	1.425	0	5000	0.0	0.0
clust0068	clustered_cis_ohnolog	right_flank	49	1.475	0	5000	0.0	0.0
clust0068	clustered_cis_ohnolog	right_flank	50	1.525	0	5000	0.0	0.0
clust0068	clustered_cis_ohnolog	right_flank	51	1.575	0	5000	0.0	0.0
clust0068	clustered_cis_ohnolog	right_flank	52	1.625	0	5000	0.0	0.0
clust0068	clustered_cis_ohnolog	right_flank	53	1.675	0	5000	0.0	0.0
clust0068	clustered_cis_ohnolog	right_flank	54	1.725	0	5000	0.0	0.0
clust0068	clustered_cis_ohnolog	right_flank	55	1.775	0	5000	0.0	0.0
clust0068	clustered_cis_ohnolog	right_flank	56	1.825	0	5000	0.0	0.0
clust0068	clustered_cis_ohnolog	right_flank	57	1.875	0	5000	0.0	0.0
clust0068	clustered_cis_ohnolog	right_flank	58	1.925	0	5000	0.0	0.0
clust0068	clustered_cis_ohnolog	right_flank	59	1.975	0	5000	0.0	0.0
clust0051	clustered_cis_ohnolog	left_flank	0	-0.975	0	5000	0.0	0.0
clust0051	clustered_cis_ohnolog	left_flank	1	-0.925	3	5000	0.6876	0.6
clust0051	clustered_cis_ohnolog	left_flank	2	-0.875	0	5000	0.0	0.0
clust0051	clustered_cis_ohnolog	left_flank	3	-0.825	0	5000	0.0	0.0
clust0051	clustered_cis_ohnolog	left_flank	4	-0.775	0	5000	0.0	0.0
clust0051	clustered_cis_ohnolog	left_flank	5	-0.725	0	5000	0.0	0.0
clust0051	clustered_cis_ohnolog	left_flank	6	-0.675	0	5000	0.0	0.0
clust0051	clustered_cis_ohnolog	left_flank	7	-0.625	0	5000	0.0	0.0
clust0051	clustered_cis_ohnolog	left_flank	8	-0.575	0	5000	0.0	0.0
clust0051	clustered_cis_ohnolog	left_flank	9	-0.525	0	5000	0.0	0.0
clust0051	clustered_cis_ohnolog	left_flank	10	-0.475	0	5000	0.0	0.0
clust0051	clustered_cis_ohnolog	left_flank	11	-0.425	0	5000	0.0	0.0
clust0051	clustered_cis_ohnolog	left_flank	12	-0.375	0	5000	0.0	0.0
clust0051	clustered_cis_ohnolog	left_flank	13	-0.325	0	5000	0.0	0.0
clust0051	clustered_cis_ohnolog	left_flank	14	-0.275	0	5000	0.0	0.0
clust0051	clustered_cis_ohnolog	left_flank	15	-0.225	0	5000	0.0	0.0
clust0051	clustered_cis_ohnolog	left_flank	16	-0.175	0	5000	0.0	0.0
clust0051	clustered_cis_ohnolog	left_flank	17	-0.125	0	5000	0.0	0.0
clust0051	clustered_cis_ohnolog	left_flank	18	-0.075	0	5000	0.0	0.0
clust0051	clustered_cis_ohnolog	left_flank	19	-0.025	0	5000	0.0	0.0
clust0051	clustered_cis_ohnolog	body	20	0.025	0	5934	0.0	0.0
clust0051	clustered_cis_ohnolog	body	21	0.075	0	5935	0.0	0.0
clust0051	clustered_cis_ohnolog	body	22	0.125	0	5935	0.0	0.0
clust0051	clustered_cis_ohnolog	body	23	0.175	0	5935	0.0	0.0
clust0051	clustered_cis_ohnolog	body	24	0.225	0	5935	0.0	0.0
clust0051	clustered_cis_ohnolog	body	25	0.275	0	5935	0.0	0.0
clust0051	clustered_cis_ohnolog	body	26	0.325	0	5935	0.0	0.0
clust0051	clustered_cis_ohnolog	body	27	0.375	0	5935	0.0	0.0
clust0051	clustered_cis_ohnolog	body	28	0.425	0	5935	0.0	0.0
clust0051	clustered_cis_ohnolog	body	29	0.475	0	5935	0.0	0.0
clust0051	clustered_cis_ohnolog	body	30	0.525	0	5935	0.0	0.0
clust0051	clustered_cis_ohnolog	body	31	0.575	0	5935	0.0	0.0
clust0051	clustered_cis_ohnolog	body	32	0.625	0	5935	0.0	0.0
clust0051	clustered_cis_ohnolog	body	33	0.675	0	5935	0.0	0.0
clust0051	clustered_cis_ohnolog	body	34	0.725	0	5935	0.0	0.0
clust0051	clustered_cis_ohnolog	body	35	0.775	0	5935	0.0	0.0
clust0051	clustered_cis_ohnolog	body	36	0.825	0	5935	0.0	0.0
clust0051	clustered_cis_ohnolog	body	37	0.875	0	5935	0.0	0.0
clust0051	clustered_cis_ohnolog	body	38	0.925	4	5935	0.221398	0.673968
clust0051	clustered_cis_ohnolog	body	39	0.975	0	5935	0.0	0.0
clust0051	clustered_cis_ohnolog	right_flank	40	1.025	0	5000	0.0	0.0
clust0051	clustered_cis_ohnolog	right_flank	41	1.075	0	5000	0.0	0.0
clust0051	clustered_cis_ohnolog	right_flank	42	1.125	0	5000	0.0	0.0
clust0051	clustered_cis_ohnolog	right_flank	43	1.175	0	5000	0.0	0.0
clust0051	clustered_cis_ohnolog	right_flank	44	1.225	0	5000	0.0	0.0
clust0051	clustered_cis_ohnolog	right_flank	45	1.275	0	5000	0.0	0.0
clust0051	clustered_cis_ohnolog	right_flank	46	1.325	2	5000	0.3612	0.4
clust0051	clustered_cis_ohnolog	right_flank	47	1.375	0	5000	0.0	0.0
clust0051	clustered_cis_ohnolog	right_flank	48	1.425	2	5000	0.312	0.4
clust0051	clustered_cis_ohnolog	right_flank	49	1.475	0	5000	0.0	0.0
clust0051	clustered_cis_ohnolog	right_flank	50	1.525	0	5000	0.0	0.0
clust0051	clustered_cis_ohnolog	right_flank	51	1.575	0	5000	0.0	0.0
clust0051	clustered_cis_ohnolog	right_flank	52	1.625	0	5000	0.0	0.0
clust0051	clustered_cis_ohnolog	right_flank	53	1.675	0	5000	0.0	0.0
clust0051	clustered_cis_ohnolog	right_flank	54	1.725	0	5000	0.0	0.0
clust0051	clustered_cis_ohnolog	right_flank	55	1.775	0	5000	0.0	0.0
clust0051	clustered_cis_ohnolog	right_flank	56	1.825	0	5000	0.0	0.0
clust0051	clustered_cis_ohnolog	right_flank	57	1.875	0	5000	0.0	0.0
clust0051	clustered_cis_ohnolog	right_flank	58	1.925	0	5000	0.0	0.0
clust0051	clustered_cis_ohnolog	right_flank	59	1.975	0	5000	0.0	0.0
clust0021	clustered_cis_ohnolog	left_flank	0	-0.975	0	5000	0.0	0.0
clust0021	clustered_cis_ohnolog	left_flank	1	-0.925	0	5000	0.0	0.0
clust0021	clustered_cis_ohnolog	left_flank	2	-0.875	0	5000	0.0	0.0
clust0021	clustered_cis_ohnolog	left_flank	3	-0.825	0	5000	0.0	0.0
clust0021	clustered_cis_ohnolog	left_flank	4	-0.775	0	5000	0.0	0.0
clust0021	clustered_cis_ohnolog	left_flank	5	-0.725	0	5000	0.0	0.0
clust0021	clustered_cis_ohnolog	left_flank	6	-0.675	0	5000	0.0	0.0
clust0021	clustered_cis_ohnolog	left_flank	7	-0.625	0	5000	0.0	0.0
clust0021	clustered_cis_ohnolog	left_flank	8	-0.575	0	5000	0.0	0.0
clust0021	clustered_cis_ohnolog	left_flank	9	-0.525	0	5000	0.0	0.0
clust0021	clustered_cis_ohnolog	left_flank	10	-0.475	0	5000	0.0	0.0
clust0021	clustered_cis_ohnolog	left_flank	11	-0.425	0	5000	0.0	0.0
clust0021	clustered_cis_ohnolog	left_flank	12	-0.375	0	5000	0.0	0.0
clust0021	clustered_cis_ohnolog	left_flank	13	-0.325	0	5000	0.0	0.0
clust0021	clustered_cis_ohnolog	left_flank	14	-0.275	0	5000	0.0	0.0
clust0021	clustered_cis_ohnolog	left_flank	15	-0.225	0	5000	0.0	0.0
clust0021	clustered_cis_ohnolog	left_flank	16	-0.175	0	5000	0.0	0.0
clust0021	clustered_cis_ohnolog	left_flank	17	-0.125	0	5000	0.0	0.0
clust0021	clustered_cis_ohnolog	left_flank	18	-0.075	0	5000	0.0	0.0
clust0021	clustered_cis_ohnolog	left_flank	19	-0.025	0	5000	0.0	0.0
clust0021	clustered_cis_ohnolog	body	20	0.025	0	91378	0.0	0.0
clust0021	clustered_cis_ohnolog	body	21	0.075	0	91379	0.0	0.0
clust0021	clustered_cis_ohnolog	body	22	0.125	0	91379	0.0	0.0
clust0021	clustered_cis_ohnolog	body	23	0.175	0	91379	0.0	0.0
clust0021	clustered_cis_ohnolog	body	24	0.225	5	91379	0.070913	0.054717
clust0021	clustered_cis_ohnolog	body	25	0.275	1	91378	0.003228	0.010944
clust0021	clustered_cis_ohnolog	body	26	0.325	1	91379	0.007529	0.010943
clust0021	clustered_cis_ohnolog	body	27	0.375	0	91379	0.0	0.0
clust0021	clustered_cis_ohnolog	body	28	0.425	0	91379	0.0	0.0
clust0021	clustered_cis_ohnolog	body	29	0.475	0	91379	0.0	0.0
clust0021	clustered_cis_ohnolog	body	30	0.525	0	91378	0.0	0.0
clust0021	clustered_cis_ohnolog	body	31	0.575	0	91379	0.0	0.0
clust0021	clustered_cis_ohnolog	body	32	0.625	0	91379	0.0	0.0
clust0021	clustered_cis_ohnolog	body	33	0.675	5	91379	0.07053	0.054717
clust0021	clustered_cis_ohnolog	body	34	0.725	2	91379	0.012092	0.021887
clust0021	clustered_cis_ohnolog	body	35	0.775	4	91378	0.020366	0.043774
clust0021	clustered_cis_ohnolog	body	36	0.825	0	91379	0.0	0.0
clust0021	clustered_cis_ohnolog	body	37	0.875	0	91379	0.0	0.0
clust0021	clustered_cis_ohnolog	body	38	0.925	0	91379	0.0	0.0
clust0021	clustered_cis_ohnolog	body	39	0.975	8	91379	0.07412	0.087547
clust0021	clustered_cis_ohnolog	right_flank	40	1.025	0	5000	0.1596	0.0
clust0021	clustered_cis_ohnolog	right_flank	41	1.075	0	5000	0.0	0.0
clust0021	clustered_cis_ohnolog	right_flank	42	1.125	0	5000	0.0	0.0
clust0021	clustered_cis_ohnolog	right_flank	43	1.175	0	5000	0.0	0.0
clust0021	clustered_cis_ohnolog	right_flank	44	1.225	0	5000	0.0	0.0
clust0021	clustered_cis_ohnolog	right_flank	45	1.275	0	5000	0.0	0.0
clust0021	clustered_cis_ohnolog	right_flank	46	1.325	2	5000	0.422	0.4
clust0021	clustered_cis_ohnolog	right_flank	47	1.375	0	5000	0.0	0.0
clust0021	clustered_cis_ohnolog	right_flank	48	1.425	0	5000	0.0	0.0
clust0021	clustered_cis_ohnolog	right_flank	49	1.475	0	5000	0.0	0.0
clust0021	clustered_cis_ohnolog	right_flank	50	1.525	0	5000	0.0	0.0
clust0021	clustered_cis_ohnolog	right_flank	51	1.575	0	5000	0.0	0.0
clust0021	clustered_cis_ohnolog	right_flank	52	1.625	0	5000	0.0	0.0
clust0021	clustered_cis_ohnolog	right_flank	53	1.675	0	5000	0.0	0.0
clust0021	clustered_cis_ohnolog	right_flank	54	1.725	0	5000	0.0	0.0
clust0021	clustered_cis_ohnolog	right_flank	55	1.775	0	5000	0.0	0.0
clust0021	clustered_cis_ohnolog	right_flank	56	1.825	0	5000	0.0	0.0
clust0021	clustered_cis_ohnolog	right_flank	57	1.875	0	5000	0.0	0.0
clust0021	clustered_cis_ohnolog	right_flank	58	1.925	1	5000	0.102	0.2
clust0021	clustered_cis_ohnolog	right_flank	59	1.975	1	5000	0.1202	0.2
clust0033	clustered_cis_ohnolog	left_flank	0	-0.975	0	5000	0.0	0.0
clust0033	clustered_cis_ohnolog	left_flank	1	-0.925	0	5000	0.0	0.0
clust0033	clustered_cis_ohnolog	left_flank	2	-0.875	0	5000	0.0	0.0
clust0033	clustered_cis_ohnolog	left_flank	3	-0.825	0	5000	0.0	0.0
clust0033	clustered_cis_ohnolog	left_flank	4	-0.775	0	5000	0.0	0.0
clust0033	clustered_cis_ohnolog	left_flank	5	-0.725	0	5000	0.0	0.0
clust0033	clustered_cis_ohnolog	left_flank	6	-0.675	0	5000	0.0	0.0
clust0033	clustered_cis_ohnolog	left_flank	7	-0.625	0	5000	0.0	0.0
clust0033	clustered_cis_ohnolog	left_flank	8	-0.575	0	5000	0.0	0.0
clust0033	clustered_cis_ohnolog	left_flank	9	-0.525	0	5000	0.0	0.0
clust0033	clustered_cis_ohnolog	left_flank	10	-0.475	0	5000	0.0	0.0
clust0033	clustered_cis_ohnolog	left_flank	11	-0.425	0	5000	0.0	0.0
clust0033	clustered_cis_ohnolog	left_flank	12	-0.375	0	5000	0.0	0.0
clust0033	clustered_cis_ohnolog	left_flank	13	-0.325	0	5000	0.0	0.0
clust0033	clustered_cis_ohnolog	left_flank	14	-0.275	0	5000	0.0	0.0
clust0033	clustered_cis_ohnolog	left_flank	15	-0.225	0	5000	0.0	0.0
clust0033	clustered_cis_ohnolog	left_flank	16	-0.175	0	5000	0.0	0.0
clust0033	clustered_cis_ohnolog	left_flank	17	-0.125	0	5000	0.0	0.0
clust0033	clustered_cis_ohnolog	left_flank	18	-0.075	0	5000	0.0	0.0
clust0033	clustered_cis_ohnolog	left_flank	19	-0.025	0	5000	0.0	0.0
clust0033	clustered_cis_ohnolog	body	20	0.025	0	22246	0.0	0.0
clust0033	clustered_cis_ohnolog	body	21	0.075	0	22246	0.0	0.0
clust0033	clustered_cis_ohnolog	body	22	0.125	0	22247	0.0	0.0
clust0033	clustered_cis_ohnolog	body	23	0.175	0	22246	0.0	0.0
clust0033	clustered_cis_ohnolog	body	24	0.225	0	22247	0.0	0.0
clust0033	clustered_cis_ohnolog	body	25	0.275	0	22246	0.0	0.0
clust0033	clustered_cis_ohnolog	body	26	0.325	0	22246	0.0	0.0
clust0033	clustered_cis_ohnolog	body	27	0.375	0	22247	0.0	0.0
clust0033	clustered_cis_ohnolog	body	28	0.425	0	22246	0.0	0.0
clust0033	clustered_cis_ohnolog	body	29	0.475	0	22247	0.0	0.0
clust0033	clustered_cis_ohnolog	body	30	0.525	0	22246	0.0	0.0
clust0033	clustered_cis_ohnolog	body	31	0.575	0	22246	0.0	0.0
clust0033	clustered_cis_ohnolog	body	32	0.625	0	22247	0.0	0.0
clust0033	clustered_cis_ohnolog	body	33	0.675	0	22246	0.0	0.0
clust0033	clustered_cis_ohnolog	body	34	0.725	0	22247	0.0	0.0
clust0033	clustered_cis_ohnolog	body	35	0.775	0	22246	0.0	0.0
clust0033	clustered_cis_ohnolog	body	36	0.825	1	22246	0.017576	0.044952
clust0033	clustered_cis_ohnolog	body	37	0.875	3	22247	0.091833	0.13485
clust0033	clustered_cis_ohnolog	body	38	0.925	0	22246	0.0	0.0
clust0033	clustered_cis_ohnolog	body	39	0.975	3	22247	0.146582	0.13485
clust0033	clustered_cis_ohnolog	right_flank	40	1.025	0	5000	0.0	0.0
clust0033	clustered_cis_ohnolog	right_flank	41	1.075	1	5000	0.1314	0.2
clust0033	clustered_cis_ohnolog	right_flank	42	1.125	0	5000	0.0	0.0
clust0033	clustered_cis_ohnolog	right_flank	43	1.175	0	5000	0.0	0.0
clust0033	clustered_cis_ohnolog	right_flank	44	1.225	0	5000	0.0	0.0
clust0033	clustered_cis_ohnolog	right_flank	45	1.275	0	5000	0.0	0.0
clust0033	clustered_cis_ohnolog	right_flank	46	1.325	0	5000	0.0	0.0
clust0033	clustered_cis_ohnolog	right_flank	47	1.375	0	5000	0.0	0.0
clust0033	clustered_cis_ohnolog	right_flank	48	1.425	0	5000	0.0	0.0
clust0033	clustered_cis_ohnolog	right_flank	49	1.475	0	5000	0.0	0.0
clust0033	clustered_cis_ohnolog	right_flank	50	1.525	0	5000	0.0	0.0
clust0033	clustered_cis_ohnolog	right_flank	51	1.575	0	5000	0.0	0.0
clust0033	clustered_cis_ohnolog	right_flank	52	1.625	0	5000	0.0	0.0
clust0033	clustered_cis_ohnolog	right_flank	53	1.675	0	5000	0.0	0.0
clust0033	clustered_cis_ohnolog	right_flank	54	1.725	0	5000	0.0	0.0
clust0033	clustered_cis_ohnolog	right_flank	55	1.775	0	5000	0.0	0.0
clust0033	clustered_cis_ohnolog	right_flank	56	1.825	0	5000	0.0	0.0
clust0033	clustered_cis_ohnolog	right_flank	57	1.875	0	5000	0.0	0.0
clust0033	clustered_cis_ohnolog	right_flank	58	1.925	0	5000	0.0	0.0
clust0033	clustered_cis_ohnolog	right_flank	59	1.975	0	5000	0.0	0.0
clust0022	clustered_cis_ohnolog	left_flank	0	-0.975	0	5000	0.0	0.0
clust0022	clustered_cis_ohnolog	left_flank	1	-0.925	0	5000	0.0	0.0
clust0022	clustered_cis_ohnolog	left_flank	2	-0.875	0	5000	0.0	0.0
clust0022	clustered_cis_ohnolog	left_flank	3	-0.825	0	5000	0.0	0.0
clust0022	clustered_cis_ohnolog	left_flank	4	-0.775	0	5000	0.0	0.0
clust0022	clustered_cis_ohnolog	left_flank	5	-0.725	0	5000	0.0	0.0
clust0022	clustered_cis_ohnolog	left_flank	6	-0.675	0	5000	0.0	0.0
clust0022	clustered_cis_ohnolog	left_flank	7	-0.625	1	5000	0.082	0.2
clust0022	clustered_cis_ohnolog	left_flank	8	-0.575	0	5000	0.0	0.0
clust0022	clustered_cis_ohnolog	left_flank	9	-0.525	0	5000	0.0	0.0
clust0022	clustered_cis_ohnolog	left_flank	10	-0.475	0	5000	0.0	0.0
clust0022	clustered_cis_ohnolog	left_flank	11	-0.425	0	5000	0.0	0.0
clust0022	clustered_cis_ohnolog	left_flank	12	-0.375	0	5000	0.0	0.0
clust0022	clustered_cis_ohnolog	left_flank	13	-0.325	0	5000	0.0	0.0
clust0022	clustered_cis_ohnolog	left_flank	14	-0.275	0	5000	0.0	0.0
clust0022	clustered_cis_ohnolog	left_flank	15	-0.225	0	5000	0.0	0.0
clust0022	clustered_cis_ohnolog	left_flank	16	-0.175	0	5000	0.0	0.0
clust0022	clustered_cis_ohnolog	left_flank	17	-0.125	0	5000	0.0	0.0
clust0022	clustered_cis_ohnolog	left_flank	18	-0.075	0	5000	0.0	0.0
clust0022	clustered_cis_ohnolog	left_flank	19	-0.025	0	5000	0.0	0.0
clust0022	clustered_cis_ohnolog	body	20	0.025	0	1792	0.0	0.0
clust0022	clustered_cis_ohnolog	body	21	0.075	0	1792	0.0	0.0
clust0022	clustered_cis_ohnolog	body	22	0.125	0	1793	0.0	0.0
clust0022	clustered_cis_ohnolog	body	23	0.175	0	1792	0.0	0.0
clust0022	clustered_cis_ohnolog	body	24	0.225	0	1793	0.0	0.0
clust0022	clustered_cis_ohnolog	body	25	0.275	0	1792	0.0	0.0
clust0022	clustered_cis_ohnolog	body	26	0.325	0	1793	0.0	0.0
clust0022	clustered_cis_ohnolog	body	27	0.375	0	1792	0.0	0.0
clust0022	clustered_cis_ohnolog	body	28	0.425	0	1793	0.0	0.0
clust0022	clustered_cis_ohnolog	body	29	0.475	0	1792	0.0	0.0
clust0022	clustered_cis_ohnolog	body	30	0.525	0	1792	0.0	0.0
clust0022	clustered_cis_ohnolog	body	31	0.575	0	1793	0.0	0.0
clust0022	clustered_cis_ohnolog	body	32	0.625	0	1792	0.0	0.0
clust0022	clustered_cis_ohnolog	body	33	0.675	1	1793	0.297267	0.557724
clust0022	clustered_cis_ohnolog	body	34	0.725	0	1792	0.0	0.0
clust0022	clustered_cis_ohnolog	body	35	0.775	0	1793	0.0	0.0
clust0022	clustered_cis_ohnolog	body	36	0.825	0	1792	0.0	0.0
clust0022	clustered_cis_ohnolog	body	37	0.875	0	1793	0.0	0.0
clust0022	clustered_cis_ohnolog	body	38	0.925	0	1792	0.0	0.0
clust0022	clustered_cis_ohnolog	body	39	0.975	0	1793	0.0	0.0
clust0022	clustered_cis_ohnolog	right_flank	40	1.025	0	5000	0.0	0.0
clust0022	clustered_cis_ohnolog	right_flank	41	1.075	0	5000	0.0	0.0
clust0022	clustered_cis_ohnolog	right_flank	42	1.125	0	5000	0.0	0.0
clust0022	clustered_cis_ohnolog	right_flank	43	1.175	0	5000	0.0	0.0
clust0022	clustered_cis_ohnolog	right_flank	44	1.225	0	5000	0.0	0.0
clust0022	clustered_cis_ohnolog	right_flank	45	1.275	0	5000	0.0	0.0
clust0022	clustered_cis_ohnolog	right_flank	46	1.325	0	5000	0.0	0.0
clust0022	clustered_cis_ohnolog	right_flank	47	1.375	0	5000	0.0	0.0
clust0022	clustered_cis_ohnolog	right_flank	48	1.425	0	5000	0.0	0.0
clust0022	clustered_cis_ohnolog	right_flank	49	1.475	0	5000	0.0	0.0
clust0022	clustered_cis_ohnolog	right_flank	50	1.525	0	5000	0.0	0.0
clust0022	clustered_cis_ohnolog	right_flank	51	1.575	0	5000	0.0	0.0
clust0022	clustered_cis_ohnolog	right_flank	52	1.625	0	5000	0.0	0.0
clust0022	clustered_cis_ohnolog	right_flank	53	1.675	0	5000	0.0	0.0
clust0022	clustered_cis_ohnolog	right_flank	54	1.725	0	5000	0.0	0.0
clust0022	clustered_cis_ohnolog	right_flank	55	1.775	0	5000	0.0	0.0
clust0022	clustered_cis_ohnolog	right_flank	56	1.825	0	5000	0.0	0.0
clust0022	clustered_cis_ohnolog	right_flank	57	1.875	0	5000	0.0	0.0
clust0022	clustered_cis_ohnolog	right_flank	58	1.925	0	5000	0.0	0.0
clust0022	clustered_cis_ohnolog	right_flank	59	1.975	0	5000	0.0	0.0
clust0058	clustered_cis_ohnolog	left_flank	0	-0.975	0	5000	0.0	0.0
clust0058	clustered_cis_ohnolog	left_flank	1	-0.925	0	5000	0.0	0.0
clust0058	clustered_cis_ohnolog	left_flank	2	-0.875	0	5000	0.0	0.0
clust0058	clustered_cis_ohnolog	left_flank	3	-0.825	0	5000	0.0	0.0
clust0058	clustered_cis_ohnolog	left_flank	4	-0.775	0	5000	0.0	0.0
clust0058	clustered_cis_ohnolog	left_flank	5	-0.725	0	5000	0.0	0.0
clust0058	clustered_cis_ohnolog	left_flank	6	-0.675	0	5000	0.0	0.0
clust0058	clustered_cis_ohnolog	left_flank	7	-0.625	0	5000	0.0	0.0
clust0058	clustered_cis_ohnolog	left_flank	8	-0.575	0	5000	0.0	0.0
clust0058	clustered_cis_ohnolog	left_flank	9	-0.525	0	5000	0.0	0.0
clust0058	clustered_cis_ohnolog	left_flank	10	-0.475	0	5000	0.0	0.0
clust0058	clustered_cis_ohnolog	left_flank	11	-0.425	0	5000	0.0	0.0
clust0058	clustered_cis_ohnolog	left_flank	12	-0.375	0	5000	0.0	0.0
clust0058	clustered_cis_ohnolog	left_flank	13	-0.325	0	5000	0.0	0.0
clust0058	clustered_cis_ohnolog	left_flank	14	-0.275	4	5000	0.9744	0.8
clust0058	clustered_cis_ohnolog	left_flank	15	-0.225	0	5000	0.0	0.0
clust0058	clustered_cis_ohnolog	left_flank	16	-0.175	0	5000	0.0	0.0
clust0058	clustered_cis_ohnolog	left_flank	17	-0.125	0	5000	0.0	0.0
clust0058	clustered_cis_ohnolog	left_flank	18	-0.075	0	5000	0.0	0.0
clust0058	clustered_cis_ohnolog	left_flank	19	-0.025	0	5000	0.081	0.0
clust0058	clustered_cis_ohnolog	body	20	0.025	3	82632	0.044256	0.036306
clust0058	clustered_cis_ohnolog	body	21	0.075	0	82632	0.0	0.0
clust0058	clustered_cis_ohnolog	body	22	0.125	0	82632	0.0	0.0
clust0058	clustered_cis_ohnolog	body	23	0.175	0	82633	0.0	0.0
clust0058	clustered_cis_ohnolog	body	24	0.225	0	82632	0.0	0.0
clust0058	clustered_cis_ohnolog	body	25	0.275	0	82632	0.0	0.0
clust0058	clustered_cis_ohnolog	body	26	0.325	0	82633	0.0	0.0
clust0058	clustered_cis_ohnolog	body	27	0.375	0	82632	0.0	0.0
clust0058	clustered_cis_ohnolog	body	28	0.425	0	82632	0.0	0.0
clust0058	clustered_cis_ohnolog	body	29	0.475	0	82633	0.0	0.0
clust0058	clustered_cis_ohnolog	body	30	0.525	0	82632	0.0	0.0
clust0058	clustered_cis_ohnolog	body	31	0.575	0	82632	0.0	0.0
clust0058	clustered_cis_ohnolog	body	32	0.625	0	82632	0.0	0.0
clust0058	clustered_cis_ohnolog	body	33	0.675	0	82633	0.0	0.0
clust0058	clustered_cis_ohnolog	body	34	0.725	0	82632	0.0	0.0
clust0058	clustered_cis_ohnolog	body	35	0.775	0	82632	0.0	0.0
clust0058	clustered_cis_ohnolog	body	36	0.825	0	82633	0.0	0.0
clust0058	clustered_cis_ohnolog	body	37	0.875	0	82632	0.0	0.0
clust0058	clustered_cis_ohnolog	body	38	0.925	0	82632	0.0	0.0
clust0058	clustered_cis_ohnolog	body	39	0.975	0	82633	0.0	0.0
clust0058	clustered_cis_ohnolog	right_flank	40	1.025	0	5000	0.0	0.0
clust0058	clustered_cis_ohnolog	right_flank	41	1.075	0	5000	0.0	0.0
clust0058	clustered_cis_ohnolog	right_flank	42	1.125	0	5000	0.0	0.0
clust0058	clustered_cis_ohnolog	right_flank	43	1.175	0	5000	0.0	0.0
clust0058	clustered_cis_ohnolog	right_flank	44	1.225	0	5000	0.0	0.0
clust0058	clustered_cis_ohnolog	right_flank	45	1.275	0	5000	0.0	0.0
clust0058	clustered_cis_ohnolog	right_flank	46	1.325	0	5000	0.0	0.0
clust0058	clustered_cis_ohnolog	right_flank	47	1.375	0	5000	0.0	0.0
clust0058	clustered_cis_ohnolog	right_flank	48	1.425	0	5000	0.0	0.0
clust0058	clustered_cis_ohnolog	right_flank	49	1.475	0	5000	0.0002	0.0
clust0058	clustered_cis_ohnolog	right_flank	50	1.525	1	5000	0.0962	0.2
clust0058	clustered_cis_ohnolog	right_flank	51	1.575	0	5000	0.0	0.0
clust0058	clustered_cis_ohnolog	right_flank	52	1.625	0	5000	0.0	0.0
clust0058	clustered_cis_ohnolog	right_flank	53	1.675	6	5000	1.9452	1.2
clust0058	clustered_cis_ohnolog	right_flank	54	1.725	0	5000	0.0	0.0
clust0058	clustered_cis_ohnolog	right_flank	55	1.775	0	5000	0.0	0.0
clust0058	clustered_cis_ohnolog	right_flank	56	1.825	0	5000	0.0	0.0
clust0058	clustered_cis_ohnolog	right_flank	57	1.875	0	5000	0.0	0.0
clust0058	clustered_cis_ohnolog	right_flank	58	1.925	0	5000	0.0	0.0
clust0058	clustered_cis_ohnolog	right_flank	59	1.975	0	5000	0.0	0.0
clust0023	clustered_cis_ohnolog	left_flank	0	-0.975	0	5000	0.0	0.0
clust0023	clustered_cis_ohnolog	left_flank	1	-0.925	0	5000	0.0	0.0
clust0023	clustered_cis_ohnolog	left_flank	2	-0.875	0	5000	0.0	0.0
clust0023	clustered_cis_ohnolog	left_flank	3	-0.825	0	5000	0.0	0.0
clust0023	clustered_cis_ohnolog	left_flank	4	-0.775	0	5000	0.0	0.0
clust0023	clustered_cis_ohnolog	left_flank	5	-0.725	0	5000	0.0	0.0
clust0023	clustered_cis_ohnolog	left_flank	6	-0.675	3	5000	0.5088	0.6
clust0023	clustered_cis_ohnolog	left_flank	7	-0.625	0	5000	0.0	0.0
clust0023	clustered_cis_ohnolog	left_flank	8	-0.575	0	5000	0.0	0.0
clust0023	clustered_cis_ohnolog	left_flank	9	-0.525	0	5000	0.0	0.0
clust0023	clustered_cis_ohnolog	left_flank	10	-0.475	1	5000	0.0598	0.2
clust0023	clustered_cis_ohnolog	left_flank	11	-0.425	0	5000	0.0	0.0
clust0023	clustered_cis_ohnolog	left_flank	12	-0.375	0	5000	0.0	0.0
clust0023	clustered_cis_ohnolog	left_flank	13	-0.325	0	5000	0.0	0.0
clust0023	clustered_cis_ohnolog	left_flank	14	-0.275	0	5000	0.0	0.0
clust0023	clustered_cis_ohnolog	left_flank	15	-0.225	0	5000	0.0	0.0
clust0023	clustered_cis_ohnolog	left_flank	16	-0.175	0	5000	0.0	0.0
clust0023	clustered_cis_ohnolog	left_flank	17	-0.125	0	5000	0.0	0.0
clust0023	clustered_cis_ohnolog	left_flank	18	-0.075	0	5000	0.0	0.0
clust0023	clustered_cis_ohnolog	left_flank	19	-0.025	0	5000	0.0	0.0
clust0023	clustered_cis_ohnolog	body	20	0.025	0	7943	0.0	0.0
clust0023	clustered_cis_ohnolog	body	21	0.075	0	7943	0.0	0.0
clust0023	clustered_cis_ohnolog	body	22	0.125	0	7943	0.0	0.0
clust0023	clustered_cis_ohnolog	body	23	0.175	0	7943	0.0	0.0
clust0023	clustered_cis_ohnolog	body	24	0.225	0	7943	0.0	0.0
clust0023	clustered_cis_ohnolog	body	25	0.275	2	7943	0.159889	0.251794
clust0023	clustered_cis_ohnolog	body	26	0.325	0	7943	0.0	0.0
clust0023	clustered_cis_ohnolog	body	27	0.375	0	7943	0.0	0.0
clust0023	clustered_cis_ohnolog	body	28	0.425	0	7943	0.0	0.0
clust0023	clustered_cis_ohnolog	body	29	0.475	0	7943	0.0	0.0
clust0023	clustered_cis_ohnolog	body	30	0.525	0	7943	0.0	0.0
clust0023	clustered_cis_ohnolog	body	31	0.575	0	7943	0.0	0.0
clust0023	clustered_cis_ohnolog	body	32	0.625	0	7943	0.0	0.0
clust0023	clustered_cis_ohnolog	body	33	0.675	0	7943	0.0	0.0
clust0023	clustered_cis_ohnolog	body	34	0.725	0	7943	0.0	0.0
clust0023	clustered_cis_ohnolog	body	35	0.775	0	7943	0.0	0.0
clust0023	clustered_cis_ohnolog	body	36	0.825	0	7943	0.0	0.0
clust0023	clustered_cis_ohnolog	body	37	0.875	0	7943	0.0	0.0
clust0023	clustered_cis_ohnolog	body	38	0.925	0	7943	0.0	0.0
clust0023	clustered_cis_ohnolog	body	39	0.975	1	7943	0.072768	0.125897
clust0023	clustered_cis_ohnolog	right_flank	40	1.025	0	5000	0.0	0.0
clust0023	clustered_cis_ohnolog	right_flank	41	1.075	0	5000	0.0	0.0
clust0023	clustered_cis_ohnolog	right_flank	42	1.125	0	5000	0.0	0.0
clust0023	clustered_cis_ohnolog	right_flank	43	1.175	0	5000	0.0	0.0
clust0023	clustered_cis_ohnolog	right_flank	44	1.225	1	5000	0.1082	0.2
clust0023	clustered_cis_ohnolog	right_flank	45	1.275	0	5000	0.0	0.0
clust0023	clustered_cis_ohnolog	right_flank	46	1.325	0	5000	0.0	0.0
clust0023	clustered_cis_ohnolog	right_flank	47	1.375	0	5000	0.0	0.0
clust0023	clustered_cis_ohnolog	right_flank	48	1.425	0	5000	0.0	0.0
clust0023	clustered_cis_ohnolog	right_flank	49	1.475	0	5000	0.0	0.0
clust0023	clustered_cis_ohnolog	right_flank	50	1.525	0	5000	0.0	0.0
clust0023	clustered_cis_ohnolog	right_flank	51	1.575	0	5000	0.0	0.0
clust0023	clustered_cis_ohnolog	right_flank	52	1.625	0	5000	0.0	0.0
clust0023	clustered_cis_ohnolog	right_flank	53	1.675	0	5000	0.0	0.0
clust0023	clustered_cis_ohnolog	right_flank	54	1.725	0	5000	0.0	0.0
clust0023	clustered_cis_ohnolog	right_flank	55	1.775	0	5000	0.0	0.0
clust0023	clustered_cis_ohnolog	right_flank	56	1.825	0	5000	0.0	0.0
clust0023	clustered_cis_ohnolog	right_flank	57	1.875	0	5000	0.0	0.0
clust0023	clustered_cis_ohnolog	right_flank	58	1.925	0	5000	0.0	0.0
clust0023	clustered_cis_ohnolog	right_flank	59	1.975	0	5000	0.0	0.0
clust0024	clustered_cis_ohnolog	left_flank	0	-0.975	0	5000	0.0	0.0
clust0024	clustered_cis_ohnolog	left_flank	1	-0.925	0	5000	0.0	0.0
clust0024	clustered_cis_ohnolog	left_flank	2	-0.875	0	5000	0.0	0.0
clust0024	clustered_cis_ohnolog	left_flank	3	-0.825	0	5000	0.0	0.0
clust0024	clustered_cis_ohnolog	left_flank	4	-0.775	0	5000	0.0	0.0
clust0024	clustered_cis_ohnolog	left_flank	5	-0.725	0	5000	0.0	0.0
clust0024	clustered_cis_ohnolog	left_flank	6	-0.675	0	5000	0.0	0.0
clust0024	clustered_cis_ohnolog	left_flank	7	-0.625	0	5000	0.0	0.0
clust0024	clustered_cis_ohnolog	left_flank	8	-0.575	0	5000	0.0	0.0
clust0024	clustered_cis_ohnolog	left_flank	9	-0.525	0	5000	0.0	0.0
clust0024	clustered_cis_ohnolog	left_flank	10	-0.475	0	5000	0.0	0.0
clust0024	clustered_cis_ohnolog	left_flank	11	-0.425	0	5000	0.0	0.0
clust0024	clustered_cis_ohnolog	left_flank	12	-0.375	0	5000	0.0	0.0
clust0024	clustered_cis_ohnolog	left_flank	13	-0.325	0	5000	0.0	0.0
clust0024	clustered_cis_ohnolog	left_flank	14	-0.275	0	5000	0.0	0.0
clust0024	clustered_cis_ohnolog	left_flank	15	-0.225	0	5000	0.0	0.0
clust0024	clustered_cis_ohnolog	left_flank	16	-0.175	0	5000	0.0	0.0
clust0024	clustered_cis_ohnolog	left_flank	17	-0.125	0	5000	0.0	0.0
clust0024	clustered_cis_ohnolog	left_flank	18	-0.075	0	5000	0.0	0.0
clust0024	clustered_cis_ohnolog	left_flank	19	-0.025	0	5000	0.0	0.0
clust0024	clustered_cis_ohnolog	body	20	0.025	0	6212	0.0	0.0
clust0024	clustered_cis_ohnolog	body	21	0.075	0	6212	0.0	0.0
clust0024	clustered_cis_ohnolog	body	22	0.125	0	6213	0.0	0.0
clust0024	clustered_cis_ohnolog	body	23	0.175	0	6212	0.0	0.0
clust0024	clustered_cis_ohnolog	body	24	0.225	0	6212	0.0	0.0
clust0024	clustered_cis_ohnolog	body	25	0.275	0	6213	0.0	0.0
clust0024	clustered_cis_ohnolog	body	26	0.325	0	6212	0.0	0.0
clust0024	clustered_cis_ohnolog	body	27	0.375	0	6212	0.0	0.0
clust0024	clustered_cis_ohnolog	body	28	0.425	0	6213	0.0	0.0
clust0024	clustered_cis_ohnolog	body	29	0.475	0	6212	0.0	0.0
clust0024	clustered_cis_ohnolog	body	30	0.525	0	6212	0.0	0.0
clust0024	clustered_cis_ohnolog	body	31	0.575	0	6213	0.0	0.0
clust0024	clustered_cis_ohnolog	body	32	0.625	0	6212	0.0	0.0
clust0024	clustered_cis_ohnolog	body	33	0.675	0	6212	0.0	0.0
clust0024	clustered_cis_ohnolog	body	34	0.725	0	6213	0.0	0.0
clust0024	clustered_cis_ohnolog	body	35	0.775	0	6212	0.0	0.0
clust0024	clustered_cis_ohnolog	body	36	0.825	0	6212	0.0	0.0
clust0024	clustered_cis_ohnolog	body	37	0.875	0	6213	0.0	0.0
clust0024	clustered_cis_ohnolog	body	38	0.925	0	6212	0.0	0.0
clust0024	clustered_cis_ohnolog	body	39	0.975	0	6213	0.0	0.0
clust0024	clustered_cis_ohnolog	right_flank	40	1.025	0	5000	0.0	0.0
clust0024	clustered_cis_ohnolog	right_flank	41	1.075	0	5000	0.0	0.0
clust0024	clustered_cis_ohnolog	right_flank	42	1.125	0	5000	0.0	0.0
clust0024	clustered_cis_ohnolog	right_flank	43	1.175	0	5000	0.0	0.0
clust0024	clustered_cis_ohnolog	right_flank	44	1.225	0	5000	0.0	0.0
clust0024	clustered_cis_ohnolog	right_flank	45	1.275	0	5000	0.0	0.0
clust0024	clustered_cis_ohnolog	right_flank	46	1.325	0	5000	0.0	0.0
clust0024	clustered_cis_ohnolog	right_flank	47	1.375	0	5000	0.0	0.0
clust0024	clustered_cis_ohnolog	right_flank	48	1.425	0	5000	0.0	0.0
clust0024	clustered_cis_ohnolog	right_flank	49	1.475	0	5000	0.0	0.0
clust0024	clustered_cis_ohnolog	right_flank	50	1.525	0	5000	0.0	0.0
clust0024	clustered_cis_ohnolog	right_flank	51	1.575	0	5000	0.0	0.0
clust0024	clustered_cis_ohnolog	right_flank	52	1.625	0	5000	0.0	0.0
clust0024	clustered_cis_ohnolog	right_flank	53	1.675	0	5000	0.0	0.0
clust0024	clustered_cis_ohnolog	right_flank	54	1.725	0	5000	0.0	0.0
clust0024	clustered_cis_ohnolog	right_flank	55	1.775	0	5000	0.0	0.0
clust0024	clustered_cis_ohnolog	right_flank	56	1.825	0	5000	0.0	0.0
clust0024	clustered_cis_ohnolog	right_flank	57	1.875	0	5000	0.0	0.0
clust0024	clustered_cis_ohnolog	right_flank	58	1.925	0	5000	0.0	0.0
clust0024	clustered_cis_ohnolog	right_flank	59	1.975	0	5000	0.0	0.0
clust0052	clustered_cis_ohnolog	left_flank	0	-0.975	0	5000	0.0	0.0
clust0052	clustered_cis_ohnolog	left_flank	1	-0.925	0	5000	0.0	0.0
clust0052	clustered_cis_ohnolog	left_flank	2	-0.875	0	5000	0.0	0.0
clust0052	clustered_cis_ohnolog	left_flank	3	-0.825	1	5000	0.1234	0.2
clust0052	clustered_cis_ohnolog	left_flank	4	-0.775	6	5000	0.9908	1.2
clust0052	clustered_cis_ohnolog	left_flank	5	-0.725	0	5000	0.0	0.0
clust0052	clustered_cis_ohnolog	left_flank	6	-0.675	0	5000	0.0	0.0
clust0052	clustered_cis_ohnolog	left_flank	7	-0.625	0	5000	0.0	0.0
clust0052	clustered_cis_ohnolog	left_flank	8	-0.575	0	5000	0.0	0.0
clust0052	clustered_cis_ohnolog	left_flank	9	-0.525	0	5000	0.0	0.0
clust0052	clustered_cis_ohnolog	left_flank	10	-0.475	0	5000	0.0	0.0
clust0052	clustered_cis_ohnolog	left_flank	11	-0.425	0	5000	0.0	0.0
clust0052	clustered_cis_ohnolog	left_flank	12	-0.375	0	5000	0.0	0.0
clust0052	clustered_cis_ohnolog	left_flank	13	-0.325	0	5000	0.0	0.0
clust0052	clustered_cis_ohnolog	left_flank	14	-0.275	0	5000	0.0	0.0
clust0052	clustered_cis_ohnolog	left_flank	15	-0.225	0	5000	0.0	0.0
clust0052	clustered_cis_ohnolog	left_flank	16	-0.175	0	5000	0.0	0.0
clust0052	clustered_cis_ohnolog	left_flank	17	-0.125	0	5000	0.0	0.0
clust0052	clustered_cis_ohnolog	left_flank	18	-0.075	0	5000	0.0	0.0
clust0052	clustered_cis_ohnolog	left_flank	19	-0.025	0	5000	0.0	0.0
clust0052	clustered_cis_ohnolog	body	20	0.025	0	86199	0.0	0.0
clust0052	clustered_cis_ohnolog	body	21	0.075	2	86200	0.014896	0.023202
clust0052	clustered_cis_ohnolog	body	22	0.125	0	86199	0.0	0.0
clust0052	clustered_cis_ohnolog	body	23	0.175	0	86200	0.0	0.0
clust0052	clustered_cis_ohnolog	body	24	0.225	0	86199	0.0	0.0
clust0052	clustered_cis_ohnolog	body	25	0.275	0	86200	0.0	0.0
clust0052	clustered_cis_ohnolog	body	26	0.325	0	86199	0.0	0.0
clust0052	clustered_cis_ohnolog	body	27	0.375	0	86200	0.0	0.0
clust0052	clustered_cis_ohnolog	body	28	0.425	0	86199	0.0	0.0
clust0052	clustered_cis_ohnolog	body	29	0.475	0	86200	0.0	0.0
clust0052	clustered_cis_ohnolog	body	30	0.525	0	86199	0.0	0.0
clust0052	clustered_cis_ohnolog	body	31	0.575	0	86200	0.0	0.0
clust0052	clustered_cis_ohnolog	body	32	0.625	0	86199	0.0	0.0
clust0052	clustered_cis_ohnolog	body	33	0.675	0	86200	0.0	0.0
clust0052	clustered_cis_ohnolog	body	34	0.725	0	86199	0.0	0.0
clust0052	clustered_cis_ohnolog	body	35	0.775	0	86200	0.0	0.0
clust0052	clustered_cis_ohnolog	body	36	0.825	0	86199	0.0	0.0
clust0052	clustered_cis_ohnolog	body	37	0.875	0	86200	0.0	0.0
clust0052	clustered_cis_ohnolog	body	38	0.925	0	86199	0.0	0.0
clust0052	clustered_cis_ohnolog	body	39	0.975	0	86200	0.0	0.0
clust0052	clustered_cis_ohnolog	right_flank	40	1.025	0	5000	0.0	0.0
clust0052	clustered_cis_ohnolog	right_flank	41	1.075	0	5000	0.0	0.0
clust0052	clustered_cis_ohnolog	right_flank	42	1.125	0	5000	0.0	0.0
clust0052	clustered_cis_ohnolog	right_flank	43	1.175	0	5000	0.0	0.0
clust0052	clustered_cis_ohnolog	right_flank	44	1.225	0	5000	0.0	0.0
clust0052	clustered_cis_ohnolog	right_flank	45	1.275	0	5000	0.0	0.0
clust0052	clustered_cis_ohnolog	right_flank	46	1.325	0	5000	0.0	0.0
clust0052	clustered_cis_ohnolog	right_flank	47	1.375	0	5000	0.0	0.0
clust0052	clustered_cis_ohnolog	right_flank	48	1.425	0	5000	0.0	0.0
clust0052	clustered_cis_ohnolog	right_flank	49	1.475	0	5000	0.0	0.0
clust0052	clustered_cis_ohnolog	right_flank	50	1.525	0	5000	0.0	0.0
clust0052	clustered_cis_ohnolog	right_flank	51	1.575	0	5000	0.0	0.0
clust0052	clustered_cis_ohnolog	right_flank	52	1.625	0	5000	0.0	0.0
clust0052	clustered_cis_ohnolog	right_flank	53	1.675	0	5000	0.0	0.0
clust0052	clustered_cis_ohnolog	right_flank	54	1.725	0	5000	0.0	0.0
clust0052	clustered_cis_ohnolog	right_flank	55	1.775	0	5000	0.0	0.0
clust0052	clustered_cis_ohnolog	right_flank	56	1.825	0	5000	0.0	0.0
clust0052	clustered_cis_ohnolog	right_flank	57	1.875	0	5000	0.0	0.0
clust0052	clustered_cis_ohnolog	right_flank	58	1.925	0	5000	0.0	0.0
clust0052	clustered_cis_ohnolog	right_flank	59	1.975	0	5000	0.0	0.0
clust0036	clustered_cis_ohnolog	left_flank	0	-0.975	0	5000	0.0	0.0
clust0036	clustered_cis_ohnolog	left_flank	1	-0.925	0	5000	0.0	0.0
clust0036	clustered_cis_ohnolog	left_flank	2	-0.875	0	5000	0.0	0.0
clust0036	clustered_cis_ohnolog	left_flank	3	-0.825	0	5000	0.0	0.0
clust0036	clustered_cis_ohnolog	left_flank	4	-0.775	0	5000	0.0	0.0
clust0036	clustered_cis_ohnolog	left_flank	5	-0.725	0	5000	0.0	0.0
clust0036	clustered_cis_ohnolog	left_flank	6	-0.675	0	5000	0.0	0.0
clust0036	clustered_cis_ohnolog	left_flank	7	-0.625	0	5000	0.0	0.0
clust0036	clustered_cis_ohnolog	left_flank	8	-0.575	0	5000	0.0	0.0
clust0036	clustered_cis_ohnolog	left_flank	9	-0.525	0	5000	0.0	0.0
clust0036	clustered_cis_ohnolog	left_flank	10	-0.475	0	5000	0.0	0.0
clust0036	clustered_cis_ohnolog	left_flank	11	-0.425	0	5000	0.0	0.0
clust0036	clustered_cis_ohnolog	left_flank	12	-0.375	0	5000	0.0	0.0
clust0036	clustered_cis_ohnolog	left_flank	13	-0.325	0	5000	0.0	0.0
clust0036	clustered_cis_ohnolog	left_flank	14	-0.275	0	5000	0.0	0.0
clust0036	clustered_cis_ohnolog	left_flank	15	-0.225	0	5000	0.0	0.0
clust0036	clustered_cis_ohnolog	left_flank	16	-0.175	0	5000	0.0	0.0
clust0036	clustered_cis_ohnolog	left_flank	17	-0.125	0	5000	0.0	0.0
clust0036	clustered_cis_ohnolog	left_flank	18	-0.075	0	5000	0.0	0.0
clust0036	clustered_cis_ohnolog	left_flank	19	-0.025	0	5000	0.0	0.0
clust0036	clustered_cis_ohnolog	body	20	0.025	0	15089	0.0	0.0
clust0036	clustered_cis_ohnolog	body	21	0.075	0	15090	0.0	0.0
clust0036	clustered_cis_ohnolog	body	22	0.125	0	15090	0.0	0.0
clust0036	clustered_cis_ohnolog	body	23	0.175	0	15090	0.0	0.0
clust0036	clustered_cis_ohnolog	body	24	0.225	0	15090	0.0	0.0
clust0036	clustered_cis_ohnolog	body	25	0.275	0	15090	0.0	0.0
clust0036	clustered_cis_ohnolog	body	26	0.325	0	15090	0.0	0.0
clust0036	clustered_cis_ohnolog	body	27	0.375	0	15090	0.0	0.0
clust0036	clustered_cis_ohnolog	body	28	0.425	0	15090	0.0	0.0
clust0036	clustered_cis_ohnolog	body	29	0.475	0	15090	0.0	0.0
clust0036	clustered_cis_ohnolog	body	30	0.525	0	15090	0.0	0.0
clust0036	clustered_cis_ohnolog	body	31	0.575	0	15090	0.0	0.0
clust0036	clustered_cis_ohnolog	body	32	0.625	0	15090	0.0	0.0
clust0036	clustered_cis_ohnolog	body	33	0.675	0	15090	0.0	0.0
clust0036	clustered_cis_ohnolog	body	34	0.725	4	15090	0.111531	0.265076
clust0036	clustered_cis_ohnolog	body	35	0.775	1	15090	0.016832	0.066269
clust0036	clustered_cis_ohnolog	body	36	0.825	3	15090	0.137575	0.198807
clust0036	clustered_cis_ohnolog	body	37	0.875	0	15090	0.0	0.0
clust0036	clustered_cis_ohnolog	body	38	0.925	1	15090	0.02326	0.066269
clust0036	clustered_cis_ohnolog	body	39	0.975	1	15090	0.041087	0.066269
clust0036	clustered_cis_ohnolog	right_flank	40	1.025	0	5000	0.0	0.0
clust0036	clustered_cis_ohnolog	right_flank	41	1.075	0	5000	0.0	0.0
clust0036	clustered_cis_ohnolog	right_flank	42	1.125	0	5000	0.0	0.0
clust0036	clustered_cis_ohnolog	right_flank	43	1.175	0	5000	0.0	0.0
clust0036	clustered_cis_ohnolog	right_flank	44	1.225	0	5000	0.0	0.0
clust0036	clustered_cis_ohnolog	right_flank	45	1.275	0	5000	0.0	0.0
clust0036	clustered_cis_ohnolog	right_flank	46	1.325	0	5000	0.0	0.0
clust0036	clustered_cis_ohnolog	right_flank	47	1.375	0	5000	0.0	0.0
clust0036	clustered_cis_ohnolog	right_flank	48	1.425	0	5000	0.0	0.0
clust0036	clustered_cis_ohnolog	right_flank	49	1.475	0	5000	0.0	0.0
clust0036	clustered_cis_ohnolog	right_flank	50	1.525	0	5000	0.0	0.0
clust0036	clustered_cis_ohnolog	right_flank	51	1.575	0	5000	0.0	0.0
clust0036	clustered_cis_ohnolog	right_flank	52	1.625	0	5000	0.0	0.0
clust0036	clustered_cis_ohnolog	right_flank	53	1.675	0	5000	0.0	0.0
clust0036	clustered_cis_ohnolog	right_flank	54	1.725	0	5000	0.0	0.0
clust0036	clustered_cis_ohnolog	right_flank	55	1.775	0	5000	0.0	0.0
clust0036	clustered_cis_ohnolog	right_flank	56	1.825	0	5000	0.0	0.0
clust0036	clustered_cis_ohnolog	right_flank	57	1.875	0	5000	0.0	0.0
clust0036	clustered_cis_ohnolog	right_flank	58	1.925	0	5000	0.0	0.0
clust0036	clustered_cis_ohnolog	right_flank	59	1.975	0	5000	0.0	0.0
clust0001	clustered_cis_ohnolog	left_flank	0	-0.975	0	5000	0.0	0.0
clust0001	clustered_cis_ohnolog	left_flank	1	-0.925	0	5000	0.0	0.0
clust0001	clustered_cis_ohnolog	left_flank	2	-0.875	0	5000	0.0	0.0
clust0001	clustered_cis_ohnolog	left_flank	3	-0.825	0	5000	0.0	0.0
clust0001	clustered_cis_ohnolog	left_flank	4	-0.775	0	5000	0.0	0.0
clust0001	clustered_cis_ohnolog	left_flank	5	-0.725	0	5000	0.0	0.0
clust0001	clustered_cis_ohnolog	left_flank	6	-0.675	0	5000	0.0	0.0
clust0001	clustered_cis_ohnolog	left_flank	7	-0.625	0	5000	0.0	0.0
clust0001	clustered_cis_ohnolog	left_flank	8	-0.575	0	5000	0.0	0.0
clust0001	clustered_cis_ohnolog	left_flank	9	-0.525	0	5000	0.0	0.0
clust0001	clustered_cis_ohnolog	left_flank	10	-0.475	0	5000	0.0	0.0
clust0001	clustered_cis_ohnolog	left_flank	11	-0.425	0	5000	0.0	0.0
clust0001	clustered_cis_ohnolog	left_flank	12	-0.375	0	5000	0.0	0.0
clust0001	clustered_cis_ohnolog	left_flank	13	-0.325	0	5000	0.0	0.0
clust0001	clustered_cis_ohnolog	left_flank	14	-0.275	0	5000	0.0	0.0
clust0001	clustered_cis_ohnolog	left_flank	15	-0.225	0	5000	0.0	0.0
clust0001	clustered_cis_ohnolog	left_flank	16	-0.175	0	5000	0.0	0.0
clust0001	clustered_cis_ohnolog	left_flank	17	-0.125	0	5000	0.0	0.0
clust0001	clustered_cis_ohnolog	left_flank	18	-0.075	0	5000	0.0	0.0
clust0001	clustered_cis_ohnolog	left_flank	19	-0.025	0	5000	0.0	0.0
clust0001	clustered_cis_ohnolog	body	20	0.025	0	6704	0.0	0.0
clust0001	clustered_cis_ohnolog	body	21	0.075	0	6705	0.0	0.0
clust0001	clustered_cis_ohnolog	body	22	0.125	0	6704	0.0	0.0
clust0001	clustered_cis_ohnolog	body	23	0.175	0	6705	0.0	0.0
clust0001	clustered_cis_ohnolog	body	24	0.225	0	6705	0.0	0.0
clust0001	clustered_cis_ohnolog	body	25	0.275	0	6704	0.0	0.0
clust0001	clustered_cis_ohnolog	body	26	0.325	0	6705	0.0	0.0
clust0001	clustered_cis_ohnolog	body	27	0.375	0	6705	0.0	0.0
clust0001	clustered_cis_ohnolog	body	28	0.425	0	6704	0.0	0.0
clust0001	clustered_cis_ohnolog	body	29	0.475	0	6705	0.0	0.0
clust0001	clustered_cis_ohnolog	body	30	0.525	0	6705	0.0	0.0
clust0001	clustered_cis_ohnolog	body	31	0.575	0	6704	0.0	0.0
clust0001	clustered_cis_ohnolog	body	32	0.625	0	6705	0.0	0.0
clust0001	clustered_cis_ohnolog	body	33	0.675	0	6705	0.0	0.0
clust0001	clustered_cis_ohnolog	body	34	0.725	0	6704	0.0	0.0
clust0001	clustered_cis_ohnolog	body	35	0.775	0	6705	0.0	0.0
clust0001	clustered_cis_ohnolog	body	36	0.825	0	6705	0.0	0.0
clust0001	clustered_cis_ohnolog	body	37	0.875	0	6704	0.0	0.0
clust0001	clustered_cis_ohnolog	body	38	0.925	0	6705	0.0	0.0
clust0001	clustered_cis_ohnolog	body	39	0.975	0	6705	0.0	0.0
clust0001	clustered_cis_ohnolog	right_flank	40	1.025	0	5000	0.0	0.0
clust0001	clustered_cis_ohnolog	right_flank	41	1.075	0	5000	0.0	0.0
clust0001	clustered_cis_ohnolog	right_flank	42	1.125	0	5000	0.0	0.0
clust0001	clustered_cis_ohnolog	right_flank	43	1.175	0	5000	0.0	0.0
clust0001	clustered_cis_ohnolog	right_flank	44	1.225	0	5000	0.0	0.0
clust0001	clustered_cis_ohnolog	right_flank	45	1.275	0	5000	0.0	0.0
clust0001	clustered_cis_ohnolog	right_flank	46	1.325	0	5000	0.0	0.0
clust0001	clustered_cis_ohnolog	right_flank	47	1.375	0	5000	0.0	0.0
clust0001	clustered_cis_ohnolog	right_flank	48	1.425	0	5000	0.0	0.0
clust0001	clustered_cis_ohnolog	right_flank	49	1.475	0	5000	0.0	0.0
clust0001	clustered_cis_ohnolog	right_flank	50	1.525	0	5000	0.0	0.0
clust0001	clustered_cis_ohnolog	right_flank	51	1.575	0	5000	0.0	0.0
clust0001	clustered_cis_ohnolog	right_flank	52	1.625	0	5000	0.0	0.0
clust0001	clustered_cis_ohnolog	right_flank	53	1.675	0	5000	0.0	0.0
clust0001	clustered_cis_ohnolog	right_flank	54	1.725	0	5000	0.0	0.0
clust0001	clustered_cis_ohnolog	right_flank	55	1.775	0	5000	0.0	0.0
clust0001	clustered_cis_ohnolog	right_flank	56	1.825	0	5000	0.0	0.0
clust0001	clustered_cis_ohnolog	right_flank	57	1.875	0	5000	0.0	0.0
clust0001	clustered_cis_ohnolog	right_flank	58	1.925	0	5000	0.0	0.0
clust0001	clustered_cis_ohnolog	right_flank	59	1.975	0	5000	0.0	0.0
clust0025	clustered_cis_ohnolog	left_flank	0	-0.975	0	5000	0.0	0.0
clust0025	clustered_cis_ohnolog	left_flank	1	-0.925	0	5000	0.0	0.0
clust0025	clustered_cis_ohnolog	left_flank	2	-0.875	0	5000	0.0	0.0
clust0025	clustered_cis_ohnolog	left_flank	3	-0.825	0	5000	0.0	0.0
clust0025	clustered_cis_ohnolog	left_flank	4	-0.775	0	5000	0.0	0.0
clust0025	clustered_cis_ohnolog	left_flank	5	-0.725	0	5000	0.0	0.0
clust0025	clustered_cis_ohnolog	left_flank	6	-0.675	0	5000	0.0	0.0
clust0025	clustered_cis_ohnolog	left_flank	7	-0.625	0	5000	0.0	0.0
clust0025	clustered_cis_ohnolog	left_flank	8	-0.575	0	5000	0.0	0.0
clust0025	clustered_cis_ohnolog	left_flank	9	-0.525	0	5000	0.0	0.0
clust0025	clustered_cis_ohnolog	left_flank	10	-0.475	0	5000	0.0	0.0
clust0025	clustered_cis_ohnolog	left_flank	11	-0.425	0	5000	0.0	0.0
clust0025	clustered_cis_ohnolog	left_flank	12	-0.375	0	5000	0.0	0.0
clust0025	clustered_cis_ohnolog	left_flank	13	-0.325	0	5000	0.0	0.0
clust0025	clustered_cis_ohnolog	left_flank	14	-0.275	0	5000	0.0	0.0
clust0025	clustered_cis_ohnolog	left_flank	15	-0.225	0	5000	0.0	0.0
clust0025	clustered_cis_ohnolog	left_flank	16	-0.175	0	5000	0.0	0.0
clust0025	clustered_cis_ohnolog	left_flank	17	-0.125	0	5000	0.0	0.0
clust0025	clustered_cis_ohnolog	left_flank	18	-0.075	0	5000	0.0	0.0
clust0025	clustered_cis_ohnolog	left_flank	19	-0.025	0	5000	0.0	0.0
clust0025	clustered_cis_ohnolog	body	20	0.025	0	36627	0.0	0.0
clust0025	clustered_cis_ohnolog	body	21	0.075	0	36627	0.0	0.0
clust0025	clustered_cis_ohnolog	body	22	0.125	0	36627	0.0	0.0
clust0025	clustered_cis_ohnolog	body	23	0.175	0	36627	0.0	0.0
clust0025	clustered_cis_ohnolog	body	24	0.225	0	36627	0.0	0.0
clust0025	clustered_cis_ohnolog	body	25	0.275	0	36627	0.0	0.0
clust0025	clustered_cis_ohnolog	body	26	0.325	0	36628	0.0	0.0
clust0025	clustered_cis_ohnolog	body	27	0.375	0	36627	0.0	0.0
clust0025	clustered_cis_ohnolog	body	28	0.425	0	36627	0.0	0.0
clust0025	clustered_cis_ohnolog	body	29	0.475	0	36627	0.0	0.0
clust0025	clustered_cis_ohnolog	body	30	0.525	0	36627	0.0	0.0
clust0025	clustered_cis_ohnolog	body	31	0.575	0	36627	0.0	0.0
clust0025	clustered_cis_ohnolog	body	32	0.625	0	36627	0.0	0.0
clust0025	clustered_cis_ohnolog	body	33	0.675	1	36628	0.006962	0.027302
clust0025	clustered_cis_ohnolog	body	34	0.725	0	36627	0.0	0.0
clust0025	clustered_cis_ohnolog	body	35	0.775	6	36627	0.092937	0.163814
clust0025	clustered_cis_ohnolog	body	36	0.825	0	36627	0.0	0.0
clust0025	clustered_cis_ohnolog	body	37	0.875	5	36627	0.080078	0.136511
clust0025	clustered_cis_ohnolog	body	38	0.925	0	36627	0.0	0.0
clust0025	clustered_cis_ohnolog	body	39	0.975	0	36628	0.0	0.0
clust0025	clustered_cis_ohnolog	right_flank	40	1.025	0	5000	0.0	0.0
clust0025	clustered_cis_ohnolog	right_flank	41	1.075	0	5000	0.0	0.0
clust0025	clustered_cis_ohnolog	right_flank	42	1.125	0	5000	0.0	0.0
clust0025	clustered_cis_ohnolog	right_flank	43	1.175	0	5000	0.0	0.0
clust0025	clustered_cis_ohnolog	right_flank	44	1.225	0	5000	0.0	0.0
clust0025	clustered_cis_ohnolog	right_flank	45	1.275	0	5000	0.0	0.0
clust0025	clustered_cis_ohnolog	right_flank	46	1.325	0	5000	0.0	0.0
clust0025	clustered_cis_ohnolog	right_flank	47	1.375	0	5000	0.0	0.0
clust0025	clustered_cis_ohnolog	right_flank	48	1.425	0	5000	0.0	0.0
clust0025	clustered_cis_ohnolog	right_flank	49	1.475	0	5000	0.0	0.0
clust0025	clustered_cis_ohnolog	right_flank	50	1.525	0	5000	0.0	0.0
clust0025	clustered_cis_ohnolog	right_flank	51	1.575	0	5000	0.0	0.0
clust0025	clustered_cis_ohnolog	right_flank	52	1.625	0	5000	0.0	0.0
clust0025	clustered_cis_ohnolog	right_flank	53	1.675	0	5000	0.0	0.0
clust0025	clustered_cis_ohnolog	right_flank	54	1.725	0	5000	0.0	0.0
clust0025	clustered_cis_ohnolog	right_flank	55	1.775	0	5000	0.0	0.0
clust0025	clustered_cis_ohnolog	right_flank	56	1.825	0	5000	0.0	0.0
clust0025	clustered_cis_ohnolog	right_flank	57	1.875	0	5000	0.0	0.0
clust0025	clustered_cis_ohnolog	right_flank	58	1.925	0	5000	0.0	0.0
clust0025	clustered_cis_ohnolog	right_flank	59	1.975	0	5000	0.0	0.0
clust0053	clustered_cis_ohnolog	left_flank	0	-0.975	0	5000	0.0	0.0
clust0053	clustered_cis_ohnolog	left_flank	1	-0.925	0	5000	0.0	0.0
clust0053	clustered_cis_ohnolog	left_flank	2	-0.875	0	5000	0.0	0.0
clust0053	clustered_cis_ohnolog	left_flank	3	-0.825	0	5000	0.0	0.0
clust0053	clustered_cis_ohnolog	left_flank	4	-0.775	0	5000	0.0	0.0
clust0053	clustered_cis_ohnolog	left_flank	5	-0.725	0	5000	0.0	0.0
clust0053	clustered_cis_ohnolog	left_flank	6	-0.675	0	5000	0.0	0.0
clust0053	clustered_cis_ohnolog	left_flank	7	-0.625	0	5000	0.0	0.0
clust0053	clustered_cis_ohnolog	left_flank	8	-0.575	0	5000	0.0	0.0
clust0053	clustered_cis_ohnolog	left_flank	9	-0.525	0	5000	0.0	0.0
clust0053	clustered_cis_ohnolog	left_flank	10	-0.475	0	5000	0.0	0.0
clust0053	clustered_cis_ohnolog	left_flank	11	-0.425	0	5000	0.0	0.0
clust0053	clustered_cis_ohnolog	left_flank	12	-0.375	0	5000	0.0	0.0
clust0053	clustered_cis_ohnolog	left_flank	13	-0.325	0	5000	0.0	0.0
clust0053	clustered_cis_ohnolog	left_flank	14	-0.275	0	5000	0.0	0.0
clust0053	clustered_cis_ohnolog	left_flank	15	-0.225	0	5000	0.0	0.0
clust0053	clustered_cis_ohnolog	left_flank	16	-0.175	0	5000	0.0	0.0
clust0053	clustered_cis_ohnolog	left_flank	17	-0.125	0	5000	0.0	0.0
clust0053	clustered_cis_ohnolog	left_flank	18	-0.075	0	5000	0.0	0.0
clust0053	clustered_cis_ohnolog	left_flank	19	-0.025	0	5000	0.0	0.0
clust0053	clustered_cis_ohnolog	body	20	0.025	0	969	0.0	0.0
clust0053	clustered_cis_ohnolog	body	21	0.075	0	970	0.0	0.0
clust0053	clustered_cis_ohnolog	body	22	0.125	0	970	0.0	0.0
clust0053	clustered_cis_ohnolog	body	23	0.175	0	970	0.0	0.0
clust0053	clustered_cis_ohnolog	body	24	0.225	0	970	0.0	0.0
clust0053	clustered_cis_ohnolog	body	25	0.275	0	970	0.0	0.0
clust0053	clustered_cis_ohnolog	body	26	0.325	0	969	0.0	0.0
clust0053	clustered_cis_ohnolog	body	27	0.375	0	970	0.0	0.0
clust0053	clustered_cis_ohnolog	body	28	0.425	0	970	0.0	0.0
clust0053	clustered_cis_ohnolog	body	29	0.475	0	970	0.0	0.0
clust0053	clustered_cis_ohnolog	body	30	0.525	0	970	0.0	0.0
clust0053	clustered_cis_ohnolog	body	31	0.575	0	970	0.0	0.0
clust0053	clustered_cis_ohnolog	body	32	0.625	0	970	0.0	0.0
clust0053	clustered_cis_ohnolog	body	33	0.675	0	969	0.0	0.0
clust0053	clustered_cis_ohnolog	body	34	0.725	0	970	0.0	0.0
clust0053	clustered_cis_ohnolog	body	35	0.775	0	970	0.0	0.0
clust0053	clustered_cis_ohnolog	body	36	0.825	0	970	0.0	0.0
clust0053	clustered_cis_ohnolog	body	37	0.875	0	970	0.0	0.0
clust0053	clustered_cis_ohnolog	body	38	0.925	0	970	0.0	0.0
clust0053	clustered_cis_ohnolog	body	39	0.975	0	970	0.0	0.0
clust0053	clustered_cis_ohnolog	right_flank	40	1.025	0	5000	0.0	0.0
clust0053	clustered_cis_ohnolog	right_flank	41	1.075	0	5000	0.0	0.0
clust0053	clustered_cis_ohnolog	right_flank	42	1.125	0	5000	0.0	0.0
clust0053	clustered_cis_ohnolog	right_flank	43	1.175	0	5000	0.0	0.0
clust0053	clustered_cis_ohnolog	right_flank	44	1.225	0	5000	0.0	0.0
clust0053	clustered_cis_ohnolog	right_flank	45	1.275	0	5000	0.0	0.0
clust0053	clustered_cis_ohnolog	right_flank	46	1.325	0	5000	0.0	0.0
clust0053	clustered_cis_ohnolog	right_flank	47	1.375	0	5000	0.0	0.0
clust0053	clustered_cis_ohnolog	right_flank	48	1.425	0	5000	0.0	0.0
clust0053	clustered_cis_ohnolog	right_flank	49	1.475	0	5000	0.0	0.0
clust0053	clustered_cis_ohnolog	right_flank	50	1.525	0	5000	0.0	0.0
clust0053	clustered_cis_ohnolog	right_flank	51	1.575	0	5000	0.0	0.0
clust0053	clustered_cis_ohnolog	right_flank	52	1.625	0	5000	0.0	0.0
clust0053	clustered_cis_ohnolog	right_flank	53	1.675	0	5000	0.0	0.0
clust0053	clustered_cis_ohnolog	right_flank	54	1.725	0	5000	0.0	0.0
clust0053	clustered_cis_ohnolog	right_flank	55	1.775	1	5000	0.0594	0.2
clust0053	clustered_cis_ohnolog	right_flank	56	1.825	0	5000	0.0024	0.0
clust0053	clustered_cis_ohnolog	right_flank	57	1.875	0	5000	0.0	0.0
clust0053	clustered_cis_ohnolog	right_flank	58	1.925	2	5000	0.3344	0.4
clust0053	clustered_cis_ohnolog	right_flank	59	1.975	0	5000	0.0	0.0
clust0054	clustered_cis_ohnolog	left_flank	0	-0.975	0	5000	0.0	0.0
clust0054	clustered_cis_ohnolog	left_flank	1	-0.925	0	5000	0.0	0.0
clust0054	clustered_cis_ohnolog	left_flank	2	-0.875	0	5000	0.0	0.0
clust0054	clustered_cis_ohnolog	left_flank	3	-0.825	0	5000	0.0	0.0
clust0054	clustered_cis_ohnolog	left_flank	4	-0.775	0	5000	0.0	0.0
clust0054	clustered_cis_ohnolog	left_flank	5	-0.725	0	5000	0.0	0.0
clust0054	clustered_cis_ohnolog	left_flank	6	-0.675	0	5000	0.0	0.0
clust0054	clustered_cis_ohnolog	left_flank	7	-0.625	0	5000	0.0	0.0
clust0054	clustered_cis_ohnolog	left_flank	8	-0.575	0	5000	0.0	0.0
clust0054	clustered_cis_ohnolog	left_flank	9	-0.525	0	5000	0.0	0.0
clust0054	clustered_cis_ohnolog	left_flank	10	-0.475	0	5000	0.0	0.0
clust0054	clustered_cis_ohnolog	left_flank	11	-0.425	0	5000	0.0	0.0
clust0054	clustered_cis_ohnolog	left_flank	12	-0.375	0	5000	0.0	0.0
clust0054	clustered_cis_ohnolog	left_flank	13	-0.325	0	5000	0.0	0.0
clust0054	clustered_cis_ohnolog	left_flank	14	-0.275	0	5000	0.0	0.0
clust0054	clustered_cis_ohnolog	left_flank	15	-0.225	0	5000	0.0	0.0
clust0054	clustered_cis_ohnolog	left_flank	16	-0.175	0	5000	0.0	0.0
clust0054	clustered_cis_ohnolog	left_flank	17	-0.125	0	5000	0.0	0.0
clust0054	clustered_cis_ohnolog	left_flank	18	-0.075	0	5000	0.0	0.0
clust0054	clustered_cis_ohnolog	left_flank	19	-0.025	0	5000	0.0	0.0
clust0054	clustered_cis_ohnolog	body	20	0.025	0	1402	0.0	0.0
clust0054	clustered_cis_ohnolog	body	21	0.075	0	1403	0.0	0.0
clust0054	clustered_cis_ohnolog	body	22	0.125	2	1403	1.094797	1.425517
clust0054	clustered_cis_ohnolog	body	23	0.175	1	1403	0.517463	0.712758
clust0054	clustered_cis_ohnolog	body	24	0.225	0	1403	0.0	0.0
clust0054	clustered_cis_ohnolog	body	25	0.275	0	1403	0.0	0.0
clust0054	clustered_cis_ohnolog	body	26	0.325	0	1403	0.0	0.0
clust0054	clustered_cis_ohnolog	body	27	0.375	0	1403	0.0	0.0
clust0054	clustered_cis_ohnolog	body	28	0.425	0	1403	0.0	0.0
clust0054	clustered_cis_ohnolog	body	29	0.475	0	1403	0.0	0.0
clust0054	clustered_cis_ohnolog	body	30	0.525	0	1403	0.0	0.0
clust0054	clustered_cis_ohnolog	body	31	0.575	0	1403	0.0	0.0
clust0054	clustered_cis_ohnolog	body	32	0.625	0	1403	0.0	0.0
clust0054	clustered_cis_ohnolog	body	33	0.675	0	1403	0.0	0.0
clust0054	clustered_cis_ohnolog	body	34	0.725	0	1403	0.0	0.0
clust0054	clustered_cis_ohnolog	body	35	0.775	0	1403	0.0	0.0
clust0054	clustered_cis_ohnolog	body	36	0.825	0	1403	0.0	0.0
clust0054	clustered_cis_ohnolog	body	37	0.875	0	1403	0.0	0.0
clust0054	clustered_cis_ohnolog	body	38	0.925	0	1403	0.0	0.0
clust0054	clustered_cis_ohnolog	body	39	0.975	0	1403	0.0	0.0
clust0054	clustered_cis_ohnolog	right_flank	40	1.025	0	5000	0.0	0.0
clust0054	clustered_cis_ohnolog	right_flank	41	1.075	0	5000	0.0	0.0
clust0054	clustered_cis_ohnolog	right_flank	42	1.125	0	5000	0.0	0.0
clust0054	clustered_cis_ohnolog	right_flank	43	1.175	0	5000	0.0	0.0
clust0054	clustered_cis_ohnolog	right_flank	44	1.225	0	5000	0.0	0.0
clust0054	clustered_cis_ohnolog	right_flank	45	1.275	0	5000	0.0	0.0
clust0054	clustered_cis_ohnolog	right_flank	46	1.325	0	5000	0.0	0.0
clust0054	clustered_cis_ohnolog	right_flank	47	1.375	0	5000	0.0	0.0
clust0054	clustered_cis_ohnolog	right_flank	48	1.425	0	5000	0.0	0.0
clust0054	clustered_cis_ohnolog	right_flank	49	1.475	0	5000	0.0	0.0
clust0054	clustered_cis_ohnolog	right_flank	50	1.525	2	5000	0.2188	0.4
clust0054	clustered_cis_ohnolog	right_flank	51	1.575	0	5000	0.0568	0.0
clust0054	clustered_cis_ohnolog	right_flank	52	1.625	0	5000	0.0	0.0
clust0054	clustered_cis_ohnolog	right_flank	53	1.675	0	5000	0.0	0.0
clust0054	clustered_cis_ohnolog	right_flank	54	1.725	0	5000	0.0	0.0
clust0054	clustered_cis_ohnolog	right_flank	55	1.775	0	5000	0.0	0.0
clust0054	clustered_cis_ohnolog	right_flank	56	1.825	0	5000	0.0	0.0
clust0054	clustered_cis_ohnolog	right_flank	57	1.875	0	5000	0.0	0.0
clust0054	clustered_cis_ohnolog	right_flank	58	1.925	0	5000	0.0	0.0
clust0054	clustered_cis_ohnolog	right_flank	59	1.975	0	5000	0.0	0.0
clust0028	clustered_cis_ohnolog	left_flank	0	-0.975	0	5000	0.0	0.0
clust0028	clustered_cis_ohnolog	left_flank	1	-0.925	0	5000	0.0	0.0
clust0028	clustered_cis_ohnolog	left_flank	2	-0.875	0	5000	0.0	0.0
clust0028	clustered_cis_ohnolog	left_flank	3	-0.825	0	5000	0.0	0.0
clust0028	clustered_cis_ohnolog	left_flank	4	-0.775	0	5000	0.0	0.0
clust0028	clustered_cis_ohnolog	left_flank	5	-0.725	0	5000	0.0	0.0
clust0028	clustered_cis_ohnolog	left_flank	6	-0.675	3	5000	0.477	0.6
clust0028	clustered_cis_ohnolog	left_flank	7	-0.625	0	5000	0.0	0.0
clust0028	clustered_cis_ohnolog	left_flank	8	-0.575	1	5000	0.1424	0.2
clust0028	clustered_cis_ohnolog	left_flank	9	-0.525	0	5000	0.0066	0.0
clust0028	clustered_cis_ohnolog	left_flank	10	-0.475	0	5000	0.0	0.0
clust0028	clustered_cis_ohnolog	left_flank	11	-0.425	0	5000	0.0	0.0
clust0028	clustered_cis_ohnolog	left_flank	12	-0.375	0	5000	0.0	0.0
clust0028	clustered_cis_ohnolog	left_flank	13	-0.325	0	5000	0.0	0.0
clust0028	clustered_cis_ohnolog	left_flank	14	-0.275	0	5000	0.0	0.0
clust0028	clustered_cis_ohnolog	left_flank	15	-0.225	0	5000	0.0	0.0
clust0028	clustered_cis_ohnolog	left_flank	16	-0.175	0	5000	0.0	0.0
clust0028	clustered_cis_ohnolog	left_flank	17	-0.125	0	5000	0.0	0.0
clust0028	clustered_cis_ohnolog	left_flank	18	-0.075	0	5000	0.0	0.0
clust0028	clustered_cis_ohnolog	left_flank	19	-0.025	3	5000	0.6528	0.6
clust0028	clustered_cis_ohnolog	body	20	0.025	1	2656	0.888554	0.376506
clust0028	clustered_cis_ohnolog	body	21	0.075	0	2657	0.0	0.0
clust0028	clustered_cis_ohnolog	body	22	0.125	0	2656	0.0	0.0
clust0028	clustered_cis_ohnolog	body	23	0.175	0	2657	0.0	0.0
clust0028	clustered_cis_ohnolog	body	24	0.225	0	2656	0.0	0.0
clust0028	clustered_cis_ohnolog	body	25	0.275	0	2657	0.0	0.0
clust0028	clustered_cis_ohnolog	body	26	0.325	0	2656	0.0	0.0
clust0028	clustered_cis_ohnolog	body	27	0.375	1	2657	0.223184	0.376364
clust0028	clustered_cis_ohnolog	body	28	0.425	0	2656	0.0	0.0
clust0028	clustered_cis_ohnolog	body	29	0.475	0	2657	0.0	0.0
clust0028	clustered_cis_ohnolog	body	30	0.525	0	2657	0.133233	0.0
clust0028	clustered_cis_ohnolog	body	31	0.575	3	2656	0.999623	1.129518
clust0028	clustered_cis_ohnolog	body	32	0.625	0	2657	0.0	0.0
clust0028	clustered_cis_ohnolog	body	33	0.675	2	2656	0.476657	0.753012
clust0028	clustered_cis_ohnolog	body	34	0.725	0	2657	0.0	0.0
clust0028	clustered_cis_ohnolog	body	35	0.775	0	2656	0.0	0.0
clust0028	clustered_cis_ohnolog	body	36	0.825	3	2657	0.938276	1.129093
clust0028	clustered_cis_ohnolog	body	37	0.875	0	2656	0.0	0.0
clust0028	clustered_cis_ohnolog	body	38	0.925	0	2657	0.0	0.0
clust0028	clustered_cis_ohnolog	body	39	0.975	0	2657	0.0	0.0
clust0028	clustered_cis_ohnolog	right_flank	40	1.025	0	5000	0.0	0.0
clust0028	clustered_cis_ohnolog	right_flank	41	1.075	0	5000	0.0	0.0
clust0028	clustered_cis_ohnolog	right_flank	42	1.125	0	5000	0.0	0.0
clust0028	clustered_cis_ohnolog	right_flank	43	1.175	0	5000	0.0	0.0
clust0028	clustered_cis_ohnolog	right_flank	44	1.225	0	5000	0.0	0.0
clust0028	clustered_cis_ohnolog	right_flank	45	1.275	0	5000	0.0	0.0
clust0028	clustered_cis_ohnolog	right_flank	46	1.325	1	5000	0.1008	0.2
clust0028	clustered_cis_ohnolog	right_flank	47	1.375	0	5000	0.068	0.0
clust0028	clustered_cis_ohnolog	right_flank	48	1.425	0	5000	0.0	0.0
clust0028	clustered_cis_ohnolog	right_flank	49	1.475	0	5000	0.0	0.0
clust0028	clustered_cis_ohnolog	right_flank	50	1.525	0	5000	0.0	0.0
clust0028	clustered_cis_ohnolog	right_flank	51	1.575	0	5000	0.0	0.0
clust0028	clustered_cis_ohnolog	right_flank	52	1.625	1	5000	0.1046	0.2
clust0028	clustered_cis_ohnolog	right_flank	53	1.675	2	5000	0.2044	0.4
clust0028	clustered_cis_ohnolog	right_flank	54	1.725	0	5000	0.0	0.0
clust0028	clustered_cis_ohnolog	right_flank	55	1.775	0	5000	0.0	0.0
clust0028	clustered_cis_ohnolog	right_flank	56	1.825	2	5000	0.1816	0.4
clust0028	clustered_cis_ohnolog	right_flank	57	1.875	0	5000	0.0	0.0
clust0028	clustered_cis_ohnolog	right_flank	58	1.925	0	5000	0.0	0.0
clust0028	clustered_cis_ohnolog	right_flank	59	1.975	0	5000	0.0	0.0
clust0059	clustered_cis_ohnolog	left_flank	0	-0.975	0	5000	0.0	0.0
clust0059	clustered_cis_ohnolog	left_flank	1	-0.925	0	5000	0.0	0.0
clust0059	clustered_cis_ohnolog	left_flank	2	-0.875	0	5000	0.0	0.0
clust0059	clustered_cis_ohnolog	left_flank	3	-0.825	0	5000	0.0	0.0
clust0059	clustered_cis_ohnolog	left_flank	4	-0.775	0	5000	0.0	0.0
clust0059	clustered_cis_ohnolog	left_flank	5	-0.725	0	5000	0.0	0.0
clust0059	clustered_cis_ohnolog	left_flank	6	-0.675	2	5000	0.2372	0.4
clust0059	clustered_cis_ohnolog	left_flank	7	-0.625	0	5000	0.0	0.0
clust0059	clustered_cis_ohnolog	left_flank	8	-0.575	0	5000	0.0	0.0
clust0059	clustered_cis_ohnolog	left_flank	9	-0.525	0	5000	0.0	0.0
clust0059	clustered_cis_ohnolog	left_flank	10	-0.475	0	5000	0.0	0.0
clust0059	clustered_cis_ohnolog	left_flank	11	-0.425	0	5000	0.0	0.0
clust0059	clustered_cis_ohnolog	left_flank	12	-0.375	0	5000	0.0	0.0
clust0059	clustered_cis_ohnolog	left_flank	13	-0.325	0	5000	0.0	0.0
clust0059	clustered_cis_ohnolog	left_flank	14	-0.275	0	5000	0.0	0.0
clust0059	clustered_cis_ohnolog	left_flank	15	-0.225	0	5000	0.0	0.0
clust0059	clustered_cis_ohnolog	left_flank	16	-0.175	0	5000	0.0	0.0
clust0059	clustered_cis_ohnolog	left_flank	17	-0.125	0	5000	0.0	0.0
clust0059	clustered_cis_ohnolog	left_flank	18	-0.075	0	5000	0.0	0.0
clust0059	clustered_cis_ohnolog	left_flank	19	-0.025	0	5000	0.0	0.0
clust0059	clustered_cis_ohnolog	body	20	0.025	0	14503	0.0	0.0
clust0059	clustered_cis_ohnolog	body	21	0.075	0	14504	0.0	0.0
clust0059	clustered_cis_ohnolog	body	22	0.125	0	14504	0.0	0.0
clust0059	clustered_cis_ohnolog	body	23	0.175	0	14504	0.0	0.0
clust0059	clustered_cis_ohnolog	body	24	0.225	0	14503	0.0	0.0
clust0059	clustered_cis_ohnolog	body	25	0.275	0	14504	0.0	0.0
clust0059	clustered_cis_ohnolog	body	26	0.325	0	14504	0.0	0.0
clust0059	clustered_cis_ohnolog	body	27	0.375	0	14504	0.0	0.0
clust0059	clustered_cis_ohnolog	body	28	0.425	0	14503	0.0	0.0
clust0059	clustered_cis_ohnolog	body	29	0.475	0	14504	0.0	0.0
clust0059	clustered_cis_ohnolog	body	30	0.525	0	14504	0.0	0.0
clust0059	clustered_cis_ohnolog	body	31	0.575	0	14504	0.0	0.0
clust0059	clustered_cis_ohnolog	body	32	0.625	1	14503	0.034476	0.068951
clust0059	clustered_cis_ohnolog	body	33	0.675	0	14504	0.0	0.0
clust0059	clustered_cis_ohnolog	body	34	0.725	0	14504	0.0	0.0
clust0059	clustered_cis_ohnolog	body	35	0.775	1	14504	0.02096	0.068946
clust0059	clustered_cis_ohnolog	body	36	0.825	0	14503	0.0	0.0
clust0059	clustered_cis_ohnolog	body	37	0.875	0	14504	0.0	0.0
clust0059	clustered_cis_ohnolog	body	38	0.925	0	14504	0.0	0.0
clust0059	clustered_cis_ohnolog	body	39	0.975	0	14504	0.037921	0.0
clust0059	clustered_cis_ohnolog	right_flank	40	1.025	2	5000	0.1928	0.4
clust0059	clustered_cis_ohnolog	right_flank	41	1.075	0	5000	0.0	0.0
clust0059	clustered_cis_ohnolog	right_flank	42	1.125	0	5000	0.0	0.0
clust0059	clustered_cis_ohnolog	right_flank	43	1.175	0	5000	0.0	0.0
clust0059	clustered_cis_ohnolog	right_flank	44	1.225	0	5000	0.0	0.0
clust0059	clustered_cis_ohnolog	right_flank	45	1.275	0	5000	0.0	0.0
clust0059	clustered_cis_ohnolog	right_flank	46	1.325	0	5000	0.0	0.0
clust0059	clustered_cis_ohnolog	right_flank	47	1.375	0	5000	0.0	0.0
clust0059	clustered_cis_ohnolog	right_flank	48	1.425	0	5000	0.0	0.0
clust0059	clustered_cis_ohnolog	right_flank	49	1.475	0	5000	0.0	0.0
clust0059	clustered_cis_ohnolog	right_flank	50	1.525	0	5000	0.0	0.0
clust0059	clustered_cis_ohnolog	right_flank	51	1.575	0	5000	0.0	0.0
clust0059	clustered_cis_ohnolog	right_flank	52	1.625	0	5000	0.0	0.0
clust0059	clustered_cis_ohnolog	right_flank	53	1.675	0	5000	0.0	0.0
clust0059	clustered_cis_ohnolog	right_flank	54	1.725	0	5000	0.0	0.0
clust0059	clustered_cis_ohnolog	right_flank	55	1.775	0	5000	0.0	0.0
clust0059	clustered_cis_ohnolog	right_flank	56	1.825	2	5000	0.266	0.4
clust0059	clustered_cis_ohnolog	right_flank	57	1.875	0	5000	0.0	0.0
clust0059	clustered_cis_ohnolog	right_flank	58	1.925	4	5000	0.9408	0.8
clust0059	clustered_cis_ohnolog	right_flank	59	1.975	3	5000	0.4514	0.6
