cell_type	dispersed_ohnolog	dispersed_ohnolog_rate	clustered_cis_ohnolog	clustered_cis_ohnolog_rate	clustered_SSD_tandem	clustered_SSD_tandem_rate	dispersed_SSD	dispersed_SSD_rate
B	13	0.02584493041749503	0	0.0	4	0.056338028169014086	5	0.011682242990654205
CD4 T	9	0.017892644135188866	3	0.030612244897959183	0	0.0	1	0.002336448598130841
CD8 T	10	0.019880715705765408	3	0.030612244897959183	0	0.0	0	0.0
ILC	9	0.017892644135188866	0	0.0	0	0.0	2	0.004672897196261682
NK	13	0.02584493041749503	2	0.02040816326530612	0	0.0	4	0.009345794392523364
monocyte	36	0.07157057654075547	2	0.02040816326530612	1	0.014084507042253521	13	0.030373831775700934
other T	7	0.013916500994035786	2	0.02040816326530612	0	0.0	0	0.0
plasma	15	0.02982107355864811	0	0.0	0	0.0	7	0.016355140186915886
