gene	genomic_class	arrangement	provenance	dup_class4	TF_subfamily	in_lambert	hgnc_locus_type	is_ohnolog	is_ohnolog_relaxed	ohnolog_rescue_via_cluster	cluster_id	n_ohnolog_partners	ohnolog_dup_time	youngest_paralog_node	age_category	hgnc_id	is_dosage_sensitive	lineage	origin_window	is_IEI
AKAP8	clustered	clustered	SSD	clustered_SSD_tandem	C2H2 ZF	True	gene with protein product	False	False	False	clust0016	0			no_paralog_node	HGNC:378	False		R1_to_R2	False
AKAP8L	clustered	clustered	SSD	clustered_SSD_tandem	C2H2 ZF	True	gene with protein product	False	False	False	clust0016	0			no_paralog_node	HGNC:29857	False		R1_to_R2	False
FIZ1	clustered	clustered	SSD	clustered_SSD_tandem	C2H2 ZF	True	gene with protein product	False	False	False	clust0019	0		Bilateria	pre2R_ancient	HGNC:25917	False		before_R1	False
REPIN1	clustered	clustered	SSD	clustered_SSD_tandem	C2H2 ZF	True	gene with protein product	False	False	False	clust0027	0			no_paralog_node	HGNC:17922	False		before_R1	False
WIZ	clustered	clustered	SSD	clustered_SSD_tandem	C2H2 ZF	True	gene with protein product	False	False	False	clust0016	0		Bilateria	pre2R_ancient	HGNC:30917	False		after_R2	False
ZBTB1	clustered	clustered	SSD	clustered_SSD_tandem	C2H2 ZF	True	gene with protein product	False	False	False	clust0003	0		Opisthokonta	pre2R_ancient	HGNC:20259	False		after_R2	False
ZBTB25	clustered	clustered	SSD	clustered_SSD_tandem	C2H2 ZF	True	gene with protein product	False	False	False	clust0003	0		Bilateria	pre2R_ancient	HGNC:13112	False		after_R2	False
ZBTB26	clustered	clustered	SSD	clustered_SSD_tandem	C2H2 ZF	True	gene with protein product	False	False	False	clust0004	0		Bilateria	pre2R_ancient	HGNC:23383	False		after_R2	False
ZBTB34	clustered	clustered	SSD	clustered_SSD_tandem	C2H2 ZF	True	gene with protein product	False	False	False	clust0005	0		Bilateria	pre2R_ancient	HGNC:31446	False		after_R2	False
ZBTB43	clustered	clustered	SSD	clustered_SSD_tandem	C2H2 ZF	True	gene with protein product	False	False	False	clust0005	0		Bilateria	pre2R_ancient	HGNC:17908	False		before_R1	False
ZBTB6	clustered	clustered	SSD	clustered_SSD_tandem	C2H2 ZF	True	gene with protein product	False	False	False	clust0004	0		Bilateria	pre2R_ancient	HGNC:16764	False		after_R2	False
ZNF107	clustered	clustered	SSD	clustered_SSD_tandem	C2H2 ZF	True	gene with protein product	False	False	False	clust0026	0		Bilateria	pre2R_ancient	HGNC:12887	False		before_R1	False
ZNF138	clustered	clustered	SSD	clustered_SSD_tandem	C2H2 ZF	True	gene with protein product	False	False	False	clust0026	0		Simiiformes	post2R_young	HGNC:12922	False		human_only	False
ZNF165	clustered	clustered	SSD	clustered_SSD_tandem	C2H2 ZF	True	gene with protein product	False	False	False	clust0065	0		Vertebrata	2R_vertebrata	HGNC:12953	False		human_only	False
ZNF174	clustered	clustered	SSD	clustered_SSD_tandem	C2H2 ZF	True	gene with protein product	False	False	False	clust0061	0		Bilateria	pre2R_ancient	HGNC:12963	False		before_R1	False
ZNF236	clustered	clustered	SSD	clustered_SSD_tandem	C2H2 ZF	True	gene with protein product	False	False	False	clust0014	0			no_paralog_node	HGNC:13028	False		before_R1	False
ZNF24	clustered	clustered	SSD	clustered_SSD_tandem	C2H2 ZF	True	gene with protein product	False	False	False	clust0062	0		Vertebrata	2R_vertebrata	HGNC:13032	False		after_R2	False
ZNF396	clustered	clustered	SSD	clustered_SSD_tandem	C2H2 ZF	True	gene with protein product	False	False	False	clust0062	0		Vertebrata	2R_vertebrata	HGNC:18824	False		human_only	False
ZNF397	clustered	clustered	SSD	clustered_SSD_tandem	C2H2 ZF	True	gene with protein product	False	False	False	clust0062	0		Vertebrata	2R_vertebrata	HGNC:18818	False		after_R2	False
ZNF428	clustered	clustered	SSD	clustered_SSD_tandem	C2H2 ZF	True	gene with protein product	False	False	False	clust0018	0			no_paralog_node	HGNC:20804	False		after_R2	False
ZNF48	clustered	clustered	SSD	clustered_SSD_tandem	C2H2 ZF	True	gene with protein product	False	False	False	clust0010	0		Bilateria	pre2R_ancient	HGNC:13114	False		before_R1	False
ZNF497	clustered	clustered	SSD	clustered_SSD_tandem	C2H2 ZF	True	gene with protein product	False	False	False	clust0020	0		Bilateria	pre2R_ancient	HGNC:23714	False		before_R1	False
ZNF516	clustered	clustered	SSD	clustered_SSD_tandem	C2H2 ZF	True	gene with protein product	False	False	False	clust0014	0		Bilateria	pre2R_ancient	HGNC:28990	False		after_R2	False
ZNF576	clustered	clustered	SSD	clustered_SSD_tandem	C2H2 ZF	True	gene with protein product	False	False	False	clust0018	0		Bilateria	pre2R_ancient	HGNC:28357	False		before_R1	False
ZNF579	clustered	clustered	SSD	clustered_SSD_tandem	C2H2 ZF	True	gene with protein product	False	False	False	clust0019	0		Bilateria	pre2R_ancient	HGNC:26646	False		after_R2	False
ZNF580	clustered	clustered	SSD	clustered_SSD_tandem	C2H2 ZF	True	gene with protein product	False	False	False	clust0019	0		Bilateria	pre2R_ancient	HGNC:29473	False		after_R2	False
ZNF581	clustered	clustered	SSD	clustered_SSD_tandem	C2H2 ZF	True	gene with protein product	False	False	False	clust0019	0		Bilateria	pre2R_ancient	HGNC:25017	False		after_R2	False
ZNF625	clustered	clustered	SSD	clustered_SSD_tandem	C2H2 ZF	True	gene with protein product	False	False	False	clust0015	0		Bilateria	pre2R_ancient	HGNC:30571	False		human_only	False
ZNF646	clustered	clustered	SSD	clustered_SSD_tandem	C2H2 ZF	True	gene with protein product	False	False	False	clust0011	0		Bilateria	pre2R_ancient	HGNC:29004	False		after_R2	False
ZNF668	clustered	clustered	SSD	clustered_SSD_tandem	C2H2 ZF	True	gene with protein product	False	False	False	clust0011	0		Bilateria	pre2R_ancient	HGNC:25821	False		after_R2	False
ZNF672	clustered	clustered	SSD	clustered_SSD_tandem	C2H2 ZF	True	gene with protein product	False	False	False	clust0006	0		Bilateria	pre2R_ancient	HGNC:26179	False		before_R1	False
ZNF692	clustered	clustered	SSD	clustered_SSD_tandem	C2H2 ZF	True	gene with protein product	False	False	False	clust0006	0		Opisthokonta	pre2R_ancient	HGNC:26049	False		R1_to_R2	False
ZNF771	clustered	clustered	SSD	clustered_SSD_tandem	C2H2 ZF	True	gene with protein product	False	False	False	clust0010	0		Bilateria	pre2R_ancient	HGNC:29653	False		before_R1	False
ZNF775	clustered	clustered	SSD	clustered_SSD_tandem	C2H2 ZF	True	gene with protein product	False	False	False	clust0027	0		Bilateria	pre2R_ancient	HGNC:28501	False		before_R1	False
ZNF784	clustered	clustered	SSD	clustered_SSD_tandem	C2H2 ZF	True	gene with protein product	False	False	False	clust0019	0		Bilateria	pre2R_ancient	HGNC:33111	False		after_R2	False
ZNF837	clustered	clustered	SSD	clustered_SSD_tandem	C2H2 ZF	True	gene with protein product	False	False	False	clust0020	0		Bilateria	pre2R_ancient	HGNC:25164	False		R1_to_R2	False
ZNF865	clustered	clustered	SSD	clustered_SSD_tandem	C2H2 ZF	True	gene with protein product	False	False	False	clust0019	0		Bilateria	pre2R_ancient	HGNC:38705	False		before_R1	False
ZSCAN1	clustered	clustered	SSD	clustered_SSD_tandem	C2H2 ZF	True	gene with protein product	False	False	False	clust0064	0		Bilateria	pre2R_ancient	HGNC:23712	False		before_R1	False
ZSCAN12	clustered	clustered	SSD	clustered_SSD_tandem	C2H2 ZF	True	gene with protein product	False	False	False	clust0066	0		Vertebrata	2R_vertebrata	HGNC:13172	False		after_R2	False
ZSCAN16	clustered	clustered	SSD	clustered_SSD_tandem	C2H2 ZF	True	gene with protein product	False	False	False	clust0065	0		Vertebrata	2R_vertebrata	HGNC:20813	False		after_R2	False
ZSCAN18	clustered	clustered	SSD	clustered_SSD_tandem	C2H2 ZF	True	gene with protein product	False	False	False	clust0064	0		Bilateria	pre2R_ancient	HGNC:21037	False		before_R1	False
ZSCAN23	clustered	clustered	SSD	clustered_SSD_tandem	C2H2 ZF	True	gene with protein product	False	False	False	clust0066	0		Vertebrata	2R_vertebrata	HGNC:21193	False		human_only	False
ZSCAN30	clustered	clustered	SSD	clustered_SSD_tandem	C2H2 ZF	True	gene with protein product	False	False	False	clust0062	0		Vertebrata	2R_vertebrata	HGNC:33517	False		human_only	False
ZSCAN31	clustered	clustered	SSD	clustered_SSD_tandem	C2H2 ZF	True	gene with protein product	False	False	False	clust0066	0		Vertebrata	2R_vertebrata	HGNC:14097	False		human_only	False
ZSCAN32	clustered	clustered	SSD	clustered_SSD_tandem	C2H2 ZF	True	gene with protein product	False	False	False	clust0061	0		Bilateria	pre2R_ancient	HGNC:20812	False		before_R1	False
ZSCAN5A	clustered	clustered	SSD	clustered_SSD_tandem	C2H2 ZF	True	gene with protein product	False	False	False	clust0063	0		Catarrhini	post2R_young	HGNC:23710	False		before_R1	False
ZSCAN5B	clustered	clustered	SSD	clustered_SSD_tandem	C2H2 ZF	True	gene with protein product	False	False	False	clust0063	0		Bilateria	pre2R_ancient	HGNC:34246	False		before_R1	False
ZSCAN5C	clustered	clustered	SSD	clustered_SSD_tandem	C2H2 ZF	True	gene with protein product	False	False	False	clust0063	0		Catarrhini	post2R_young	HGNC:34294	False		before_R1	False
DMRT1	clustered	clustered	SSD	clustered_SSD_tandem	DM	True	gene with protein product	False	False	False	clust0029	0		Bilateria	pre2R_ancient	HGNC:2934	False		before_R1	False
DMRT2	clustered	clustered	SSD	clustered_SSD_tandem	DM	True	gene with protein product	False	False	False	clust0029	0		Bilateria	pre2R_ancient	HGNC:2935	False		before_R1	False
DMRT3	clustered	clustered	SSD	clustered_SSD_tandem	DM	True	gene with protein product	False	False	False	clust0029	0		Bilateria	pre2R_ancient	HGNC:13909	False		before_R1	False
FOXC2	clustered	clustered	SSD	clustered_SSD_tandem	Forkhead	True	gene with protein product	False	False	False	clust0035	0		Opisthokonta	pre2R_ancient	HGNC:3801	False		before_R1	False
FOXL1	clustered	clustered	SSD	clustered_SSD_tandem	Forkhead	True	gene with protein product	False	False	False	clust0035	0		Opisthokonta	pre2R_ancient	HGNC:3817	False		before_R1	False
GTF2I	clustered	clustered	SSD	clustered_SSD_tandem	GTF2I-like	True	gene with protein product	False	False	False	clust0037	0		Bilateria	pre2R_ancient	HGNC:4659	False		after_R2	False
GTF2IRD1	clustered	clustered	SSD	clustered_SSD_tandem	GTF2I-like	True	gene with protein product	False	False	False	clust0037	0		Bilateria	pre2R_ancient	HGNC:4661	False		after_R2	False
HSFY1	clustered	clustered	SSD	clustered_SSD_tandem	HSF	True	gene with protein product	False	False	False	clust0038	0		Homo sapiens	post2R_young	HGNC:18568	False		before_R1	False
HSFY2	clustered	clustered	SSD	clustered_SSD_tandem	HSF	True	gene with protein product	False	False	False	clust0038	0		Homo sapiens	post2R_young	HGNC:23950	False		before_R1	False
NANOG	clustered	clustered	SSD	clustered_SSD_tandem	Homeodomain	True	gene with protein product	False	False	False	clust0042	0		Hominoidea	post2R_young	HGNC:20857	False		before_R1	False
NANOGNB	clustered	clustered	SSD	clustered_SSD_tandem	Homeodomain	True	gene with protein product	False	False	False	clust0042	0		Bilateria	pre2R_ancient	HGNC:24958	False		before_R1	False
RHOXF1	clustered	clustered	SSD	clustered_SSD_tandem	Homeodomain	True	gene with protein product	False	False	False	clust0055	0		Bilateria	pre2R_ancient	HGNC:29993	False		after_R2	False
RHOXF2	clustered	clustered	SSD	clustered_SSD_tandem	Homeodomain	True	gene with protein product	False	False	False	clust0055	0		Homo sapiens	post2R_young	HGNC:30011	False		human_only	False
RHOXF2B	clustered	clustered	SSD	clustered_SSD_tandem	Homeodomain	True	gene with protein product	False	False	False	clust0055	0		Homo sapiens	post2R_young	HGNC:33519	False		human_only	False
SP100	clustered	clustered	SSD	clustered_SSD_tandem	SAND	True	gene with protein product	False	False	False	clust0060	0		Bilateria	pre2R_ancient	HGNC:11206	False		before_R1	False
SP110	clustered	clustered	SSD	clustered_SSD_tandem	SAND	True	gene with protein product	False	False	False	clust0060	0		Bilateria	pre2R_ancient	HGNC:9118	False		before_R1	True
SP140	clustered	clustered	SSD	clustered_SSD_tandem	SAND	True	gene with protein product	False	False	False	clust0060	0		Bilateria	pre2R_ancient	HGNC:17133	False		before_R1	False
SP140L	clustered	clustered	SSD	clustered_SSD_tandem	SAND	True	gene with protein product	False	False	False	clust0060	0		Bilateria	pre2R_ancient	HGNC:25105	False		before_R1	False
FERD3L	clustered	clustered	SSD	clustered_SSD_tandem	bHLH	True	gene with protein product	False	False	False	clust0075	0		Bilateria	pre2R_ancient	HGNC:16660	False		before_R1	False
MESP1	clustered	clustered	SSD	clustered_SSD_tandem	bHLH	True	gene with protein product	False	False	False	clust0073	0		Eutheria	post2R_young	HGNC:29658	False		before_R1	False
MESP2	clustered	clustered	SSD	clustered_SSD_tandem	bHLH	True	gene with protein product	False	False	False	clust0073	0		Eutheria	post2R_young	HGNC:29659	False		before_R1	False
OLIG1	clustered	clustered	SSD	clustered_SSD_tandem	bHLH	True	gene with protein product	False	False	False	clust0074	0		Bilateria	pre2R_ancient	HGNC:16983	False		before_R1	False
OLIG2	clustered	clustered	SSD	clustered_SSD_tandem	bHLH	True	gene with protein product	False	False	False	clust0074	0		Bilateria	pre2R_ancient	HGNC:9398	False		before_R1	False
SOHLH2	clustered	clustered	SSD	clustered_SSD_tandem	bHLH	True	gene with protein product	False	False	False	clust0072	0			no_paralog_node	HGNC:26026	False		after_R2	False
TWIST1	clustered	clustered	SSD	clustered_SSD_tandem	bHLH	True	gene with protein product	False	False	False	clust0075	0		Bilateria	pre2R_ancient	HGNC:12428	False		before_R1	False
TFAP2B	clustered	clustered	ohnolog	clustered_cis_ohnolog	AP-2	True	gene with protein product	True	True	False	clust0001	3	Vertebrata	Vertebrata	2R_vertebrata	HGNC:11743	False		before_R1	False
TFAP2D	clustered	clustered	ohnolog	clustered_cis_ohnolog	AP-2	True	gene with protein product	True	True	False	clust0001	3	Vertebrata	Vertebrata	2R_vertebrata	HGNC:15581	True	alpha	before_R1	False
GLI4	clustered	clustered	ohnolog	clustered_cis_ohnolog	C2H2 ZF	True	gene with protein product	True	False	True	clust0028	0		Bilateria	pre2R_ancient	HGNC:4320	False		human_only	False
KLF12	clustered	clustered	ohnolog	clustered_cis_ohnolog	C2H2 ZF	True	gene with protein product	True	True	False	clust0008	2	Vertebrata	Bilateria	pre2R_ancient	HGNC:6346	True	alpha	before_R1	False
KLF5	clustered	clustered	ohnolog	clustered_cis_ohnolog	C2H2 ZF	True	gene with protein product	True	False	True	clust0008	0		Bilateria	pre2R_ancient	HGNC:6349	False	alpha	before_R1	False
SALL4	clustered	clustered	ohnolog	clustered_cis_ohnolog	C2H2 ZF	True	gene with protein product	True	True	False	clust0021	3	Vertebrata	Bilateria	pre2R_ancient	HGNC:15924	False	beta	R1_to_R2	False
SP1	clustered	clustered	ohnolog	clustered_cis_ohnolog	C2H2 ZF	True	gene with protein product	True	True	False	clust0007	2	Vertebrata	Bilateria	pre2R_ancient	HGNC:11205	True	beta	before_R1	False
SP2	clustered	clustered	ohnolog	clustered_cis_ohnolog	C2H2 ZF	True	gene with protein product	True	True	False	clust0013	2	Vertebrata	Bilateria	pre2R_ancient	HGNC:11207	True	beta	after_R2	False
SP4	clustered	clustered	ohnolog	clustered_cis_ohnolog	C2H2 ZF	True	gene with protein product	True	True	False	clust0025	2	Vertebrata	Bilateria	pre2R_ancient	HGNC:11209	True		R1_to_R2	False
SP6	clustered	clustered	ohnolog	clustered_cis_ohnolog	C2H2 ZF	True	gene with protein product	True	True	False	clust0013	1	Vertebrata	Bilateria	pre2R_ancient	HGNC:14530	False	beta	before_R1	False
SP7	clustered	clustered	ohnolog	clustered_cis_ohnolog	C2H2 ZF	True	gene with protein product	True	True	False	clust0007	2	Vertebrata	Bilateria	pre2R_ancient	HGNC:17321	False	alpha	before_R1	False
SP8	clustered	clustered	ohnolog	clustered_cis_ohnolog	C2H2 ZF	True	gene with protein product	True	True	False	clust0025	2	Vertebrata	Bilateria	pre2R_ancient	HGNC:19196	False	alpha	before_R1	False
TSHZ2	clustered	clustered	ohnolog	clustered_cis_ohnolog	C2H2 ZF	True	gene with protein product	True	True	False	clust0021	2	Vertebrata		no_paralog_node	HGNC:13010	False	beta	before_R1	False
TSHZ3	clustered	clustered	ohnolog	clustered_cis_ohnolog	C2H2 ZF	True	gene with protein product	True	True	False	clust0017	2	Vertebrata		no_paralog_node	HGNC:30700	False	alpha	before_R1	False
ZBTB8A	clustered	clustered	ohnolog	clustered_cis_ohnolog	C2H2 ZF	True	gene with protein product	True	True	False	clust0002	5	Vertebrata		no_paralog_node	HGNC:24172	False		after_R2	False
ZBTB8B	clustered	clustered	ohnolog	clustered_cis_ohnolog	C2H2 ZF	True	gene with protein product	True	True	False	clust0002	4	Vertebrata	Euteleostomi	2R_vertebrata	HGNC:37057	False		after_R2	False
ZFP41	clustered	clustered	ohnolog	clustered_cis_ohnolog	C2H2 ZF	True	gene with protein product	True	False	True	clust0028	0		Bilateria	pre2R_ancient	HGNC:26786	False		before_R1	False
ZFP64	clustered	clustered	ohnolog	clustered_cis_ohnolog	C2H2 ZF	True	gene with protein product	True	False	True	clust0021	0		Bilateria	pre2R_ancient	HGNC:15940	False	beta	before_R1	False
ZFPM1	clustered	clustered	ohnolog	clustered_cis_ohnolog	C2H2 ZF	True	gene with protein product	True	True	False	clust0012	1	Vertebrata	Vertebrata	2R_vertebrata	HGNC:19762	False	alpha	before_R1	False
ZIC1	clustered	clustered	ohnolog	clustered_cis_ohnolog	C2H2 ZF	True	gene with protein product	True	True	False	clust0024	3	Vertebrata	Bilateria	pre2R_ancient	HGNC:12872	False	alpha	before_R1	False
ZIC2	clustered	clustered	ohnolog	clustered_cis_ohnolog	C2H2 ZF	True	gene with protein product	True	True	False	clust0009	3	Vertebrata	Bilateria	pre2R_ancient	HGNC:12873	False	alpha	after_R2	False
ZIC4	clustered	clustered	ohnolog	clustered_cis_ohnolog	C2H2 ZF	True	gene with protein product	True	True	False	clust0024	3	Vertebrata	Bilateria	pre2R_ancient	HGNC:20393	False	alpha	R1_to_R2	False
ZIC5	clustered	clustered	ohnolog	clustered_cis_ohnolog	C2H2 ZF	True	gene with protein product	True	True	False	clust0009	3	Vertebrata	Bilateria	pre2R_ancient	HGNC:20322	False	alpha	R1_to_R2	False
ZNF217	clustered	clustered	ohnolog	clustered_cis_ohnolog	C2H2 ZF	True	gene with protein product	True	False	True	clust0021	0		Bilateria	pre2R_ancient	HGNC:13009	False	beta	after_R2	False
ZNF280A	clustered	clustered	ohnolog	clustered_cis_ohnolog	C2H2 ZF	True	gene with protein product	True	True	False	clust0022	1	Vertebrata	Bilateria	pre2R_ancient	HGNC:18597	False		human_only	False
ZNF280B	clustered	clustered	ohnolog	clustered_cis_ohnolog	C2H2 ZF	True	gene with protein product	True	True	False	clust0022	1	Vertebrata	Bilateria	pre2R_ancient	HGNC:23022	False		R1_to_R2	False
ZNF35	clustered	clustered	ohnolog	clustered_cis_ohnolog	C2H2 ZF	True	gene with protein product	True	True	False	clust0023	2	Vertebrata	Bilateria	pre2R_ancient	HGNC:13099	False		before_R1	False
ZNF469	clustered	clustered	ohnolog	clustered_cis_ohnolog	C2H2 ZF	True	gene with protein product	True	False	True	clust0012	0			no_paralog_node	HGNC:23216	False		after_R2	False
ZNF501	clustered	clustered	ohnolog	clustered_cis_ohnolog	C2H2 ZF	True	gene with protein product	True	False	True	clust0023	0		Mammalia	post2R_young	HGNC:23717	False		R1_to_R2	False
ZNF502	clustered	clustered	ohnolog	clustered_cis_ohnolog	C2H2 ZF	True	gene with protein product	True	True	False	clust0023	4	Vertebrata	Bilateria	pre2R_ancient	HGNC:23718	False		human_only	False
ZNF507	clustered	clustered	ohnolog	clustered_cis_ohnolog	C2H2 ZF	True	gene with protein product	True	False	True	clust0017	0		Bilateria	pre2R_ancient	HGNC:23783	False	alpha	R1_to_R2	False
ZNF536	clustered	clustered	ohnolog	clustered_cis_ohnolog	C2H2 ZF	True	gene with protein product	True	False	True	clust0017	0		Bilateria	pre2R_ancient	HGNC:29025	False	alpha	R1_to_R2	False
ZNF660	clustered	clustered	ohnolog	clustered_cis_ohnolog	C2H2 ZF	True	gene with protein product	True	True	False	clust0023	2	Vertebrata	Bilateria	pre2R_ancient	HGNC:26720	False		after_R2	False
ZNF696	clustered	clustered	ohnolog	clustered_cis_ohnolog	C2H2 ZF	True	gene with protein product	True	True	False	clust0028	2	Vertebrata	Eutheria	post2R_young	HGNC:25872	False		human_only	False
EHF	clustered	clustered	ohnolog	clustered_cis_ohnolog	Ets	True	gene with protein product	True	True	False	clust0031	1	Vertebrata	Bilateria	pre2R_ancient	HGNC:3246	False	alpha	R1_to_R2	False
ELF5	clustered	clustered	ohnolog	clustered_cis_ohnolog	Ets	True	gene with protein product	True	False	True	clust0031	0		Bilateria	pre2R_ancient	HGNC:3320	False	alpha	after_R2	False
ERG	clustered	clustered	ohnolog	clustered_cis_ohnolog	Ets	True	gene with protein product	True	False	True	clust0033	0		Bilateria	pre2R_ancient	HGNC:3446	False	beta	after_R2	False
ETS1	clustered	clustered	ohnolog	clustered_cis_ohnolog	Ets	True	gene with protein product	True	True	False	clust0032	1	Vertebrata	Bilateria	pre2R_ancient	HGNC:3488	False	beta	R1_to_R2	False
ETS2	clustered	clustered	ohnolog	clustered_cis_ohnolog	Ets	True	gene with protein product	True	True	False	clust0033	1	Vertebrata	Bilateria	pre2R_ancient	HGNC:3489	False	beta	R1_to_R2	False
ETV3	clustered	clustered	ohnolog	clustered_cis_ohnolog	Ets	True	gene with protein product	True	True	False	clust0030	1	Vertebrata	Bilateria	pre2R_ancient	HGNC:3492	False	beta	R1_to_R2	False
ETV3L	clustered	clustered	ohnolog	clustered_cis_ohnolog	Ets	True	gene with protein product	True	True	False	clust0030	1	Vertebrata	Bilateria	pre2R_ancient	HGNC:33834	False	beta	before_R1	False
FLI1	clustered	clustered	ohnolog	clustered_cis_ohnolog	Ets	True	gene with protein product	True	False	True	clust0032	0		Bilateria	pre2R_ancient	HGNC:3749	False	beta	R1_to_R2	False
FOXC1	clustered	clustered	ohnolog	clustered_cis_ohnolog	Forkhead	True	gene with protein product	True	False	True	clust0036	0		Opisthokonta	pre2R_ancient	HGNC:3800	False		R1_to_R2	False
FOXD2	clustered	clustered	ohnolog	clustered_cis_ohnolog	Forkhead	True	gene with protein product	True	True	False	clust0034	1	Vertebrata	Opisthokonta	pre2R_ancient	HGNC:3803	False		before_R1	False
FOXE3	clustered	clustered	ohnolog	clustered_cis_ohnolog	Forkhead	True	gene with protein product	True	False	True	clust0034	0		Opisthokonta	pre2R_ancient	HGNC:3808	False	alpha	after_R2	False
FOXF2	clustered	clustered	ohnolog	clustered_cis_ohnolog	Forkhead	True	gene with protein product	True	True	False	clust0036	1	Vertebrata	Bilateria	pre2R_ancient	HGNC:3810	False	alpha	R1_to_R2	False
FOXQ1	clustered	clustered	ohnolog	clustered_cis_ohnolog	Forkhead	True	gene with protein product	True	False	True	clust0036	0		Opisthokonta	pre2R_ancient	HGNC:20951	False		before_R1	False
CDX2	clustered	clustered	ohnolog	clustered_cis_ohnolog	Homeodomain	True	gene with protein product	True	True	False	clust0043	2	Vertebrata	Bilateria	pre2R_ancient	HGNC:1806	False	alpha	R1_to_R2	False
CRX	clustered	clustered	ohnolog	clustered_cis_ohnolog	Homeodomain	True	gene with protein product	True	True	False	clust0048	2	Older	Bilateria	pre2R_ancient	HGNC:2383	False		R1_to_R2	False
DLX1	clustered	clustered	ohnolog	clustered_cis_ohnolog	Homeodomain	True	gene with protein product	True	True	False	clust0050	2	Vertebrata	Bilateria	pre2R_ancient	HGNC:2914	True	alpha	before_R1	False
DLX2	clustered	clustered	ohnolog	clustered_cis_ohnolog	Homeodomain	True	gene with protein product	True	True	False	clust0050	2	Vertebrata	Bilateria	pre2R_ancient	HGNC:2915	False	alpha	before_R1	False
DLX3	clustered	clustered	ohnolog	clustered_cis_ohnolog	Homeodomain	True	gene with protein product	True	True	False	clust0047	2	Vertebrata	Bilateria	pre2R_ancient	HGNC:2916	False	beta	before_R1	False
DLX4	clustered	clustered	ohnolog	clustered_cis_ohnolog	Homeodomain	True	gene with protein product	True	True	False	clust0047	2	Vertebrata	Bilateria	pre2R_ancient	HGNC:2917	False		before_R1	False
DLX5	clustered	clustered	ohnolog	clustered_cis_ohnolog	Homeodomain	True	gene with protein product	True	True	False	clust0053	2	Vertebrata	Bilateria	pre2R_ancient	HGNC:2918	False		before_R1	False
DLX6	clustered	clustered	ohnolog	clustered_cis_ohnolog	Homeodomain	True	gene with protein product	True	True	False	clust0053	2	Vertebrata	Bilateria	pre2R_ancient	HGNC:2919	False	alpha	before_R1	False
GSX1	clustered	clustered	ohnolog	clustered_cis_ohnolog	Homeodomain	True	gene with protein product	True	True	False	clust0043	1	Vertebrata	Euteleostomi	2R_vertebrata	HGNC:20374	False	alpha	before_R1	False
HMX2	clustered	clustered	ohnolog	clustered_cis_ohnolog	Homeodomain	True	gene with protein product	True	True	False	clust0041	1	Vertebrata	Bilateria	pre2R_ancient	HGNC:5018	False	alpha	after_R2	False
HMX3	clustered	clustered	ohnolog	clustered_cis_ohnolog	Homeodomain	True	gene with protein product	True	True	False	clust0041	1	Vertebrata	Bilateria	pre2R_ancient	HGNC:5019	False	alpha	R1_to_R2	False
IRX1	clustered	clustered	ohnolog	clustered_cis_ohnolog	Homeodomain	True	gene with protein product	True	True	False	clust0052	3	Vertebrata	Bilateria	pre2R_ancient	HGNC:14358	False	alpha	R1_to_R2	False
IRX2	clustered	clustered	ohnolog	clustered_cis_ohnolog	Homeodomain	True	gene with protein product	True	True	False	clust0052	3	Vertebrata	Bilateria	pre2R_ancient	HGNC:14359	False		R1_to_R2	False
IRX3	clustered	clustered	ohnolog	clustered_cis_ohnolog	Homeodomain	True	gene with protein product	True	True	False	clust0046	3	Vertebrata	Bilateria	pre2R_ancient	HGNC:14360	False	alpha	R1_to_R2	False
IRX4	clustered	clustered	ohnolog	clustered_cis_ohnolog	Homeodomain	True	gene with protein product	True	True	False	clust0052	3	Vertebrata	Bilateria	pre2R_ancient	HGNC:6129	False		R1_to_R2	False
IRX5	clustered	clustered	ohnolog	clustered_cis_ohnolog	Homeodomain	True	gene with protein product	True	True	False	clust0046	3	Vertebrata	Bilateria	pre2R_ancient	HGNC:14361	False	alpha	R1_to_R2	False
IRX6	clustered	clustered	ohnolog	clustered_cis_ohnolog	Homeodomain	True	gene with protein product	True	True	False	clust0046	3	Vertebrata	Bilateria	pre2R_ancient	HGNC:14675	False	alpha	R1_to_R2	False
LBX1	clustered	clustered	ohnolog	clustered_cis_ohnolog	Homeodomain	True	gene with protein product	True	True	False	clust0040	1	Vertebrata	Bilateria	pre2R_ancient	HGNC:16960	False	alpha	before_R1	False
LMX1A	clustered	clustered	ohnolog	clustered_cis_ohnolog	Homeodomain	True	gene with protein product	True	True	False	clust0039	1	Vertebrata	Bilateria	pre2R_ancient	HGNC:6653	True	alpha	before_R1	False
NKX2-1	clustered	clustered	ohnolog	clustered_cis_ohnolog	Homeodomain	True	gene with protein product	True	True	False	clust0044	1	Vertebrata	Bilateria	pre2R_ancient	HGNC:11825	False	alpha	before_R1	False
NKX2-2	clustered	clustered	ohnolog	clustered_cis_ohnolog	Homeodomain	True	gene with protein product	True	True	False	clust0051	1	Older	Bilateria	pre2R_ancient	HGNC:7835	False	alpha	before_R1	False
NKX2-4	clustered	clustered	ohnolog	clustered_cis_ohnolog	Homeodomain	True	gene with protein product	True	True	False	clust0051	1	Vertebrata	Bilateria	pre2R_ancient	HGNC:7837	False	alpha	before_R1	False
NKX2-6	clustered	clustered	ohnolog	clustered_cis_ohnolog	Homeodomain	True	gene with protein product	True	True	False	clust0054	2	Vertebrata	Bilateria	pre2R_ancient	HGNC:32940	False	beta	before_R1	False
NKX2-8	clustered	clustered	ohnolog	clustered_cis_ohnolog	Homeodomain	True	gene with protein product	True	True	False	clust0044	1	Older	Bilateria	pre2R_ancient	HGNC:16364	False	alpha	before_R1	False
NKX3-1	clustered	clustered	ohnolog	clustered_cis_ohnolog	Homeodomain	True	gene with protein product	True	True	False	clust0054	1	Vertebrata	Bilateria	pre2R_ancient	HGNC:7838	False		before_R1	False
PBX1	clustered	clustered	ohnolog	clustered_cis_ohnolog	Homeodomain	True	gene with protein product	True	True	False	clust0039	3	Vertebrata	Euteleostomi	2R_vertebrata	HGNC:8632	False	alpha	before_R1	False
PDX1	clustered	clustered	ohnolog	clustered_cis_ohnolog	Homeodomain	True	gene with protein product	True	False	True	clust0043	0		Bilateria	pre2R_ancient	HGNC:21350	False	alpha	after_R2	False
SIX1	clustered	clustered	ohnolog	clustered_cis_ohnolog	Homeodomain	True	gene with protein product	True	True	False	clust0045	1	Vertebrata	Bilateria	pre2R_ancient	HGNC:10887	False	alpha	before_R1	False
SIX2	clustered	clustered	ohnolog	clustered_cis_ohnolog	Homeodomain	True	gene with protein product	True	True	False	clust0049	1	Vertebrata	Bilateria	pre2R_ancient	HGNC:10888	False	alpha	before_R1	False
SIX3	clustered	clustered	ohnolog	clustered_cis_ohnolog	Homeodomain	True	gene with protein product	True	True	False	clust0049	1	Vertebrata	Bilateria	pre2R_ancient	HGNC:10889	False	alpha	before_R1	False
SIX4	clustered	clustered	ohnolog	clustered_cis_ohnolog	Homeodomain	True	gene with protein product	True	True	False	clust0045	1	Vertebrata	Bilateria	pre2R_ancient	HGNC:10890	False	alpha	before_R1	False
SIX6	clustered	clustered	ohnolog	clustered_cis_ohnolog	Homeodomain	True	gene with protein product	True	True	False	clust0045	1	Vertebrata	Bilateria	pre2R_ancient	HGNC:10892	False	alpha	before_R1	False
TLX1	clustered	clustered	ohnolog	clustered_cis_ohnolog	Homeodomain	True	gene with protein product	True	True	False	clust0040	2	Vertebrata	Bilateria	pre2R_ancient	HGNC:5056	False	alpha	R1_to_R2	False
TPRX1	clustered	clustered	ohnolog	clustered_cis_ohnolog	Homeodomain	True	gene with protein product	True	False	True	clust0048	0		Catarrhini	post2R_young	HGNC:32174	False		human_only	False
MEF2B	clustered	clustered	ohnolog	clustered_cis_ohnolog	MADS box	True	gene with protein product	True	True	False	clust0056	3	Vertebrata	Opisthokonta	pre2R_ancient	HGNC:6995	False		after_R2	False
NR1D1	clustered	clustered	ohnolog	clustered_cis_ohnolog	Nuclear receptor	True	gene with protein product	True	True	False	clust0057	1	Vertebrata	Bilateria	pre2R_ancient	HGNC:7962	True		before_R1	False
NR1D2	clustered	clustered	ohnolog	clustered_cis_ohnolog	Nuclear receptor	True	gene with protein product	True	True	False	clust0058	1	Vertebrata	Bilateria	pre2R_ancient	HGNC:7963	False	alpha	before_R1	False
NR5A1	clustered	clustered	ohnolog	clustered_cis_ohnolog	Nuclear receptor	True	gene with protein product	True	True	False	clust0059	1	Vertebrata	Vertebrata	2R_vertebrata	HGNC:7983	False	alpha	before_R1	False
NR6A1	clustered	clustered	ohnolog	clustered_cis_ohnolog	Nuclear receptor	True	gene with protein product	True	False	True	clust0059	0			no_paralog_node	HGNC:7985	False	alpha	before_R1	False
RARB	clustered	clustered	ohnolog	clustered_cis_ohnolog	Nuclear receptor	True	gene with protein product	True	True	False	clust0058	2	Vertebrata	Bilateria	pre2R_ancient	HGNC:9865	True	alpha	before_R1	False
THRA	clustered	clustered	ohnolog	clustered_cis_ohnolog	Nuclear receptor	True	gene with protein product	True	True	False	clust0057	1	Vertebrata	Bilateria	pre2R_ancient	HGNC:11796	False	alpha	before_R1	False
THRB	clustered	clustered	ohnolog	clustered_cis_ohnolog	Nuclear receptor	True	gene with protein product	True	True	False	clust0058	1	Vertebrata	Bilateria	pre2R_ancient	HGNC:11799	True	alpha	before_R1	False
STAT1	clustered	clustered	ohnolog	clustered_cis_ohnolog	STAT	True	gene with protein product	True	True	False	clust0068	5	Vertebrata	Vertebrata	2R_vertebrata	HGNC:11362	False	alpha	before_R1	True
STAT3	clustered	clustered	ohnolog	clustered_cis_ohnolog	STAT	True	gene with protein product	True	True	False	clust0067	4	Vertebrata	Vertebrata	2R_vertebrata	HGNC:11364	True	beta	before_R1	True
STAT4	clustered	clustered	ohnolog	clustered_cis_ohnolog	STAT	True	gene with protein product	True	True	False	clust0068	5	Vertebrata	Vertebrata	2R_vertebrata	HGNC:11365	False	alpha	before_R1	True
STAT5A	clustered	clustered	ohnolog	clustered_cis_ohnolog	STAT	True	gene with protein product	True	True	False	clust0067	4	Vertebrata	Euteleostomi	2R_vertebrata	HGNC:11366	False	beta	before_R1	False
STAT5B	clustered	clustered	ohnolog	clustered_cis_ohnolog	STAT	True	gene with protein product	True	True	False	clust0067	4	Vertebrata	Euteleostomi	2R_vertebrata	HGNC:11367	False	beta	before_R1	True
TBX2	clustered	clustered	ohnolog	clustered_cis_ohnolog	T-box	True	gene with protein product	True	True	False	clust0070	1	Vertebrata	Bilateria	pre2R_ancient	HGNC:11597	True	alpha	before_R1	False
TBX3	clustered	clustered	ohnolog	clustered_cis_ohnolog	T-box	True	gene with protein product	True	True	False	clust0069	1	Vertebrata	Bilateria	pre2R_ancient	HGNC:11602	True	alpha	before_R1	False
TBX4	clustered	clustered	ohnolog	clustered_cis_ohnolog	T-box	True	gene with protein product	True	True	False	clust0070	1	Vertebrata	Bilateria	pre2R_ancient	HGNC:11603	False	alpha	before_R1	False
TBX5	clustered	clustered	ohnolog	clustered_cis_ohnolog	T-box	True	gene with protein product	True	True	False	clust0069	1	Vertebrata	Bilateria	pre2R_ancient	HGNC:11604	True	alpha	before_R1	False
MYF5	clustered	clustered	ohnolog	clustered_cis_ohnolog	bHLH	True	gene with protein product	True	True	False	clust0071	2	Vertebrata	Vertebrata	2R_vertebrata	HGNC:7565	False	alpha	before_R1	False
MYF6	clustered	clustered	ohnolog	clustered_cis_ohnolog	bHLH	True	gene with protein product	True	True	False	clust0071	2	Vertebrata	Vertebrata	2R_vertebrata	HGNC:7566	False	alpha	before_R1	False
ATF7	clustered	clustered	ohnolog	clustered_cis_ohnolog	bZIP	True	gene with protein product	True	True	False	clust0076	2	Vertebrata	Opisthokonta	pre2R_ancient	HGNC:792	False		before_R1	False
BATF	clustered	clustered	ohnolog	clustered_cis_ohnolog	bZIP	True	gene with protein product	True	False	True	clust0077	0		Bilateria	pre2R_ancient	HGNC:958	False	alpha	before_R1	False
CEBPA	clustered	clustered	ohnolog	clustered_cis_ohnolog	bZIP	True	gene with protein product	True	True	False	clust0078	3	Vertebrata	Bilateria	pre2R_ancient	HGNC:1833	False	alpha	before_R1	False
CEBPG	clustered	clustered	ohnolog	clustered_cis_ohnolog	bZIP	True	gene with protein product	True	True	False	clust0078	1	Vertebrata	Bilateria	pre2R_ancient	HGNC:1837	False	alpha	before_R1	False
FOS	clustered	clustered	ohnolog	clustered_cis_ohnolog	bZIP	True	gene with protein product	True	True	False	clust0077	3	Vertebrata	Bilateria	pre2R_ancient	HGNC:3796	False		before_R1	False
JDP2	clustered	clustered	ohnolog	clustered_cis_ohnolog	bZIP	True	gene with protein product	True	True	False	clust0077	1	Vertebrata	Bilateria	pre2R_ancient	HGNC:17546	False	alpha	before_R1	False
ARID3C	singleton	dispersed	SSD	dispersed_SSD	ARID/BRIGHT	True	gene with protein product	False	False	False		0		Bilateria	pre2R_ancient	HGNC:21209	False		before_R1	False
KDM5B	singleton	dispersed	SSD	dispersed_SSD	ARID/BRIGHT	True	gene with protein product	False	False	False		0		Opisthokonta	pre2R_ancient	HGNC:18039	False		before_R1	False
AHCTF1	singleton	dispersed	SSD	dispersed_SSD	AT hook	True	gene with protein product	False	False	False		0			no_paralog_node	HGNC:24618	False		before_R1	False
AHDC1	singleton	dispersed	SSD	dispersed_SSD	AT hook	True	gene with protein product	False	False	False		0			no_paralog_node	HGNC:25230	False		after_R2	False
AKNA	singleton	dispersed	SSD	dispersed_SSD	AT hook	True	gene with protein product	False	False	False		0			no_paralog_node	HGNC:24108	False		before_R1	False
ASH1L	singleton	dispersed	SSD	dispersed_SSD	AT hook	True	gene with protein product	False	False	False		0		Opisthokonta	pre2R_ancient	HGNC:19088	False		before_R1	False
DNTTIP1	singleton	dispersed	SSD	dispersed_SSD	AT hook	True	gene with protein product	False	False	False		0			no_paralog_node	HGNC:16160	False		before_R1	False
DOT1L	singleton	dispersed	SSD	dispersed_SSD	AT hook	True	gene with protein product	False	False	False		0			no_paralog_node	HGNC:24948	False		before_R1	False
GLYR1	singleton	dispersed	SSD	dispersed_SSD	AT hook	True	gene with protein product	False	False	False		0		Bilateria	pre2R_ancient	HGNC:24434	False		before_R1	False
HMGA1	singleton	dispersed	SSD	dispersed_SSD	AT hook	True	gene with protein product	False	False	False		0			no_paralog_node	HGNC:5010	False		after_R2	False
HMGA2	singleton	dispersed	SSD	dispersed_SSD	AT hook	True	gene with protein product	False	False	False		0			no_paralog_node	HGNC:5009	False		after_R2	False
PHF21A	singleton	dispersed	SSD	dispersed_SSD	AT hook	True	gene with protein product	False	False	False		0		Bilateria	pre2R_ancient	HGNC:24156	False		R1_to_R2	False
PRR12	singleton	dispersed	SSD	dispersed_SSD	AT hook	True	gene with protein product	False	False	False		0			no_paralog_node	HGNC:29217	False		after_R2	False
SETBP1	singleton	dispersed	SSD	dispersed_SSD	AT hook	True	gene with protein product	False	False	False		0		Opisthokonta	pre2R_ancient	HGNC:15573	False		before_R1	False
C11orf95	singleton	dispersed	SSD	dispersed_SSD	BED ZF	True	gene with protein product	False	False	False		0			no_paralog_node	HGNC:28449	False		after_R2	False
FAM200B	singleton	dispersed	SSD	dispersed_SSD	BED ZF	True	gene with protein product	False	False	False		0		Bilateria	pre2R_ancient	HGNC:27740	False		human_only	False
ZBED2	singleton	dispersed	SSD	dispersed_SSD	BED ZF	True	gene with protein product	False	False	False		0			no_paralog_node	HGNC:20710	False		human_only	False
ZBED3	singleton	dispersed	SSD	dispersed_SSD	BED ZF	True	gene with protein product	False	False	False		0			no_paralog_node	HGNC:20711	False		after_R2	False
ZBED5	singleton	dispersed	SSD	dispersed_SSD	BED ZF	True	gene with protein product	False	False	False		0		Bilateria	pre2R_ancient	HGNC:30803	False		human_only	False
ZBED6	singleton	dispersed	SSD	dispersed_SSD	BED ZF	True	gene with protein product	False	False	False		0		Bilateria	pre2R_ancient	HGNC:33273	False		before_R1	False
ZBED9	singleton	dispersed	SSD	dispersed_SSD	BED ZF	True	gene with protein product	False	False	False		0		Bilateria	pre2R_ancient	HGNC:13851	False		R1_to_R2	False
AEBP2	singleton	dispersed	SSD	dispersed_SSD	C2H2 ZF	True	gene with protein product	False	False	False		0		Bilateria	pre2R_ancient	HGNC:24051	False		before_R1	False
ANKZF1	singleton	dispersed	SSD	dispersed_SSD	C2H2 ZF	True	gene with protein product	False	False	False		0			no_paralog_node	HGNC:25527	False		before_R1	True
ATMIN	singleton	dispersed	SSD	dispersed_SSD	C2H2 ZF	True	gene with protein product	False	False	False		0		Opisthokonta	pre2R_ancient	HGNC:29034	False		R1_to_R2	False
BCL6	singleton	dispersed	SSD	dispersed_SSD	C2H2 ZF	True	gene with protein product	False	False	False		0		Bilateria	pre2R_ancient	HGNC:1001	False		before_R1	False
BCL6B	singleton	dispersed	SSD	dispersed_SSD	C2H2 ZF	True	gene with protein product	False	False	False		0		Bilateria	pre2R_ancient	HGNC:1002	False		R1_to_R2	False
CASZ1	singleton	dispersed	SSD	dispersed_SSD	C2H2 ZF	True	gene with protein product	False	False	False		0			no_paralog_node	HGNC:26002	False		before_R1	False
CCDC17	singleton	dispersed	SSD	dispersed_SSD	C2H2 ZF	True	gene with protein product	False	False	False		0			no_paralog_node	HGNC:26574	False		after_R2	False
CHAMP1	singleton	dispersed	SSD	dispersed_SSD	C2H2 ZF	True	gene with protein product	False	False	False		0			no_paralog_node	HGNC:20311	False		after_R2	False
CPXCR1	singleton	dispersed	SSD	dispersed_SSD	C2H2 ZF	True	gene with protein product	False	False	False		0			no_paralog_node	HGNC:2332	False		after_R2	False
E4F1	singleton	dispersed	SSD	dispersed_SSD	C2H2 ZF	True	gene with protein product	False	False	False		0		Bilateria	pre2R_ancient	HGNC:3121	False		R1_to_R2	False
EEA1	singleton	dispersed	SSD	dispersed_SSD	C2H2 ZF	True	gene with protein product	False	False	False		0			no_paralog_node	HGNC:3185	False		before_R1	False
EGR4	singleton	dispersed	SSD	dispersed_SSD	C2H2 ZF	True	gene with protein product	False	False	False		0		Opisthokonta	pre2R_ancient	HGNC:3241	False		before_R1	False
FAM170A	singleton	dispersed	SSD	dispersed_SSD	C2H2 ZF	True	gene with protein product	False	False	False		0			no_paralog_node	HGNC:27963	False		after_R2	False
GLI1	singleton	dispersed	SSD	dispersed_SSD	C2H2 ZF	True	gene with protein product	False	False	False		0		Bilateria	pre2R_ancient	HGNC:4317	False		after_R2	False
GLI2	singleton	dispersed	SSD	dispersed_SSD	C2H2 ZF	True	gene with protein product	False	False	False		0		Bilateria	pre2R_ancient	HGNC:4318	False		R1_to_R2	False
GLI3	singleton	dispersed	SSD	dispersed_SSD	C2H2 ZF	True	gene with protein product	False	False	False		0		Bilateria	pre2R_ancient	HGNC:4319	False		R1_to_R2	False
GLIS2	singleton	dispersed	SSD	dispersed_SSD	C2H2 ZF	True	gene with protein product	False	False	False		0		Bilateria	pre2R_ancient	HGNC:29450	False		before_R1	False
GZF1	singleton	dispersed	SSD	dispersed_SSD	C2H2 ZF	True	gene with protein product	False	False	False		0		Bilateria	pre2R_ancient	HGNC:15808	False		R1_to_R2	False
HIC1	singleton	dispersed	SSD	dispersed_SSD	C2H2 ZF	True	gene with protein product	False	False	False		0		Opisthokonta	pre2R_ancient	HGNC:4909	False		after_R2	False
HIC2	singleton	dispersed	SSD	dispersed_SSD	C2H2 ZF	True	gene with protein product	False	False	False		0		Opisthokonta	pre2R_ancient	HGNC:18595	False		R1_to_R2	False
HINFP	singleton	dispersed	SSD	dispersed_SSD	C2H2 ZF	True	gene with protein product	False	False	False		0			no_paralog_node	HGNC:17850	False		before_R1	False
IKZF5	singleton	dispersed	SSD	dispersed_SSD	C2H2 ZF	True	gene with protein product	False	False	False		0		Bilateria	pre2R_ancient	HGNC:14283	False		before_R1	False
JAZF1	singleton	dispersed	SSD	dispersed_SSD	C2H2 ZF	True	gene with protein product	False	False	False		0			no_paralog_node	HGNC:28917	False		before_R1	False
KAT7	singleton	dispersed	SSD	dispersed_SSD	C2H2 ZF	True	gene with protein product	False	False	False		0		Opisthokonta	pre2R_ancient	HGNC:17016	False		before_R1	False
KCMF1	singleton	dispersed	SSD	dispersed_SSD	C2H2 ZF	True	gene with protein product	False	False	False		0			no_paralog_node	HGNC:20589	False		before_R1	False
KIN	singleton	dispersed	SSD	dispersed_SSD	C2H2 ZF	True	gene with protein product	False	False	False		0			no_paralog_node	HGNC:6327	False		before_R1	False
KLF15	singleton	dispersed	SSD	dispersed_SSD	C2H2 ZF	True	gene with protein product	False	False	False		0		Bilateria	pre2R_ancient	HGNC:14536	False		before_R1	False
KLF17	singleton	dispersed	SSD	dispersed_SSD	C2H2 ZF	True	gene with protein product	False	False	False		0		Bilateria	pre2R_ancient	HGNC:18830	False		before_R1	False
KLF2	singleton	dispersed	SSD	dispersed_SSD	C2H2 ZF	True	gene with protein product	False	False	False		0		Bilateria	pre2R_ancient	HGNC:6347	False		before_R1	False
MAZ	singleton	dispersed	SSD	dispersed_SSD	C2H2 ZF	True	gene with protein product	False	False	False		0		Opisthokonta	pre2R_ancient	HGNC:6914	False		R1_to_R2	False
MTF1	singleton	dispersed	SSD	dispersed_SSD	C2H2 ZF	True	gene with protein product	False	False	False		0		Opisthokonta	pre2R_ancient	HGNC:7037	False		before_R1	False
MYNN	singleton	dispersed	SSD	dispersed_SSD	C2H2 ZF	True	gene with protein product	False	False	False		0		Bilateria	pre2R_ancient	HGNC:14955	False		after_R2	False
MZF1	singleton	dispersed	SSD	dispersed_SSD	C2H2 ZF	True	gene with protein product	False	False	False		0		Euteleostomi	2R_vertebrata	HGNC:13108	False		after_R2	False
OVOL1	singleton	dispersed	SSD	dispersed_SSD	C2H2 ZF	True	gene with protein product	False	False	False		0		Bilateria	pre2R_ancient	HGNC:8525	False		before_R1	False
OVOL2	singleton	dispersed	SSD	dispersed_SSD	C2H2 ZF	True	gene with protein product	False	False	False		0		Bilateria	pre2R_ancient	HGNC:15804	False		before_R1	False
OVOL3	singleton	dispersed	SSD	dispersed_SSD	C2H2 ZF	True	gene with protein product	False	False	False		0		Bilateria	pre2R_ancient	HGNC:14186	False		before_R1	False
PEG3	singleton	dispersed	SSD	dispersed_SSD	C2H2 ZF	True	gene with protein product	False	False	False		0		Bilateria	pre2R_ancient	HGNC:8826	False		before_R1	False
PLAG1	singleton	dispersed	SSD	dispersed_SSD	C2H2 ZF	True	gene with protein product	False	False	False		0		Bilateria	pre2R_ancient	HGNC:9045	False		before_R1	False
PLAGL1	singleton	dispersed	SSD	dispersed_SSD	C2H2 ZF	True	gene with protein product	False	False	False		0		Bilateria	pre2R_ancient	HGNC:9046	False		before_R1	False
PLAGL2	singleton	dispersed	SSD	dispersed_SSD	C2H2 ZF	True	gene with protein product	False	False	False		0		Bilateria	pre2R_ancient	HGNC:9047	False		before_R1	False
PRDM12	singleton	dispersed	SSD	dispersed_SSD	C2H2 ZF	True	gene with protein product	False	False	False		0		Bilateria	pre2R_ancient	HGNC:13997	False		R1_to_R2	False
PRDM13	singleton	dispersed	SSD	dispersed_SSD	C2H2 ZF	True	gene with protein product	False	False	False		0		Bilateria	pre2R_ancient	HGNC:13998	False		before_R1	False
PRDM14	singleton	dispersed	SSD	dispersed_SSD	C2H2 ZF	True	gene with protein product	False	False	False		0		Opisthokonta	pre2R_ancient	HGNC:14001	False		R1_to_R2	False
PRDM15	singleton	dispersed	SSD	dispersed_SSD	C2H2 ZF	True	gene with protein product	False	False	False		0		Bilateria	pre2R_ancient	HGNC:13999	False		R1_to_R2	False
PRDM2	singleton	dispersed	SSD	dispersed_SSD	C2H2 ZF	True	gene with protein product	False	False	False		0		Bilateria	pre2R_ancient	HGNC:9347	False		after_R2	False
PRDM5	singleton	dispersed	SSD	dispersed_SSD	C2H2 ZF	True	gene with protein product	False	False	False		0		Bilateria	pre2R_ancient	HGNC:9349	False		R1_to_R2	False
PRDM6	singleton	dispersed	SSD	dispersed_SSD	C2H2 ZF	True	gene with protein product	False	False	False		0		Opisthokonta	pre2R_ancient	HGNC:9350	False		R1_to_R2	False
PRDM8	singleton	dispersed	SSD	dispersed_SSD	C2H2 ZF	True	gene with protein product	False	False	False		0			no_paralog_node	HGNC:13993	False		before_R1	False
PRMT3	singleton	dispersed	SSD	dispersed_SSD	C2H2 ZF	True	gene with protein product	False	False	False		0		Opisthokonta	pre2R_ancient	HGNC:30163	False		before_R1	False
RBSN	singleton	dispersed	SSD	dispersed_SSD	C2H2 ZF	True	gene with protein product	False	False	False		0			no_paralog_node	HGNC:20759	False		before_R1	False
REST	singleton	dispersed	SSD	dispersed_SSD	C2H2 ZF	True	gene with protein product	False	False	False		0		Bilateria	pre2R_ancient	HGNC:9966	False		before_R1	False
RLF	singleton	dispersed	SSD	dispersed_SSD	C2H2 ZF	True	gene with protein product	False	False	False		0			no_paralog_node	HGNC:6086	True		R1_to_R2	False
RREB1	singleton	dispersed	SSD	dispersed_SSD	C2H2 ZF	True	gene with protein product	False	False	False		0		Bilateria	pre2R_ancient	HGNC:10449	False		before_R1	False
SCRT1	singleton	dispersed	SSD	dispersed_SSD	C2H2 ZF	True	gene with protein product	False	False	False		0		Vertebrata	2R_vertebrata	HGNC:15950	False		before_R1	False
SCRT2	singleton	dispersed	SSD	dispersed_SSD	C2H2 ZF	True	gene with protein product	False	False	False		0		Vertebrata	2R_vertebrata	HGNC:15952	False		before_R1	False
SP5	singleton	dispersed	SSD	dispersed_SSD	C2H2 ZF	True	gene with protein product	False	False	False		0		Bilateria	pre2R_ancient	HGNC:14529	False		before_R1	False
TRAFD1	singleton	dispersed	SSD	dispersed_SSD	C2H2 ZF	True	gene with protein product	False	False	False		0			no_paralog_node	HGNC:24808	False		after_R2	False
VEZF1	singleton	dispersed	SSD	dispersed_SSD	C2H2 ZF	True	gene with protein product	False	False	False		0		Opisthokonta	pre2R_ancient	HGNC:12949	False		R1_to_R2	False
WT1	singleton	dispersed	SSD	dispersed_SSD	C2H2 ZF	True	gene with protein product	False	False	False		0		Opisthokonta	pre2R_ancient	HGNC:12796	False		before_R1	False
ZBTB11	singleton	dispersed	SSD	dispersed_SSD	C2H2 ZF	True	gene with protein product	False	False	False		0		Bilateria	pre2R_ancient	HGNC:16740	False		R1_to_R2	False
ZBTB12	singleton	dispersed	SSD	dispersed_SSD	C2H2 ZF	True	gene with protein product	False	False	False		0		Bilateria	pre2R_ancient	HGNC:19066	False		after_R2	False
ZBTB14	singleton	dispersed	SSD	dispersed_SSD	C2H2 ZF	True	gene with protein product	False	False	False		0		Bilateria	pre2R_ancient	HGNC:12860	False		R1_to_R2	False
ZBTB16	singleton	dispersed	SSD	dispersed_SSD	C2H2 ZF	True	gene with protein product	False	False	False		0		Opisthokonta	pre2R_ancient	HGNC:12930	False		R1_to_R2	False
ZBTB17	singleton	dispersed	SSD	dispersed_SSD	C2H2 ZF	True	gene with protein product	False	False	False		0		Bilateria	pre2R_ancient	HGNC:12936	True		R1_to_R2	False
ZBTB18	singleton	dispersed	SSD	dispersed_SSD	C2H2 ZF	True	gene with protein product	False	False	False		0		Opisthokonta	pre2R_ancient	HGNC:13030	True		R1_to_R2	False
ZBTB20	singleton	dispersed	SSD	dispersed_SSD	C2H2 ZF	True	gene with protein product	False	False	False		0		Opisthokonta	pre2R_ancient	HGNC:13503	False		R1_to_R2	False
ZBTB21	singleton	dispersed	SSD	dispersed_SSD	C2H2 ZF	True	gene with protein product	False	False	False		0		Bilateria	pre2R_ancient	HGNC:13083	False		R1_to_R2	False
ZBTB22	singleton	dispersed	SSD	dispersed_SSD	C2H2 ZF	True	gene with protein product	False	False	False		0			no_paralog_node	HGNC:13085	False		after_R2	False
ZBTB3	singleton	dispersed	SSD	dispersed_SSD	C2H2 ZF	True	gene with protein product	False	False	False		0		Bilateria	pre2R_ancient	HGNC:22918	False		after_R2	False
ZBTB32	singleton	dispersed	SSD	dispersed_SSD	C2H2 ZF	True	gene with protein product	False	False	False		0		Opisthokonta	pre2R_ancient	HGNC:16763	False		after_R2	False
ZBTB33	singleton	dispersed	SSD	dispersed_SSD	C2H2 ZF	True	gene with protein product	False	False	False		0		Bilateria	pre2R_ancient	HGNC:16682	False		R1_to_R2	False
ZBTB37	singleton	dispersed	SSD	dispersed_SSD	C2H2 ZF	True	gene with protein product	False	False	False		0		Bilateria	pre2R_ancient	HGNC:28365	False		after_R2	False
ZBTB38	singleton	dispersed	SSD	dispersed_SSD	C2H2 ZF	True	gene with protein product	False	False	False		0		Bilateria	pre2R_ancient	HGNC:26636	False		before_R1	False
ZBTB39	singleton	dispersed	SSD	dispersed_SSD	C2H2 ZF	True	gene with protein product	False	False	False		0		Bilateria	pre2R_ancient	HGNC:29014	False		before_R1	False
ZBTB4	singleton	dispersed	SSD	dispersed_SSD	C2H2 ZF	True	gene with protein product	False	False	False		0		Bilateria	pre2R_ancient	HGNC:23847	False		before_R1	False
ZBTB40	singleton	dispersed	SSD	dispersed_SSD	C2H2 ZF	True	gene with protein product	False	False	False		0			no_paralog_node	HGNC:29045	False		before_R1	False
ZBTB41	singleton	dispersed	SSD	dispersed_SSD	C2H2 ZF	True	gene with protein product	False	False	False		0		Bilateria	pre2R_ancient	HGNC:24819	False		R1_to_R2	False
ZBTB42	singleton	dispersed	SSD	dispersed_SSD	C2H2 ZF	True	gene with protein product	False	False	False		0		Opisthokonta	pre2R_ancient	HGNC:32550	False		after_R2	False
ZBTB45	singleton	dispersed	SSD	dispersed_SSD	C2H2 ZF	True	gene with protein product	False	False	False		0		Opisthokonta	pre2R_ancient	HGNC:23715	False		after_R2	False
ZBTB47	singleton	dispersed	SSD	dispersed_SSD	C2H2 ZF	True	gene with protein product	False	False	False		0		Bilateria	pre2R_ancient	HGNC:26955	False		before_R1	False
ZBTB48	singleton	dispersed	SSD	dispersed_SSD	C2H2 ZF	True	gene with protein product	False	False	False		0		Bilateria	pre2R_ancient	HGNC:4930	False		after_R2	False
ZBTB7A	singleton	dispersed	SSD	dispersed_SSD	C2H2 ZF	True	gene with protein product	False	False	False		0		Bilateria	pre2R_ancient	HGNC:18078	False		before_R1	False
ZBTB7B	singleton	dispersed	SSD	dispersed_SSD	C2H2 ZF	True	gene with protein product	False	False	False		0		Bilateria	pre2R_ancient	HGNC:18668	False		R1_to_R2	False
ZBTB7C	singleton	dispersed	SSD	dispersed_SSD	C2H2 ZF	True	gene with protein product	False	False	False		0		Opisthokonta	pre2R_ancient	HGNC:31700	False		after_R2	False
ZBTB9	singleton	dispersed	SSD	dispersed_SSD	C2H2 ZF	True	gene with protein product	False	False	False		0			no_paralog_node	HGNC:28323	False		after_R2	False
ZFAT	singleton	dispersed	SSD	dispersed_SSD	C2H2 ZF	True	gene with protein product	False	False	False		0		Bilateria	pre2R_ancient	HGNC:19899	False		before_R1	False
ZFP62	singleton	dispersed	SSD	dispersed_SSD	C2H2 ZF	True	gene with protein product	False	False	False		0		Bilateria	pre2R_ancient	HGNC:23241	False		before_R1	False
ZFP91	singleton	dispersed	SSD	dispersed_SSD	C2H2 ZF	True	gene with protein product	False	False	False		0		Opisthokonta	pre2R_ancient	HGNC:14983	False		after_R2	False
ZFX	singleton	dispersed	SSD	dispersed_SSD	C2H2 ZF	True	gene with protein product	False	False	False		0		Boreoeutheria	post2R_young	HGNC:12869	False		after_R2	False
ZFY	singleton	dispersed	SSD	dispersed_SSD	C2H2 ZF	True	gene with protein product	False	False	False		0		Boreoeutheria	post2R_young	HGNC:12870	False		after_R2	False
ZMAT1	singleton	dispersed	SSD	dispersed_SSD	C2H2 ZF	True	gene with protein product	False	False	False		0		Bilateria	pre2R_ancient	HGNC:29377	False		before_R1	False
ZMAT4	singleton	dispersed	SSD	dispersed_SSD	C2H2 ZF	True	gene with protein product	False	False	False		0		Bilateria	pre2R_ancient	HGNC:25844	False		before_R1	False
ZNF117	singleton	dispersed	SSD	dispersed_SSD	C2H2 ZF	True	gene with protein product	False	False	False		0		Primates	post2R_young	HGNC:12897	False		human_only	False
ZNF121	singleton	dispersed	SSD	dispersed_SSD	C2H2 ZF	True	gene with protein product	False	False	False		0		Bilateria	pre2R_ancient	HGNC:12904	False		after_R2	False
ZNF131	singleton	dispersed	SSD	dispersed_SSD	C2H2 ZF	True	gene with protein product	False	False	False		0		Bilateria	pre2R_ancient	HGNC:12915	False		before_R1	False
ZNF134	singleton	dispersed	SSD	dispersed_SSD	C2H2 ZF	True	gene with protein product	False	False	False		0		Eutheria	post2R_young	HGNC:12918	False		R1_to_R2	False
ZNF146	singleton	dispersed	SSD	dispersed_SSD	C2H2 ZF	True	gene with protein product	False	False	False		0		Bilateria	pre2R_ancient	HGNC:12931	False		after_R2	False
ZNF148	singleton	dispersed	SSD	dispersed_SSD	C2H2 ZF	True	gene with protein product	False	False	False		0		Opisthokonta	pre2R_ancient	HGNC:12933	False		R1_to_R2	False
ZNF16	singleton	dispersed	SSD	dispersed_SSD	C2H2 ZF	True	gene with protein product	False	False	False		0		Bilateria	pre2R_ancient	HGNC:12947	False		human_only	False
ZNF200	singleton	dispersed	SSD	dispersed_SSD	C2H2 ZF	True	gene with protein product	False	False	False		0		Bilateria	pre2R_ancient	HGNC:12993	False		before_R1	False
ZNF207	singleton	dispersed	SSD	dispersed_SSD	C2H2 ZF	True	gene with protein product	False	False	False		0			no_paralog_node	HGNC:12998	False		before_R1	False
ZNF219	singleton	dispersed	SSD	dispersed_SSD	C2H2 ZF	True	gene with protein product	False	False	False		0		Bilateria	pre2R_ancient	HGNC:13011	False		before_R1	False
ZNF22	singleton	dispersed	SSD	dispersed_SSD	C2H2 ZF	True	gene with protein product	False	False	False		0		Bilateria	pre2R_ancient	HGNC:13012	False		before_R1	False
ZNF232	singleton	dispersed	SSD	dispersed_SSD	C2H2 ZF	True	gene with protein product	False	False	False		0		Vertebrata	2R_vertebrata	HGNC:13026	False		human_only	False
ZNF239	singleton	dispersed	SSD	dispersed_SSD	C2H2 ZF	True	gene with protein product	False	False	False		0		Bilateria	pre2R_ancient	HGNC:13031	False		after_R2	False
ZNF260	singleton	dispersed	SSD	dispersed_SSD	C2H2 ZF	True	gene with protein product	False	False	False		0		Bilateria	pre2R_ancient	HGNC:13499	False		after_R2	False
ZNF275	singleton	dispersed	SSD	dispersed_SSD	C2H2 ZF	True	gene with protein product	False	False	False		0		Euteleostomi	2R_vertebrata	HGNC:13069	False		R1_to_R2	False
ZNF276	singleton	dispersed	SSD	dispersed_SSD	C2H2 ZF	True	gene with protein product	False	False	False		0		Opisthokonta	pre2R_ancient	HGNC:23330	False		after_R2	False
ZNF281	singleton	dispersed	SSD	dispersed_SSD	C2H2 ZF	True	gene with protein product	False	False	False		0		Opisthokonta	pre2R_ancient	HGNC:13075	False		after_R2	False
ZNF292	singleton	dispersed	SSD	dispersed_SSD	C2H2 ZF	True	gene with protein product	False	False	False		0			no_paralog_node	HGNC:18410	False		R1_to_R2	False
ZNF318	singleton	dispersed	SSD	dispersed_SSD	C2H2 ZF	True	gene with protein product	False	False	False		0			no_paralog_node	HGNC:13578	False		before_R1	False
ZNF319	singleton	dispersed	SSD	dispersed_SSD	C2H2 ZF	True	gene with protein product	False	False	False		0		Bilateria	pre2R_ancient	HGNC:13644	False		after_R2	False
ZNF32	singleton	dispersed	SSD	dispersed_SSD	C2H2 ZF	True	gene with protein product	False	False	False		0		Euteleostomi	2R_vertebrata	HGNC:13095	False		R1_to_R2	False
ZNF322	singleton	dispersed	SSD	dispersed_SSD	C2H2 ZF	True	gene with protein product	False	False	False		0		Bilateria	pre2R_ancient	HGNC:23640	False		after_R2	False
ZNF326	singleton	dispersed	SSD	dispersed_SSD	C2H2 ZF	True	gene with protein product	False	False	False		0			no_paralog_node	HGNC:14104	False		R1_to_R2	False
ZNF329	singleton	dispersed	SSD	dispersed_SSD	C2H2 ZF	True	gene with protein product	False	False	False		0		Bilateria	pre2R_ancient	HGNC:14209	False		before_R1	False
ZNF335	singleton	dispersed	SSD	dispersed_SSD	C2H2 ZF	True	gene with protein product	False	False	False		0		Bilateria	pre2R_ancient	HGNC:15807	False		before_R1	False
ZNF341	singleton	dispersed	SSD	dispersed_SSD	C2H2 ZF	True	gene with protein product	False	False	False		0			no_paralog_node	HGNC:15992	False		before_R1	True
ZNF345	singleton	dispersed	SSD	dispersed_SSD	C2H2 ZF	True	gene with protein product	False	False	False		0		Bilateria	pre2R_ancient	HGNC:16367	False		after_R2	False
ZNF346	singleton	dispersed	SSD	dispersed_SSD	C2H2 ZF	True	gene with protein product	False	False	False		0		Bilateria	pre2R_ancient	HGNC:16403	False		before_R1	False
ZNF358	singleton	dispersed	SSD	dispersed_SSD	C2H2 ZF	True	gene with protein product	False	False	False		0		Bilateria	pre2R_ancient	HGNC:16838	False		after_R2	False
ZNF365	singleton	dispersed	SSD	dispersed_SSD	C2H2 ZF	True	gene with protein product	False	False	False		0			no_paralog_node	HGNC:18194	False		before_R1	False
ZNF366	singleton	dispersed	SSD	dispersed_SSD	C2H2 ZF	True	gene with protein product	False	False	False		0		Bilateria	pre2R_ancient	HGNC:18316	False		before_R1	False
ZNF367	singleton	dispersed	SSD	dispersed_SSD	C2H2 ZF	True	gene with protein product	False	False	False		0		Bilateria	pre2R_ancient	HGNC:18320	False		before_R1	False
ZNF385A	singleton	dispersed	SSD	dispersed_SSD	C2H2 ZF	True	gene with protein product	False	False	False		0		Bilateria	pre2R_ancient	HGNC:17521	False		before_R1	False
ZNF385C	singleton	dispersed	SSD	dispersed_SSD	C2H2 ZF	True	gene with protein product	False	False	False		0		Bilateria	pre2R_ancient	HGNC:33722	False		before_R1	False
ZNF391	singleton	dispersed	SSD	dispersed_SSD	C2H2 ZF	True	gene with protein product	False	False	False		0		Mammalia	post2R_young	HGNC:18779	False		R1_to_R2	False
ZNF407	singleton	dispersed	SSD	dispersed_SSD	C2H2 ZF	True	gene with protein product	False	False	False		0		Bilateria	pre2R_ancient	HGNC:19904	False		before_R1	False
ZNF408	singleton	dispersed	SSD	dispersed_SSD	C2H2 ZF	True	gene with protein product	False	False	False		0		Bilateria	pre2R_ancient	HGNC:20041	False		after_R2	False
ZNF410	singleton	dispersed	SSD	dispersed_SSD	C2H2 ZF	True	gene with protein product	False	False	False		0		Opisthokonta	pre2R_ancient	HGNC:20144	False		after_R2	False
ZNF414	singleton	dispersed	SSD	dispersed_SSD	C2H2 ZF	True	gene with protein product	False	False	False		0			no_paralog_node	HGNC:20630	False		R1_to_R2	False
ZNF415	singleton	dispersed	SSD	dispersed_SSD	C2H2 ZF	True	gene with protein product	False	False	False		0		Bilateria	pre2R_ancient	HGNC:20636	False		human_only	False
ZNF438	singleton	dispersed	SSD	dispersed_SSD	C2H2 ZF	True	gene with protein product	False	False	False		0		Bilateria	pre2R_ancient	HGNC:21029	False		before_R1	False
ZNF444	singleton	dispersed	SSD	dispersed_SSD	C2H2 ZF	True	gene with protein product	False	False	False		0		Bilateria	pre2R_ancient	HGNC:16052	False		before_R1	False
ZNF449	singleton	dispersed	SSD	dispersed_SSD	C2H2 ZF	True	gene with protein product	False	False	False		0		Vertebrata	2R_vertebrata	HGNC:21039	False		after_R2	False
ZNF451	singleton	dispersed	SSD	dispersed_SSD	C2H2 ZF	True	gene with protein product	False	False	False		0		Opisthokonta	pre2R_ancient	HGNC:21091	False		R1_to_R2	False
ZNF467	singleton	dispersed	SSD	dispersed_SSD	C2H2 ZF	True	gene with protein product	False	False	False		0		Bilateria	pre2R_ancient	HGNC:23154	False		after_R2	False
ZNF474	singleton	dispersed	SSD	dispersed_SSD	C2H2 ZF	True	gene with protein product	False	False	False		0		Bilateria	pre2R_ancient	HGNC:12886	False		before_R1	False
ZNF488	singleton	dispersed	SSD	dispersed_SSD	C2H2 ZF	True	gene with protein product	False	False	False		0			no_paralog_node	HGNC:23535	False		before_R1	False
ZNF491	singleton	dispersed	SSD	dispersed_SSD	C2H2 ZF	True	gene with protein product	False	False	False		0		Catarrhini	post2R_young	HGNC:23706	False		before_R1	False
ZNF493	singleton	dispersed	SSD	dispersed_SSD	C2H2 ZF	True	gene with protein product	False	False	False		0		Primates	post2R_young	HGNC:23708	False		human_only	False
ZNF511	singleton	dispersed	SSD	dispersed_SSD	C2H2 ZF	True	gene with protein product	False	False	False		0			no_paralog_node	HGNC:28445	False		before_R1	False
ZNF512B	singleton	dispersed	SSD	dispersed_SSD	C2H2 ZF	True	gene with protein product	False	False	False		0		Bilateria	pre2R_ancient	HGNC:29212	False		before_R1	False
ZNF518A	singleton	dispersed	SSD	dispersed_SSD	C2H2 ZF	True	gene with protein product	False	False	False		0		Bilateria	pre2R_ancient	HGNC:29009	False		before_R1	False
ZNF518B	singleton	dispersed	SSD	dispersed_SSD	C2H2 ZF	True	gene with protein product	False	False	False		0		Bilateria	pre2R_ancient	HGNC:29365	False		before_R1	False
ZNF526	singleton	dispersed	SSD	dispersed_SSD	C2H2 ZF	True	gene with protein product	False	False	False		0		Bilateria	pre2R_ancient	HGNC:29415	False		after_R2	False
ZNF574	singleton	dispersed	SSD	dispersed_SSD	C2H2 ZF	True	gene with protein product	False	False	False		0		Bilateria	pre2R_ancient	HGNC:26166	False		before_R1	False
ZNF575	singleton	dispersed	SSD	dispersed_SSD	C2H2 ZF	True	gene with protein product	False	False	False		0		Opisthokonta	pre2R_ancient	HGNC:27606	False		after_R2	False
ZNF594	singleton	dispersed	SSD	dispersed_SSD	C2H2 ZF	True	gene with protein product	False	False	False		0		Boreoeutheria	post2R_young	HGNC:29392	False		before_R1	False
ZNF598	singleton	dispersed	SSD	dispersed_SSD	C2H2 ZF	True	gene with protein product	False	False	False		0			no_paralog_node	HGNC:28079	False		before_R1	False
ZNF600	singleton	dispersed	SSD	dispersed_SSD	C2H2 ZF	True	gene with protein product	False	False	False		0		Catarrhini	post2R_young	HGNC:30951	False		human_only	False
ZNF618	singleton	dispersed	SSD	dispersed_SSD	C2H2 ZF	True	gene with protein product	False	False	False		0		Chordata	pre2R_ancient	HGNC:29416	False		before_R1	False
ZNF619	singleton	dispersed	SSD	dispersed_SSD	C2H2 ZF	True	gene with protein product	False	False	False		0		Bilateria	pre2R_ancient	HGNC:26910	False		before_R1	False
ZNF628	singleton	dispersed	SSD	dispersed_SSD	C2H2 ZF	True	gene with protein product	False	False	False		0		Bilateria	pre2R_ancient	HGNC:28054	False		after_R2	False
ZNF639	singleton	dispersed	SSD	dispersed_SSD	C2H2 ZF	True	gene with protein product	False	False	False		0		Bilateria	pre2R_ancient	HGNC:30950	False		before_R1	False
ZNF644	singleton	dispersed	SSD	dispersed_SSD	C2H2 ZF	True	gene with protein product	False	False	False		0		Bilateria	pre2R_ancient	HGNC:29222	False		after_R2	False
ZNF645	singleton	dispersed	SSD	dispersed_SSD	C2H2 ZF	True	gene with protein product	False	False	False		0		Theria	post2R_young	HGNC:26371	False		before_R1	False
ZNF648	singleton	dispersed	SSD	dispersed_SSD	C2H2 ZF	True	gene with protein product	False	False	False		0		Bilateria	pre2R_ancient	HGNC:18190	False		before_R1	False
ZNF652	singleton	dispersed	SSD	dispersed_SSD	C2H2 ZF	True	gene with protein product	False	False	False		0		Bilateria	pre2R_ancient	HGNC:29147	False		before_R1	False
ZNF654	singleton	dispersed	SSD	dispersed_SSD	C2H2 ZF	True	gene with protein product	False	False	False		0			no_paralog_node	HGNC:25612	False		R1_to_R2	False
ZNF655	singleton	dispersed	SSD	dispersed_SSD	C2H2 ZF	True	gene with protein product	False	False	False		0		Bilateria	pre2R_ancient	HGNC:30899	False		after_R2	False
ZNF664	singleton	dispersed	SSD	dispersed_SSD	C2H2 ZF	True	gene with protein product	False	False	False		0		Amniota	post2R_young	HGNC:25406	False		before_R1	False
ZNF678	singleton	dispersed	SSD	dispersed_SSD	C2H2 ZF	True	gene with protein product	False	False	False		0		Simiiformes	post2R_young	HGNC:28652	False		after_R2	False
ZNF691	singleton	dispersed	SSD	dispersed_SSD	C2H2 ZF	True	gene with protein product	False	False	False		0		Bilateria	pre2R_ancient	HGNC:28028	False		after_R2	False
ZNF697	singleton	dispersed	SSD	dispersed_SSD	C2H2 ZF	True	gene with protein product	False	False	False		0		Bilateria	pre2R_ancient	HGNC:32034	False		after_R2	False
ZNF706	singleton	dispersed	SSD	dispersed_SSD	C2H2 ZF	True	gene with protein product	False	False	False		0			no_paralog_node	HGNC:24992	False		before_R1	False
ZNF710	singleton	dispersed	SSD	dispersed_SSD	C2H2 ZF	True	gene with protein product	False	False	False		0		Bilateria	pre2R_ancient	HGNC:25352	True		before_R1	False
ZNF711	singleton	dispersed	SSD	dispersed_SSD	C2H2 ZF	True	gene with protein product	False	False	False		0		Bilateria	pre2R_ancient	HGNC:13128	False		after_R2	False
ZNF721	singleton	dispersed	SSD	dispersed_SSD	C2H2 ZF	True	gene with protein product	False	False	False		0		Vertebrata	2R_vertebrata	HGNC:29425	False		before_R1	False
ZNF740	singleton	dispersed	SSD	dispersed_SSD	C2H2 ZF	True	gene with protein product	False	False	False		0		Bilateria	pre2R_ancient	HGNC:27465	False		before_R1	False
ZNF750	singleton	dispersed	SSD	dispersed_SSD	C2H2 ZF	True	gene with protein product	False	False	False		0		Euteleostomi	2R_vertebrata	HGNC:25843	False		R1_to_R2	False
ZNF768	singleton	dispersed	SSD	dispersed_SSD	C2H2 ZF	True	gene with protein product	False	False	False		0		Bilateria	pre2R_ancient	HGNC:26273	False		after_R2	False
ZNF770	singleton	dispersed	SSD	dispersed_SSD	C2H2 ZF	True	gene with protein product	False	False	False		0		Bilateria	pre2R_ancient	HGNC:26061	False		before_R1	False
ZNF787	singleton	dispersed	SSD	dispersed_SSD	C2H2 ZF	True	gene with protein product	False	False	False		0		Euteleostomi	2R_vertebrata	HGNC:26998	False		after_R2	False
ZNF80	singleton	dispersed	SSD	dispersed_SSD	C2H2 ZF	True	gene with protein product	False	False	False		0		Bilateria	pre2R_ancient	HGNC:13155	False		before_R1	False
ZNF800	singleton	dispersed	SSD	dispersed_SSD	C2H2 ZF	True	gene with protein product	False	False	False		0			no_paralog_node	HGNC:27267	False		before_R1	False
ZNF804A	singleton	dispersed	SSD	dispersed_SSD	C2H2 ZF	True	gene with protein product	False	False	False		0		Vertebrata	2R_vertebrata	HGNC:21711	False		after_R2	False
ZNF804B	singleton	dispersed	SSD	dispersed_SSD	C2H2 ZF	True	gene with protein product	False	False	False		0		Vertebrata	2R_vertebrata	HGNC:21958	False		after_R2	False
ZNF821	singleton	dispersed	SSD	dispersed_SSD	C2H2 ZF	True	gene with protein product	False	False	False		0		Bilateria	pre2R_ancient	HGNC:28043	False		before_R1	False
ZNF827	singleton	dispersed	SSD	dispersed_SSD	C2H2 ZF	True	gene with protein product	False	False	False		0		Bilateria	pre2R_ancient	HGNC:27193	False		after_R2	False
ZNF83	singleton	dispersed	SSD	dispersed_SSD	C2H2 ZF	True	gene with protein product	False	False	False		0		Euarchontoglires	post2R_young	HGNC:13158	False		human_only	False
ZNF830	singleton	dispersed	SSD	dispersed_SSD	C2H2 ZF	True	gene with protein product	False	False	False		0			no_paralog_node	HGNC:28291	False		before_R1	False
ZNF835	singleton	dispersed	SSD	dispersed_SSD	C2H2 ZF	True	gene with protein product	False	False	False		0		Bilateria	pre2R_ancient	HGNC:34332	False		human_only	False
ZNF841	singleton	dispersed	SSD	dispersed_SSD	C2H2 ZF	True	gene with protein product	False	False	False		0		Bilateria	pre2R_ancient	HGNC:27611	False		human_only	False
ZNF843	singleton	dispersed	SSD	dispersed_SSD	C2H2 ZF	True	gene with protein product	False	False	False		0			no_paralog_node	HGNC:28710	False		human_only	False
ZNF853	singleton	dispersed	SSD	dispersed_SSD	C2H2 ZF	True	gene with protein product	False	False	False		0		Mammalia	post2R_young	HGNC:21767	False		after_R2	False
ZNF883	singleton	dispersed	SSD	dispersed_SSD	C2H2 ZF	True	gene with protein product	False	False	False		0		Vertebrata	2R_vertebrata	HGNC:27271	False		after_R2	False
ZSCAN10	singleton	dispersed	SSD	dispersed_SSD	C2H2 ZF	True	gene with protein product	False	False	False		0		Bilateria	pre2R_ancient	HGNC:12997	False		after_R2	False
ZSCAN20	singleton	dispersed	SSD	dispersed_SSD	C2H2 ZF	True	gene with protein product	False	False	False		0		Bilateria	pre2R_ancient	HGNC:13093	False		after_R2	False
ZSCAN21	singleton	dispersed	SSD	dispersed_SSD	C2H2 ZF	True	gene with protein product	False	False	False		0		Vertebrata	2R_vertebrata	HGNC:13104	False		after_R2	False
ZSCAN22	singleton	dispersed	SSD	dispersed_SSD	C2H2 ZF	True	gene with protein product	False	False	False		0		Vertebrata	2R_vertebrata	HGNC:4929	False		after_R2	False
ZSCAN26	singleton	dispersed	SSD	dispersed_SSD	C2H2 ZF	True	gene with protein product	False	False	False		0		Vertebrata	2R_vertebrata	HGNC:12978	False		after_R2	False
ZSCAN29	singleton	dispersed	SSD	dispersed_SSD	C2H2 ZF	True	gene with protein product	False	False	False		0		Bilateria	pre2R_ancient	HGNC:26673	False		before_R1	False
ZSCAN4	singleton	dispersed	SSD	dispersed_SSD	C2H2 ZF	True	gene with protein product	False	False	False		0		Vertebrata	2R_vertebrata	HGNC:23709	False		human_only	False
ZSCAN9	singleton	dispersed	SSD	dispersed_SSD	C2H2 ZF	True	gene with protein product	False	False	False		0		Vertebrata	2R_vertebrata	HGNC:12984	False		human_only	False
ZUFSP	singleton	dispersed	SSD	dispersed_SSD	C2H2 ZF	True	gene with protein product	False	False	False		0		Bilateria	pre2R_ancient	HGNC:21224	False		before_R1	False
PATZ1	singleton	dispersed	SSD	dispersed_SSD	C2H2 ZF; AT hook	True	gene with protein product	False	False	False		0		Opisthokonta	pre2R_ancient	HGNC:13071	False		R1_to_R2	False
ZBTB24	singleton	dispersed	SSD	dispersed_SSD	C2H2 ZF; AT hook	True	gene with protein product	False	False	False		0		Bilateria	pre2R_ancient	HGNC:21143	False		R1_to_R2	True
ZNF524	singleton	dispersed	SSD	dispersed_SSD	C2H2 ZF; AT hook	True	gene with protein product	False	False	False		0		Bilateria	pre2R_ancient	HGNC:28322	False		after_R2	False
ZNF653	singleton	dispersed	SSD	dispersed_SSD	C2H2 ZF; AT hook	True	gene with protein product	False	False	False		0		Opisthokonta	pre2R_ancient	HGNC:25196	False		R1_to_R2	False
ZNF277	singleton	dispersed	SSD	dispersed_SSD	C2H2 ZF; BED ZF	True	gene with protein product	False	False	False		0			no_paralog_node	HGNC:13070	False		before_R1	False
ZNF512	singleton	dispersed	SSD	dispersed_SSD	C2H2 ZF; BED ZF	True	gene with protein product	False	False	False		0		Bilateria	pre2R_ancient	HGNC:29380	False		before_R1	False
ZC3H8	singleton	dispersed	SSD	dispersed_SSD	CCCH ZF	True	gene with protein product	False	False	False		0		Bilateria	pre2R_ancient	HGNC:30941	False		before_R1	False
ZGPAT	singleton	dispersed	SSD	dispersed_SSD	CCCH ZF	True	gene with protein product	False	False	False		0		Bilateria	pre2R_ancient	HGNC:15948	False		before_R1	False
CENPB	singleton	dispersed	SSD	dispersed_SSD	CENPB	True	gene with protein product	False	False	False		0		Opisthokonta	pre2R_ancient	HGNC:1852	False		before_R1	False
JRK	singleton	dispersed	SSD	dispersed_SSD	CENPB	True	gene with protein product	False	False	False		0		Opisthokonta	pre2R_ancient	HGNC:6199	False		before_R1	False
JRKL	singleton	dispersed	SSD	dispersed_SSD	CENPB	True	gene with protein product	False	False	False		0		Opisthokonta	pre2R_ancient	HGNC:6200	False		before_R1	False
TIGD1	singleton	dispersed	SSD	dispersed_SSD	CENPB	True	gene with protein product	False	False	False		0		Opisthokonta	pre2R_ancient	HGNC:14523	False		before_R1	False
TIGD2	singleton	dispersed	SSD	dispersed_SSD	CENPB	True	gene with protein product	False	False	False		0		Opisthokonta	pre2R_ancient	HGNC:18333	False		before_R1	False
TIGD3	singleton	dispersed	SSD	dispersed_SSD	CENPB	True	gene with protein product	False	False	False		0		Opisthokonta	pre2R_ancient	HGNC:18334	False		before_R1	False
TIGD4	singleton	dispersed	SSD	dispersed_SSD	CENPB	True	gene with protein product	False	False	False		0		Opisthokonta	pre2R_ancient	HGNC:18335	False		before_R1	False
TIGD5	singleton	dispersed	SSD	dispersed_SSD	CENPB	True	gene with protein product	False	False	False		0			no_paralog_node	HGNC:18336	False		R1_to_R2	False
TIGD6	singleton	dispersed	SSD	dispersed_SSD	CENPB	True	gene with protein product	False	False	False		0		Opisthokonta	pre2R_ancient	HGNC:18332	False		before_R1	False
TIGD7	singleton	dispersed	SSD	dispersed_SSD	CENPB	True	gene with protein product	False	False	False		0		Opisthokonta	pre2R_ancient	HGNC:18331	False		before_R1	False
RBPJ	singleton	dispersed	SSD	dispersed_SSD	CSL	True	gene with protein product	False	False	False		0		Chordata	pre2R_ancient	HGNC:5724	False		before_R1	False
RBPJL	singleton	dispersed	SSD	dispersed_SSD	CSL	True	gene with protein product	False	False	False		0		Chordata	pre2R_ancient	HGNC:13761	False		before_R1	False
SATB1	singleton	dispersed	SSD	dispersed_SSD	CUT; Homeodomain	True	gene with protein product	False	False	False		0		Vertebrata	2R_vertebrata	HGNC:10541	False		before_R1	False
SATB2	singleton	dispersed	SSD	dispersed_SSD	CUT; Homeodomain	True	gene with protein product	False	False	False		0		Vertebrata	2R_vertebrata	HGNC:21637	False		before_R1	False
CXXC1	singleton	dispersed	SSD	dispersed_SSD	CxxC	True	gene with protein product	False	False	False		0		Bilateria	pre2R_ancient	HGNC:24343	False		before_R1	False
DNMT1	singleton	dispersed	SSD	dispersed_SSD	CxxC	True	gene with protein product	False	False	False		0		Bilateria	pre2R_ancient	HGNC:2976	False		before_R1	False
DMRTA1	singleton	dispersed	SSD	dispersed_SSD	DM	True	gene with protein product	False	False	False		0		Bilateria	pre2R_ancient	HGNC:13826	False		before_R1	False
DMRTA2	singleton	dispersed	SSD	dispersed_SSD	DM	True	gene with protein product	False	False	False		0		Bilateria	pre2R_ancient	HGNC:13908	False		before_R1	False
DMRTB1	singleton	dispersed	SSD	dispersed_SSD	DM	True	gene with protein product	False	False	False		0		Bilateria	pre2R_ancient	HGNC:13913	False		before_R1	False
DMRTC2	singleton	dispersed	SSD	dispersed_SSD	DM	True	gene with protein product	False	False	False		0		Bilateria	pre2R_ancient	HGNC:13911	False		before_R1	False
ELK1	singleton	dispersed	SSD	dispersed_SSD	Ets	True	gene with protein product	False	False	False		0		Bilateria	pre2R_ancient	HGNC:6253	True		after_R2	False
ELK3	singleton	dispersed	SSD	dispersed_SSD	Ets	True	gene with protein product	False	False	False		0		Bilateria	pre2R_ancient	HGNC:18864	False		R1_to_R2	False
ELK4	singleton	dispersed	SSD	dispersed_SSD	Ets	True	gene with protein product	False	False	False		0		Bilateria	pre2R_ancient	HGNC:3326	False		after_R2	False
ETV2	singleton	dispersed	SSD	dispersed_SSD	Ets	True	gene with protein product	False	False	False		0		Bilateria	pre2R_ancient	HGNC:3491	False		after_R2	False
FEV	singleton	dispersed	SSD	dispersed_SSD	Ets	True	gene with protein product	False	False	False		0		Bilateria	pre2R_ancient	HGNC:18562	False		R1_to_R2	False
GABPA	singleton	dispersed	SSD	dispersed_SSD	Ets	True	gene with protein product	False	False	False		0		Bilateria	pre2R_ancient	HGNC:4071	False		before_R1	False
SPDEF	singleton	dispersed	SSD	dispersed_SSD	Ets	True	gene with protein product	False	False	False		0		Bilateria	pre2R_ancient	HGNC:17257	False		before_R1	False
SPIB	singleton	dispersed	SSD	dispersed_SSD	Ets	True	gene with protein product	False	False	False		0		Bilateria	pre2R_ancient	HGNC:11242	False		R1_to_R2	False
FOXD1	singleton	dispersed	SSD	dispersed_SSD	Forkhead	True	gene with protein product	False	False	False		0		Euteleostomi	2R_vertebrata	HGNC:3802	False		R1_to_R2	False
FOXD4	singleton	dispersed	SSD	dispersed_SSD	Forkhead	True	gene with protein product	False	False	False		0		Homininae	post2R_young	HGNC:3805	False		after_R2	False
FOXD4L3	singleton	dispersed	SSD	dispersed_SSD	Forkhead	True	gene with protein product	False	False	False		0		Homo sapiens	post2R_young	HGNC:18523	False		after_R2	False
FOXD4L4	singleton	dispersed	SSD	dispersed_SSD	Forkhead	True	gene with protein product	False	False	False		0		Homo sapiens	post2R_young	HGNC:23762	False		after_R2	False
FOXD4L5	singleton	dispersed	SSD	dispersed_SSD	Forkhead	True	gene with protein product	False	False	False		0		Homo sapiens	post2R_young	HGNC:18522	False		after_R2	False
FOXD4L6	singleton	dispersed	SSD	dispersed_SSD	Forkhead	True	gene with protein product	False	False	False		0		Homo sapiens	post2R_young	HGNC:31986	False		after_R2	False
FOXE1	singleton	dispersed	SSD	dispersed_SSD	Forkhead	True	gene with protein product	False	False	False		0		Opisthokonta	pre2R_ancient	HGNC:3806	False		before_R1	False
FOXG1	singleton	dispersed	SSD	dispersed_SSD	Forkhead	True	gene with protein product	False	False	False		0		Bilateria	pre2R_ancient	HGNC:3811	False		R1_to_R2	False
FOXH1	singleton	dispersed	SSD	dispersed_SSD	Forkhead	True	gene with protein product	False	False	False		0		Opisthokonta	pre2R_ancient	HGNC:3814	False		before_R1	False
FOXJ1	singleton	dispersed	SSD	dispersed_SSD	Forkhead	True	gene with protein product	False	False	False		0		Opisthokonta	pre2R_ancient	HGNC:3816	False		after_R2	False
FOXL2	singleton	dispersed	SSD	dispersed_SSD	Forkhead	True	gene with protein product	False	False	False		0		Opisthokonta	pre2R_ancient	HGNC:1092	False		before_R1	False
FOXM1	singleton	dispersed	SSD	dispersed_SSD	Forkhead	True	gene with protein product	False	False	False		0		Opisthokonta	pre2R_ancient	HGNC:3818	False		before_R1	False
FOXP1	singleton	dispersed	SSD	dispersed_SSD	Forkhead	True	gene with protein product	False	False	False		0		Opisthokonta	pre2R_ancient	HGNC:3823	False		R1_to_R2	False
FOXP2	singleton	dispersed	SSD	dispersed_SSD	Forkhead	True	gene with protein product	False	False	False		0		Bilateria	pre2R_ancient	HGNC:13875	True		before_R1	False
FOXP3	singleton	dispersed	SSD	dispersed_SSD	Forkhead	True	gene with protein product	False	False	False		0		Opisthokonta	pre2R_ancient	HGNC:6106	False		after_R2	True
FOXP4	singleton	dispersed	SSD	dispersed_SSD	Forkhead	True	gene with protein product	False	False	False		0		Bilateria	pre2R_ancient	HGNC:20842	False		after_R2	False
FOXS1	singleton	dispersed	SSD	dispersed_SSD	Forkhead	True	gene with protein product	False	False	False		0		Opisthokonta	pre2R_ancient	HGNC:3735	False		after_R2	False
TRPS1	singleton	dispersed	SSD	dispersed_SSD	GATA	True	gene with protein product	False	False	False		0		Opisthokonta	pre2R_ancient	HGNC:12340	False		before_R1	False
ZGLP1	singleton	dispersed	SSD	dispersed_SSD	GATA	True	gene with protein product	False	False	False		0		Opisthokonta	pre2R_ancient	HGNC:37245	False		before_R1	False
GTF2IRD2	singleton	dispersed	SSD	dispersed_SSD	GTF2I-like	True	gene with protein product	False	False	False		0		Homo sapiens	post2R_young	HGNC:30775	False		after_R2	False
GTF2IRD2B	singleton	dispersed	SSD	dispersed_SSD	GTF2I-like	True	gene with protein product	False	False	False		0		Homo sapiens	post2R_young	HGNC:33125	False		after_R2	False
BBX	singleton	dispersed	SSD	dispersed_SSD	HMG/Sox	True	gene with protein product	False	False	False		0		Bilateria	pre2R_ancient	HGNC:14422	False		before_R1	False
CIC	singleton	dispersed	SSD	dispersed_SSD	HMG/Sox	True	gene with protein product	False	False	False		0		Bilateria	pre2R_ancient	HGNC:10979	False		before_R1	False
HBP1	singleton	dispersed	SSD	dispersed_SSD	HMG/Sox	True	gene with protein product	False	False	False		0			no_paralog_node	HGNC:23200	False		R1_to_R2	False
HMGN3	singleton	dispersed	SSD	dispersed_SSD	HMG/Sox	True	gene with protein product	False	False	False		0		Euteleostomi	2R_vertebrata	HGNC:12312	False		after_R2	False
SOX15	singleton	dispersed	SSD	dispersed_SSD	HMG/Sox	True	gene with protein product	False	False	False		0		Bilateria	pre2R_ancient	HGNC:11196	False		before_R1	False
SOX30	singleton	dispersed	SSD	dispersed_SSD	HMG/Sox	True	gene with protein product	False	False	False		0		Bilateria	pre2R_ancient	HGNC:30635	False		before_R1	False
SOX6	singleton	dispersed	SSD	dispersed_SSD	HMG/Sox	True	gene with protein product	False	False	False		0		Bilateria	pre2R_ancient	HGNC:16421	False		before_R1	False
SRY	singleton	dispersed	SSD	dispersed_SSD	HMG/Sox	True	gene with protein product	False	False	False		0		Bilateria	pre2R_ancient	HGNC:11311	False		before_R1	False
HSF5	singleton	dispersed	SSD	dispersed_SSD	HSF	True	gene with protein product	False	False	False		0		Opisthokonta	pre2R_ancient	HGNC:26862	False		before_R1	False
HSFX1	singleton	dispersed	SSD	dispersed_SSD	HSF	True	gene with protein product	False	False	False		0		Homo sapiens	post2R_young	HGNC:29603	False		before_R1	False
HSFX2	singleton	dispersed	SSD	dispersed_SSD	HSF	True	gene with protein product	False	False	False		0		Homo sapiens	post2R_young	HGNC:32701	False		before_R1	False
ADNP	singleton	dispersed	SSD	dispersed_SSD	Homeodomain	True	gene with protein product	False	False	False		0			no_paralog_node	HGNC:15766	False		R1_to_R2	False
ADNP2	singleton	dispersed	SSD	dispersed_SSD	Homeodomain	True	gene with protein product	False	False	False		0			no_paralog_node	HGNC:23803	False		R1_to_R2	False
ANHX	singleton	dispersed	SSD	dispersed_SSD	Homeodomain	True	gene with protein product	False	False	False		0		Bilateria	pre2R_ancient	HGNC:40024	False		before_R1	False
ARGFX	singleton	dispersed	SSD	dispersed_SSD	Homeodomain	True	gene with protein product	False	False	False		0		Bilateria	pre2R_ancient	HGNC:30146	False		human_only	False
ARX	singleton	dispersed	SSD	dispersed_SSD	Homeodomain	True	gene with protein product	False	False	False		0		Bilateria	pre2R_ancient	HGNC:18060	False		R1_to_R2	False
BARX1	singleton	dispersed	SSD	dispersed_SSD	Homeodomain	True	gene with protein product	False	False	False		0		Bilateria	pre2R_ancient	HGNC:955	False		before_R1	False
BARX2	singleton	dispersed	SSD	dispersed_SSD	Homeodomain	True	gene with protein product	False	False	False		0		Bilateria	pre2R_ancient	HGNC:956	False		before_R1	False
BSX	singleton	dispersed	SSD	dispersed_SSD	Homeodomain	True	gene with protein product	False	False	False		0		Bilateria	pre2R_ancient	HGNC:20450	False		before_R1	False
DMBX1	singleton	dispersed	SSD	dispersed_SSD	Homeodomain	True	gene with protein product	False	False	False		0		Bilateria	pre2R_ancient	HGNC:19026	False		R1_to_R2	False
DPRX	singleton	dispersed	SSD	dispersed_SSD	Homeodomain	True	gene with protein product	False	False	False		0		Bilateria	pre2R_ancient	HGNC:32166	False		human_only	False
DRGX	singleton	dispersed	SSD	dispersed_SSD	Homeodomain	True	gene with protein product	False	False	False		0		Bilateria	pre2R_ancient	HGNC:21536	False		R1_to_R2	False
DUX4	singleton	dispersed	SSD	dispersed_SSD	Homeodomain	True	gene with protein product	False	False	False		0		Homo sapiens	post2R_young	HGNC:50800	False		after_R2	False
DUXA	singleton	dispersed	SSD	dispersed_SSD	Homeodomain	True	gene with protein product	False	False	False		0		Bilateria	pre2R_ancient	HGNC:32179	False		human_only	False
ESX1	singleton	dispersed	SSD	dispersed_SSD	Homeodomain	True	gene with protein product	False	False	False		0		Bilateria	pre2R_ancient	HGNC:14865	False		after_R2	False
GBX1	singleton	dispersed	SSD	dispersed_SSD	Homeodomain	True	gene with protein product	False	False	False		0		Vertebrata	2R_vertebrata	HGNC:4185	False		before_R1	False
GBX2	singleton	dispersed	SSD	dispersed_SSD	Homeodomain	True	gene with protein product	False	False	False		0		Vertebrata	2R_vertebrata	HGNC:4186	False		before_R1	False
GSC	singleton	dispersed	SSD	dispersed_SSD	Homeodomain	True	gene with protein product	False	False	False		0		Bilateria	pre2R_ancient	HGNC:4612	False		after_R2	False
GSC2	singleton	dispersed	SSD	dispersed_SSD	Homeodomain	True	gene with protein product	False	False	False		0		Bilateria	pre2R_ancient	HGNC:4613	False		R1_to_R2	False
HDX	singleton	dispersed	SSD	dispersed_SSD	Homeodomain	True	gene with protein product	False	False	False		0		Bilateria	pre2R_ancient	HGNC:26411	False		before_R1	False
HESX1	singleton	dispersed	SSD	dispersed_SSD	Homeodomain	True	gene with protein product	False	False	False		0		Bilateria	pre2R_ancient	HGNC:4877	False		after_R2	False
HHEX	singleton	dispersed	SSD	dispersed_SSD	Homeodomain	True	gene with protein product	False	False	False		0			no_paralog_node	HGNC:4901	False		after_R2	False
HLX	singleton	dispersed	SSD	dispersed_SSD	Homeodomain	True	gene with protein product	False	False	False		0		Bilateria	pre2R_ancient	HGNC:4978	False		before_R1	False
HMBOX1	singleton	dispersed	SSD	dispersed_SSD	Homeodomain	True	gene with protein product	False	False	False		0			no_paralog_node	HGNC:26137	False		before_R1	False
HOMEZ	singleton	dispersed	SSD	dispersed_SSD	Homeodomain	True	gene with protein product	False	False	False		0		Vertebrata	2R_vertebrata	HGNC:20164	False		human_only	False
ISX	singleton	dispersed	SSD	dispersed_SSD	Homeodomain	True	gene with protein product	False	False	False		0		Bilateria	pre2R_ancient	HGNC:28084	False		before_R1	False
LEUTX	singleton	dispersed	SSD	dispersed_SSD	Homeodomain	True	gene with protein product	False	False	False		0		Chordata	pre2R_ancient	HGNC:31953	False		before_R1	False
MKX	singleton	dispersed	SSD	dispersed_SSD	Homeodomain	True	gene with protein product	False	False	False		0		Bilateria	pre2R_ancient	HGNC:23729	False		before_R1	False
MNX1	singleton	dispersed	SSD	dispersed_SSD	Homeodomain	True	gene with protein product	False	False	False		0			no_paralog_node	HGNC:4979	False		after_R2	False
MSX1	singleton	dispersed	SSD	dispersed_SSD	Homeodomain	True	gene with protein product	False	False	False		0		Bilateria	pre2R_ancient	HGNC:7391	False		before_R1	False
MSX2	singleton	dispersed	SSD	dispersed_SSD	Homeodomain	True	gene with protein product	False	False	False		0		Bilateria	pre2R_ancient	HGNC:7392	False		before_R1	False
NANOGP8	singleton	dispersed	SSD	dispersed_SSD	Homeodomain	True	gene with protein product	False	False	False		0		Hominoidea	post2R_young	HGNC:23106	False		before_R1	False
NKX1-1	singleton	dispersed	SSD	dispersed_SSD	Homeodomain	True	gene with protein product	False	False	False		0		Bilateria	pre2R_ancient	HGNC:24975	False		before_R1	False
NKX1-2	singleton	dispersed	SSD	dispersed_SSD	Homeodomain	True	gene with protein product	False	False	False		0		Bilateria	pre2R_ancient	HGNC:31652	False		before_R1	False
NKX6-2	singleton	dispersed	SSD	dispersed_SSD	Homeodomain	True	gene with protein product	False	False	False		0		Bilateria	pre2R_ancient	HGNC:19321	False		before_R1	False
NOBOX	singleton	dispersed	SSD	dispersed_SSD	Homeodomain	True	gene with protein product	False	False	False		0		Bilateria	pre2R_ancient	HGNC:22448	False		R1_to_R2	False
NOTO	singleton	dispersed	SSD	dispersed_SSD	Homeodomain	True	gene with protein product	False	False	False		0		Euteleostomi	2R_vertebrata	HGNC:31839	False		before_R1	False
OTP	singleton	dispersed	SSD	dispersed_SSD	Homeodomain	True	gene with protein product	False	False	False		0		Bilateria	pre2R_ancient	HGNC:8518	False		before_R1	False
PROP1	singleton	dispersed	SSD	dispersed_SSD	Homeodomain	True	gene with protein product	False	False	False		0		Bilateria	pre2R_ancient	HGNC:9455	False		after_R2	False
TGIF1	singleton	dispersed	SSD	dispersed_SSD	Homeodomain	True	gene with protein product	False	False	False		0		Bilateria	pre2R_ancient	HGNC:11776	False		before_R1	False
TGIF2	singleton	dispersed	SSD	dispersed_SSD	Homeodomain	True	gene with protein product	False	False	False		0		Bilateria	pre2R_ancient	HGNC:15764	False		before_R1	False
TGIF2LX	singleton	dispersed	SSD	dispersed_SSD	Homeodomain	True	gene with protein product	False	False	False		0		Simiiformes	post2R_young	HGNC:18570	False		before_R1	False
TGIF2LY	singleton	dispersed	SSD	dispersed_SSD	Homeodomain	True	gene with protein product	False	False	False		0		Simiiformes	post2R_young	HGNC:18569	False		before_R1	False
UNCX	singleton	dispersed	SSD	dispersed_SSD	Homeodomain	True	gene with protein product	False	False	False		0		Bilateria	pre2R_ancient	HGNC:33194	False		before_R1	False
VENTX	singleton	dispersed	SSD	dispersed_SSD	Homeodomain	True	gene with protein product	False	False	False		0		Bilateria	pre2R_ancient	HGNC:13639	False		before_R1	False
ZHX1	singleton	dispersed	SSD	dispersed_SSD	Homeodomain	True	gene with protein product	False	False	False		0		Vertebrata	2R_vertebrata	HGNC:12871	False		before_R1	False
ZHX2	singleton	dispersed	SSD	dispersed_SSD	Homeodomain	True	gene with protein product	False	False	False		0		Vertebrata	2R_vertebrata	HGNC:18513	False		before_R1	False
ZHX3	singleton	dispersed	SSD	dispersed_SSD	Homeodomain	True	gene with protein product	False	False	False		0		Vertebrata	2R_vertebrata	HGNC:15935	False		before_R1	False
POU1F1	singleton	dispersed	SSD	dispersed_SSD	Homeodomain; POU	True	gene with protein product	False	False	False		0		Bilateria	pre2R_ancient	HGNC:9210	False		before_R1	False
POU3F4	singleton	dispersed	SSD	dispersed_SSD	Homeodomain; POU	True	gene with protein product	False	False	False		0		Bilateria	pre2R_ancient	HGNC:9217	False		before_R1	False
POU5F1	singleton	dispersed	SSD	dispersed_SSD	Homeodomain; POU	True	gene with protein product	False	False	False		0		Hominidae	post2R_young	HGNC:9221	False		before_R1	False
POU5F1B	singleton	dispersed	SSD	dispersed_SSD	Homeodomain; POU	True	gene with protein product	False	False	False		0		Hominidae	post2R_young	HGNC:9223	False		before_R1	False
POU5F2	singleton	dispersed	SSD	dispersed_SSD	Homeodomain; POU	True	gene with protein product	False	False	False		0		Bilateria	pre2R_ancient	HGNC:26367	False		before_R1	False
POU6F1	singleton	dispersed	SSD	dispersed_SSD	Homeodomain; POU	True	gene with protein product	False	False	False		0		Bilateria	pre2R_ancient	HGNC:9224	False		before_R1	False
POU6F2	singleton	dispersed	SSD	dispersed_SSD	Homeodomain; POU	True	gene with protein product	False	False	False		0		Bilateria	pre2R_ancient	HGNC:21694	False		before_R1	False
PAX4	singleton	dispersed	SSD	dispersed_SSD	Homeodomain; Paired box	True	gene with protein product	False	False	False		0		Bilateria	pre2R_ancient	HGNC:8618	False		after_R2	False
PAX6	singleton	dispersed	SSD	dispersed_SSD	Homeodomain; Paired box	True	gene with protein product	False	False	False		0		Bilateria	pre2R_ancient	HGNC:8620	False		R1_to_R2	False
IRF1	singleton	dispersed	SSD	dispersed_SSD	IRF	True	gene with protein product	False	False	False		0		Chordata	pre2R_ancient	HGNC:6116	False		before_R1	True
IRF2	singleton	dispersed	SSD	dispersed_SSD	IRF	True	gene with protein product	False	False	False		0		Chordata	pre2R_ancient	HGNC:6117	False		before_R1	False
IRF3	singleton	dispersed	SSD	dispersed_SSD	IRF	True	gene with protein product	False	False	False		0		Chordata	pre2R_ancient	HGNC:6118	False		before_R1	False
IRF5	singleton	dispersed	SSD	dispersed_SSD	IRF	True	gene with protein product	False	False	False		0		Chordata	pre2R_ancient	HGNC:6120	False		before_R1	False
IRF6	singleton	dispersed	SSD	dispersed_SSD	IRF	True	gene with protein product	False	False	False		0		Chordata	pre2R_ancient	HGNC:6121	False		before_R1	False
IRF9	singleton	dispersed	SSD	dispersed_SSD	IRF	True	gene with protein product	False	False	False		0		Chordata	pre2R_ancient	HGNC:6131	False		before_R1	False
MSANTD1	singleton	dispersed	SSD	dispersed_SSD	MADF	True	gene with protein product	False	False	False		0			no_paralog_node	HGNC:33741	False		before_R1	False
MSANTD3	singleton	dispersed	SSD	dispersed_SSD	MADF	True	gene with protein product	False	False	False		0			no_paralog_node	HGNC:23370	False		after_R2	False
NAIF1	singleton	dispersed	SSD	dispersed_SSD	MADF	True	gene with protein product	False	False	False		0			no_paralog_node	HGNC:25446	False		before_R1	False
SRF	singleton	dispersed	SSD	dispersed_SSD	MADS box	True	gene with protein product	False	False	False		0		Opisthokonta	pre2R_ancient	HGNC:11291	False		before_R1	False
MBD6	singleton	dispersed	SSD	dispersed_SSD	MBD	True	gene with protein product	False	False	False		0			no_paralog_node	HGNC:20445	False		before_R1	False
PIN1	singleton	dispersed	SSD	dispersed_SSD	MBD	True	gene with protein product	False	False	False		0		Opisthokonta	pre2R_ancient	HGNC:8988	False		before_R1	False
SETDB1	singleton	dispersed	SSD	dispersed_SSD	MBD	True	gene with protein product	False	False	False		0		Opisthokonta	pre2R_ancient	HGNC:10761	False		before_R1	False
SETDB2	singleton	dispersed	SSD	dispersed_SSD	MBD	True	gene with protein product	False	False	False		0		Opisthokonta	pre2R_ancient	HGNC:20263	False		before_R1	False
CDC5L	singleton	dispersed	SSD	dispersed_SSD	Myb/SANT	True	gene with protein product	False	False	False		0		Opisthokonta	pre2R_ancient	HGNC:1743	False		before_R1	False
MSANTD4	singleton	dispersed	SSD	dispersed_SSD	Myb/SANT	True	gene with protein product	False	False	False		0			no_paralog_node	HGNC:29383	False		after_R2	False
MYPOP	singleton	dispersed	SSD	dispersed_SSD	Myb/SANT	True	gene with protein product	False	False	False		0			no_paralog_node	HGNC:20178	False		after_R2	False
SNAPC4	singleton	dispersed	SSD	dispersed_SSD	Myb/SANT	True	gene with protein product	False	False	False		0		Opisthokonta	pre2R_ancient	HGNC:11137	False		before_R1	False
TERB1	singleton	dispersed	SSD	dispersed_SSD	Myb/SANT	True	gene with protein product	False	False	False		0			no_paralog_node	HGNC:26675	False		R1_to_R2	False
TERF1	singleton	dispersed	SSD	dispersed_SSD	Myb/SANT	True	gene with protein product	False	False	False		0			no_paralog_node	HGNC:11728	False		after_R2	False
TERF2	singleton	dispersed	SSD	dispersed_SSD	Myb/SANT	True	gene with protein product	False	False	False		0			no_paralog_node	HGNC:11729	False		after_R2	False
ZZZ3	singleton	dispersed	SSD	dispersed_SSD	Myb/SANT	True	gene with protein product	False	False	False		0			no_paralog_node	HGNC:24523	False		before_R1	False
NFX1	singleton	dispersed	SSD	dispersed_SSD	NFX	True	gene with protein product	False	False	False		0		Opisthokonta	pre2R_ancient	HGNC:7803	False		before_R1	False
NFXL1	singleton	dispersed	SSD	dispersed_SSD	NFX	True	gene with protein product	False	False	False		0		Opisthokonta	pre2R_ancient	HGNC:18726	False		before_R1	False
AR	singleton	dispersed	SSD	dispersed_SSD	Nuclear receptor	True	gene with protein product	False	False	False		0		Bilateria	pre2R_ancient	HGNC:381	False		before_R1	False
ESR2	singleton	dispersed	SSD	dispersed_SSD	Nuclear receptor	True	gene with protein product	False	False	False		0		Bilateria	pre2R_ancient	HGNC:3468	False		before_R1	False
NR1H2	singleton	dispersed	SSD	dispersed_SSD	Nuclear receptor	True	gene with protein product	False	False	False		0		Bilateria	pre2R_ancient	HGNC:7965	False		before_R1	False
NR1I3	singleton	dispersed	SSD	dispersed_SSD	Nuclear receptor	True	gene with protein product	False	False	False		0		Bilateria	pre2R_ancient	HGNC:7969	False		before_R1	False
NR2E1	singleton	dispersed	SSD	dispersed_SSD	Nuclear receptor	True	gene with protein product	False	False	False		0		Bilateria	pre2R_ancient	HGNC:7973	False		before_R1	False
NR2E3	singleton	dispersed	SSD	dispersed_SSD	Nuclear receptor	True	gene with protein product	False	False	False		0		Bilateria	pre2R_ancient	HGNC:7974	False		before_R1	False
NR2F6	singleton	dispersed	SSD	dispersed_SSD	Nuclear receptor	True	gene with protein product	False	False	False		0		Bilateria	pre2R_ancient	HGNC:7977	False		before_R1	False
NR3C1	singleton	dispersed	SSD	dispersed_SSD	Nuclear receptor	True	gene with protein product	False	False	False		0		Bilateria	pre2R_ancient	HGNC:7978	False		before_R1	False
NR3C2	singleton	dispersed	SSD	dispersed_SSD	Nuclear receptor	True	gene with protein product	False	False	False		0		Bilateria	pre2R_ancient	HGNC:7979	False		before_R1	False
RFX4	singleton	dispersed	SSD	dispersed_SSD	RFX	True	gene with protein product	False	False	False		0		Chordata	pre2R_ancient	HGNC:9985	True		before_R1	False
RFX6	singleton	dispersed	SSD	dispersed_SSD	RFX	True	gene with protein product	False	False	False		0		Chordata	pre2R_ancient	HGNC:21478	False		before_R1	False
RFX8	singleton	dispersed	SSD	dispersed_SSD	RFX	True	gene with protein product	False	False	False		0		Vertebrata	2R_vertebrata	HGNC:37253	False		before_R1	False
DEAF1	singleton	dispersed	SSD	dispersed_SSD	SAND	True	gene with protein product	False	False	False		0			no_paralog_node	HGNC:14677	False		before_R1	False
SMAD4	singleton	dispersed	SSD	dispersed_SSD	SMAD	True	gene with protein product	False	False	False		0		Bilateria	pre2R_ancient	HGNC:6770	False		before_R1	False
TBX1	singleton	dispersed	SSD	dispersed_SSD	T-box	True	gene with protein product	False	False	False		0		Bilateria	pre2R_ancient	HGNC:11592	False		before_R1	True
TBX10	singleton	dispersed	SSD	dispersed_SSD	T-box	True	gene with protein product	False	False	False		0		Bilateria	pre2R_ancient	HGNC:11593	False		before_R1	False
TBX15	singleton	dispersed	SSD	dispersed_SSD	T-box	True	gene with protein product	False	False	False		0		Bilateria	pre2R_ancient	HGNC:11594	False		before_R1	False
TBX18	singleton	dispersed	SSD	dispersed_SSD	T-box	True	gene with protein product	False	False	False		0		Bilateria	pre2R_ancient	HGNC:11595	True		before_R1	False
TBX20	singleton	dispersed	SSD	dispersed_SSD	T-box	True	gene with protein product	False	False	False		0		Bilateria	pre2R_ancient	HGNC:11598	False		before_R1	False
TBX22	singleton	dispersed	SSD	dispersed_SSD	T-box	True	gene with protein product	False	False	False		0		Bilateria	pre2R_ancient	HGNC:11600	False		before_R1	False
TBX6	singleton	dispersed	SSD	dispersed_SSD	T-box	True	gene with protein product	False	False	False		0		Bilateria	pre2R_ancient	HGNC:11605	False		before_R1	False
TBPL1	singleton	dispersed	SSD	dispersed_SSD	TBP	True	gene with protein product	False	False	False		0		Opisthokonta	pre2R_ancient	HGNC:11589	False		before_R1	False
TEAD2	singleton	dispersed	SSD	dispersed_SSD	TEA	True	gene with protein product	False	False	False		0		Chordata	pre2R_ancient	HGNC:11715	False		before_R1	False
THAP1	singleton	dispersed	SSD	dispersed_SSD	THAP finger	True	gene with protein product	False	False	False		0		Bilateria	pre2R_ancient	HGNC:20856	False		before_R1	False
THAP10	singleton	dispersed	SSD	dispersed_SSD	THAP finger	True	gene with protein product	False	False	False		0		Bilateria	pre2R_ancient	HGNC:23193	False		before_R1	False
THAP11	singleton	dispersed	SSD	dispersed_SSD	THAP finger	True	gene with protein product	False	False	False		0			no_paralog_node	HGNC:23194	False		after_R2	False
THAP12	singleton	dispersed	SSD	dispersed_SSD	THAP finger	True	gene with protein product	False	False	False		0		Bilateria	pre2R_ancient	HGNC:9440	False		after_R2	False
THAP2	singleton	dispersed	SSD	dispersed_SSD	THAP finger	True	gene with protein product	False	False	False		0		Bilateria	pre2R_ancient	HGNC:20854	False		before_R1	False
THAP3	singleton	dispersed	SSD	dispersed_SSD	THAP finger	True	gene with protein product	False	False	False		0		Bilateria	pre2R_ancient	HGNC:20855	False		before_R1	False
THAP4	singleton	dispersed	SSD	dispersed_SSD	THAP finger	True	gene with protein product	False	False	False		0			no_paralog_node	HGNC:23187	False		before_R1	False
THAP5	singleton	dispersed	SSD	dispersed_SSD	THAP finger	True	gene with protein product	False	False	False		0			no_paralog_node	HGNC:23188	False		after_R2	False
THAP6	singleton	dispersed	SSD	dispersed_SSD	THAP finger	True	gene with protein product	False	False	False		0		Bilateria	pre2R_ancient	HGNC:23189	False		before_R1	False
THAP7	singleton	dispersed	SSD	dispersed_SSD	THAP finger	True	gene with protein product	False	False	False		0		Bilateria	pre2R_ancient	HGNC:23190	False		before_R1	False
THAP8	singleton	dispersed	SSD	dispersed_SSD	THAP finger	True	gene with protein product	False	False	False		0		Bilateria	pre2R_ancient	HGNC:23191	False		before_R1	False
THAP9	singleton	dispersed	SSD	dispersed_SSD	THAP finger	True	gene with protein product	False	False	False		0			no_paralog_node	HGNC:23192	False		before_R1	False
ASCL1	singleton	dispersed	SSD	dispersed_SSD	bHLH	True	gene with protein product	False	False	False		0		Bilateria	pre2R_ancient	HGNC:738	False		before_R1	False
ASCL2	singleton	dispersed	SSD	dispersed_SSD	bHLH	True	gene with protein product	False	False	False		0		Bilateria	pre2R_ancient	HGNC:739	False		before_R1	False
ASCL5	singleton	dispersed	SSD	dispersed_SSD	bHLH	True	gene with protein product	False	False	False		0		Bilateria	pre2R_ancient	HGNC:33169	False		before_R1	False
ATOH1	singleton	dispersed	SSD	dispersed_SSD	bHLH	True	gene with protein product	False	False	False		0		Bilateria	pre2R_ancient	HGNC:797	False		before_R1	False
ATOH7	singleton	dispersed	SSD	dispersed_SSD	bHLH	True	gene with protein product	False	False	False		0		Bilateria	pre2R_ancient	HGNC:13907	False		before_R1	False
ATOH8	singleton	dispersed	SSD	dispersed_SSD	bHLH	True	gene with protein product	False	False	False		0		Bilateria	pre2R_ancient	HGNC:24126	False		before_R1	False
BHLHA15	singleton	dispersed	SSD	dispersed_SSD	bHLH	True	gene with protein product	False	False	False		0		Bilateria	pre2R_ancient	HGNC:22265	False		before_R1	False
BHLHA9	singleton	dispersed	SSD	dispersed_SSD	bHLH	True	gene with protein product	False	False	False		0		Bilateria	pre2R_ancient	HGNC:35126	False		before_R1	False
BHLHE40	singleton	dispersed	SSD	dispersed_SSD	bHLH	True	gene with protein product	False	False	False		0		Opisthokonta	pre2R_ancient	HGNC:1046	False		before_R1	False
BHLHE41	singleton	dispersed	SSD	dispersed_SSD	bHLH	True	gene with protein product	False	False	False		0		Opisthokonta	pre2R_ancient	HGNC:16617	False		before_R1	False
FIGLA	singleton	dispersed	SSD	dispersed_SSD	bHLH	True	gene with protein product	False	False	False		0		Bilateria	pre2R_ancient	HGNC:24669	False		before_R1	False
HELT	singleton	dispersed	SSD	dispersed_SSD	bHLH	True	gene with protein product	False	False	False		0		Opisthokonta	pre2R_ancient	HGNC:33783	False		before_R1	False
HES2	singleton	dispersed	SSD	dispersed_SSD	bHLH	True	gene with protein product	False	False	False		0		Opisthokonta	pre2R_ancient	HGNC:16005	False		before_R1	False
HES3	singleton	dispersed	SSD	dispersed_SSD	bHLH	True	gene with protein product	False	False	False		0		Opisthokonta	pre2R_ancient	HGNC:26226	False		before_R1	False
HES5	singleton	dispersed	SSD	dispersed_SSD	bHLH	True	gene with protein product	False	False	False		0		Opisthokonta	pre2R_ancient	HGNC:19764	False		before_R1	False
HES6	singleton	dispersed	SSD	dispersed_SSD	bHLH	True	gene with protein product	False	False	False		0		Opisthokonta	pre2R_ancient	HGNC:18254	False		before_R1	False
HES7	singleton	dispersed	SSD	dispersed_SSD	bHLH	True	gene with protein product	False	False	False		0		Opisthokonta	pre2R_ancient	HGNC:15977	False		before_R1	False
LYL1	singleton	dispersed	SSD	dispersed_SSD	bHLH	True	gene with protein product	False	False	False		0		Bilateria	pre2R_ancient	HGNC:6734	False		after_R2	False
MAX	singleton	dispersed	SSD	dispersed_SSD	bHLH	True	gene with protein product	False	False	False		0			no_paralog_node	HGNC:6913	False		before_R1	False
MLX	singleton	dispersed	SSD	dispersed_SSD	bHLH	True	gene with protein product	False	False	False		0		Bilateria	pre2R_ancient	HGNC:11645	False		before_R1	False
MNT	singleton	dispersed	SSD	dispersed_SSD	bHLH	True	gene with protein product	False	False	False		0		Bilateria	pre2R_ancient	HGNC:7188	False		before_R1	False
MSGN1	singleton	dispersed	SSD	dispersed_SSD	bHLH	True	gene with protein product	False	False	False		0			no_paralog_node	HGNC:14907	False		before_R1	False
NCOA1	singleton	dispersed	SSD	dispersed_SSD	bHLH	True	gene with protein product	False	False	False		0		Vertebrata	2R_vertebrata	HGNC:7668	True		before_R1	False
NEUROD1	singleton	dispersed	SSD	dispersed_SSD	bHLH	True	gene with protein product	False	False	False		0		Bilateria	pre2R_ancient	HGNC:7762	False		before_R1	False
NHLH1	singleton	dispersed	SSD	dispersed_SSD	bHLH	True	gene with protein product	False	False	False		0		Bilateria	pre2R_ancient	HGNC:7817	False		after_R2	False
NHLH2	singleton	dispersed	SSD	dispersed_SSD	bHLH	True	gene with protein product	False	False	False		0		Bilateria	pre2R_ancient	HGNC:7818	False		after_R2	False
NPAS4	singleton	dispersed	SSD	dispersed_SSD	bHLH	True	gene with protein product	False	False	False		0		Bilateria	pre2R_ancient	HGNC:18983	False		before_R1	False
OLIG3	singleton	dispersed	SSD	dispersed_SSD	bHLH	True	gene with protein product	False	False	False		0		Bilateria	pre2R_ancient	HGNC:18003	False		before_R1	False
PTF1A	singleton	dispersed	SSD	dispersed_SSD	bHLH	True	gene with protein product	False	False	False		0		Bilateria	pre2R_ancient	HGNC:23734	False		before_R1	False
SCX	singleton	dispersed	SSD	dispersed_SSD	bHLH	True	gene with protein product	False	False	False		0		Bilateria	pre2R_ancient	HGNC:32322	False		before_R1	False
SOHLH1	singleton	dispersed	SSD	dispersed_SSD	bHLH	True	gene with protein product	False	False	False		0			no_paralog_node	HGNC:27845	False		after_R2	False
TAL1	singleton	dispersed	SSD	dispersed_SSD	bHLH	True	gene with protein product	False	False	False		0		Bilateria	pre2R_ancient	HGNC:11556	False		R1_to_R2	False
TAL2	singleton	dispersed	SSD	dispersed_SSD	bHLH	True	gene with protein product	False	False	False		0		Bilateria	pre2R_ancient	HGNC:11557	False		after_R2	False
TCF15	singleton	dispersed	SSD	dispersed_SSD	bHLH	True	gene with protein product	False	False	False		0		Bilateria	pre2R_ancient	HGNC:11627	False		before_R1	False
TCFL5	singleton	dispersed	SSD	dispersed_SSD	bHLH	True	gene with protein product	False	False	False		0			no_paralog_node	HGNC:11646	False		after_R2	False
TFAP4	singleton	dispersed	SSD	dispersed_SSD	bHLH	True	gene with protein product	False	False	False		0		Bilateria	pre2R_ancient	HGNC:11745	False		before_R1	False
TWIST2	singleton	dispersed	SSD	dispersed_SSD	bHLH	True	gene with protein product	False	False	False		0		Bilateria	pre2R_ancient	HGNC:20670	False		before_R1	False
USF3	singleton	dispersed	SSD	dispersed_SSD	bHLH	True	gene with protein product	False	False	False		0			no_paralog_node	HGNC:30494	False		after_R2	False
BATF2	singleton	dispersed	SSD	dispersed_SSD	bZIP	True	gene with protein product	False	False	False		0		Bilateria	pre2R_ancient	HGNC:25163	False		before_R1	False
BATF3	singleton	dispersed	SSD	dispersed_SSD	bZIP	True	gene with protein product	False	False	False		0		Bilateria	pre2R_ancient	HGNC:28915	False		before_R1	False
CREBL2	singleton	dispersed	SSD	dispersed_SSD	bZIP	True	gene with protein product	False	False	False		0			no_paralog_node	HGNC:2350	False		before_R1	False
CREBZF	singleton	dispersed	SSD	dispersed_SSD	bZIP	True	gene with protein product	False	False	False		0			no_paralog_node	HGNC:24905	False		R1_to_R2	False
DDIT3	singleton	dispersed	SSD	dispersed_SSD	bZIP	True	gene with protein product	False	False	False		0			no_paralog_node	HGNC:2726	False		after_R2	False
NFIL3	singleton	dispersed	SSD	dispersed_SSD	bZIP	True	gene with protein product	False	False	False		0		Bilateria	pre2R_ancient	HGNC:7787	False		before_R1	False
TEF	singleton	dispersed	SSD	dispersed_SSD	bZIP	True	gene with protein product	False	False	False		0		Bilateria	pre2R_ancient	HGNC:11722	False		before_R1	False
XBP1	singleton	dispersed	SSD	dispersed_SSD	bZIP	True	gene with protein product	False	False	False		0			no_paralog_node	HGNC:12801	False		after_R2	False
MTERF1	singleton	dispersed	SSD	dispersed_SSD	mTERF	True	gene with protein product	False	False	False		0		Vertebrata	2R_vertebrata	HGNC:21463	False		before_R1	False
MTERF2	singleton	dispersed	SSD	dispersed_SSD	mTERF	True	gene with protein product	False	False	False		0		Vertebrata	2R_vertebrata	HGNC:30779	False		before_R1	False
MTERF3	singleton	dispersed	SSD	dispersed_SSD	mTERF	True	gene with protein product	False	False	False		0			no_paralog_node	HGNC:24258	False		before_R1	False
MTERF4	singleton	dispersed	SSD	dispersed_SSD	mTERF	True	gene with protein product	False	False	False		0			no_paralog_node	HGNC:28785	False		before_R1	False
TFAP2A	singleton	dispersed	ohnolog	dispersed_ohnolog	AP-2	True	gene with protein product	True	True	False		4	Vertebrata	Vertebrata	2R_vertebrata	HGNC:11742	True	alpha	before_R1	False
TFAP2C	singleton	dispersed	ohnolog	dispersed_ohnolog	AP-2	True	gene with protein product	True	True	False		4	Vertebrata	Vertebrata	2R_vertebrata	HGNC:11744	True	beta	before_R1	False
TFAP2E	singleton	dispersed	ohnolog	dispersed_ohnolog	AP-2	True	gene with protein product	True	True	False		4	Vertebrata	Vertebrata	2R_vertebrata	HGNC:30774	False	beta	before_R1	False
ARID3A	singleton	dispersed	ohnolog	dispersed_ohnolog	ARID/BRIGHT	True	gene with protein product	True	True	False		1	Vertebrata	Bilateria	pre2R_ancient	HGNC:3031	False	beta	before_R1	False
ARID3B	singleton	dispersed	ohnolog	dispersed_ohnolog	ARID/BRIGHT	True	gene with protein product	True	True	False		1	Vertebrata	Bilateria	pre2R_ancient	HGNC:14350	True	alpha	before_R1	False
ARID5A	singleton	dispersed	ohnolog	dispersed_ohnolog	ARID/BRIGHT	True	gene with protein product	True	True	False		1	Vertebrata	Bilateria	pre2R_ancient	HGNC:17361	False	beta	before_R1	False
ARID5B	singleton	dispersed	ohnolog	dispersed_ohnolog	ARID/BRIGHT	True	gene with protein product	True	True	False		1	Vertebrata	Bilateria	pre2R_ancient	HGNC:17362	False	alpha	before_R1	False
CBX2	singleton	dispersed	ohnolog	dispersed_ohnolog	AT hook	True	gene with protein product	True	True	False		2	Vertebrata	Bilateria	pre2R_ancient	HGNC:1552	False	alpha	before_R1	False
PHF20	singleton	dispersed	ohnolog	dispersed_ohnolog	AT hook	True	gene with protein product	True	True	False		1	Vertebrata	Bilateria	pre2R_ancient	HGNC:16098	False	beta	before_R1	False
SCML4	singleton	dispersed	ohnolog	dispersed_ohnolog	AT hook	True	gene with protein product	True	True	False		2	Vertebrata	Bilateria	pre2R_ancient	HGNC:21397	False	alpha	before_R1	False
SRCAP	singleton	dispersed	ohnolog	dispersed_ohnolog	AT hook	True	gene with protein product	True	True	False		2	Vertebrata	Opisthokonta	pre2R_ancient	HGNC:16974	False	beta	before_R1	False
SGSM2	singleton	dispersed	ohnolog	dispersed_ohnolog	BED ZF	True	gene with protein product	True	True	False		1	Vertebrata	Opisthokonta	pre2R_ancient	HGNC:29026	False	alpha	R1_to_R2	False
ZBED1	singleton	dispersed	ohnolog	dispersed_ohnolog	BED ZF	True	gene with protein product	True	True	False		1	Vertebrata	Bilateria	pre2R_ancient	HGNC:447	False		after_R2	False
ZBED4	singleton	dispersed	ohnolog	dispersed_ohnolog	BED ZF	True	gene with protein product	True	True	False		1	Vertebrata	Bilateria	pre2R_ancient	HGNC:20721	False	alpha	after_R2	False
BCL11A	singleton	dispersed	ohnolog	dispersed_ohnolog	C2H2 ZF	True	gene with protein product	True	True	False		2	Vertebrata	Bilateria	pre2R_ancient	HGNC:13221	False	alpha	R1_to_R2	False
BCL11B	singleton	dispersed	ohnolog	dispersed_ohnolog	C2H2 ZF	True	gene with protein product	True	True	False		2	Vertebrata	Bilateria	pre2R_ancient	HGNC:13222	True	alpha	after_R2	False
BNC1	singleton	dispersed	ohnolog	dispersed_ohnolog	C2H2 ZF	True	gene with protein product	True	True	False		1	Vertebrata	Vertebrata	2R_vertebrata	HGNC:99	False	alpha	before_R1	False
BNC2	singleton	dispersed	ohnolog	dispersed_ohnolog	C2H2 ZF	True	gene with protein product	True	True	False		1	Vertebrata	Vertebrata	2R_vertebrata	HGNC:30988	False	alpha	before_R1	False
CTCF	singleton	dispersed	ohnolog	dispersed_ohnolog	C2H2 ZF	True	gene with protein product	True	True	False		1	Vertebrata	Bilateria	pre2R_ancient	HGNC:13723	False	alpha	R1_to_R2	False
CTCFL	singleton	dispersed	ohnolog	dispersed_ohnolog	C2H2 ZF	True	gene with protein product	True	True	False		1	Vertebrata	Bilateria	pre2R_ancient	HGNC:16234	False	alpha	before_R1	False
DPF1	singleton	dispersed	ohnolog	dispersed_ohnolog	C2H2 ZF	True	gene with protein product	True	True	False		2	Vertebrata	Opisthokonta	pre2R_ancient	HGNC:20225	True	alpha	before_R1	False
DPF3	singleton	dispersed	ohnolog	dispersed_ohnolog	C2H2 ZF	True	gene with protein product	True	True	False		2	Vertebrata	Opisthokonta	pre2R_ancient	HGNC:17427	False	alpha	before_R1	False
DZIP1	singleton	dispersed	ohnolog	dispersed_ohnolog	C2H2 ZF	True	gene with protein product	True	True	False		1	Vertebrata	Bilateria	pre2R_ancient	HGNC:20908	False	alpha	before_R1	False
EGR1	singleton	dispersed	ohnolog	dispersed_ohnolog	C2H2 ZF	True	gene with protein product	True	True	False		2	Vertebrata	Opisthokonta	pre2R_ancient	HGNC:3238	False	beta	before_R1	False
EGR2	singleton	dispersed	ohnolog	dispersed_ohnolog	C2H2 ZF	True	gene with protein product	True	True	False		2	Vertebrata	Opisthokonta	pre2R_ancient	HGNC:3239	False	alpha	before_R1	False
EGR3	singleton	dispersed	ohnolog	dispersed_ohnolog	C2H2 ZF	True	gene with protein product	True	True	False		2	Vertebrata	Opisthokonta	pre2R_ancient	HGNC:3240	False		before_R1	False
FEZF1	singleton	dispersed	ohnolog	dispersed_ohnolog	C2H2 ZF	True	gene with protein product	True	True	False		1	Vertebrata	Bilateria	pre2R_ancient	HGNC:22788	False	alpha	R1_to_R2	False
FEZF2	singleton	dispersed	ohnolog	dispersed_ohnolog	C2H2 ZF	True	gene with protein product	True	True	False		1	Vertebrata	Bilateria	pre2R_ancient	HGNC:13506	False	alpha	R1_to_R2	False
GFI1	singleton	dispersed	ohnolog	dispersed_ohnolog	C2H2 ZF	True	gene with protein product	True	True	False		1	Vertebrata	Bilateria	pre2R_ancient	HGNC:4237	False	alpha	before_R1	True
GFI1B	singleton	dispersed	ohnolog	dispersed_ohnolog	C2H2 ZF	True	gene with protein product	True	True	False		1	Vertebrata	Bilateria	pre2R_ancient	HGNC:4238	False	alpha	after_R2	False
GLIS1	singleton	dispersed	ohnolog	dispersed_ohnolog	C2H2 ZF	True	gene with protein product	True	True	False		1	Vertebrata	Bilateria	pre2R_ancient	HGNC:29525	False	alpha	R1_to_R2	False
GLIS3	singleton	dispersed	ohnolog	dispersed_ohnolog	C2H2 ZF	True	gene with protein product	True	True	False		1	Vertebrata	Bilateria	pre2R_ancient	HGNC:28510	False	alpha	R1_to_R2	False
GTF3A	singleton	dispersed	ohnolog	dispersed_ohnolog	C2H2 ZF	True	gene with protein product	True	True	False		3	Vertebrata	Bilateria	pre2R_ancient	HGNC:4662	False	alpha	before_R1	False
HIVEP1	singleton	dispersed	ohnolog	dispersed_ohnolog	C2H2 ZF	True	gene with protein product	True	True	False		3	Vertebrata	Bilateria	pre2R_ancient	HGNC:4920	True	alpha	R1_to_R2	False
HIVEP2	singleton	dispersed	ohnolog	dispersed_ohnolog	C2H2 ZF	True	gene with protein product	True	True	False		3	Vertebrata	Bilateria	pre2R_ancient	HGNC:4921	True	alpha	R1_to_R2	False
HIVEP3	singleton	dispersed	ohnolog	dispersed_ohnolog	C2H2 ZF	True	gene with protein product	True	True	False		3	Vertebrata	Bilateria	pre2R_ancient	HGNC:13561	False	beta	R1_to_R2	False
IKZF1	singleton	dispersed	ohnolog	dispersed_ohnolog	C2H2 ZF	True	gene with protein product	True	True	False		3	Vertebrata	Bilateria	pre2R_ancient	HGNC:13176	False		before_R1	True
IKZF2	singleton	dispersed	ohnolog	dispersed_ohnolog	C2H2 ZF	True	gene with protein product	True	True	False		3	Vertebrata	Bilateria	pre2R_ancient	HGNC:13177	True	alpha	before_R1	True
IKZF3	singleton	dispersed	ohnolog	dispersed_ohnolog	C2H2 ZF	True	gene with protein product	True	True	False		3	Vertebrata	Bilateria	pre2R_ancient	HGNC:13178	True	beta	before_R1	True
IKZF4	singleton	dispersed	ohnolog	dispersed_ohnolog	C2H2 ZF	True	gene with protein product	True	True	False		3	Vertebrata	Bilateria	pre2R_ancient	HGNC:13179	True	beta	before_R1	False
INSM1	singleton	dispersed	ohnolog	dispersed_ohnolog	C2H2 ZF	True	gene with protein product	True	True	False		1	Vertebrata	Bilateria	pre2R_ancient	HGNC:6090	False		before_R1	False
INSM2	singleton	dispersed	ohnolog	dispersed_ohnolog	C2H2 ZF	True	gene with protein product	True	True	False		1	Vertebrata	Bilateria	pre2R_ancient	HGNC:17539	False		before_R1	False
KLF1	singleton	dispersed	ohnolog	dispersed_ohnolog	C2H2 ZF	True	gene with protein product	True	True	False		1	Vertebrata	Bilateria	pre2R_ancient	HGNC:6345	False		before_R1	False
KLF10	singleton	dispersed	ohnolog	dispersed_ohnolog	C2H2 ZF	True	gene with protein product	True	True	False		3	Vertebrata	Bilateria	pre2R_ancient	HGNC:11810	False		before_R1	False
KLF11	singleton	dispersed	ohnolog	dispersed_ohnolog	C2H2 ZF	True	gene with protein product	True	True	False		5	Vertebrata	Bilateria	pre2R_ancient	HGNC:11811	False	alpha	before_R1	False
KLF13	singleton	dispersed	ohnolog	dispersed_ohnolog	C2H2 ZF	True	gene with protein product	True	True	False		5	Vertebrata	Bilateria	pre2R_ancient	HGNC:13672	False	alpha	before_R1	False
KLF14	singleton	dispersed	ohnolog	dispersed_ohnolog	C2H2 ZF	True	gene with protein product	True	True	False		3	Vertebrata	Bilateria	pre2R_ancient	HGNC:23025	False		before_R1	False
KLF16	singleton	dispersed	ohnolog	dispersed_ohnolog	C2H2 ZF	True	gene with protein product	True	True	False		3	Vertebrata	Bilateria	pre2R_ancient	HGNC:16857	False		before_R1	False
KLF3	singleton	dispersed	ohnolog	dispersed_ohnolog	C2H2 ZF	True	gene with protein product	True	True	False		2	Vertebrata	Bilateria	pre2R_ancient	HGNC:16516	False	alpha	before_R1	False
KLF4	singleton	dispersed	ohnolog	dispersed_ohnolog	C2H2 ZF	True	gene with protein product	True	True	False		1	Vertebrata	Bilateria	pre2R_ancient	HGNC:6348	False	alpha	before_R1	False
KLF6	singleton	dispersed	ohnolog	dispersed_ohnolog	C2H2 ZF	True	gene with protein product	True	True	False		1	Vertebrata	Bilateria	pre2R_ancient	HGNC:2235	True		before_R1	False
KLF7	singleton	dispersed	ohnolog	dispersed_ohnolog	C2H2 ZF	True	gene with protein product	True	True	False		1	Vertebrata	Bilateria	pre2R_ancient	HGNC:6350	True	alpha	before_R1	False
KLF8	singleton	dispersed	ohnolog	dispersed_ohnolog	C2H2 ZF	True	gene with protein product	True	True	False		2	Vertebrata	Bilateria	pre2R_ancient	HGNC:6351	False	beta	before_R1	False
KLF9	singleton	dispersed	ohnolog	dispersed_ohnolog	C2H2 ZF	True	gene with protein product	True	True	False		5	Vertebrata	Bilateria	pre2R_ancient	HGNC:1123	False	alpha	before_R1	False
L3MBTL1	singleton	dispersed	ohnolog	dispersed_ohnolog	C2H2 ZF	True	gene with protein product	True	True	False		2	Vertebrata	Bilateria	pre2R_ancient	HGNC:15905	False		before_R1	False
L3MBTL3	singleton	dispersed	ohnolog	dispersed_ohnolog	C2H2 ZF	True	gene with protein product	True	True	False		2	Vertebrata	Bilateria	pre2R_ancient	HGNC:23035	True		before_R1	False
L3MBTL4	singleton	dispersed	ohnolog	dispersed_ohnolog	C2H2 ZF	True	gene with protein product	True	True	False		2	Vertebrata	Bilateria	pre2R_ancient	HGNC:26677	False		before_R1	False
MECOM	singleton	dispersed	ohnolog	dispersed_ohnolog	C2H2 ZF	True	gene with protein product	True	True	False		1	Vertebrata	Bilateria	pre2R_ancient	HGNC:3498	True	alpha	before_R1	True
MYT1	singleton	dispersed	ohnolog	dispersed_ohnolog	C2H2 ZF	True	gene with protein product	True	True	False		2	Vertebrata	Bilateria	pre2R_ancient	HGNC:7622	False	beta	before_R1	False
MYT1L	singleton	dispersed	ohnolog	dispersed_ohnolog	C2H2 ZF	True	gene with protein product	True	True	False		2	Vertebrata	Bilateria	pre2R_ancient	HGNC:7623	False	alpha	before_R1	False
OSR1	singleton	dispersed	ohnolog	dispersed_ohnolog	C2H2 ZF	True	gene with protein product	True	True	False		1	Vertebrata	Bilateria	pre2R_ancient	HGNC:16105	False	alpha	before_R1	False
OSR2	singleton	dispersed	ohnolog	dispersed_ohnolog	C2H2 ZF	True	gene with protein product	True	True	False		1	Vertebrata	Bilateria	pre2R_ancient	HGNC:15830	False	alpha	before_R1	False
PRDM1	singleton	dispersed	ohnolog	dispersed_ohnolog	C2H2 ZF	True	gene with protein product	True	True	False		1	Vertebrata	Opisthokonta	pre2R_ancient	HGNC:9346	False		before_R1	False
PRDM10	singleton	dispersed	ohnolog	dispersed_ohnolog	C2H2 ZF	True	gene with protein product	True	True	False		1	Vertebrata	Opisthokonta	pre2R_ancient	HGNC:13995	False	beta	after_R2	False
PRDM16	singleton	dispersed	ohnolog	dispersed_ohnolog	C2H2 ZF	True	gene with protein product	True	True	False		1	Vertebrata	Bilateria	pre2R_ancient	HGNC:14000	True	alpha	after_R2	False
PRDM4	singleton	dispersed	ohnolog	dispersed_ohnolog	C2H2 ZF	True	gene with protein product	True	True	False		1	Vertebrata	Bilateria	pre2R_ancient	HGNC:9348	False	alpha	R1_to_R2	False
SALL1	singleton	dispersed	ohnolog	dispersed_ohnolog	C2H2 ZF	True	gene with protein product	True	True	False		3	Vertebrata	Bilateria	pre2R_ancient	HGNC:10524	True	alpha	R1_to_R2	False
SALL2	singleton	dispersed	ohnolog	dispersed_ohnolog	C2H2 ZF	True	gene with protein product	True	True	False		3	Vertebrata	Bilateria	pre2R_ancient	HGNC:10526	False		before_R1	False
SALL3	singleton	dispersed	ohnolog	dispersed_ohnolog	C2H2 ZF	True	gene with protein product	True	True	False		3	Vertebrata	Bilateria	pre2R_ancient	HGNC:10527	False	alpha	R1_to_R2	False
SLC2A4RG	singleton	dispersed	ohnolog	dispersed_ohnolog	C2H2 ZF	True	gene with protein product	True	True	False		2	Vertebrata	Bilateria	pre2R_ancient	HGNC:15930	False	beta	before_R1	False
SNAI1	singleton	dispersed	ohnolog	dispersed_ohnolog	C2H2 ZF	True	gene with protein product	True	True	False		2	Vertebrata	Opisthokonta	pre2R_ancient	HGNC:11128	False	beta	before_R1	False
SNAI2	singleton	dispersed	ohnolog	dispersed_ohnolog	C2H2 ZF	True	gene with protein product	True	True	False		2	Vertebrata	Opisthokonta	pre2R_ancient	HGNC:11094	False		before_R1	False
SNAI3	singleton	dispersed	ohnolog	dispersed_ohnolog	C2H2 ZF	True	gene with protein product	True	True	False		2	Vertebrata	Opisthokonta	pre2R_ancient	HGNC:18411	False		before_R1	False
SP3	singleton	dispersed	ohnolog	dispersed_ohnolog	C2H2 ZF	True	gene with protein product	True	True	False		2	Vertebrata	Bilateria	pre2R_ancient	HGNC:11208	False	alpha	after_R2	False
SP9	singleton	dispersed	ohnolog	dispersed_ohnolog	C2H2 ZF	True	gene with protein product	True	True	False		1	Vertebrata	Bilateria	pre2R_ancient	HGNC:30690	False	alpha	before_R1	False
ST18	singleton	dispersed	ohnolog	dispersed_ohnolog	C2H2 ZF	True	gene with protein product	True	True	False		2	Vertebrata	Bilateria	pre2R_ancient	HGNC:18695	False		before_R1	False
TSHZ1	singleton	dispersed	ohnolog	dispersed_ohnolog	C2H2 ZF	True	gene with protein product	True	True	False		2	Vertebrata		no_paralog_node	HGNC:10669	False	alpha	before_R1	False
YY1	singleton	dispersed	ohnolog	dispersed_ohnolog	C2H2 ZF	True	gene with protein product	True	True	False		2	Younger	Bilateria	pre2R_ancient	HGNC:12856	False	alpha	before_R1	False
YY2	singleton	dispersed	ohnolog	dispersed_ohnolog	C2H2 ZF	True	gene with protein product	True	True	False		2	Younger	Bilateria	pre2R_ancient	HGNC:31684	False		before_R1	False
ZBTB10	singleton	dispersed	ohnolog	dispersed_ohnolog	C2H2 ZF	True	gene with protein product	True	True	False		5	Vertebrata		no_paralog_node	HGNC:30953	False		after_R2	False
ZBTB2	singleton	dispersed	ohnolog	dispersed_ohnolog	C2H2 ZF	True	gene with protein product	True	True	False		6	Vertebrata		no_paralog_node	HGNC:20868	False		R1_to_R2	False
ZBTB44	singleton	dispersed	ohnolog	dispersed_ohnolog	C2H2 ZF	True	gene with protein product	True	True	False		4	Chordata	Chordata	pre2R_ancient	HGNC:25001	False		before_R1	False
ZBTB46	singleton	dispersed	ohnolog	dispersed_ohnolog	C2H2 ZF	True	gene with protein product	True	True	False		5	Vertebrata	Bilateria	pre2R_ancient	HGNC:16094	False		before_R1	False
ZBTB49	singleton	dispersed	ohnolog	dispersed_ohnolog	C2H2 ZF	True	gene with protein product	True	True	False		2	Vertebrata	Bilateria	pre2R_ancient	HGNC:19883	False		R1_to_R2	False
ZBTB5	singleton	dispersed	ohnolog	dispersed_ohnolog	C2H2 ZF	True	gene with protein product	True	True	False		3	Vertebrata	Bilateria	pre2R_ancient	HGNC:23836	False		before_R1	False
ZFP2	singleton	dispersed	ohnolog	dispersed_ohnolog	C2H2 ZF	True	gene with protein product	True	True	False		3	Vertebrata	Bilateria	pre2R_ancient	HGNC:26138	False		after_R2	False
ZFP3	singleton	dispersed	ohnolog	dispersed_ohnolog	C2H2 ZF	True	gene with protein product	True	True	False		2	Vertebrata	Bilateria	pre2R_ancient	HGNC:12861	False		after_R2	False
ZFP42	singleton	dispersed	ohnolog	dispersed_ohnolog	C2H2 ZF	True	gene with protein product	True	True	False		2	Younger	Bilateria	pre2R_ancient	HGNC:30949	False		before_R1	False
ZFPM2	singleton	dispersed	ohnolog	dispersed_ohnolog	C2H2 ZF	True	gene with protein product	True	True	False		1	Vertebrata	Vertebrata	2R_vertebrata	HGNC:16700	True	alpha	before_R1	False
ZIC3	singleton	dispersed	ohnolog	dispersed_ohnolog	C2H2 ZF	True	gene with protein product	True	True	False		4	Vertebrata	Bilateria	pre2R_ancient	HGNC:12874	False	beta	after_R2	False
ZNF142	singleton	dispersed	ohnolog	dispersed_ohnolog	C2H2 ZF	True	gene with protein product	True	True	False		2	Vertebrata	Bilateria	pre2R_ancient	HGNC:12927	False	alpha	R1_to_R2	False
ZNF143	singleton	dispersed	ohnolog	dispersed_ohnolog	C2H2 ZF	True	gene with protein product	True	True	False		1	Vertebrata	Opisthokonta	pre2R_ancient	HGNC:12928	False		before_R1	False
ZNF280C	singleton	dispersed	ohnolog	dispersed_ohnolog	C2H2 ZF	True	gene with protein product	True	True	False		1	Vertebrata	Bilateria	pre2R_ancient	HGNC:25955	False		after_R2	False
ZNF280D	singleton	dispersed	ohnolog	dispersed_ohnolog	C2H2 ZF	True	gene with protein product	True	True	False		1	Vertebrata	Bilateria	pre2R_ancient	HGNC:25953	False		after_R2	False
ZNF296	singleton	dispersed	ohnolog	dispersed_ohnolog	C2H2 ZF	True	gene with protein product	True	True	False		2	Vertebrata	Opisthokonta	pre2R_ancient	HGNC:15981	False		after_R2	False
ZNF362	singleton	dispersed	ohnolog	dispersed_ohnolog	C2H2 ZF	True	gene with protein product	True	True	False		1	Vertebrata	Opisthokonta	pre2R_ancient	HGNC:18079	True	alpha	R1_to_R2	False
ZNF384	singleton	dispersed	ohnolog	dispersed_ohnolog	C2H2 ZF	True	gene with protein product	True	True	False		1	Vertebrata	Opisthokonta	pre2R_ancient	HGNC:11955	False	beta	before_R1	False
ZNF385B	singleton	dispersed	ohnolog	dispersed_ohnolog	C2H2 ZF	True	gene with protein product	True	True	False		1	Vertebrata	Bilateria	pre2R_ancient	HGNC:26332	False	alpha	before_R1	False
ZNF385D	singleton	dispersed	ohnolog	dispersed_ohnolog	C2H2 ZF	True	gene with protein product	True	True	False		1	Vertebrata	Bilateria	pre2R_ancient	HGNC:26191	False	alpha	before_R1	False
ZNF395	singleton	dispersed	ohnolog	dispersed_ohnolog	C2H2 ZF	True	gene with protein product	True	True	False		2	Vertebrata	Bilateria	pre2R_ancient	HGNC:18737	False		before_R1	False
ZNF423	singleton	dispersed	ohnolog	dispersed_ohnolog	C2H2 ZF	True	gene with protein product	True	True	False		1	Vertebrata	Bilateria	pre2R_ancient	HGNC:16762	True	alpha	before_R1	False
ZNF462	singleton	dispersed	ohnolog	dispersed_ohnolog	C2H2 ZF	True	gene with protein product	True	True	False		2	Vertebrata	Bilateria	pre2R_ancient	HGNC:21684	False		before_R1	False
ZNF503	singleton	dispersed	ohnolog	dispersed_ohnolog	C2H2 ZF	True	gene with protein product	True	True	False		1	Vertebrata	Vertebrata	2R_vertebrata	HGNC:23589	False	alpha	before_R1	False
ZNF513	singleton	dispersed	ohnolog	dispersed_ohnolog	C2H2 ZF	True	gene with protein product	True	True	False		2	Vertebrata	Bilateria	pre2R_ancient	HGNC:26498	False		before_R1	False
ZNF521	singleton	dispersed	ohnolog	dispersed_ohnolog	C2H2 ZF	True	gene with protein product	True	True	False		1	Vertebrata	Bilateria	pre2R_ancient	HGNC:24605	False	alpha	before_R1	False
ZNF532	singleton	dispersed	ohnolog	dispersed_ohnolog	C2H2 ZF	True	gene with protein product	True	True	False		2	Vertebrata	Bilateria	pre2R_ancient	HGNC:30940	False		before_R1	False
ZNF572	singleton	dispersed	ohnolog	dispersed_ohnolog	C2H2 ZF	True	gene with protein product	True	True	False		1	Younger	Bilateria	pre2R_ancient	HGNC:26758	False		human_only	False
ZNF592	singleton	dispersed	ohnolog	dispersed_ohnolog	C2H2 ZF	True	gene with protein product	True	True	False		2	Vertebrata	Bilateria	pre2R_ancient	HGNC:28986	False	alpha	after_R2	False
ZNF608	singleton	dispersed	ohnolog	dispersed_ohnolog	C2H2 ZF	True	gene with protein product	True	True	False		1	Vertebrata	Chordata	pre2R_ancient	HGNC:29238	True	alpha	before_R1	False
ZNF609	singleton	dispersed	ohnolog	dispersed_ohnolog	C2H2 ZF	True	gene with protein product	True	True	False		1	Vertebrata	Chordata	pre2R_ancient	HGNC:29003	True	alpha	before_R1	False
ZNF623	singleton	dispersed	ohnolog	dispersed_ohnolog	C2H2 ZF	True	gene with protein product	True	True	False		3	Vertebrata	Bilateria	pre2R_ancient	HGNC:29084	False		after_R2	False
ZNF629	singleton	dispersed	ohnolog	dispersed_ohnolog	C2H2 ZF	True	gene with protein product	True	True	False		14	Vertebrata	Bilateria	pre2R_ancient	HGNC:29008	True		after_R2	False
ZNF683	singleton	dispersed	ohnolog	dispersed_ohnolog	C2H2 ZF	True	gene with protein product	True	True	False		1	Vertebrata	Bilateria	pre2R_ancient	HGNC:28495	False		human_only	False
ZNF687	singleton	dispersed	ohnolog	dispersed_ohnolog	C2H2 ZF	True	gene with protein product	True	True	False		2	Vertebrata	Bilateria	pre2R_ancient	HGNC:29277	True	beta	before_R1	False
ZNF70	singleton	dispersed	ohnolog	dispersed_ohnolog	C2H2 ZF	True	gene with protein product	True	True	False		2	Vertebrata	Bilateria	pre2R_ancient	HGNC:13140	False		before_R1	False
ZNF703	singleton	dispersed	ohnolog	dispersed_ohnolog	C2H2 ZF	True	gene with protein product	True	True	False		1	Vertebrata	Vertebrata	2R_vertebrata	HGNC:25883	False	beta	before_R1	False
ZNF704	singleton	dispersed	ohnolog	dispersed_ohnolog	C2H2 ZF	True	gene with protein product	True	True	False		2	Vertebrata	Bilateria	pre2R_ancient	HGNC:32291	True	alpha	R1_to_R2	False
ZNF71	singleton	dispersed	ohnolog	dispersed_ohnolog	C2H2 ZF	True	gene with protein product	True	True	False		2	Vertebrata	Bilateria	pre2R_ancient	HGNC:13141	False		human_only	False
ZNF76	singleton	dispersed	ohnolog	dispersed_ohnolog	C2H2 ZF	True	gene with protein product	True	True	False		1	Vertebrata	Opisthokonta	pre2R_ancient	HGNC:13149	False		after_R2	False
ZNF774	singleton	dispersed	ohnolog	dispersed_ohnolog	C2H2 ZF	True	gene with protein product	True	True	False		14	Vertebrata	Bilateria	pre2R_ancient	HGNC:33108	False		human_only	False
ZNF831	singleton	dispersed	ohnolog	dispersed_ohnolog	C2H2 ZF	True	gene with protein product	True	True	False		3	Vertebrata	Bilateria	pre2R_ancient	HGNC:16167	False		after_R2	False
ZSCAN2	singleton	dispersed	ohnolog	dispersed_ohnolog	C2H2 ZF	True	gene with protein product	True	True	False		4	Vertebrata	Bilateria	pre2R_ancient	HGNC:20994	False		after_R2	False
ZXDA	singleton	dispersed	ohnolog	dispersed_ohnolog	C2H2 ZF	True	gene with protein product	True	True	False		1	Vertebrata	Hominoidea	post2R_young	HGNC:13198	False		before_R1	False
ZXDB	singleton	dispersed	ohnolog	dispersed_ohnolog	C2H2 ZF	True	gene with protein product	True	True	False		1	Vertebrata	Hominoidea	post2R_young	HGNC:13199	False		before_R1	False
ZXDC	singleton	dispersed	ohnolog	dispersed_ohnolog	C2H2 ZF	True	gene with protein product	True	True	False		1	Vertebrata	Bilateria	pre2R_ancient	HGNC:28160	False		before_R1	False
ZEB1	singleton	dispersed	ohnolog	dispersed_ohnolog	C2H2 ZF; Homeodomain	True	gene with protein product	True	True	False		1	Vertebrata	Vertebrata	2R_vertebrata	HGNC:11642	True	alpha	after_R2	False
ZEB2	singleton	dispersed	ohnolog	dispersed_ohnolog	C2H2 ZF; Homeodomain	True	gene with protein product	True	True	False		1	Vertebrata	Vertebrata	2R_vertebrata	HGNC:14881	True	alpha	R1_to_R2	False
ZFHX3	singleton	dispersed	ohnolog	dispersed_ohnolog	C2H2 ZF; Homeodomain	True	gene with protein product	True	True	False		2	Vertebrata	Bilateria	pre2R_ancient	HGNC:777	False	alpha	R1_to_R2	False
ZFHX4	singleton	dispersed	ohnolog	dispersed_ohnolog	C2H2 ZF; Homeodomain	True	gene with protein product	True	True	False		2	Vertebrata	Bilateria	pre2R_ancient	HGNC:30939	True	alpha	R1_to_R2	False
TRERF1	singleton	dispersed	ohnolog	dispersed_ohnolog	C2H2 ZF; Myb/SANT	True	gene with protein product	True	True	False		2	Vertebrata	Bilateria	pre2R_ancient	HGNC:18273	True	alpha	before_R1	False
ZNF541	singleton	dispersed	ohnolog	dispersed_ohnolog	C2H2 ZF; Myb/SANT	True	gene with protein product	True	True	False		2	Vertebrata	Bilateria	pre2R_ancient	HGNC:25294	False	alpha	before_R1	False
MBNL2	singleton	dispersed	ohnolog	dispersed_ohnolog	CCCH ZF	True	gene with protein product	True	True	False		2	Vertebrata	Vertebrata	2R_vertebrata	HGNC:16746	True	alpha	before_R1	False
CAMTA1	singleton	dispersed	ohnolog	dispersed_ohnolog	CG-1	True	gene with protein product	True	True	False		1	Vertebrata	Bilateria	pre2R_ancient	HGNC:18806	False	alpha	R1_to_R2	False
CAMTA2	singleton	dispersed	ohnolog	dispersed_ohnolog	CG-1	True	gene with protein product	True	True	False		1	Vertebrata	Bilateria	pre2R_ancient	HGNC:18807	False	alpha	R1_to_R2	False
CUX1	singleton	dispersed	ohnolog	dispersed_ohnolog	CUT; Homeodomain	True	gene with protein product	True	True	False		1	Vertebrata	Opisthokonta	pre2R_ancient	HGNC:2557	False	alpha	before_R1	False
CUX2	singleton	dispersed	ohnolog	dispersed_ohnolog	CUT; Homeodomain	True	gene with protein product	True	True	False		1	Vertebrata	Opisthokonta	pre2R_ancient	HGNC:19347	True	alpha	before_R1	False
ONECUT1	singleton	dispersed	ohnolog	dispersed_ohnolog	CUT; Homeodomain	True	gene with protein product	True	True	False		2	Vertebrata	Vertebrata	2R_vertebrata	HGNC:8138	False	alpha	before_R1	False
ONECUT2	singleton	dispersed	ohnolog	dispersed_ohnolog	CUT; Homeodomain	True	gene with protein product	True	True	False		2	Vertebrata	Vertebrata	2R_vertebrata	HGNC:8139	True	alpha	before_R1	False
ONECUT3	singleton	dispersed	ohnolog	dispersed_ohnolog	CUT; Homeodomain	True	gene with protein product	True	True	False		2	Vertebrata	Vertebrata	2R_vertebrata	HGNC:13399	False	beta	before_R1	False
CXXC4	singleton	dispersed	ohnolog	dispersed_ohnolog	CxxC	True	gene with protein product	True	True	False		1	Vertebrata		no_paralog_node	HGNC:24593	False		R1_to_R2	False
CXXC5	singleton	dispersed	ohnolog	dispersed_ohnolog	CxxC	True	gene with protein product	True	True	False		1	Vertebrata		no_paralog_node	HGNC:26943	False	beta	R1_to_R2	False
FBXL19	singleton	dispersed	ohnolog	dispersed_ohnolog	CxxC	True	gene with protein product	True	True	False		2	Vertebrata	Opisthokonta	pre2R_ancient	HGNC:25300	False		before_R1	False
KDM2A	singleton	dispersed	ohnolog	dispersed_ohnolog	CxxC	True	gene with protein product	True	True	False		2	Vertebrata	Opisthokonta	pre2R_ancient	HGNC:13606	False		before_R1	False
KDM2B	singleton	dispersed	ohnolog	dispersed_ohnolog	CxxC	True	gene with protein product	True	True	False		2	Vertebrata	Opisthokonta	pre2R_ancient	HGNC:13610	False	alpha	before_R1	False
TET1	singleton	dispersed	ohnolog	dispersed_ohnolog	CxxC	True	gene with protein product	True	True	False		2	Vertebrata	Chordata	pre2R_ancient	HGNC:29484	False	alpha	before_R1	False
TET3	singleton	dispersed	ohnolog	dispersed_ohnolog	CxxC	True	gene with protein product	True	True	False		2	Vertebrata	Chordata	pre2R_ancient	HGNC:28313	True	beta	after_R2	False
KMT2A	singleton	dispersed	ohnolog	dispersed_ohnolog	CxxC; AT hook	True	gene with protein product	True	True	False		1	Vertebrata	Opisthokonta	pre2R_ancient	HGNC:7132	False	beta	before_R1	True
KMT2B	singleton	dispersed	ohnolog	dispersed_ohnolog	CxxC; AT hook	True	gene with protein product	True	True	False		1	Vertebrata	Opisthokonta	pre2R_ancient	HGNC:15840	False		before_R1	False
E2F1	singleton	dispersed	ohnolog	dispersed_ohnolog	E2F	True	gene with protein product	True	True	False		3	Vertebrata	Bilateria	pre2R_ancient	HGNC:3113	True	beta	before_R1	False
E2F2	singleton	dispersed	ohnolog	dispersed_ohnolog	E2F	True	gene with protein product	True	True	False		3	Vertebrata	Bilateria	pre2R_ancient	HGNC:3114	False		before_R1	False
E2F3	singleton	dispersed	ohnolog	dispersed_ohnolog	E2F	True	gene with protein product	True	True	False		3	Vertebrata	Bilateria	pre2R_ancient	HGNC:3115	False	alpha	R1_to_R2	False
E2F4	singleton	dispersed	ohnolog	dispersed_ohnolog	E2F	True	gene with protein product	True	True	False		1	Vertebrata	Bilateria	pre2R_ancient	HGNC:3118	False	alpha	before_R1	False
E2F5	singleton	dispersed	ohnolog	dispersed_ohnolog	E2F	True	gene with protein product	True	True	False		1	Vertebrata	Bilateria	pre2R_ancient	HGNC:3119	False	alpha	before_R1	False
E2F6	singleton	dispersed	ohnolog	dispersed_ohnolog	E2F	True	gene with protein product	True	True	False		3	Vertebrata	Bilateria	pre2R_ancient	HGNC:3120	False	alpha	before_R1	False
E2F7	singleton	dispersed	ohnolog	dispersed_ohnolog	E2F	True	gene with protein product	True	True	False		1	Vertebrata	Bilateria	pre2R_ancient	HGNC:23820	False	alpha	before_R1	False
E2F8	singleton	dispersed	ohnolog	dispersed_ohnolog	E2F	True	gene with protein product	True	True	False		1	Vertebrata	Bilateria	pre2R_ancient	HGNC:24727	True	alpha	R1_to_R2	False
TFDP1	singleton	dispersed	ohnolog	dispersed_ohnolog	E2F	True	gene with protein product	True	True	False		1	Vertebrata	Bilateria	pre2R_ancient	HGNC:11749	False	alpha	before_R1	False
TFDP2	singleton	dispersed	ohnolog	dispersed_ohnolog	E2F	True	gene with protein product	True	True	False		2	Vertebrata	Bilateria	pre2R_ancient	HGNC:11751	False	alpha	before_R1	False
TFDP3	singleton	dispersed	ohnolog	dispersed_ohnolog	E2F	True	gene with protein product	True	True	False		1	Vertebrata	Bilateria	pre2R_ancient	HGNC:24603	False		before_R1	False
EBF1	singleton	dispersed	ohnolog	dispersed_ohnolog	EBF1	True	gene with protein product	True	True	False		3	Vertebrata	Vertebrata	2R_vertebrata	HGNC:3126	False	beta	before_R1	False
EBF2	singleton	dispersed	ohnolog	dispersed_ohnolog	EBF1	True	gene with protein product	True	True	False		3	Vertebrata	Vertebrata	2R_vertebrata	HGNC:19090	False	beta	before_R1	False
EBF3	singleton	dispersed	ohnolog	dispersed_ohnolog	EBF1	True	gene with protein product	True	True	False		3	Vertebrata	Vertebrata	2R_vertebrata	HGNC:19087	False	alpha	before_R1	False
EBF4	singleton	dispersed	ohnolog	dispersed_ohnolog	EBF1	True	gene with protein product	True	True	False		3	Vertebrata	Vertebrata	2R_vertebrata	HGNC:29278	False		before_R1	False
ELF1	singleton	dispersed	ohnolog	dispersed_ohnolog	Ets	True	gene with protein product	True	True	False		2	Vertebrata	Bilateria	pre2R_ancient	HGNC:3316	False	alpha	R1_to_R2	False
ELF2	singleton	dispersed	ohnolog	dispersed_ohnolog	Ets	True	gene with protein product	True	True	False		2	Vertebrata	Bilateria	pre2R_ancient	HGNC:3317	False		R1_to_R2	False
ELF4	singleton	dispersed	ohnolog	dispersed_ohnolog	Ets	True	gene with protein product	True	True	False		2	Vertebrata	Bilateria	pre2R_ancient	HGNC:3319	False		after_R2	True
ERF	singleton	dispersed	ohnolog	dispersed_ohnolog	Ets	True	gene with protein product	True	True	False		2	Vertebrata	Bilateria	pre2R_ancient	HGNC:3477	False		before_R1	False
ETV1	singleton	dispersed	ohnolog	dispersed_ohnolog	Ets	True	gene with protein product	True	True	False		2	Vertebrata	Bilateria	pre2R_ancient	HGNC:3490	False	alpha	R1_to_R2	False
ETV4	singleton	dispersed	ohnolog	dispersed_ohnolog	Ets	True	gene with protein product	True	True	False		2	Vertebrata	Bilateria	pre2R_ancient	HGNC:3493	False	beta	before_R1	False
ETV5	singleton	dispersed	ohnolog	dispersed_ohnolog	Ets	True	gene with protein product	True	True	False		2	Vertebrata	Bilateria	pre2R_ancient	HGNC:3494	False		after_R2	False
ETV6	singleton	dispersed	ohnolog	dispersed_ohnolog	Ets	True	gene with protein product	True	True	False		1	Vertebrata	Bilateria	pre2R_ancient	HGNC:3495	True	alpha	R1_to_R2	False
ETV7	singleton	dispersed	ohnolog	dispersed_ohnolog	Ets	True	gene with protein product	True	True	False		1	Vertebrata	Bilateria	pre2R_ancient	HGNC:18160	False		R1_to_R2	False
SPI1	singleton	dispersed	ohnolog	dispersed_ohnolog	Ets	True	gene with protein product	True	True	False		1	Vertebrata	Bilateria	pre2R_ancient	HGNC:11241	False	alpha	after_R2	True
SPIC	singleton	dispersed	ohnolog	dispersed_ohnolog	Ets	True	gene with protein product	True	True	False		1	Vertebrata	Bilateria	pre2R_ancient	HGNC:29549	False	alpha	after_R2	False
FOXA1	singleton	dispersed	ohnolog	dispersed_ohnolog	Forkhead	True	gene with protein product	True	True	False		2	Vertebrata	Opisthokonta	pre2R_ancient	HGNC:5021	False	alpha	after_R2	False
FOXA2	singleton	dispersed	ohnolog	dispersed_ohnolog	Forkhead	True	gene with protein product	True	True	False		2	Vertebrata	Opisthokonta	pre2R_ancient	HGNC:5022	False	alpha	before_R1	False
FOXA3	singleton	dispersed	ohnolog	dispersed_ohnolog	Forkhead	True	gene with protein product	True	True	False		2	Vertebrata	Opisthokonta	pre2R_ancient	HGNC:5023	False		after_R2	False
FOXB1	singleton	dispersed	ohnolog	dispersed_ohnolog	Forkhead	True	gene with protein product	True	True	False		1	Vertebrata	Opisthokonta	pre2R_ancient	HGNC:3799	False	alpha	before_R1	False
FOXB2	singleton	dispersed	ohnolog	dispersed_ohnolog	Forkhead	True	gene with protein product	True	True	False		1	Vertebrata	Opisthokonta	pre2R_ancient	HGNC:23315	False	alpha	before_R1	False
FOXD3	singleton	dispersed	ohnolog	dispersed_ohnolog	Forkhead	True	gene with protein product	True	True	False		2	Vertebrata	Euteleostomi	2R_vertebrata	HGNC:3804	False		R1_to_R2	False
FOXD4L1	singleton	dispersed	ohnolog	dispersed_ohnolog	Forkhead	True	gene with protein product	True	True	False		1	Vertebrata	Catarrhini	post2R_young	HGNC:18521	False		after_R2	False
FOXF1	singleton	dispersed	ohnolog	dispersed_ohnolog	Forkhead	True	gene with protein product	True	True	False		1	Vertebrata	Opisthokonta	pre2R_ancient	HGNC:3809	False	alpha	after_R2	False
FOXI1	singleton	dispersed	ohnolog	dispersed_ohnolog	Forkhead	True	gene with protein product	True	True	False		2	Vertebrata	Bilateria	pre2R_ancient	HGNC:3815	False	beta	R1_to_R2	False
FOXI2	singleton	dispersed	ohnolog	dispersed_ohnolog	Forkhead	True	gene with protein product	True	True	False		1	Vertebrata	Opisthokonta	pre2R_ancient	HGNC:32448	False		before_R1	False
FOXI3	singleton	dispersed	ohnolog	dispersed_ohnolog	Forkhead	True	gene with protein product	True	True	False		1	Vertebrata	Opisthokonta	pre2R_ancient	HGNC:35123	False		after_R2	False
FOXJ2	singleton	dispersed	ohnolog	dispersed_ohnolog	Forkhead	True	gene with protein product	True	True	False		1	Vertebrata	Opisthokonta	pre2R_ancient	HGNC:24818	True		after_R2	False
FOXJ3	singleton	dispersed	ohnolog	dispersed_ohnolog	Forkhead	True	gene with protein product	True	True	False		1	Vertebrata	Opisthokonta	pre2R_ancient	HGNC:29178	True	alpha	after_R2	False
FOXK1	singleton	dispersed	ohnolog	dispersed_ohnolog	Forkhead	True	gene with protein product	True	True	False		1	Vertebrata	Opisthokonta	pre2R_ancient	HGNC:23480	False	alpha	R1_to_R2	False
FOXK2	singleton	dispersed	ohnolog	dispersed_ohnolog	Forkhead	True	gene with protein product	True	True	False		1	Vertebrata	Opisthokonta	pre2R_ancient	HGNC:6036	False	alpha	R1_to_R2	False
FOXN1	singleton	dispersed	ohnolog	dispersed_ohnolog	Forkhead	True	gene with protein product	True	True	False		1	Vertebrata	Opisthokonta	pre2R_ancient	HGNC:12765	False	alpha	before_R1	True
FOXN2	singleton	dispersed	ohnolog	dispersed_ohnolog	Forkhead	True	gene with protein product	True	True	False		1	Vertebrata	Chordata	pre2R_ancient	HGNC:5281	False	alpha	after_R2	False
FOXN3	singleton	dispersed	ohnolog	dispersed_ohnolog	Forkhead	True	gene with protein product	True	True	False		1	Vertebrata	Chordata	pre2R_ancient	HGNC:1928	False	alpha	R1_to_R2	False
FOXN4	singleton	dispersed	ohnolog	dispersed_ohnolog	Forkhead	True	gene with protein product	True	True	False		3	Vertebrata	Chordata	pre2R_ancient	HGNC:21399	False	alpha	after_R2	False
FOXO1	singleton	dispersed	ohnolog	dispersed_ohnolog	Forkhead	True	gene with protein product	True	True	False		3	Vertebrata	Opisthokonta	pre2R_ancient	HGNC:3819	True		after_R2	False
FOXO3	singleton	dispersed	ohnolog	dispersed_ohnolog	Forkhead	True	gene with protein product	True	True	False		3	Vertebrata	Opisthokonta	pre2R_ancient	HGNC:3821	False	alpha	after_R2	False
FOXO4	singleton	dispersed	ohnolog	dispersed_ohnolog	Forkhead	True	gene with protein product	True	True	False		3	Vertebrata	Opisthokonta	pre2R_ancient	HGNC:7139	False		after_R2	False
FOXO6	singleton	dispersed	ohnolog	dispersed_ohnolog	Forkhead	True	gene with protein product	True	True	False		3	Vertebrata	Opisthokonta	pre2R_ancient	HGNC:24814	False	beta	R1_to_R2	False
FOXR1	singleton	dispersed	ohnolog	dispersed_ohnolog	Forkhead	True	gene with protein product	True	True	False		1	Vertebrata	Opisthokonta	pre2R_ancient	HGNC:29980	False		after_R2	False
FOXR2	singleton	dispersed	ohnolog	dispersed_ohnolog	Forkhead	True	gene with protein product	True	True	False		1	Vertebrata	Opisthokonta	pre2R_ancient	HGNC:30469	False		after_R2	False
GATA1	singleton	dispersed	ohnolog	dispersed_ohnolog	GATA	True	gene with protein product	True	True	False		2	Vertebrata	Opisthokonta	pre2R_ancient	HGNC:4170	False		before_R1	True
GATA2	singleton	dispersed	ohnolog	dispersed_ohnolog	GATA	True	gene with protein product	True	True	False		2	Vertebrata	Opisthokonta	pre2R_ancient	HGNC:4171	True	alpha	before_R1	True
GATA3	singleton	dispersed	ohnolog	dispersed_ohnolog	GATA	True	gene with protein product	True	True	False		2	Vertebrata	Opisthokonta	pre2R_ancient	HGNC:4172	False	alpha	before_R1	False
GATA4	singleton	dispersed	ohnolog	dispersed_ohnolog	GATA	True	gene with protein product	True	True	False		2	Vertebrata	Opisthokonta	pre2R_ancient	HGNC:4173	False		before_R1	False
GATA5	singleton	dispersed	ohnolog	dispersed_ohnolog	GATA	True	gene with protein product	True	True	False		2	Vertebrata	Opisthokonta	pre2R_ancient	HGNC:15802	False	beta	before_R1	False
GATA6	singleton	dispersed	ohnolog	dispersed_ohnolog	GATA	True	gene with protein product	True	True	False		2	Vertebrata	Opisthokonta	pre2R_ancient	HGNC:4174	False	alpha	before_R1	False
GATAD2A	singleton	dispersed	ohnolog	dispersed_ohnolog	GATA	True	gene with protein product	True	True	False		1	Vertebrata		no_paralog_node	HGNC:29989	False	beta	before_R1	False
GATAD2B	singleton	dispersed	ohnolog	dispersed_ohnolog	GATA	True	gene with protein product	True	True	False		1	Vertebrata		no_paralog_node	HGNC:30778	False	beta	before_R1	False
GCM1	singleton	dispersed	ohnolog	dispersed_ohnolog	GCM	True	gene with protein product	True	True	False		1	Vertebrata		no_paralog_node	HGNC:4197	True	alpha	before_R1	False
GCM2	singleton	dispersed	ohnolog	dispersed_ohnolog	GCM	True	gene with protein product	True	True	False		1	Vertebrata		no_paralog_node	HGNC:4198	False	alpha	before_R1	False
GRHL1	singleton	dispersed	ohnolog	dispersed_ohnolog	Grainyhead	True	gene with protein product	True	True	False		2	Vertebrata	Bilateria	pre2R_ancient	HGNC:17923	True		before_R1	False
GRHL2	singleton	dispersed	ohnolog	dispersed_ohnolog	Grainyhead	True	gene with protein product	True	True	False		2	Vertebrata	Bilateria	pre2R_ancient	HGNC:2799	True		before_R1	False
GRHL3	singleton	dispersed	ohnolog	dispersed_ohnolog	Grainyhead	True	gene with protein product	True	True	False		2	Vertebrata	Bilateria	pre2R_ancient	HGNC:25839	True	beta	before_R1	False
TFCP2	singleton	dispersed	ohnolog	dispersed_ohnolog	Grainyhead	True	gene with protein product	True	True	False		2	Vertebrata	Bilateria	pre2R_ancient	HGNC:11748	False		before_R1	False
TFCP2L1	singleton	dispersed	ohnolog	dispersed_ohnolog	Grainyhead	True	gene with protein product	True	True	False		2	Vertebrata	Bilateria	pre2R_ancient	HGNC:17925	True	alpha	before_R1	False
UBP1	singleton	dispersed	ohnolog	dispersed_ohnolog	Grainyhead	True	gene with protein product	True	True	False		2	Vertebrata	Bilateria	pre2R_ancient	HGNC:12507	False	alpha	before_R1	False
HMG20A	singleton	dispersed	ohnolog	dispersed_ohnolog	HMG/Sox	True	gene with protein product	True	True	False		1	Vertebrata	Bilateria	pre2R_ancient	HGNC:5001	False	alpha	before_R1	False
HMG20B	singleton	dispersed	ohnolog	dispersed_ohnolog	HMG/Sox	True	gene with protein product	True	True	False		1	Vertebrata	Bilateria	pre2R_ancient	HGNC:5002	False	beta	before_R1	False
LEF1	singleton	dispersed	ohnolog	dispersed_ohnolog	HMG/Sox	True	gene with protein product	True	True	False		3	Vertebrata	Bilateria	pre2R_ancient	HGNC:6551	True		after_R2	False
SOX1	singleton	dispersed	ohnolog	dispersed_ohnolog	HMG/Sox	True	gene with protein product	True	True	False		2	Vertebrata	Bilateria	pre2R_ancient	HGNC:11189	False	alpha	before_R1	False
SOX10	singleton	dispersed	ohnolog	dispersed_ohnolog	HMG/Sox	True	gene with protein product	True	True	False		2	Vertebrata	Bilateria	pre2R_ancient	HGNC:11190	False	beta	before_R1	False
SOX11	singleton	dispersed	ohnolog	dispersed_ohnolog	HMG/Sox	True	gene with protein product	True	True	False		2	Vertebrata	Bilateria	pre2R_ancient	HGNC:11191	False		before_R1	False
SOX12	singleton	dispersed	ohnolog	dispersed_ohnolog	HMG/Sox	True	gene with protein product	True	True	False		2	Vertebrata	Bilateria	pre2R_ancient	HGNC:11198	False	beta	before_R1	False
SOX13	singleton	dispersed	ohnolog	dispersed_ohnolog	HMG/Sox	True	gene with protein product	True	True	False		1	Vertebrata	Bilateria	pre2R_ancient	HGNC:11192	False	beta	before_R1	False
SOX14	singleton	dispersed	ohnolog	dispersed_ohnolog	HMG/Sox	True	gene with protein product	True	True	False		1	Vertebrata	Bilateria	pre2R_ancient	HGNC:11193	False	alpha	before_R1	False
SOX17	singleton	dispersed	ohnolog	dispersed_ohnolog	HMG/Sox	True	gene with protein product	True	True	False		3	Vertebrata	Bilateria	pre2R_ancient	HGNC:18122	False	alpha	before_R1	False
SOX18	singleton	dispersed	ohnolog	dispersed_ohnolog	HMG/Sox	True	gene with protein product	True	True	False		3	Vertebrata	Bilateria	pre2R_ancient	HGNC:11194	False	beta	before_R1	False
SOX2	singleton	dispersed	ohnolog	dispersed_ohnolog	HMG/Sox	True	gene with protein product	True	True	False		2	Vertebrata	Bilateria	pre2R_ancient	HGNC:11195	False	alpha	before_R1	False
SOX21	singleton	dispersed	ohnolog	dispersed_ohnolog	HMG/Sox	True	gene with protein product	True	True	False		1	Vertebrata	Bilateria	pre2R_ancient	HGNC:11197	False	alpha	before_R1	False
SOX3	singleton	dispersed	ohnolog	dispersed_ohnolog	HMG/Sox	True	gene with protein product	True	True	False		2	Vertebrata	Bilateria	pre2R_ancient	HGNC:11199	False	beta	before_R1	False
SOX4	singleton	dispersed	ohnolog	dispersed_ohnolog	HMG/Sox	True	gene with protein product	True	True	False		2	Vertebrata	Bilateria	pre2R_ancient	HGNC:11200	False	alpha	before_R1	False
SOX5	singleton	dispersed	ohnolog	dispersed_ohnolog	HMG/Sox	True	gene with protein product	True	True	False		1	Vertebrata	Bilateria	pre2R_ancient	HGNC:11201	False	alpha	before_R1	False
SOX7	singleton	dispersed	ohnolog	dispersed_ohnolog	HMG/Sox	True	gene with protein product	True	True	False		2	Vertebrata	Bilateria	pre2R_ancient	HGNC:18196	False		before_R1	False
SOX8	singleton	dispersed	ohnolog	dispersed_ohnolog	HMG/Sox	True	gene with protein product	True	True	False		2	Vertebrata	Bilateria	pre2R_ancient	HGNC:11203	False	alpha	before_R1	False
SOX9	singleton	dispersed	ohnolog	dispersed_ohnolog	HMG/Sox	True	gene with protein product	True	True	False		2	Vertebrata	Bilateria	pre2R_ancient	HGNC:11204	True	alpha	before_R1	False
TCF7	singleton	dispersed	ohnolog	dispersed_ohnolog	HMG/Sox	True	gene with protein product	True	True	False		3	Vertebrata	Bilateria	pre2R_ancient	HGNC:11639	False		after_R2	False
TCF7L1	singleton	dispersed	ohnolog	dispersed_ohnolog	HMG/Sox	True	gene with protein product	True	True	False		3	Vertebrata	Bilateria	pre2R_ancient	HGNC:11640	False		after_R2	False
TCF7L2	singleton	dispersed	ohnolog	dispersed_ohnolog	HMG/Sox	True	gene with protein product	True	True	False		3	Vertebrata	Bilateria	pre2R_ancient	HGNC:11641	False	alpha	R1_to_R2	False
HSF1	singleton	dispersed	ohnolog	dispersed_ohnolog	HSF	True	gene with protein product	True	True	False		2	Vertebrata	Opisthokonta	pre2R_ancient	HGNC:5224	False	alpha	before_R1	False
HSF2	singleton	dispersed	ohnolog	dispersed_ohnolog	HSF	True	gene with protein product	True	True	False		2	Vertebrata	Opisthokonta	pre2R_ancient	HGNC:5225	False	alpha	before_R1	False
HSF4	singleton	dispersed	ohnolog	dispersed_ohnolog	HSF	True	gene with protein product	True	True	False		2	Vertebrata	Opisthokonta	pre2R_ancient	HGNC:5227	False	alpha	before_R1	False
ALX1	singleton	dispersed	ohnolog	dispersed_ohnolog	Homeodomain	True	gene with protein product	True	True	False		2	Vertebrata	Bilateria	pre2R_ancient	HGNC:1494	False	alpha	R1_to_R2	False
ALX3	singleton	dispersed	ohnolog	dispersed_ohnolog	Homeodomain	True	gene with protein product	True	True	False		2	Vertebrata	Bilateria	pre2R_ancient	HGNC:449	False		after_R2	False
ALX4	singleton	dispersed	ohnolog	dispersed_ohnolog	Homeodomain	True	gene with protein product	True	True	False		2	Vertebrata	Bilateria	pre2R_ancient	HGNC:450	False	alpha	after_R2	False
BARHL1	singleton	dispersed	ohnolog	dispersed_ohnolog	Homeodomain	True	gene with protein product	True	True	False		1	Vertebrata	Bilateria	pre2R_ancient	HGNC:953	False	alpha	before_R1	False
BARHL2	singleton	dispersed	ohnolog	dispersed_ohnolog	Homeodomain	True	gene with protein product	True	True	False		1	Vertebrata	Bilateria	pre2R_ancient	HGNC:954	False	alpha	before_R1	False
CDX1	singleton	dispersed	ohnolog	dispersed_ohnolog	Homeodomain	True	gene with protein product	True	True	False		2	Vertebrata	Bilateria	pre2R_ancient	HGNC:1805	False	beta	after_R2	False
CDX4	singleton	dispersed	ohnolog	dispersed_ohnolog	Homeodomain	True	gene with protein product	True	True	False		2	Vertebrata	Bilateria	pre2R_ancient	HGNC:1808	False		after_R2	False
DBX1	singleton	dispersed	ohnolog	dispersed_ohnolog	Homeodomain	True	gene with protein product	True	True	False		1	Vertebrata	Chordata	pre2R_ancient	HGNC:33185	False	alpha	before_R1	False
DBX2	singleton	dispersed	ohnolog	dispersed_ohnolog	Homeodomain	True	gene with protein product	True	True	False		1	Vertebrata	Chordata	pre2R_ancient	HGNC:33186	False	alpha	before_R1	False
EMX1	singleton	dispersed	ohnolog	dispersed_ohnolog	Homeodomain	True	gene with protein product	True	True	False		1	Vertebrata	Bilateria	pre2R_ancient	HGNC:3340	False	alpha	after_R2	False
EMX2	singleton	dispersed	ohnolog	dispersed_ohnolog	Homeodomain	True	gene with protein product	True	True	False		1	Vertebrata	Bilateria	pre2R_ancient	HGNC:3341	True	alpha	R1_to_R2	False
EN1	singleton	dispersed	ohnolog	dispersed_ohnolog	Homeodomain	True	gene with protein product	True	True	False		1	Vertebrata	Bilateria	pre2R_ancient	HGNC:3342	False	alpha	before_R1	False
EN2	singleton	dispersed	ohnolog	dispersed_ohnolog	Homeodomain	True	gene with protein product	True	True	False		1	Vertebrata	Bilateria	pre2R_ancient	HGNC:3343	False	alpha	R1_to_R2	False
EVX1	singleton	dispersed	ohnolog	dispersed_ohnolog	Homeodomain	True	gene with protein product	True	True	False		1	Vertebrata	Bilateria	pre2R_ancient	HGNC:3506	False	alpha	R1_to_R2	False
EVX2	singleton	dispersed	ohnolog	dispersed_ohnolog	Homeodomain	True	gene with protein product	True	True	False		1	Vertebrata	Bilateria	pre2R_ancient	HGNC:3507	False	alpha	R1_to_R2	False
GSX2	singleton	dispersed	ohnolog	dispersed_ohnolog	Homeodomain	True	gene with protein product	True	True	False		1	Vertebrata	Bilateria	pre2R_ancient	HGNC:24959	False	alpha	before_R1	False
HMX1	singleton	dispersed	ohnolog	dispersed_ohnolog	Homeodomain	True	gene with protein product	True	True	False		2	Vertebrata	Bilateria	pre2R_ancient	HGNC:5017	False	alpha	before_R1	False
HNF1A	singleton	dispersed	ohnolog	dispersed_ohnolog	Homeodomain	True	gene with protein product	True	True	False		1	Vertebrata	Vertebrata	2R_vertebrata	HGNC:11621	False	alpha	before_R1	False
HNF1B	singleton	dispersed	ohnolog	dispersed_ohnolog	Homeodomain	True	gene with protein product	True	True	False		1	Vertebrata	Vertebrata	2R_vertebrata	HGNC:11630	True	alpha	before_R1	False
ISL1	singleton	dispersed	ohnolog	dispersed_ohnolog	Homeodomain	True	gene with protein product	True	True	False		1	Vertebrata	Vertebrata	2R_vertebrata	HGNC:6132	False	alpha	before_R1	False
ISL2	singleton	dispersed	ohnolog	dispersed_ohnolog	Homeodomain	True	gene with protein product	True	True	False		1	Vertebrata	Vertebrata	2R_vertebrata	HGNC:18524	False	alpha	before_R1	False
LBX2	singleton	dispersed	ohnolog	dispersed_ohnolog	Homeodomain	True	gene with protein product	True	True	False		1	Vertebrata	Bilateria	pre2R_ancient	HGNC:15525	False	alpha	before_R1	False
LHX1	singleton	dispersed	ohnolog	dispersed_ohnolog	Homeodomain	True	gene with protein product	True	True	False		1	Vertebrata	Bilateria	pre2R_ancient	HGNC:6593	False	beta	after_R2	False
LHX2	singleton	dispersed	ohnolog	dispersed_ohnolog	Homeodomain	True	gene with protein product	True	True	False		1	Vertebrata	Bilateria	pre2R_ancient	HGNC:6594	True	alpha	R1_to_R2	False
LHX3	singleton	dispersed	ohnolog	dispersed_ohnolog	Homeodomain	True	gene with protein product	True	True	False		1	Vertebrata	Bilateria	pre2R_ancient	HGNC:6595	False	alpha	R1_to_R2	False
LHX4	singleton	dispersed	ohnolog	dispersed_ohnolog	Homeodomain	True	gene with protein product	True	True	False		1	Vertebrata	Bilateria	pre2R_ancient	HGNC:21734	False	alpha	R1_to_R2	False
LHX5	singleton	dispersed	ohnolog	dispersed_ohnolog	Homeodomain	True	gene with protein product	True	True	False		1	Vertebrata	Bilateria	pre2R_ancient	HGNC:14216	False	beta	after_R2	False
LHX6	singleton	dispersed	ohnolog	dispersed_ohnolog	Homeodomain	True	gene with protein product	True	True	False		1	Vertebrata	Bilateria	pre2R_ancient	HGNC:21735	True	alpha	after_R2	False
LHX8	singleton	dispersed	ohnolog	dispersed_ohnolog	Homeodomain	True	gene with protein product	True	True	False		1	Vertebrata	Bilateria	pre2R_ancient	HGNC:28838	False	alpha	R1_to_R2	False
LHX9	singleton	dispersed	ohnolog	dispersed_ohnolog	Homeodomain	True	gene with protein product	True	True	False		1	Vertebrata	Bilateria	pre2R_ancient	HGNC:14222	True	alpha	after_R2	False
LMX1B	singleton	dispersed	ohnolog	dispersed_ohnolog	Homeodomain	True	gene with protein product	True	True	False		1	Vertebrata	Bilateria	pre2R_ancient	HGNC:6654	False	alpha	after_R2	False
MEIS1	singleton	dispersed	ohnolog	dispersed_ohnolog	Homeodomain	True	gene with protein product	True	True	False		2	Vertebrata	Bilateria	pre2R_ancient	HGNC:7000	False	alpha	before_R1	False
MEIS2	singleton	dispersed	ohnolog	dispersed_ohnolog	Homeodomain	True	gene with protein product	True	True	False		1	Vertebrata	Bilateria	pre2R_ancient	HGNC:7001	False	alpha	before_R1	False
MEIS3	singleton	dispersed	ohnolog	dispersed_ohnolog	Homeodomain	True	gene with protein product	True	True	False		1	Vertebrata	Hominidae	post2R_young	HGNC:29537	False	alpha	before_R1	False
MEOX1	singleton	dispersed	ohnolog	dispersed_ohnolog	Homeodomain	True	gene with protein product	True	True	False		1	Vertebrata		no_paralog_node	HGNC:7013	False	beta	before_R1	False
MEOX2	singleton	dispersed	ohnolog	dispersed_ohnolog	Homeodomain	True	gene with protein product	True	True	False		1	Vertebrata		no_paralog_node	HGNC:7014	False	alpha	before_R1	False
MIXL1	singleton	dispersed	ohnolog	dispersed_ohnolog	Homeodomain	True	gene with protein product	True	True	False		1	Vertebrata	Bilateria	pre2R_ancient	HGNC:13363	False	alpha	after_R2	False
NKX2-3	singleton	dispersed	ohnolog	dispersed_ohnolog	Homeodomain	True	gene with protein product	True	True	False		2	Vertebrata	Bilateria	pre2R_ancient	HGNC:7836	False	alpha	before_R1	False
NKX2-5	singleton	dispersed	ohnolog	dispersed_ohnolog	Homeodomain	True	gene with protein product	True	True	False		2	Vertebrata	Bilateria	pre2R_ancient	HGNC:2488	False		before_R1	False
NKX3-2	singleton	dispersed	ohnolog	dispersed_ohnolog	Homeodomain	True	gene with protein product	True	True	False		1	Vertebrata	Bilateria	pre2R_ancient	HGNC:951	False	alpha	before_R1	False
NKX6-1	singleton	dispersed	ohnolog	dispersed_ohnolog	Homeodomain	True	gene with protein product	True	True	False		1	Vertebrata	Bilateria	pre2R_ancient	HGNC:7839	False	alpha	before_R1	False
NKX6-3	singleton	dispersed	ohnolog	dispersed_ohnolog	Homeodomain	True	gene with protein product	True	True	False		1	Vertebrata	Bilateria	pre2R_ancient	HGNC:26328	False	beta	before_R1	False
OTX1	singleton	dispersed	ohnolog	dispersed_ohnolog	Homeodomain	True	gene with protein product	True	True	False		2	Older	Bilateria	pre2R_ancient	HGNC:8521	False	alpha	after_R2	False
OTX2	singleton	dispersed	ohnolog	dispersed_ohnolog	Homeodomain	True	gene with protein product	True	True	False		2	Older	Bilateria	pre2R_ancient	HGNC:8522	False	alpha	R1_to_R2	False
PBX2	singleton	dispersed	ohnolog	dispersed_ohnolog	Homeodomain	True	gene with protein product	True	True	False		3	Vertebrata	Bilateria	pre2R_ancient	HGNC:8633	False		before_R1	False
PBX3	singleton	dispersed	ohnolog	dispersed_ohnolog	Homeodomain	True	gene with protein product	True	True	False		3	Vertebrata	Euteleostomi	2R_vertebrata	HGNC:8634	False	alpha	before_R1	False
PBX4	singleton	dispersed	ohnolog	dispersed_ohnolog	Homeodomain	True	gene with protein product	True	True	False		3	Vertebrata	Bilateria	pre2R_ancient	HGNC:13403	False		before_R1	False
PHOX2A	singleton	dispersed	ohnolog	dispersed_ohnolog	Homeodomain	True	gene with protein product	True	True	False		1	Vertebrata	Bilateria	pre2R_ancient	HGNC:691	False	alpha	before_R1	False
PHOX2B	singleton	dispersed	ohnolog	dispersed_ohnolog	Homeodomain	True	gene with protein product	True	True	False		1	Vertebrata	Bilateria	pre2R_ancient	HGNC:9143	False	alpha	R1_to_R2	False
PITX1	singleton	dispersed	ohnolog	dispersed_ohnolog	Homeodomain	True	gene with protein product	True	True	False		2	Bilateria	Bilateria	pre2R_ancient	HGNC:9004	False	beta	R1_to_R2	False
PITX2	singleton	dispersed	ohnolog	dispersed_ohnolog	Homeodomain	True	gene with protein product	True	True	False		2	Older	Bilateria	pre2R_ancient	HGNC:9005	False	alpha	after_R2	False
PITX3	singleton	dispersed	ohnolog	dispersed_ohnolog	Homeodomain	True	gene with protein product	True	True	False		2	Older	Bilateria	pre2R_ancient	HGNC:9006	False		after_R2	False
PKNOX1	singleton	dispersed	ohnolog	dispersed_ohnolog	Homeodomain	True	gene with protein product	True	True	False		1	Vertebrata	Bilateria	pre2R_ancient	HGNC:9022	False	beta	before_R1	False
PKNOX2	singleton	dispersed	ohnolog	dispersed_ohnolog	Homeodomain	True	gene with protein product	True	True	False		1	Vertebrata	Bilateria	pre2R_ancient	HGNC:16714	False	beta	before_R1	False
PRRX1	singleton	dispersed	ohnolog	dispersed_ohnolog	Homeodomain	True	gene with protein product	True	True	False		1	Vertebrata	Bilateria	pre2R_ancient	HGNC:9142	False	alpha	before_R1	False
PRRX2	singleton	dispersed	ohnolog	dispersed_ohnolog	Homeodomain	True	gene with protein product	True	True	False		1	Vertebrata	Bilateria	pre2R_ancient	HGNC:21338	False	alpha	R1_to_R2	False
RAX	singleton	dispersed	ohnolog	dispersed_ohnolog	Homeodomain	True	gene with protein product	True	True	False		1	Vertebrata	Bilateria	pre2R_ancient	HGNC:9438	False	alpha	after_R2	False
RAX2	singleton	dispersed	ohnolog	dispersed_ohnolog	Homeodomain	True	gene with protein product	True	True	False		1	Vertebrata	Bilateria	pre2R_ancient	HGNC:18286	False	beta	human_only	False
SEBOX	singleton	dispersed	ohnolog	dispersed_ohnolog	Homeodomain	True	gene with protein product	True	True	False		1	Vertebrata	Bilateria	pre2R_ancient	HGNC:32942	False	alpha	after_R2	False
SHOX	singleton	dispersed	ohnolog	dispersed_ohnolog	Homeodomain	True	gene with protein product	True	True	False		1	Vertebrata	Bilateria	pre2R_ancient	HGNC:10853	False	alpha	R1_to_R2	False
SHOX2	singleton	dispersed	ohnolog	dispersed_ohnolog	Homeodomain	True	gene with protein product	True	True	False		1	Vertebrata	Bilateria	pre2R_ancient	HGNC:10854	False	alpha	R1_to_R2	False
SIX5	singleton	dispersed	ohnolog	dispersed_ohnolog	Homeodomain	True	gene with protein product	True	True	False		1	Vertebrata	Bilateria	pre2R_ancient	HGNC:10891	False	alpha	before_R1	False
TLX2	singleton	dispersed	ohnolog	dispersed_ohnolog	Homeodomain	True	gene with protein product	True	True	False		2	Vertebrata	Bilateria	pre2R_ancient	HGNC:5057	False		after_R2	False
TLX3	singleton	dispersed	ohnolog	dispersed_ohnolog	Homeodomain	True	gene with protein product	True	True	False		2	Vertebrata	Bilateria	pre2R_ancient	HGNC:13532	False	beta	before_R1	False
VAX1	singleton	dispersed	ohnolog	dispersed_ohnolog	Homeodomain	True	gene with protein product	True	True	False		1	Vertebrata	Bilateria	pre2R_ancient	HGNC:12660	False		before_R1	False
VAX2	singleton	dispersed	ohnolog	dispersed_ohnolog	Homeodomain	True	gene with protein product	True	True	False		1	Vertebrata	Bilateria	pre2R_ancient	HGNC:12661	False		before_R1	False
VSX1	singleton	dispersed	ohnolog	dispersed_ohnolog	Homeodomain	True	gene with protein product	True	True	False		1	Vertebrata		no_paralog_node	HGNC:12723	False	alpha	before_R1	False
VSX2	singleton	dispersed	ohnolog	dispersed_ohnolog	Homeodomain	True	gene with protein product	True	True	False		1	Vertebrata	Bilateria	pre2R_ancient	HGNC:1975	False	alpha	R1_to_R2	False
ZFHX2	singleton	dispersed	ohnolog	dispersed_ohnolog	Homeodomain	True	gene with protein product	True	True	False		2	Vertebrata	Bilateria	pre2R_ancient	HGNC:20152	False		before_R1	False
POU2F1	singleton	dispersed	ohnolog	dispersed_ohnolog	Homeodomain; POU	True	gene with protein product	True	True	False		2	Vertebrata	Bilateria	pre2R_ancient	HGNC:9212	True	beta	before_R1	False
POU2F2	singleton	dispersed	ohnolog	dispersed_ohnolog	Homeodomain; POU	True	gene with protein product	True	True	False		2	Vertebrata	Bilateria	pre2R_ancient	HGNC:9213	False		before_R1	False
POU2F3	singleton	dispersed	ohnolog	dispersed_ohnolog	Homeodomain; POU	True	gene with protein product	True	True	False		2	Vertebrata	Bilateria	pre2R_ancient	HGNC:19864	False	beta	before_R1	False
POU3F1	singleton	dispersed	ohnolog	dispersed_ohnolog	Homeodomain; POU	True	gene with protein product	True	True	False		2	Vertebrata	Bilateria	pre2R_ancient	HGNC:9214	False		before_R1	False
POU3F2	singleton	dispersed	ohnolog	dispersed_ohnolog	Homeodomain; POU	True	gene with protein product	True	True	False		1	Vertebrata	Bilateria	pre2R_ancient	HGNC:9215	False	alpha	before_R1	False
POU3F3	singleton	dispersed	ohnolog	dispersed_ohnolog	Homeodomain; POU	True	gene with protein product	True	True	False		1	Vertebrata	Bilateria	pre2R_ancient	HGNC:9216	False	alpha	before_R1	False
POU4F1	singleton	dispersed	ohnolog	dispersed_ohnolog	Homeodomain; POU	True	gene with protein product	True	True	False		2	Vertebrata	Bilateria	pre2R_ancient	HGNC:9218	False	alpha	before_R1	False
POU4F2	singleton	dispersed	ohnolog	dispersed_ohnolog	Homeodomain; POU	True	gene with protein product	True	True	False		2	Vertebrata	Bilateria	pre2R_ancient	HGNC:9219	False		before_R1	False
POU4F3	singleton	dispersed	ohnolog	dispersed_ohnolog	Homeodomain; POU	True	gene with protein product	True	True	False		2	Vertebrata	Bilateria	pre2R_ancient	HGNC:9220	False	beta	before_R1	False
PAX2	singleton	dispersed	ohnolog	dispersed_ohnolog	Homeodomain; Paired box	True	gene with protein product	True	True	False		2	Vertebrata	Bilateria	pre2R_ancient	HGNC:8616	False	alpha	R1_to_R2	False
PAX3	singleton	dispersed	ohnolog	dispersed_ohnolog	Homeodomain; Paired box	True	gene with protein product	True	True	False		1	Vertebrata	Bilateria	pre2R_ancient	HGNC:8617	False	alpha	after_R2	False
PAX7	singleton	dispersed	ohnolog	dispersed_ohnolog	Homeodomain; Paired box	True	gene with protein product	True	True	False		1	Vertebrata	Bilateria	pre2R_ancient	HGNC:8621	False	alpha	R1_to_R2	False
IRF4	singleton	dispersed	ohnolog	dispersed_ohnolog	IRF	True	gene with protein product	True	True	False		2	Vertebrata	Chordata	pre2R_ancient	HGNC:6119	False	alpha	before_R1	True
IRF7	singleton	dispersed	ohnolog	dispersed_ohnolog	IRF	True	gene with protein product	True	True	False		2	Vertebrata	Chordata	pre2R_ancient	HGNC:6122	False		before_R1	True
IRF8	singleton	dispersed	ohnolog	dispersed_ohnolog	IRF	True	gene with protein product	True	True	False		2	Vertebrata	Chordata	pre2R_ancient	HGNC:5358	True	alpha	before_R1	True
MEF2A	singleton	dispersed	ohnolog	dispersed_ohnolog	MADS box	True	gene with protein product	True	True	False		4	Vertebrata	Opisthokonta	pre2R_ancient	HGNC:6993	False	alpha	R1_to_R2	False
MEF2C	singleton	dispersed	ohnolog	dispersed_ohnolog	MADS box	True	gene with protein product	True	True	False		4	Vertebrata	Opisthokonta	pre2R_ancient	HGNC:6996	False	alpha	R1_to_R2	False
MEF2D	singleton	dispersed	ohnolog	dispersed_ohnolog	MADS box	True	gene with protein product	True	True	False		4	Vertebrata	Opisthokonta	pre2R_ancient	HGNC:6997	False	beta	R1_to_R2	False
BAZ2B	singleton	dispersed	ohnolog	dispersed_ohnolog	MBD	True	gene with protein product	True	True	False		1	Vertebrata	Opisthokonta	pre2R_ancient	HGNC:963	False	alpha	before_R1	False
MBD2	singleton	dispersed	ohnolog	dispersed_ohnolog	MBD	True	gene with protein product	True	True	False		6	Vertebrata	Vertebrata	2R_vertebrata	HGNC:6917	True		before_R1	False
MBD3	singleton	dispersed	ohnolog	dispersed_ohnolog	MBD	True	gene with protein product	True	True	False		6	Vertebrata	Vertebrata	2R_vertebrata	HGNC:6918	False	beta	before_R1	False
MBD4	singleton	dispersed	ohnolog	dispersed_ohnolog	MBD	True	gene with protein product	True	True	False		1	Vertebrata	Vertebrata	2R_vertebrata	HGNC:6919	False		R1_to_R2	False
BAZ2A	singleton	dispersed	ohnolog	dispersed_ohnolog	MBD; AT hook	True	gene with protein product	True	True	False		1	Vertebrata	Opisthokonta	pre2R_ancient	HGNC:962	False	beta	before_R1	False
MECP2	singleton	dispersed	ohnolog	dispersed_ohnolog	MBD; AT hook	True	gene with protein product	True	True	False		1	Vertebrata	Vertebrata	2R_vertebrata	HGNC:6990	False		R1_to_R2	False
DMTF1	singleton	dispersed	ohnolog	dispersed_ohnolog	Myb/SANT	True	gene with protein product	True	True	False		1	Vertebrata	Opisthokonta	pre2R_ancient	HGNC:14603	False	alpha	before_R1	False
MYB	singleton	dispersed	ohnolog	dispersed_ohnolog	Myb/SANT	True	gene with protein product	True	True	False		2	Vertebrata	Opisthokonta	pre2R_ancient	HGNC:7545	False	alpha	before_R1	False
MYBL1	singleton	dispersed	ohnolog	dispersed_ohnolog	Myb/SANT	True	gene with protein product	True	True	False		2	Vertebrata	Opisthokonta	pre2R_ancient	HGNC:7547	False		before_R1	False
MYBL2	singleton	dispersed	ohnolog	dispersed_ohnolog	Myb/SANT	True	gene with protein product	True	True	False		2	Vertebrata	Opisthokonta	pre2R_ancient	HGNC:7548	False	beta	before_R1	False
MYSM1	singleton	dispersed	ohnolog	dispersed_ohnolog	Myb/SANT	True	gene with protein product	True	True	False		1	Vertebrata	Opisthokonta	pre2R_ancient	HGNC:29401	False	alpha	R1_to_R2	True
TTF1	singleton	dispersed	ohnolog	dispersed_ohnolog	Myb/SANT	True	gene with protein product	True	True	False		1	Vertebrata	Opisthokonta	pre2R_ancient	HGNC:11825	False		before_R1	False
MYRF	singleton	dispersed	ohnolog	dispersed_ohnolog	Ndt80/PhoG	True	gene with protein product	True	True	False		1	Vertebrata		no_paralog_node	HGNC:1181	False	alpha	before_R1	False
MYRFL	singleton	dispersed	ohnolog	dispersed_ohnolog	Ndt80/PhoG	True	gene with protein product	True	True	False		1	Vertebrata		no_paralog_node	HGNC:26316	False	alpha	before_R1	False
ESR1	singleton	dispersed	ohnolog	dispersed_ohnolog	Nuclear receptor	True	gene with protein product	True	True	False		1	Vertebrata	Bilateria	pre2R_ancient	HGNC:3467	True	alpha	before_R1	False
ESRRA	singleton	dispersed	ohnolog	dispersed_ohnolog	Nuclear receptor	True	gene with protein product	True	True	False		2	Vertebrata	Bilateria	pre2R_ancient	HGNC:3471	False		before_R1	False
ESRRB	singleton	dispersed	ohnolog	dispersed_ohnolog	Nuclear receptor	True	gene with protein product	True	True	False		2	Vertebrata	Vertebrata	2R_vertebrata	HGNC:3473	False	alpha	before_R1	False
ESRRG	singleton	dispersed	ohnolog	dispersed_ohnolog	Nuclear receptor	True	gene with protein product	True	True	False		2	Vertebrata	Vertebrata	2R_vertebrata	HGNC:3474	True	alpha	before_R1	False
HNF4A	singleton	dispersed	ohnolog	dispersed_ohnolog	Nuclear receptor	True	gene with protein product	True	True	False		1	Vertebrata	Bilateria	pre2R_ancient	HGNC:5024	True	beta	before_R1	False
HNF4G	singleton	dispersed	ohnolog	dispersed_ohnolog	Nuclear receptor	True	gene with protein product	True	True	False		1	Vertebrata	Bilateria	pre2R_ancient	HGNC:5026	False	alpha	before_R1	False
NR1H3	singleton	dispersed	ohnolog	dispersed_ohnolog	Nuclear receptor	True	gene with protein product	True	True	False		1	Vertebrata	Bilateria	pre2R_ancient	HGNC:7966	False	alpha	before_R1	False
NR1H4	singleton	dispersed	ohnolog	dispersed_ohnolog	Nuclear receptor	True	gene with protein product	True	True	False		1	Vertebrata	Bilateria	pre2R_ancient	HGNC:7967	False	alpha	before_R1	False
NR1I2	singleton	dispersed	ohnolog	dispersed_ohnolog	Nuclear receptor	True	gene with protein product	True	True	False		1	Vertebrata	Bilateria	pre2R_ancient	HGNC:7968	False	alpha	before_R1	False
NR2C1	singleton	dispersed	ohnolog	dispersed_ohnolog	Nuclear receptor	True	gene with protein product	True	True	False		1	Vertebrata	Bilateria	pre2R_ancient	HGNC:7971	True	alpha	before_R1	False
NR2C2	singleton	dispersed	ohnolog	dispersed_ohnolog	Nuclear receptor	True	gene with protein product	True	True	False		1	Vertebrata	Bilateria	pre2R_ancient	HGNC:7972	True	alpha	before_R1	False
NR2F1	singleton	dispersed	ohnolog	dispersed_ohnolog	Nuclear receptor	True	gene with protein product	True	True	False		1	Vertebrata	Bilateria	pre2R_ancient	HGNC:7975	False	alpha	before_R1	False
NR2F2	singleton	dispersed	ohnolog	dispersed_ohnolog	Nuclear receptor	True	gene with protein product	True	True	False		1	Vertebrata	Bilateria	pre2R_ancient	HGNC:7976	True	alpha	before_R1	False
NR4A1	singleton	dispersed	ohnolog	dispersed_ohnolog	Nuclear receptor	True	gene with protein product	True	True	False		2	Vertebrata	Vertebrata	2R_vertebrata	HGNC:7980	True		before_R1	False
NR4A2	singleton	dispersed	ohnolog	dispersed_ohnolog	Nuclear receptor	True	gene with protein product	True	True	False		2	Vertebrata	Vertebrata	2R_vertebrata	HGNC:7981	True	alpha	before_R1	False
NR4A3	singleton	dispersed	ohnolog	dispersed_ohnolog	Nuclear receptor	True	gene with protein product	True	True	False		2	Vertebrata	Vertebrata	2R_vertebrata	HGNC:7982	False	alpha	before_R1	False
NR5A2	singleton	dispersed	ohnolog	dispersed_ohnolog	Nuclear receptor	True	gene with protein product	True	True	False		1	Vertebrata	Vertebrata	2R_vertebrata	HGNC:7984	True	alpha	before_R1	False
PGR	singleton	dispersed	ohnolog	dispersed_ohnolog	Nuclear receptor	True	gene with protein product	True	True	False		1	Vertebrata	Bilateria	pre2R_ancient	HGNC:8910	False	alpha	before_R1	False
PPARA	singleton	dispersed	ohnolog	dispersed_ohnolog	Nuclear receptor	True	gene with protein product	True	True	False		2	Vertebrata	Bilateria	pre2R_ancient	HGNC:9232	False	beta	before_R1	False
PPARD	singleton	dispersed	ohnolog	dispersed_ohnolog	Nuclear receptor	True	gene with protein product	True	True	False		2	Vertebrata	Bilateria	pre2R_ancient	HGNC:9235	True	beta	before_R1	False
PPARG	singleton	dispersed	ohnolog	dispersed_ohnolog	Nuclear receptor	True	gene with protein product	True	True	False		2	Vertebrata	Bilateria	pre2R_ancient	HGNC:9236	False	beta	before_R1	False
RARA	singleton	dispersed	ohnolog	dispersed_ohnolog	Nuclear receptor	True	gene with protein product	True	True	False		2	Vertebrata	Bilateria	pre2R_ancient	HGNC:9864	True	alpha	before_R1	False
RARG	singleton	dispersed	ohnolog	dispersed_ohnolog	Nuclear receptor	True	gene with protein product	True	True	False		2	Vertebrata	Bilateria	pre2R_ancient	HGNC:9866	True		before_R1	False
RORA	singleton	dispersed	ohnolog	dispersed_ohnolog	Nuclear receptor	True	gene with protein product	True	True	False		2	Vertebrata	Bilateria	pre2R_ancient	HGNC:10258	True	alpha	before_R1	False
RORB	singleton	dispersed	ohnolog	dispersed_ohnolog	Nuclear receptor	True	gene with protein product	True	True	False		2	Vertebrata	Bilateria	pre2R_ancient	HGNC:10259	True	alpha	before_R1	False
RORC	singleton	dispersed	ohnolog	dispersed_ohnolog	Nuclear receptor	True	gene with protein product	True	True	False		2	Vertebrata	Bilateria	pre2R_ancient	HGNC:10260	True	beta	before_R1	True
RXRA	singleton	dispersed	ohnolog	dispersed_ohnolog	Nuclear receptor	True	gene with protein product	True	True	False		2	Vertebrata	Bilateria	pre2R_ancient	HGNC:10477	False	alpha	before_R1	False
RXRB	singleton	dispersed	ohnolog	dispersed_ohnolog	Nuclear receptor	True	gene with protein product	True	True	False		2	Vertebrata	Bilateria	pre2R_ancient	HGNC:10478	True		before_R1	False
RXRG	singleton	dispersed	ohnolog	dispersed_ohnolog	Nuclear receptor	True	gene with protein product	True	True	False		2	Vertebrata	Bilateria	pre2R_ancient	HGNC:10479	True	alpha	before_R1	False
VDR	singleton	dispersed	ohnolog	dispersed_ohnolog	Nuclear receptor	True	gene with protein product	True	True	False		1	Vertebrata	Bilateria	pre2R_ancient	HGNC:12679	False	alpha	before_R1	False
PAX1	singleton	dispersed	ohnolog	dispersed_ohnolog	Paired box	True	gene with protein product	True	True	False		1	Vertebrata	Bilateria	pre2R_ancient	HGNC:8615	False	alpha	before_R1	True
PAX5	singleton	dispersed	ohnolog	dispersed_ohnolog	Paired box	True	gene with protein product	True	True	False		2	Vertebrata	Bilateria	pre2R_ancient	HGNC:8619	True		after_R2	False
PAX8	singleton	dispersed	ohnolog	dispersed_ohnolog	Paired box	True	gene with protein product	True	True	False		2	Vertebrata	Bilateria	pre2R_ancient	HGNC:8622	True		after_R2	False
PAX9	singleton	dispersed	ohnolog	dispersed_ohnolog	Paired box	True	gene with protein product	True	True	False		1	Vertebrata	Bilateria	pre2R_ancient	HGNC:8623	False	alpha	R1_to_R2	False
LCOR	singleton	dispersed	ohnolog	dispersed_ohnolog	Pipsqueak	True	gene with protein product	True	True	False		1	Vertebrata		no_paralog_node	HGNC:29503	False	alpha	after_R2	False
LCORL	singleton	dispersed	ohnolog	dispersed_ohnolog	Pipsqueak	True	gene with protein product	True	True	False		1	Vertebrata		no_paralog_node	HGNC:30776	True	alpha	after_R2	False
PROX1	singleton	dispersed	ohnolog	dispersed_ohnolog	Prospero	True	gene with protein product	True	True	False		1	Vertebrata	Vertebrata	2R_vertebrata	HGNC:9459	False	alpha	before_R1	False
PROX2	singleton	dispersed	ohnolog	dispersed_ohnolog	Prospero	True	gene with protein product	True	True	False		1	Vertebrata	Vertebrata	2R_vertebrata	HGNC:26715	False	alpha	before_R1	False
RFX1	singleton	dispersed	ohnolog	dispersed_ohnolog	RFX	True	gene with protein product	True	True	False		2	Vertebrata	Vertebrata	2R_vertebrata	HGNC:9982	True		before_R1	False
RFX2	singleton	dispersed	ohnolog	dispersed_ohnolog	RFX	True	gene with protein product	True	True	False		2	Vertebrata	Vertebrata	2R_vertebrata	HGNC:9983	True	beta	before_R1	False
RFX3	singleton	dispersed	ohnolog	dispersed_ohnolog	RFX	True	gene with protein product	True	True	False		2	Vertebrata	Vertebrata	2R_vertebrata	HGNC:9984	False	alpha	before_R1	False
RFX5	singleton	dispersed	ohnolog	dispersed_ohnolog	RFX	True	gene with protein product	True	True	False		1	Vertebrata	Opisthokonta	pre2R_ancient	HGNC:9986	False	beta	before_R1	True
RFX7	singleton	dispersed	ohnolog	dispersed_ohnolog	RFX	True	gene with protein product	True	True	False		1	Vertebrata	Opisthokonta	pre2R_ancient	HGNC:25777	False	alpha	before_R1	False
NFAT5	singleton	dispersed	ohnolog	dispersed_ohnolog	Rel	True	gene with protein product	True	True	False		3	Vertebrata	Bilateria	pre2R_ancient	HGNC:7774	False	alpha	before_R1	True
NFATC1	singleton	dispersed	ohnolog	dispersed_ohnolog	Rel	True	gene with protein product	True	True	False		4	Vertebrata	Bilateria	pre2R_ancient	HGNC:7775	False	alpha	R1_to_R2	False
NFATC2	singleton	dispersed	ohnolog	dispersed_ohnolog	Rel	True	gene with protein product	True	True	False		4	Vertebrata	Bilateria	pre2R_ancient	HGNC:7776	False	beta	after_R2	False
NFATC3	singleton	dispersed	ohnolog	dispersed_ohnolog	Rel	True	gene with protein product	True	True	False		3	Vertebrata	Bilateria	pre2R_ancient	HGNC:7777	True	alpha	R1_to_R2	False
NFATC4	singleton	dispersed	ohnolog	dispersed_ohnolog	Rel	True	gene with protein product	True	True	False		4	Vertebrata	Bilateria	pre2R_ancient	HGNC:7778	True		after_R2	False
NFKB1	singleton	dispersed	ohnolog	dispersed_ohnolog	Rel	True	gene with protein product	True	True	False		1	Vertebrata	Bilateria	pre2R_ancient	HGNC:7794	False	alpha	before_R1	True
NFKB2	singleton	dispersed	ohnolog	dispersed_ohnolog	Rel	True	gene with protein product	True	True	False		1	Vertebrata	Bilateria	pre2R_ancient	HGNC:7795	False	alpha	before_R1	True
REL	singleton	dispersed	ohnolog	dispersed_ohnolog	Rel	True	gene with protein product	True	True	False		2	Vertebrata	Bilateria	pre2R_ancient	HGNC:9954	True	alpha	before_R1	True
RELA	singleton	dispersed	ohnolog	dispersed_ohnolog	Rel	True	gene with protein product	True	True	False		2	Vertebrata	Bilateria	pre2R_ancient	HGNC:9955	False	alpha	before_R1	True
RELB	singleton	dispersed	ohnolog	dispersed_ohnolog	Rel	True	gene with protein product	True	True	False		2	Vertebrata	Bilateria	pre2R_ancient	HGNC:9956	False	alpha	before_R1	True
RUNX1	singleton	dispersed	ohnolog	dispersed_ohnolog	Runt	True	gene with protein product	True	True	False		2	Vertebrata	Bilateria	pre2R_ancient	HGNC:10471	False	alpha	before_R1	False
RUNX2	singleton	dispersed	ohnolog	dispersed_ohnolog	Runt	True	gene with protein product	True	True	False		2	Vertebrata	Bilateria	pre2R_ancient	HGNC:10472	True	alpha	before_R1	False
RUNX3	singleton	dispersed	ohnolog	dispersed_ohnolog	Runt	True	gene with protein product	True	True	False		2	Vertebrata	Bilateria	pre2R_ancient	HGNC:10473	False	beta	before_R1	False
AIRE	singleton	dispersed	ohnolog	dispersed_ohnolog	SAND	True	gene with protein product	True	True	False		1	Vertebrata	Bilateria	pre2R_ancient	HGNC:360	False	alpha	after_R2	True
GMEB1	singleton	dispersed	ohnolog	dispersed_ohnolog	SAND	True	gene with protein product	True	True	False		1	Vertebrata	Vertebrata	2R_vertebrata	HGNC:4370	False	beta	before_R1	False
GMEB2	singleton	dispersed	ohnolog	dispersed_ohnolog	SAND	True	gene with protein product	True	True	False		1	Vertebrata	Vertebrata	2R_vertebrata	HGNC:4371	False	beta	before_R1	False
SKOR2	singleton	dispersed	ohnolog	dispersed_ohnolog	SAND	True	gene with protein product	True	True	False		1	Vertebrata	Vertebrata	2R_vertebrata	HGNC:32695	False		R1_to_R2	False
NFIA	singleton	dispersed	ohnolog	dispersed_ohnolog	SMAD	True	gene with protein product	True	True	False		3	Vertebrata	Vertebrata	2R_vertebrata	HGNC:7784	False	alpha	before_R1	False
NFIB	singleton	dispersed	ohnolog	dispersed_ohnolog	SMAD	True	gene with protein product	True	True	False		3	Vertebrata	Chordata	pre2R_ancient	HGNC:7785	True	alpha	before_R1	False
NFIC	singleton	dispersed	ohnolog	dispersed_ohnolog	SMAD	True	gene with protein product	True	True	False		3	Vertebrata	Chordata	pre2R_ancient	HGNC:7786	False	beta	before_R1	False
NFIX	singleton	dispersed	ohnolog	dispersed_ohnolog	SMAD	True	gene with protein product	True	True	False		3	Vertebrata	Vertebrata	2R_vertebrata	HGNC:7788	True		before_R1	False
SMAD1	singleton	dispersed	ohnolog	dispersed_ohnolog	SMAD	True	gene with protein product	True	True	False		2	Vertebrata	Bilateria	pre2R_ancient	HGNC:4162	False		before_R1	False
SMAD3	singleton	dispersed	ohnolog	dispersed_ohnolog	SMAD	True	gene with protein product	True	True	False		1	Vertebrata	Vertebrata	2R_vertebrata	HGNC:6769	False	alpha	before_R1	False
SMAD5	singleton	dispersed	ohnolog	dispersed_ohnolog	SMAD	True	gene with protein product	True	True	False		2	Vertebrata	Bilateria	pre2R_ancient	HGNC:6771	False	beta	before_R1	False
SMAD9	singleton	dispersed	ohnolog	dispersed_ohnolog	SMAD	True	gene with protein product	True	True	False		2	Vertebrata	Bilateria	pre2R_ancient	HGNC:6774	False	alpha	before_R1	False
STAT2	singleton	dispersed	ohnolog	dispersed_ohnolog	STAT	True	gene with protein product	True	True	False		5	Vertebrata	Vertebrata	2R_vertebrata	HGNC:11363	False		before_R1	True
STAT6	singleton	dispersed	ohnolog	dispersed_ohnolog	STAT	True	gene with protein product	True	True	False		5	Vertebrata	Vertebrata	2R_vertebrata	HGNC:11368	False		before_R1	True
EOMES	singleton	dispersed	ohnolog	dispersed_ohnolog	T-box	True	gene with protein product	True	True	False		2	Vertebrata	Bilateria	pre2R_ancient	HGNC:3372	False	alpha	before_R1	False
MGA	singleton	dispersed	ohnolog	dispersed_ohnolog	T-box	True	gene with protein product	True	True	False		1	Vertebrata	Bilateria	pre2R_ancient	HGNC:14010	False	beta	before_R1	False
T	singleton	dispersed	ohnolog	dispersed_ohnolog	T-box	True	gene with protein product	True	True	False		1	Vertebrata	Bilateria	pre2R_ancient	HGNC:11515	False		before_R1	False
TBR1	singleton	dispersed	ohnolog	dispersed_ohnolog	T-box	True	gene with protein product	True	True	False		2	Vertebrata	Bilateria	pre2R_ancient	HGNC:11590	False		before_R1	False
TBX19	singleton	dispersed	ohnolog	dispersed_ohnolog	T-box	True	gene with protein product	True	True	False		1	Vertebrata	Bilateria	pre2R_ancient	HGNC:11596	False	alpha	before_R1	False
TBX21	singleton	dispersed	ohnolog	dispersed_ohnolog	T-box	True	gene with protein product	True	True	False		3	Vertebrata	Bilateria	pre2R_ancient	HGNC:11599	True		before_R1	False
TBP	singleton	dispersed	ohnolog	dispersed_ohnolog	TBP	True	gene with protein product	True	True	False		1	Vertebrata	Opisthokonta	pre2R_ancient	HGNC:11588	False	alpha	R1_to_R2	False
TBPL2	singleton	dispersed	ohnolog	dispersed_ohnolog	TBP	True	gene with protein product	True	True	False		1	Vertebrata	Opisthokonta	pre2R_ancient	HGNC:19841	False		before_R1	False
TEAD1	singleton	dispersed	ohnolog	dispersed_ohnolog	TEA	True	gene with protein product	True	True	False		2	Vertebrata	Vertebrata	2R_vertebrata	HGNC:11714	False	alpha	before_R1	False
TEAD3	singleton	dispersed	ohnolog	dispersed_ohnolog	TEA	True	gene with protein product	True	True	False		2	Vertebrata	Bilateria	pre2R_ancient	HGNC:11716	False		before_R1	False
TEAD4	singleton	dispersed	ohnolog	dispersed_ohnolog	TEA	True	gene with protein product	True	True	False		2	Vertebrata	Vertebrata	2R_vertebrata	HGNC:11717	False	alpha	before_R1	False
AHR	singleton	dispersed	ohnolog	dispersed_ohnolog	bHLH	True	gene with protein product	True	True	False		1	Vertebrata	Chordata	pre2R_ancient	HGNC:348	False	alpha	before_R1	False
AHRR	singleton	dispersed	ohnolog	dispersed_ohnolog	bHLH	True	gene with protein product	True	True	False		1	Vertebrata	Chordata	pre2R_ancient	HGNC:346	False		before_R1	False
ARNT	singleton	dispersed	ohnolog	dispersed_ohnolog	bHLH	True	gene with protein product	True	True	False		1	Vertebrata	Bilateria	pre2R_ancient	HGNC:700	True	beta	before_R1	False
ARNT2	singleton	dispersed	ohnolog	dispersed_ohnolog	bHLH	True	gene with protein product	True	True	False		1	Vertebrata	Bilateria	pre2R_ancient	HGNC:16876	False	alpha	before_R1	False
ARNTL	singleton	dispersed	ohnolog	dispersed_ohnolog	bHLH	True	gene with protein product	True	True	False		1	Vertebrata	Bilateria	pre2R_ancient	HGNC:701	True	alpha	before_R1	False
ARNTL2	singleton	dispersed	ohnolog	dispersed_ohnolog	bHLH	True	gene with protein product	True	True	False		1	Vertebrata	Bilateria	pre2R_ancient	HGNC:18984	False	alpha	before_R1	False
ASCL3	singleton	dispersed	ohnolog	dispersed_ohnolog	bHLH	True	gene with protein product	True	True	False		1	Vertebrata	Bilateria	pre2R_ancient	HGNC:740	False	alpha	before_R1	False
ASCL4	singleton	dispersed	ohnolog	dispersed_ohnolog	bHLH	True	gene with protein product	True	True	False		1	Vertebrata	Bilateria	pre2R_ancient	HGNC:24311	False		before_R1	False
BHLHE22	singleton	dispersed	ohnolog	dispersed_ohnolog	bHLH	True	gene with protein product	True	True	False		1	Vertebrata	Bilateria	pre2R_ancient	HGNC:11963	False	alpha	before_R1	False
BHLHE23	singleton	dispersed	ohnolog	dispersed_ohnolog	bHLH	True	gene with protein product	True	True	False		1	Vertebrata	Bilateria	pre2R_ancient	HGNC:16093	False	beta	before_R1	False
CLOCK	singleton	dispersed	ohnolog	dispersed_ohnolog	bHLH	True	gene with protein product	True	True	False		1	Vertebrata	Bilateria	pre2R_ancient	HGNC:2082	True		before_R1	False
EPAS1	singleton	dispersed	ohnolog	dispersed_ohnolog	bHLH	True	gene with protein product	True	True	False		2	Vertebrata	Bilateria	pre2R_ancient	HGNC:3374	False	alpha	before_R1	False
HAND1	singleton	dispersed	ohnolog	dispersed_ohnolog	bHLH	True	gene with protein product	True	True	False		1	Vertebrata	Bilateria	pre2R_ancient	HGNC:4807	False	beta	before_R1	False
HAND2	singleton	dispersed	ohnolog	dispersed_ohnolog	bHLH	True	gene with protein product	True	True	False		1	Vertebrata	Bilateria	pre2R_ancient	HGNC:4808	False		before_R1	False
HES1	singleton	dispersed	ohnolog	dispersed_ohnolog	bHLH	True	gene with protein product	True	True	False		1	Vertebrata	Opisthokonta	pre2R_ancient	HGNC:1273	False	alpha	before_R1	False
HES4	singleton	dispersed	ohnolog	dispersed_ohnolog	bHLH	True	gene with protein product	True	True	False		1	Vertebrata	Opisthokonta	pre2R_ancient	HGNC:24149	False	alpha	before_R1	False
HEY1	singleton	dispersed	ohnolog	dispersed_ohnolog	bHLH	True	gene with protein product	True	True	False		2	Vertebrata	Opisthokonta	pre2R_ancient	HGNC:4880	True	alpha	before_R1	False
HEY2	singleton	dispersed	ohnolog	dispersed_ohnolog	bHLH	True	gene with protein product	True	True	False		2	Vertebrata	Opisthokonta	pre2R_ancient	HGNC:4881	False		before_R1	False
HEYL	singleton	dispersed	ohnolog	dispersed_ohnolog	bHLH	True	gene with protein product	True	True	False		2	Vertebrata	Opisthokonta	pre2R_ancient	HGNC:4882	False	beta	before_R1	False
HIF1A	singleton	dispersed	ohnolog	dispersed_ohnolog	bHLH	True	gene with protein product	True	True	False		2	Vertebrata	Bilateria	pre2R_ancient	HGNC:4910	True	alpha	before_R1	False
HIF3A	singleton	dispersed	ohnolog	dispersed_ohnolog	bHLH	True	gene with protein product	True	True	False		2	Vertebrata	Bilateria	pre2R_ancient	HGNC:15825	False	alpha	before_R1	False
MITF	singleton	dispersed	ohnolog	dispersed_ohnolog	bHLH	True	gene with protein product	True	True	False		3	Vertebrata	Bilateria	pre2R_ancient	HGNC:7105	True	alpha	before_R1	False
MLXIP	singleton	dispersed	ohnolog	dispersed_ohnolog	bHLH	True	gene with protein product	True	True	False		1	Vertebrata	Bilateria	pre2R_ancient	HGNC:17055	False	alpha	before_R1	False
MLXIPL	singleton	dispersed	ohnolog	dispersed_ohnolog	bHLH	True	gene with protein product	True	True	False		1	Vertebrata	Bilateria	pre2R_ancient	HGNC:12744	False	alpha	before_R1	False
MSC	singleton	dispersed	ohnolog	dispersed_ohnolog	bHLH	True	gene with protein product	True	True	False		1	Vertebrata	Bilateria	pre2R_ancient	HGNC:7321	False		before_R1	False
MXD1	singleton	dispersed	ohnolog	dispersed_ohnolog	bHLH	True	gene with protein product	True	True	False		3	Vertebrata	Bilateria	pre2R_ancient	HGNC:6761	False	beta	before_R1	False
MXD3	singleton	dispersed	ohnolog	dispersed_ohnolog	bHLH	True	gene with protein product	True	True	False		3	Vertebrata	Bilateria	pre2R_ancient	HGNC:14008	False	beta	before_R1	False
MXD4	singleton	dispersed	ohnolog	dispersed_ohnolog	bHLH	True	gene with protein product	True	True	False		3	Vertebrata	Bilateria	pre2R_ancient	HGNC:13906	False	alpha	before_R1	False
MXI1	singleton	dispersed	ohnolog	dispersed_ohnolog	bHLH	True	gene with protein product	True	True	False		3	Vertebrata	Bilateria	pre2R_ancient	HGNC:7534	False	alpha	before_R1	False
MYC	singleton	dispersed	ohnolog	dispersed_ohnolog	bHLH	True	gene with protein product	True	True	False		2	Vertebrata	Chordata	pre2R_ancient	HGNC:7553	False		R1_to_R2	False
MYCL	singleton	dispersed	ohnolog	dispersed_ohnolog	bHLH	True	gene with protein product	True	True	False		2	Vertebrata	Chordata	pre2R_ancient	HGNC:7555	False	beta	after_R2	False
MYCN	singleton	dispersed	ohnolog	dispersed_ohnolog	bHLH	True	gene with protein product	True	True	False		2	Vertebrata	Chordata	pre2R_ancient	HGNC:7559	True	alpha	R1_to_R2	False
MYOD1	singleton	dispersed	ohnolog	dispersed_ohnolog	bHLH	True	gene with protein product	True	True	False		3	Vertebrata	Vertebrata	2R_vertebrata	HGNC:7611	False	alpha	before_R1	False
MYOG	singleton	dispersed	ohnolog	dispersed_ohnolog	bHLH	True	gene with protein product	True	True	False		3	Vertebrata	Vertebrata	2R_vertebrata	HGNC:7612	False	beta	before_R1	False
NCOA2	singleton	dispersed	ohnolog	dispersed_ohnolog	bHLH	True	gene with protein product	True	True	False		1	Vertebrata	Vertebrata	2R_vertebrata	HGNC:7669	False		before_R1	False
NCOA3	singleton	dispersed	ohnolog	dispersed_ohnolog	bHLH	True	gene with protein product	True	True	False		1	Vertebrata	Vertebrata	2R_vertebrata	HGNC:7670	False	beta	before_R1	False
NEUROD2	singleton	dispersed	ohnolog	dispersed_ohnolog	bHLH	True	gene with protein product	True	True	False		2	Vertebrata	Bilateria	pre2R_ancient	HGNC:7763	False	beta	before_R1	False
NEUROD4	singleton	dispersed	ohnolog	dispersed_ohnolog	bHLH	True	gene with protein product	True	True	False		2	Vertebrata	Bilateria	pre2R_ancient	HGNC:13802	False	beta	before_R1	False
NEUROD6	singleton	dispersed	ohnolog	dispersed_ohnolog	bHLH	True	gene with protein product	True	True	False		2	Vertebrata	Bilateria	pre2R_ancient	HGNC:13804	False		before_R1	False
NEUROG1	singleton	dispersed	ohnolog	dispersed_ohnolog	bHLH	True	gene with protein product	True	True	False		2	Vertebrata	Bilateria	pre2R_ancient	HGNC:7764	False	beta	before_R1	False
NEUROG2	singleton	dispersed	ohnolog	dispersed_ohnolog	bHLH	True	gene with protein product	True	True	False		2	Vertebrata	Bilateria	pre2R_ancient	HGNC:13805	False		before_R1	False
NEUROG3	singleton	dispersed	ohnolog	dispersed_ohnolog	bHLH	True	gene with protein product	True	True	False		2	Vertebrata	Bilateria	pre2R_ancient	HGNC:13806	False	alpha	before_R1	False
NPAS1	singleton	dispersed	ohnolog	dispersed_ohnolog	bHLH	True	gene with protein product	True	True	False		1	Vertebrata	Bilateria	pre2R_ancient	HGNC:7894	False	alpha	before_R1	False
NPAS2	singleton	dispersed	ohnolog	dispersed_ohnolog	bHLH	True	gene with protein product	True	True	False		1	Vertebrata	Bilateria	pre2R_ancient	HGNC:7895	False	alpha	before_R1	False
NPAS3	singleton	dispersed	ohnolog	dispersed_ohnolog	bHLH	True	gene with protein product	True	True	False		1	Vertebrata	Bilateria	pre2R_ancient	HGNC:19311	False	alpha	before_R1	False
SIM1	singleton	dispersed	ohnolog	dispersed_ohnolog	bHLH	True	gene with protein product	True	True	False		1	Vertebrata	Bilateria	pre2R_ancient	HGNC:10882	True	alpha	before_R1	False
SIM2	singleton	dispersed	ohnolog	dispersed_ohnolog	bHLH	True	gene with protein product	True	True	False		1	Vertebrata	Bilateria	pre2R_ancient	HGNC:10883	False	alpha	before_R1	False
SREBF1	singleton	dispersed	ohnolog	dispersed_ohnolog	bHLH	True	gene with protein product	True	True	False		1	Vertebrata	Opisthokonta	pre2R_ancient	HGNC:11289	False	alpha	before_R1	False
SREBF2	singleton	dispersed	ohnolog	dispersed_ohnolog	bHLH	True	gene with protein product	True	True	False		1	Vertebrata	Opisthokonta	pre2R_ancient	HGNC:11290	False	alpha	before_R1	False
TCF12	singleton	dispersed	ohnolog	dispersed_ohnolog	bHLH	True	gene with protein product	True	True	False		2	Vertebrata	Bilateria	pre2R_ancient	HGNC:11623	False		before_R1	False
TCF21	singleton	dispersed	ohnolog	dispersed_ohnolog	bHLH	True	gene with protein product	True	True	False		1	Vertebrata	Bilateria	pre2R_ancient	HGNC:11632	False		before_R1	False
TCF23	singleton	dispersed	ohnolog	dispersed_ohnolog	bHLH	True	gene with protein product	True	True	False		1	Vertebrata	Bilateria	pre2R_ancient	HGNC:18602	False		before_R1	False
TCF24	singleton	dispersed	ohnolog	dispersed_ohnolog	bHLH	True	gene with protein product	True	True	False		1	Vertebrata	Bilateria	pre2R_ancient	HGNC:32275	False		before_R1	False
TCF3	singleton	dispersed	ohnolog	dispersed_ohnolog	bHLH	True	gene with protein product	True	True	False		2	Vertebrata	Bilateria	pre2R_ancient	HGNC:11633	False		before_R1	True
TCF4	singleton	dispersed	ohnolog	dispersed_ohnolog	bHLH	True	gene with protein product	True	True	False		2	Vertebrata	Bilateria	pre2R_ancient	HGNC:11634	True		before_R1	False
TFE3	singleton	dispersed	ohnolog	dispersed_ohnolog	bHLH	True	gene with protein product	True	True	False		3	Vertebrata	Bilateria	pre2R_ancient	HGNC:11752	False		before_R1	False
TFEB	singleton	dispersed	ohnolog	dispersed_ohnolog	bHLH	True	gene with protein product	True	True	False		3	Vertebrata	Bilateria	pre2R_ancient	HGNC:11753	True	beta	before_R1	False
TFEC	singleton	dispersed	ohnolog	dispersed_ohnolog	bHLH	True	gene with protein product	True	True	False		3	Vertebrata	Bilateria	pre2R_ancient	HGNC:11754	False	alpha	before_R1	False
USF1	singleton	dispersed	ohnolog	dispersed_ohnolog	bHLH	True	gene with protein product	True	True	False		1	Vertebrata	Opisthokonta	pre2R_ancient	HGNC:12593	False		before_R1	False
USF2	singleton	dispersed	ohnolog	dispersed_ohnolog	bHLH	True	gene with protein product	True	True	False		1	Vertebrata	Opisthokonta	pre2R_ancient	HGNC:12594	True		R1_to_R2	False
ATF1	singleton	dispersed	ohnolog	dispersed_ohnolog	bZIP	True	gene with protein product	True	True	False		2	Vertebrata	Bilateria	pre2R_ancient	HGNC:4232	False		before_R1	False
ATF2	singleton	dispersed	ohnolog	dispersed_ohnolog	bZIP	True	gene with protein product	True	True	False		2	Vertebrata	Opisthokonta	pre2R_ancient	HGNC:4232	False	alpha	before_R1	False
ATF3	singleton	dispersed	ohnolog	dispersed_ohnolog	bZIP	True	gene with protein product	True	True	False		1	Vertebrata	Bilateria	pre2R_ancient	HGNC:785	False	alpha	before_R1	False
ATF4	singleton	dispersed	ohnolog	dispersed_ohnolog	bZIP	True	gene with protein product	True	True	False		1	Vertebrata		no_paralog_node	HGNC:786	False	beta	before_R1	False
ATF5	singleton	dispersed	ohnolog	dispersed_ohnolog	bZIP	True	gene with protein product	True	True	False		1	Vertebrata		no_paralog_node	HGNC:790	False		before_R1	False
ATF6	singleton	dispersed	ohnolog	dispersed_ohnolog	bZIP	True	gene with protein product	True	True	False		1	Vertebrata	Bilateria	pre2R_ancient	HGNC:791	False	alpha	before_R1	False
ATF6B	singleton	dispersed	ohnolog	dispersed_ohnolog	bZIP	True	gene with protein product	True	True	False		1	Vertebrata	Bilateria	pre2R_ancient	HGNC:2349	False		before_R1	False
BACH1	singleton	dispersed	ohnolog	dispersed_ohnolog	bZIP	True	gene with protein product	True	True	False		4	Vertebrata	Bilateria	pre2R_ancient	HGNC:935	False	alpha	R1_to_R2	False
BACH2	singleton	dispersed	ohnolog	dispersed_ohnolog	bZIP	True	gene with protein product	True	True	False		1	Vertebrata	Bilateria	pre2R_ancient	HGNC:14078	False	alpha	before_R1	True
CEBPB	singleton	dispersed	ohnolog	dispersed_ohnolog	bZIP	True	gene with protein product	True	True	False		3	Vertebrata	Bilateria	pre2R_ancient	HGNC:1834	False	beta	before_R1	False
CEBPD	singleton	dispersed	ohnolog	dispersed_ohnolog	bZIP	True	gene with protein product	True	True	False		4	Vertebrata	Bilateria	pre2R_ancient	HGNC:1835	False	alpha	before_R1	False
CEBPE	singleton	dispersed	ohnolog	dispersed_ohnolog	bZIP	True	gene with protein product	True	True	False		3	Vertebrata	Bilateria	pre2R_ancient	HGNC:1836	False		before_R1	True
CREB1	singleton	dispersed	ohnolog	dispersed_ohnolog	bZIP	True	gene with protein product	True	True	False		2	Vertebrata	Bilateria	pre2R_ancient	HGNC:2345	False	alpha	before_R1	False
CREB3	singleton	dispersed	ohnolog	dispersed_ohnolog	bZIP	True	gene with protein product	True	True	False		2	Vertebrata	Bilateria	pre2R_ancient	HGNC:2347	False	alpha	before_R1	False
CREB3L1	singleton	dispersed	ohnolog	dispersed_ohnolog	bZIP	True	gene with protein product	True	True	False		1	Vertebrata	Bilateria	pre2R_ancient	HGNC:18856	False	alpha	before_R1	False
CREB3L2	singleton	dispersed	ohnolog	dispersed_ohnolog	bZIP	True	gene with protein product	True	True	False		1	Vertebrata	Bilateria	pre2R_ancient	HGNC:23720	False	alpha	before_R1	False
CREB3L3	singleton	dispersed	ohnolog	dispersed_ohnolog	bZIP	True	gene with protein product	True	True	False		2	Vertebrata	Bilateria	pre2R_ancient	HGNC:18855	False	beta	before_R1	False
CREB3L4	singleton	dispersed	ohnolog	dispersed_ohnolog	bZIP	True	gene with protein product	True	True	False		2	Vertebrata	Bilateria	pre2R_ancient	HGNC:18854	False		before_R1	False
CREB5	singleton	dispersed	ohnolog	dispersed_ohnolog	bZIP	True	gene with protein product	True	True	False		2	Vertebrata	Opisthokonta	pre2R_ancient	HGNC:16844	False		before_R1	False
CREM	singleton	dispersed	ohnolog	dispersed_ohnolog	bZIP	True	gene with protein product	True	True	False		2	Vertebrata	Bilateria	pre2R_ancient	HGNC:2352	False	alpha	before_R1	False
DBP	singleton	dispersed	ohnolog	dispersed_ohnolog	bZIP	True	gene with protein product	True	True	False		1	Vertebrata	Bilateria	pre2R_ancient	HGNC:4187	False		before_R1	False
FOSB	singleton	dispersed	ohnolog	dispersed_ohnolog	bZIP	True	gene with protein product	True	True	False		3	Vertebrata	Bilateria	pre2R_ancient	HGNC:3797	False		before_R1	False
FOSL1	singleton	dispersed	ohnolog	dispersed_ohnolog	bZIP	True	gene with protein product	True	True	False		3	Vertebrata	Bilateria	pre2R_ancient	HGNC:13718	False		before_R1	False
FOSL2	singleton	dispersed	ohnolog	dispersed_ohnolog	bZIP	True	gene with protein product	True	True	False		3	Vertebrata	Bilateria	pre2R_ancient	HGNC:3798	False	alpha	before_R1	False
HLF	singleton	dispersed	ohnolog	dispersed_ohnolog	bZIP	True	gene with protein product	True	True	False		1	Vertebrata	Bilateria	pre2R_ancient	HGNC:4977	False	alpha	before_R1	False
JUN	singleton	dispersed	ohnolog	dispersed_ohnolog	bZIP	True	gene with protein product	True	True	False		2	Vertebrata	Bilateria	pre2R_ancient	HGNC:6204	False		before_R1	False
JUNB	singleton	dispersed	ohnolog	dispersed_ohnolog	bZIP	True	gene with protein product	True	True	False		2	Vertebrata	Bilateria	pre2R_ancient	HGNC:6205	False		before_R1	False
JUND	singleton	dispersed	ohnolog	dispersed_ohnolog	bZIP	True	gene with protein product	True	True	False		2	Vertebrata	Bilateria	pre2R_ancient	HGNC:6206	False	beta	before_R1	False
MAF	singleton	dispersed	ohnolog	dispersed_ohnolog	bZIP	True	gene with protein product	True	True	False		3	Vertebrata	Bilateria	pre2R_ancient	HGNC:6776	False	alpha	before_R1	False
MAFA	singleton	dispersed	ohnolog	dispersed_ohnolog	bZIP	True	gene with protein product	True	True	False		3	Vertebrata	Bilateria	pre2R_ancient	HGNC:6380	False	alpha	before_R1	False
MAFB	singleton	dispersed	ohnolog	dispersed_ohnolog	bZIP	True	gene with protein product	True	True	False		3	Vertebrata	Bilateria	pre2R_ancient	HGNC:6408	False	beta	before_R1	False
MAFF	singleton	dispersed	ohnolog	dispersed_ohnolog	bZIP	True	gene with protein product	True	True	False		2	Vertebrata	Bilateria	pre2R_ancient	HGNC:6780	False	beta	before_R1	False
MAFG	singleton	dispersed	ohnolog	dispersed_ohnolog	bZIP	True	gene with protein product	True	True	False		2	Vertebrata	Bilateria	pre2R_ancient	HGNC:6781	False	alpha	before_R1	False
MAFK	singleton	dispersed	ohnolog	dispersed_ohnolog	bZIP	True	gene with protein product	True	True	False		2	Vertebrata	Bilateria	pre2R_ancient	HGNC:6782	False	alpha	before_R1	False
NFE2	singleton	dispersed	ohnolog	dispersed_ohnolog	bZIP	True	gene with protein product	True	True	False		4	Vertebrata	Chordata	pre2R_ancient	HGNC:7780	False		before_R1	False
NFE2L1	singleton	dispersed	ohnolog	dispersed_ohnolog	bZIP	True	gene with protein product	True	True	False		5	Vertebrata	Vertebrata	2R_vertebrata	HGNC:7781	False	beta	before_R1	False
NFE2L2	singleton	dispersed	ohnolog	dispersed_ohnolog	bZIP	True	gene with protein product	True	True	False		5	Vertebrata	Chordata	pre2R_ancient	HGNC:7782	False	alpha	before_R1	True
NFE2L3	singleton	dispersed	ohnolog	dispersed_ohnolog	bZIP	True	gene with protein product	True	True	False		3	Vertebrata	Vertebrata	2R_vertebrata	HGNC:7783	False		before_R1	False
NRL	singleton	dispersed	ohnolog	dispersed_ohnolog	bZIP	True	gene with protein product	True	True	False		3	Vertebrata	Bilateria	pre2R_ancient	HGNC:8002	False		before_R1	False
TP53	singleton	dispersed	ohnolog	dispersed_ohnolog	p53	True	gene with protein product	True	True	False		2	Vertebrata	Vertebrata	2R_vertebrata	HGNC:11998	False	alpha	before_R1	False
TP63	singleton	dispersed	ohnolog	dispersed_ohnolog	p53	True	gene with protein product	True	True	False		2	Vertebrata	Vertebrata	2R_vertebrata	HGNC:15979	True	alpha	before_R1	False
TP73	singleton	dispersed	ohnolog	dispersed_ohnolog	p53	True	gene with protein product	True	True	False		2	Vertebrata	Vertebrata	2R_vertebrata	HGNC:12003	False	alpha	before_R1	False
