cluster_id	dup_class4	region	meta_index	rel_pos	n_summit	width_bp	cov_frac	density_per_kb
clust0006	clustered_SSD_tandem	left_flank	0	-0.975	0	5000	0.0	0.0
clust0006	clustered_SSD_tandem	left_flank	1	-0.925	0	5000	0.0	0.0
clust0006	clustered_SSD_tandem	left_flank	2	-0.875	0	5000	0.0	0.0
clust0006	clustered_SSD_tandem	left_flank	3	-0.825	0	5000	0.0	0.0
clust0006	clustered_SSD_tandem	left_flank	4	-0.775	0	5000	0.0	0.0
clust0006	clustered_SSD_tandem	left_flank	5	-0.725	0	5000	0.0	0.0
clust0006	clustered_SSD_tandem	left_flank	6	-0.675	0	5000	0.0	0.0
clust0006	clustered_SSD_tandem	left_flank	7	-0.625	0	5000	0.0	0.0
clust0006	clustered_SSD_tandem	left_flank	8	-0.575	0	5000	0.0	0.0
clust0006	clustered_SSD_tandem	left_flank	9	-0.525	0	5000	0.0	0.0
clust0006	clustered_SSD_tandem	left_flank	10	-0.475	0	5000	0.0	0.0
clust0006	clustered_SSD_tandem	left_flank	11	-0.425	0	5000	0.0	0.0
clust0006	clustered_SSD_tandem	left_flank	12	-0.375	0	5000	0.0	0.0
clust0006	clustered_SSD_tandem	left_flank	13	-0.325	1	5000	0.0544	0.2
clust0006	clustered_SSD_tandem	left_flank	14	-0.275	0	5000	0.0	0.0
clust0006	clustered_SSD_tandem	left_flank	15	-0.225	0	5000	0.0	0.0
clust0006	clustered_SSD_tandem	left_flank	16	-0.175	0	5000	0.0	0.0
clust0006	clustered_SSD_tandem	left_flank	17	-0.125	1	5000	0.126	0.2
clust0006	clustered_SSD_tandem	left_flank	18	-0.075	0	5000	0.0	0.0
clust0006	clustered_SSD_tandem	left_flank	19	-0.025	0	5000	0.0	0.0
clust0006	clustered_SSD_tandem	body	20	0.025	0	1046	0.0	0.0
clust0006	clustered_SSD_tandem	body	21	0.075	0	1047	0.0	0.0
clust0006	clustered_SSD_tandem	body	22	0.125	0	1047	0.0	0.0
clust0006	clustered_SSD_tandem	body	23	0.175	2	1046	1.204589	1.912046
clust0006	clustered_SSD_tandem	body	24	0.225	0	1047	0.0	0.0
clust0006	clustered_SSD_tandem	body	25	0.275	0	1047	0.0	0.0
clust0006	clustered_SSD_tandem	body	26	0.325	0	1046	0.0	0.0
clust0006	clustered_SSD_tandem	body	27	0.375	0	1047	0.0	0.0
clust0006	clustered_SSD_tandem	body	28	0.425	0	1047	0.0	0.0
clust0006	clustered_SSD_tandem	body	29	0.475	0	1047	0.0	0.0
clust0006	clustered_SSD_tandem	body	30	0.525	0	1046	0.0	0.0
clust0006	clustered_SSD_tandem	body	31	0.575	0	1047	0.0	0.0
clust0006	clustered_SSD_tandem	body	32	0.625	0	1047	0.0	0.0
clust0006	clustered_SSD_tandem	body	33	0.675	0	1046	0.0	0.0
clust0006	clustered_SSD_tandem	body	34	0.725	0	1047	0.0	0.0
clust0006	clustered_SSD_tandem	body	35	0.775	0	1047	0.0	0.0
clust0006	clustered_SSD_tandem	body	36	0.825	0	1046	0.0	0.0
clust0006	clustered_SSD_tandem	body	37	0.875	0	1047	0.0	0.0
clust0006	clustered_SSD_tandem	body	38	0.925	0	1047	0.0	0.0
clust0006	clustered_SSD_tandem	body	39	0.975	1	1047	0.601719	0.95511
clust0006	clustered_SSD_tandem	right_flank	40	1.025	0	5000	0.0	0.0
clust0006	clustered_SSD_tandem	right_flank	41	1.075	0	5000	0.0	0.0
clust0006	clustered_SSD_tandem	right_flank	42	1.125	0	5000	0.0	0.0
clust0006	clustered_SSD_tandem	right_flank	43	1.175	0	5000	0.0	0.0
clust0006	clustered_SSD_tandem	right_flank	44	1.225	0	5000	0.0	0.0
clust0006	clustered_SSD_tandem	right_flank	45	1.275	0	5000	0.0	0.0
clust0006	clustered_SSD_tandem	right_flank	46	1.325	0	5000	0.0	0.0
clust0006	clustered_SSD_tandem	right_flank	47	1.375	0	5000	0.0	0.0
clust0006	clustered_SSD_tandem	right_flank	48	1.425	0	5000	0.0	0.0
clust0006	clustered_SSD_tandem	right_flank	49	1.475	2	5000	0.252	0.4
clust0006	clustered_SSD_tandem	right_flank	50	1.525	0	5000	0.0	0.0
clust0006	clustered_SSD_tandem	right_flank	51	1.575	0	5000	0.0	0.0
clust0006	clustered_SSD_tandem	right_flank	52	1.625	0	5000	0.0	0.0
clust0006	clustered_SSD_tandem	right_flank	53	1.675	2	5000	0.252	0.4
clust0006	clustered_SSD_tandem	right_flank	54	1.725	0	5000	0.0	0.0
clust0006	clustered_SSD_tandem	right_flank	55	1.775	0	5000	0.0	0.0
clust0006	clustered_SSD_tandem	right_flank	56	1.825	0	5000	0.0	0.0
clust0006	clustered_SSD_tandem	right_flank	57	1.875	0	5000	0.0	0.0
clust0006	clustered_SSD_tandem	right_flank	58	1.925	0	5000	0.0	0.0
clust0006	clustered_SSD_tandem	right_flank	59	1.975	0	2278	0.0	0.0
clust0042	clustered_SSD_tandem	left_flank	0	-0.975	0	5000	0.0	0.0
clust0042	clustered_SSD_tandem	left_flank	1	-0.925	0	5000	0.0	0.0
clust0042	clustered_SSD_tandem	left_flank	2	-0.875	1	5000	0.126	0.2
clust0042	clustered_SSD_tandem	left_flank	3	-0.825	0	5000	0.0	0.0
clust0042	clustered_SSD_tandem	left_flank	4	-0.775	0	5000	0.0	0.0
clust0042	clustered_SSD_tandem	left_flank	5	-0.725	0	5000	0.0	0.0
clust0042	clustered_SSD_tandem	left_flank	6	-0.675	0	5000	0.0	0.0
clust0042	clustered_SSD_tandem	left_flank	7	-0.625	0	5000	0.0	0.0
clust0042	clustered_SSD_tandem	left_flank	8	-0.575	0	5000	0.0	0.0
clust0042	clustered_SSD_tandem	left_flank	9	-0.525	0	5000	0.0	0.0
clust0042	clustered_SSD_tandem	left_flank	10	-0.475	0	5000	0.0	0.0
clust0042	clustered_SSD_tandem	left_flank	11	-0.425	0	5000	0.0	0.0
clust0042	clustered_SSD_tandem	left_flank	12	-0.375	0	5000	0.0	0.0
clust0042	clustered_SSD_tandem	left_flank	13	-0.325	0	5000	0.0	0.0
clust0042	clustered_SSD_tandem	left_flank	14	-0.275	0	5000	0.0	0.0
clust0042	clustered_SSD_tandem	left_flank	15	-0.225	0	5000	0.0	0.0
clust0042	clustered_SSD_tandem	left_flank	16	-0.175	0	5000	0.0	0.0
clust0042	clustered_SSD_tandem	left_flank	17	-0.125	0	5000	0.0	0.0
clust0042	clustered_SSD_tandem	left_flank	18	-0.075	0	5000	0.0	0.0
clust0042	clustered_SSD_tandem	left_flank	19	-0.025	0	5000	0.0	0.0
clust0042	clustered_SSD_tandem	body	20	0.025	0	1696	0.0	0.0
clust0042	clustered_SSD_tandem	body	21	0.075	0	1697	0.0	0.0
clust0042	clustered_SSD_tandem	body	22	0.125	0	1696	0.0	0.0
clust0042	clustered_SSD_tandem	body	23	0.175	0	1697	0.0	0.0
clust0042	clustered_SSD_tandem	body	24	0.225	0	1696	0.0	0.0
clust0042	clustered_SSD_tandem	body	25	0.275	0	1697	0.0	0.0
clust0042	clustered_SSD_tandem	body	26	0.325	0	1696	0.0	0.0
clust0042	clustered_SSD_tandem	body	27	0.375	0	1697	0.0	0.0
clust0042	clustered_SSD_tandem	body	28	0.425	0	1696	0.0	0.0
clust0042	clustered_SSD_tandem	body	29	0.475	0	1697	0.0	0.0
clust0042	clustered_SSD_tandem	body	30	0.525	0	1696	0.0	0.0
clust0042	clustered_SSD_tandem	body	31	0.575	0	1697	0.0	0.0
clust0042	clustered_SSD_tandem	body	32	0.625	0	1696	0.0	0.0
clust0042	clustered_SSD_tandem	body	33	0.675	0	1697	0.0	0.0
clust0042	clustered_SSD_tandem	body	34	0.725	0	1696	0.0	0.0
clust0042	clustered_SSD_tandem	body	35	0.775	0	1697	0.0	0.0
clust0042	clustered_SSD_tandem	body	36	0.825	0	1696	0.0	0.0
clust0042	clustered_SSD_tandem	body	37	0.875	0	1697	0.0	0.0
clust0042	clustered_SSD_tandem	body	38	0.925	0	1696	0.0	0.0
clust0042	clustered_SSD_tandem	body	39	0.975	0	1697	0.0	0.0
clust0042	clustered_SSD_tandem	right_flank	40	1.025	0	5000	0.0	0.0
clust0042	clustered_SSD_tandem	right_flank	41	1.075	2	5000	0.182	0.4
clust0042	clustered_SSD_tandem	right_flank	42	1.125	0	5000	0.0	0.0
clust0042	clustered_SSD_tandem	right_flank	43	1.175	0	5000	0.0	0.0
clust0042	clustered_SSD_tandem	right_flank	44	1.225	0	5000	0.0	0.0
clust0042	clustered_SSD_tandem	right_flank	45	1.275	0	5000	0.0	0.0
clust0042	clustered_SSD_tandem	right_flank	46	1.325	2	5000	0.252	0.4
clust0042	clustered_SSD_tandem	right_flank	47	1.375	0	5000	0.0	0.0
clust0042	clustered_SSD_tandem	right_flank	48	1.425	0	5000	0.0	0.0
clust0042	clustered_SSD_tandem	right_flank	49	1.475	0	5000	0.0	0.0
clust0042	clustered_SSD_tandem	right_flank	50	1.525	0	5000	0.0	0.0
clust0042	clustered_SSD_tandem	right_flank	51	1.575	0	5000	0.0	0.0
clust0042	clustered_SSD_tandem	right_flank	52	1.625	2	5000	0.252	0.4
clust0042	clustered_SSD_tandem	right_flank	53	1.675	0	5000	0.0	0.0
clust0042	clustered_SSD_tandem	right_flank	54	1.725	0	5000	0.0	0.0
clust0042	clustered_SSD_tandem	right_flank	55	1.775	0	5000	0.0	0.0
clust0042	clustered_SSD_tandem	right_flank	56	1.825	0	5000	0.0	0.0
clust0042	clustered_SSD_tandem	right_flank	57	1.875	0	5000	0.0	0.0
clust0042	clustered_SSD_tandem	right_flank	58	1.925	0	5000	0.0	0.0
clust0042	clustered_SSD_tandem	right_flank	59	1.975	0	5000	0.0	0.0
clust0072	clustered_SSD_tandem	left_flank	0	-0.975	0	5000	0.0	0.0
clust0072	clustered_SSD_tandem	left_flank	1	-0.925	0	5000	0.0	0.0
clust0072	clustered_SSD_tandem	left_flank	2	-0.875	0	5000	0.0	0.0
clust0072	clustered_SSD_tandem	left_flank	3	-0.825	0	5000	0.0	0.0
clust0072	clustered_SSD_tandem	left_flank	4	-0.775	0	5000	0.0	0.0
clust0072	clustered_SSD_tandem	left_flank	5	-0.725	0	5000	0.0	0.0
clust0072	clustered_SSD_tandem	left_flank	6	-0.675	0	5000	0.0	0.0
clust0072	clustered_SSD_tandem	left_flank	7	-0.625	0	5000	0.0	0.0
clust0072	clustered_SSD_tandem	left_flank	8	-0.575	0	5000	0.0	0.0
clust0072	clustered_SSD_tandem	left_flank	9	-0.525	0	5000	0.0	0.0
clust0072	clustered_SSD_tandem	left_flank	10	-0.475	0	5000	0.0	0.0
clust0072	clustered_SSD_tandem	left_flank	11	-0.425	0	5000	0.0	0.0
clust0072	clustered_SSD_tandem	left_flank	12	-0.375	0	5000	0.0	0.0
clust0072	clustered_SSD_tandem	left_flank	13	-0.325	0	5000	0.0	0.0
clust0072	clustered_SSD_tandem	left_flank	14	-0.275	0	5000	0.0	0.0
clust0072	clustered_SSD_tandem	left_flank	15	-0.225	0	5000	0.0	0.0
clust0072	clustered_SSD_tandem	left_flank	16	-0.175	0	5000	0.0	0.0
clust0072	clustered_SSD_tandem	left_flank	17	-0.125	0	5000	0.0	0.0
clust0072	clustered_SSD_tandem	left_flank	18	-0.075	0	5000	0.0	0.0
clust0072	clustered_SSD_tandem	left_flank	19	-0.025	0	5000	0.0	0.0
clust0072	clustered_SSD_tandem	body	20	0.025	0	6481	0.0	0.0
clust0072	clustered_SSD_tandem	body	21	0.075	0	6481	0.0	0.0
clust0072	clustered_SSD_tandem	body	22	0.125	0	6481	0.0	0.0
clust0072	clustered_SSD_tandem	body	23	0.175	0	6482	0.0	0.0
clust0072	clustered_SSD_tandem	body	24	0.225	0	6481	0.0	0.0
clust0072	clustered_SSD_tandem	body	25	0.275	0	6481	0.0	0.0
clust0072	clustered_SSD_tandem	body	26	0.325	0	6481	0.0	0.0
clust0072	clustered_SSD_tandem	body	27	0.375	0	6482	0.0	0.0
clust0072	clustered_SSD_tandem	body	28	0.425	0	6481	0.0	0.0
clust0072	clustered_SSD_tandem	body	29	0.475	0	6481	0.0	0.0
clust0072	clustered_SSD_tandem	body	30	0.525	0	6481	0.0	0.0
clust0072	clustered_SSD_tandem	body	31	0.575	0	6482	0.0	0.0
clust0072	clustered_SSD_tandem	body	32	0.625	0	6481	0.0	0.0
clust0072	clustered_SSD_tandem	body	33	0.675	0	6481	0.0	0.0
clust0072	clustered_SSD_tandem	body	34	0.725	0	6481	0.0	0.0
clust0072	clustered_SSD_tandem	body	35	0.775	0	6482	0.0	0.0
clust0072	clustered_SSD_tandem	body	36	0.825	1	6481	0.097207	0.154297
clust0072	clustered_SSD_tandem	body	37	0.875	2	6481	0.134393	0.308594
clust0072	clustered_SSD_tandem	body	38	0.925	0	6481	0.0	0.0
clust0072	clustered_SSD_tandem	body	39	0.975	0	6482	0.0	0.0
clust0072	clustered_SSD_tandem	right_flank	40	1.025	0	5000	0.0	0.0
clust0072	clustered_SSD_tandem	right_flank	41	1.075	0	5000	0.0	0.0
clust0072	clustered_SSD_tandem	right_flank	42	1.125	0	5000	0.0	0.0
clust0072	clustered_SSD_tandem	right_flank	43	1.175	0	5000	0.0	0.0
clust0072	clustered_SSD_tandem	right_flank	44	1.225	0	5000	0.0	0.0
clust0072	clustered_SSD_tandem	right_flank	45	1.275	0	5000	0.0	0.0
clust0072	clustered_SSD_tandem	right_flank	46	1.325	0	5000	0.0	0.0
clust0072	clustered_SSD_tandem	right_flank	47	1.375	0	5000	0.0	0.0
clust0072	clustered_SSD_tandem	right_flank	48	1.425	0	5000	0.0	0.0
clust0072	clustered_SSD_tandem	right_flank	49	1.475	1	5000	0.0556	0.2
clust0072	clustered_SSD_tandem	right_flank	50	1.525	0	5000	0.0	0.0
clust0072	clustered_SSD_tandem	right_flank	51	1.575	0	5000	0.0	0.0
clust0072	clustered_SSD_tandem	right_flank	52	1.625	0	5000	0.0	0.0
clust0072	clustered_SSD_tandem	right_flank	53	1.675	0	5000	0.0	0.0
clust0072	clustered_SSD_tandem	right_flank	54	1.725	0	5000	0.0	0.0
clust0072	clustered_SSD_tandem	right_flank	55	1.775	0	5000	0.0	0.0
clust0072	clustered_SSD_tandem	right_flank	56	1.825	0	5000	0.0	0.0
clust0072	clustered_SSD_tandem	right_flank	57	1.875	0	5000	0.0	0.0
clust0072	clustered_SSD_tandem	right_flank	58	1.925	0	5000	0.0	0.0
clust0072	clustered_SSD_tandem	right_flank	59	1.975	0	5000	0.0	0.0
clust0003	clustered_SSD_tandem	left_flank	0	-0.975	0	5000	0.0	0.0
clust0003	clustered_SSD_tandem	left_flank	1	-0.925	0	5000	0.0	0.0
clust0003	clustered_SSD_tandem	left_flank	2	-0.875	0	5000	0.0	0.0
clust0003	clustered_SSD_tandem	left_flank	3	-0.825	0	5000	0.0	0.0
clust0003	clustered_SSD_tandem	left_flank	4	-0.775	0	5000	0.0	0.0
clust0003	clustered_SSD_tandem	left_flank	5	-0.725	0	5000	0.0	0.0
clust0003	clustered_SSD_tandem	left_flank	6	-0.675	0	5000	0.0	0.0
clust0003	clustered_SSD_tandem	left_flank	7	-0.625	0	5000	0.0	0.0
clust0003	clustered_SSD_tandem	left_flank	8	-0.575	0	5000	0.0	0.0
clust0003	clustered_SSD_tandem	left_flank	9	-0.525	0	5000	0.0	0.0
clust0003	clustered_SSD_tandem	left_flank	10	-0.475	0	5000	0.0	0.0
clust0003	clustered_SSD_tandem	left_flank	11	-0.425	0	5000	0.0	0.0
clust0003	clustered_SSD_tandem	left_flank	12	-0.375	0	5000	0.0	0.0
clust0003	clustered_SSD_tandem	left_flank	13	-0.325	0	5000	0.0	0.0
clust0003	clustered_SSD_tandem	left_flank	14	-0.275	0	5000	0.0	0.0
clust0003	clustered_SSD_tandem	left_flank	15	-0.225	0	5000	0.0	0.0
clust0003	clustered_SSD_tandem	left_flank	16	-0.175	2	5000	0.18	0.4
clust0003	clustered_SSD_tandem	left_flank	17	-0.125	0	5000	0.0	0.0
clust0003	clustered_SSD_tandem	left_flank	18	-0.075	0	5000	0.0	0.0
clust0003	clustered_SSD_tandem	left_flank	19	-0.025	0	5000	0.0	0.0
clust0003	clustered_SSD_tandem	body	20	0.025	0	4229	0.0	0.0
clust0003	clustered_SSD_tandem	body	21	0.075	0	4229	0.0	0.0
clust0003	clustered_SSD_tandem	body	22	0.125	0	4229	0.0	0.0
clust0003	clustered_SSD_tandem	body	23	0.175	0	4229	0.0	0.0
clust0003	clustered_SSD_tandem	body	24	0.225	0	4230	0.0	0.0
clust0003	clustered_SSD_tandem	body	25	0.275	0	4229	0.0	0.0
clust0003	clustered_SSD_tandem	body	26	0.325	0	4229	0.040199	0.0
clust0003	clustered_SSD_tandem	body	27	0.375	2	4229	0.257744	0.472925
clust0003	clustered_SSD_tandem	body	28	0.425	0	4229	0.0	0.0
clust0003	clustered_SSD_tandem	body	29	0.475	0	4230	0.0	0.0
clust0003	clustered_SSD_tandem	body	30	0.525	0	4229	0.0	0.0
clust0003	clustered_SSD_tandem	body	31	0.575	0	4229	0.0	0.0
clust0003	clustered_SSD_tandem	body	32	0.625	0	4229	0.0	0.0
clust0003	clustered_SSD_tandem	body	33	0.675	0	4229	0.0	0.0
clust0003	clustered_SSD_tandem	body	34	0.725	2	4230	0.204492	0.472813
clust0003	clustered_SSD_tandem	body	35	0.775	0	4229	0.0	0.0
clust0003	clustered_SSD_tandem	body	36	0.825	0	4229	0.0	0.0
clust0003	clustered_SSD_tandem	body	37	0.875	0	4229	0.0	0.0
clust0003	clustered_SSD_tandem	body	38	0.925	0	4229	0.0	0.0
clust0003	clustered_SSD_tandem	body	39	0.975	0	4230	0.0	0.0
clust0003	clustered_SSD_tandem	right_flank	40	1.025	0	5000	0.0	0.0
clust0003	clustered_SSD_tandem	right_flank	41	1.075	2	5000	0.252	0.4
clust0003	clustered_SSD_tandem	right_flank	42	1.125	0	5000	0.0	0.0
clust0003	clustered_SSD_tandem	right_flank	43	1.175	0	5000	0.0	0.0
clust0003	clustered_SSD_tandem	right_flank	44	1.225	0	5000	0.0	0.0
clust0003	clustered_SSD_tandem	right_flank	45	1.275	0	5000	0.0	0.0
clust0003	clustered_SSD_tandem	right_flank	46	1.325	0	5000	0.0	0.0
clust0003	clustered_SSD_tandem	right_flank	47	1.375	0	5000	0.0	0.0
clust0003	clustered_SSD_tandem	right_flank	48	1.425	0	5000	0.0	0.0
clust0003	clustered_SSD_tandem	right_flank	49	1.475	0	5000	0.0	0.0
clust0003	clustered_SSD_tandem	right_flank	50	1.525	0	5000	0.0	0.0
clust0003	clustered_SSD_tandem	right_flank	51	1.575	0	5000	0.0	0.0
clust0003	clustered_SSD_tandem	right_flank	52	1.625	0	5000	0.0	0.0
clust0003	clustered_SSD_tandem	right_flank	53	1.675	0	5000	0.0	0.0
clust0003	clustered_SSD_tandem	right_flank	54	1.725	0	5000	0.0	0.0
clust0003	clustered_SSD_tandem	right_flank	55	1.775	0	5000	0.0	0.0
clust0003	clustered_SSD_tandem	right_flank	56	1.825	0	5000	0.0	0.0
clust0003	clustered_SSD_tandem	right_flank	57	1.875	0	5000	0.0	0.0
clust0003	clustered_SSD_tandem	right_flank	58	1.925	0	5000	0.0	0.0
clust0003	clustered_SSD_tandem	right_flank	59	1.975	0	5000	0.0	0.0
clust0073	clustered_SSD_tandem	left_flank	0	-0.975	0	5000	0.0	0.0
clust0073	clustered_SSD_tandem	left_flank	1	-0.925	0	5000	0.0	0.0
clust0073	clustered_SSD_tandem	left_flank	2	-0.875	0	5000	0.0	0.0
clust0073	clustered_SSD_tandem	left_flank	3	-0.825	0	5000	0.0	0.0
clust0073	clustered_SSD_tandem	left_flank	4	-0.775	0	5000	0.0	0.0
clust0073	clustered_SSD_tandem	left_flank	5	-0.725	0	5000	0.0	0.0
clust0073	clustered_SSD_tandem	left_flank	6	-0.675	0	5000	0.0	0.0
clust0073	clustered_SSD_tandem	left_flank	7	-0.625	0	5000	0.0	0.0
clust0073	clustered_SSD_tandem	left_flank	8	-0.575	0	5000	0.0	0.0
clust0073	clustered_SSD_tandem	left_flank	9	-0.525	0	5000	0.0	0.0
clust0073	clustered_SSD_tandem	left_flank	10	-0.475	0	5000	0.0	0.0
clust0073	clustered_SSD_tandem	left_flank	11	-0.425	0	5000	0.0	0.0
clust0073	clustered_SSD_tandem	left_flank	12	-0.375	0	5000	0.0	0.0
clust0073	clustered_SSD_tandem	left_flank	13	-0.325	0	5000	0.0	0.0
clust0073	clustered_SSD_tandem	left_flank	14	-0.275	0	5000	0.0	0.0
clust0073	clustered_SSD_tandem	left_flank	15	-0.225	0	5000	0.0	0.0
clust0073	clustered_SSD_tandem	left_flank	16	-0.175	0	5000	0.0	0.0
clust0073	clustered_SSD_tandem	left_flank	17	-0.125	0	5000	0.0	0.0
clust0073	clustered_SSD_tandem	left_flank	18	-0.075	2	5000	0.1882	0.4
clust0073	clustered_SSD_tandem	left_flank	19	-0.025	0	5000	0.0	0.0
clust0073	clustered_SSD_tandem	body	20	0.025	2	1443	0.872488	1.386001
clust0073	clustered_SSD_tandem	body	21	0.075	0	1444	0.000693	0.0
clust0073	clustered_SSD_tandem	body	22	0.125	0	1444	0.0	0.0
clust0073	clustered_SSD_tandem	body	23	0.175	0	1444	0.0	0.0
clust0073	clustered_SSD_tandem	body	24	0.225	0	1444	0.0	0.0
clust0073	clustered_SSD_tandem	body	25	0.275	0	1444	0.0	0.0
clust0073	clustered_SSD_tandem	body	26	0.325	0	1444	0.0	0.0
clust0073	clustered_SSD_tandem	body	27	0.375	2	1444	0.869806	1.385042
clust0073	clustered_SSD_tandem	body	28	0.425	0	1444	0.00277	0.0
clust0073	clustered_SSD_tandem	body	29	0.475	0	1444	0.0	0.0
clust0073	clustered_SSD_tandem	body	30	0.525	0	1444	0.0	0.0
clust0073	clustered_SSD_tandem	body	31	0.575	0	1444	0.0	0.0
clust0073	clustered_SSD_tandem	body	32	0.625	0	1444	0.0	0.0
clust0073	clustered_SSD_tandem	body	33	0.675	0	1444	0.0	0.0
clust0073	clustered_SSD_tandem	body	34	0.725	0	1444	0.0	0.0
clust0073	clustered_SSD_tandem	body	35	0.775	0	1444	0.0	0.0
clust0073	clustered_SSD_tandem	body	36	0.825	0	1444	0.0	0.0
clust0073	clustered_SSD_tandem	body	37	0.875	0	1444	0.0	0.0
clust0073	clustered_SSD_tandem	body	38	0.925	0	1444	0.0	0.0
clust0073	clustered_SSD_tandem	body	39	0.975	0	1444	0.0	0.0
clust0073	clustered_SSD_tandem	right_flank	40	1.025	0	5000	0.0	0.0
clust0073	clustered_SSD_tandem	right_flank	41	1.075	0	5000	0.0	0.0
clust0073	clustered_SSD_tandem	right_flank	42	1.125	0	5000	0.0	0.0
clust0073	clustered_SSD_tandem	right_flank	43	1.175	0	5000	0.0	0.0
clust0073	clustered_SSD_tandem	right_flank	44	1.225	0	5000	0.0	0.0
clust0073	clustered_SSD_tandem	right_flank	45	1.275	0	5000	0.0	0.0
clust0073	clustered_SSD_tandem	right_flank	46	1.325	0	5000	0.0	0.0
clust0073	clustered_SSD_tandem	right_flank	47	1.375	0	5000	0.0	0.0
clust0073	clustered_SSD_tandem	right_flank	48	1.425	0	5000	0.0	0.0
clust0073	clustered_SSD_tandem	right_flank	49	1.475	0	5000	0.0	0.0
clust0073	clustered_SSD_tandem	right_flank	50	1.525	0	5000	0.0	0.0
clust0073	clustered_SSD_tandem	right_flank	51	1.575	0	5000	0.0	0.0
clust0073	clustered_SSD_tandem	right_flank	52	1.625	0	5000	0.0	0.0
clust0073	clustered_SSD_tandem	right_flank	53	1.675	0	5000	0.0	0.0
clust0073	clustered_SSD_tandem	right_flank	54	1.725	0	5000	0.0	0.0
clust0073	clustered_SSD_tandem	right_flank	55	1.775	0	5000	0.0	0.0
clust0073	clustered_SSD_tandem	right_flank	56	1.825	0	5000	0.0	0.0
clust0073	clustered_SSD_tandem	right_flank	57	1.875	0	5000	0.0	0.0
clust0073	clustered_SSD_tandem	right_flank	58	1.925	0	5000	0.0	0.0
clust0073	clustered_SSD_tandem	right_flank	59	1.975	1	5000	0.0692	0.2
clust0061	clustered_SSD_tandem	left_flank	0	-0.975	0	5000	0.0	0.0
clust0061	clustered_SSD_tandem	left_flank	1	-0.925	0	5000	0.0	0.0
clust0061	clustered_SSD_tandem	left_flank	2	-0.875	0	5000	0.0	0.0
clust0061	clustered_SSD_tandem	left_flank	3	-0.825	0	5000	0.0	0.0
clust0061	clustered_SSD_tandem	left_flank	4	-0.775	0	5000	0.0	0.0
clust0061	clustered_SSD_tandem	left_flank	5	-0.725	0	5000	0.0	0.0
clust0061	clustered_SSD_tandem	left_flank	6	-0.675	0	5000	0.0	0.0
clust0061	clustered_SSD_tandem	left_flank	7	-0.625	0	5000	0.0	0.0
clust0061	clustered_SSD_tandem	left_flank	8	-0.575	0	5000	0.0	0.0
clust0061	clustered_SSD_tandem	left_flank	9	-0.525	0	5000	0.0	0.0
clust0061	clustered_SSD_tandem	left_flank	10	-0.475	0	5000	0.0	0.0
clust0061	clustered_SSD_tandem	left_flank	11	-0.425	0	5000	0.0	0.0
clust0061	clustered_SSD_tandem	left_flank	12	-0.375	0	5000	0.0	0.0
clust0061	clustered_SSD_tandem	left_flank	13	-0.325	0	5000	0.0	0.0
clust0061	clustered_SSD_tandem	left_flank	14	-0.275	0	5000	0.0	0.0
clust0061	clustered_SSD_tandem	left_flank	15	-0.225	0	5000	0.0	0.0
clust0061	clustered_SSD_tandem	left_flank	16	-0.175	0	5000	0.0	0.0
clust0061	clustered_SSD_tandem	left_flank	17	-0.125	0	5000	0.0	0.0
clust0061	clustered_SSD_tandem	left_flank	18	-0.075	0	5000	0.0	0.0
clust0061	clustered_SSD_tandem	left_flank	19	-0.025	0	5000	0.0	0.0
clust0061	clustered_SSD_tandem	body	20	0.025	0	1364	0.0	0.0
clust0061	clustered_SSD_tandem	body	21	0.075	0	1364	0.0	0.0
clust0061	clustered_SSD_tandem	body	22	0.125	0	1364	0.0	0.0
clust0061	clustered_SSD_tandem	body	23	0.175	0	1364	0.0	0.0
clust0061	clustered_SSD_tandem	body	24	0.225	0	1364	0.0	0.0
clust0061	clustered_SSD_tandem	body	25	0.275	0	1364	0.0	0.0
clust0061	clustered_SSD_tandem	body	26	0.325	0	1365	0.0	0.0
clust0061	clustered_SSD_tandem	body	27	0.375	0	1364	0.0	0.0
clust0061	clustered_SSD_tandem	body	28	0.425	0	1364	0.0	0.0
clust0061	clustered_SSD_tandem	body	29	0.475	0	1364	0.0	0.0
clust0061	clustered_SSD_tandem	body	30	0.525	0	1364	0.0	0.0
clust0061	clustered_SSD_tandem	body	31	0.575	0	1364	0.0	0.0
clust0061	clustered_SSD_tandem	body	32	0.625	0	1364	0.0	0.0
clust0061	clustered_SSD_tandem	body	33	0.675	0	1365	0.0	0.0
clust0061	clustered_SSD_tandem	body	34	0.725	0	1364	0.0	0.0
clust0061	clustered_SSD_tandem	body	35	0.775	0	1364	0.0	0.0
clust0061	clustered_SSD_tandem	body	36	0.825	0	1364	0.0	0.0
clust0061	clustered_SSD_tandem	body	37	0.875	0	1364	0.0	0.0
clust0061	clustered_SSD_tandem	body	38	0.925	0	1364	0.0	0.0
clust0061	clustered_SSD_tandem	body	39	0.975	0	1365	0.0	0.0
clust0061	clustered_SSD_tandem	right_flank	40	1.025	0	5000	0.0	0.0
clust0061	clustered_SSD_tandem	right_flank	41	1.075	0	5000	0.0	0.0
clust0061	clustered_SSD_tandem	right_flank	42	1.125	0	5000	0.0	0.0
clust0061	clustered_SSD_tandem	right_flank	43	1.175	0	5000	0.0	0.0
clust0061	clustered_SSD_tandem	right_flank	44	1.225	0	5000	0.0	0.0
clust0061	clustered_SSD_tandem	right_flank	45	1.275	0	5000	0.0	0.0
clust0061	clustered_SSD_tandem	right_flank	46	1.325	0	5000	0.0	0.0
clust0061	clustered_SSD_tandem	right_flank	47	1.375	0	5000	0.0	0.0
clust0061	clustered_SSD_tandem	right_flank	48	1.425	0	5000	0.0	0.0
clust0061	clustered_SSD_tandem	right_flank	49	1.475	1	5000	0.126	0.2
clust0061	clustered_SSD_tandem	right_flank	50	1.525	0	5000	0.0	0.0
clust0061	clustered_SSD_tandem	right_flank	51	1.575	0	5000	0.0	0.0
clust0061	clustered_SSD_tandem	right_flank	52	1.625	0	5000	0.0	0.0
clust0061	clustered_SSD_tandem	right_flank	53	1.675	0	5000	0.0	0.0
clust0061	clustered_SSD_tandem	right_flank	54	1.725	0	5000	0.0	0.0
clust0061	clustered_SSD_tandem	right_flank	55	1.775	0	5000	0.0	0.0
clust0061	clustered_SSD_tandem	right_flank	56	1.825	0	5000	0.0	0.0
clust0061	clustered_SSD_tandem	right_flank	57	1.875	0	5000	0.0	0.0
clust0061	clustered_SSD_tandem	right_flank	58	1.925	1	5000	0.126	0.2
clust0061	clustered_SSD_tandem	right_flank	59	1.975	0	5000	0.0	0.0
clust0010	clustered_SSD_tandem	left_flank	0	-0.975	0	5000	0.0	0.0
clust0010	clustered_SSD_tandem	left_flank	1	-0.925	0	5000	0.0	0.0
clust0010	clustered_SSD_tandem	left_flank	2	-0.875	0	5000	0.0	0.0
clust0010	clustered_SSD_tandem	left_flank	3	-0.825	0	5000	0.0	0.0
clust0010	clustered_SSD_tandem	left_flank	4	-0.775	0	5000	0.0	0.0
clust0010	clustered_SSD_tandem	left_flank	5	-0.725	0	5000	0.0	0.0
clust0010	clustered_SSD_tandem	left_flank	6	-0.675	0	5000	0.0	0.0
clust0010	clustered_SSD_tandem	left_flank	7	-0.625	0	5000	0.0	0.0
clust0010	clustered_SSD_tandem	left_flank	8	-0.575	0	5000	0.0	0.0
clust0010	clustered_SSD_tandem	left_flank	9	-0.525	0	5000	0.0	0.0
clust0010	clustered_SSD_tandem	left_flank	10	-0.475	0	5000	0.0	0.0
clust0010	clustered_SSD_tandem	left_flank	11	-0.425	0	5000	0.0	0.0
clust0010	clustered_SSD_tandem	left_flank	12	-0.375	0	5000	0.0	0.0
clust0010	clustered_SSD_tandem	left_flank	13	-0.325	0	5000	0.0	0.0
clust0010	clustered_SSD_tandem	left_flank	14	-0.275	0	5000	0.0	0.0
clust0010	clustered_SSD_tandem	left_flank	15	-0.225	0	5000	0.0	0.0
clust0010	clustered_SSD_tandem	left_flank	16	-0.175	0	5000	0.0	0.0
clust0010	clustered_SSD_tandem	left_flank	17	-0.125	0	5000	0.0	0.0
clust0010	clustered_SSD_tandem	left_flank	18	-0.075	1	5000	0.126	0.2
clust0010	clustered_SSD_tandem	left_flank	19	-0.025	0	5000	0.0	0.0
clust0010	clustered_SSD_tandem	body	20	0.025	0	2650	0.0	0.0
clust0010	clustered_SSD_tandem	body	21	0.075	0	2650	0.0	0.0
clust0010	clustered_SSD_tandem	body	22	0.125	0	2650	0.0	0.0
clust0010	clustered_SSD_tandem	body	23	0.175	0	2650	0.0	0.0
clust0010	clustered_SSD_tandem	body	24	0.225	0	2650	0.0	0.0
clust0010	clustered_SSD_tandem	body	25	0.275	0	2650	0.0	0.0
clust0010	clustered_SSD_tandem	body	26	0.325	0	2650	0.0	0.0
clust0010	clustered_SSD_tandem	body	27	0.375	0	2650	0.0	0.0
clust0010	clustered_SSD_tandem	body	28	0.425	0	2650	0.0	0.0
clust0010	clustered_SSD_tandem	body	29	0.475	0	2651	0.0	0.0
clust0010	clustered_SSD_tandem	body	30	0.525	0	2650	0.0	0.0
clust0010	clustered_SSD_tandem	body	31	0.575	2	2650	0.255849	0.754717
clust0010	clustered_SSD_tandem	body	32	0.625	0	2650	0.095094	0.0
clust0010	clustered_SSD_tandem	body	33	0.675	0	2650	0.0	0.0
clust0010	clustered_SSD_tandem	body	34	0.725	0	2650	0.0	0.0
clust0010	clustered_SSD_tandem	body	35	0.775	0	2650	0.0	0.0
clust0010	clustered_SSD_tandem	body	36	0.825	0	2650	0.0	0.0
clust0010	clustered_SSD_tandem	body	37	0.875	0	2650	0.0	0.0
clust0010	clustered_SSD_tandem	body	38	0.925	0	2650	0.0	0.0
clust0010	clustered_SSD_tandem	body	39	0.975	2	2651	0.475292	0.754432
clust0010	clustered_SSD_tandem	right_flank	40	1.025	0	5000	0.0	0.0
clust0010	clustered_SSD_tandem	right_flank	41	1.075	0	5000	0.0	0.0
clust0010	clustered_SSD_tandem	right_flank	42	1.125	1	5000	0.126	0.2
clust0010	clustered_SSD_tandem	right_flank	43	1.175	2	5000	0.1982	0.4
clust0010	clustered_SSD_tandem	right_flank	44	1.225	0	5000	0.0	0.0
clust0010	clustered_SSD_tandem	right_flank	45	1.275	0	5000	0.0	0.0
clust0010	clustered_SSD_tandem	right_flank	46	1.325	0	5000	0.0	0.0
clust0010	clustered_SSD_tandem	right_flank	47	1.375	0	5000	0.0	0.0
clust0010	clustered_SSD_tandem	right_flank	48	1.425	0	5000	0.0	0.0
clust0010	clustered_SSD_tandem	right_flank	49	1.475	0	5000	0.0	0.0
clust0010	clustered_SSD_tandem	right_flank	50	1.525	0	5000	0.0	0.0
clust0010	clustered_SSD_tandem	right_flank	51	1.575	0	5000	0.0	0.0
clust0010	clustered_SSD_tandem	right_flank	52	1.625	0	5000	0.0	0.0
clust0010	clustered_SSD_tandem	right_flank	53	1.675	0	5000	0.0	0.0
clust0010	clustered_SSD_tandem	right_flank	54	1.725	0	5000	0.0	0.0
clust0010	clustered_SSD_tandem	right_flank	55	1.775	0	5000	0.0	0.0
clust0010	clustered_SSD_tandem	right_flank	56	1.825	0	5000	0.0	0.0
clust0010	clustered_SSD_tandem	right_flank	57	1.875	0	5000	0.0	0.0
clust0010	clustered_SSD_tandem	right_flank	58	1.925	0	5000	0.0	0.0
clust0010	clustered_SSD_tandem	right_flank	59	1.975	1	5000	0.126	0.2
clust0011	clustered_SSD_tandem	left_flank	0	-0.975	0	5000	0.0	0.0
clust0011	clustered_SSD_tandem	left_flank	1	-0.925	0	5000	0.0	0.0
clust0011	clustered_SSD_tandem	left_flank	2	-0.875	0	5000	0.0	0.0
clust0011	clustered_SSD_tandem	left_flank	3	-0.825	0	5000	0.0	0.0
clust0011	clustered_SSD_tandem	left_flank	4	-0.775	2	5000	0.1834	0.4
clust0011	clustered_SSD_tandem	left_flank	5	-0.725	0	5000	0.0	0.0
clust0011	clustered_SSD_tandem	left_flank	6	-0.675	0	5000	0.0	0.0
clust0011	clustered_SSD_tandem	left_flank	7	-0.625	0	5000	0.0	0.0
clust0011	clustered_SSD_tandem	left_flank	8	-0.575	0	5000	0.0	0.0
clust0011	clustered_SSD_tandem	left_flank	9	-0.525	0	5000	0.0	0.0
clust0011	clustered_SSD_tandem	left_flank	10	-0.475	0	5000	0.0	0.0
clust0011	clustered_SSD_tandem	left_flank	11	-0.425	0	5000	0.0	0.0
clust0011	clustered_SSD_tandem	left_flank	12	-0.375	0	5000	0.0	0.0
clust0011	clustered_SSD_tandem	left_flank	13	-0.325	0	5000	0.0	0.0
clust0011	clustered_SSD_tandem	left_flank	14	-0.275	0	5000	0.0	0.0
clust0011	clustered_SSD_tandem	left_flank	15	-0.225	0	5000	0.0	0.0
clust0011	clustered_SSD_tandem	left_flank	16	-0.175	0	5000	0.0	0.0
clust0011	clustered_SSD_tandem	left_flank	17	-0.125	0	5000	0.0	0.0
clust0011	clustered_SSD_tandem	left_flank	18	-0.075	0	5000	0.0	0.0
clust0011	clustered_SSD_tandem	left_flank	19	-0.025	0	5000	0.0	0.0
clust0011	clustered_SSD_tandem	body	20	0.025	0	1167	0.0	0.0
clust0011	clustered_SSD_tandem	body	21	0.075	0	1168	0.0	0.0
clust0011	clustered_SSD_tandem	body	22	0.125	0	1167	0.0	0.0
clust0011	clustered_SSD_tandem	body	23	0.175	0	1168	0.0	0.0
clust0011	clustered_SSD_tandem	body	24	0.225	0	1168	0.0	0.0
clust0011	clustered_SSD_tandem	body	25	0.275	0	1167	0.0	0.0
clust0011	clustered_SSD_tandem	body	26	0.325	0	1168	0.0	0.0
clust0011	clustered_SSD_tandem	body	27	0.375	0	1168	0.0	0.0
clust0011	clustered_SSD_tandem	body	28	0.425	0	1167	0.0	0.0
clust0011	clustered_SSD_tandem	body	29	0.475	0	1168	0.0	0.0
clust0011	clustered_SSD_tandem	body	30	0.525	0	1168	0.0	0.0
clust0011	clustered_SSD_tandem	body	31	0.575	0	1167	0.0	0.0
clust0011	clustered_SSD_tandem	body	32	0.625	0	1168	0.0	0.0
clust0011	clustered_SSD_tandem	body	33	0.675	0	1168	0.0	0.0
clust0011	clustered_SSD_tandem	body	34	0.725	0	1167	0.0	0.0
clust0011	clustered_SSD_tandem	body	35	0.775	0	1168	0.0	0.0
clust0011	clustered_SSD_tandem	body	36	0.825	0	1168	0.0	0.0
clust0011	clustered_SSD_tandem	body	37	0.875	0	1167	0.0	0.0
clust0011	clustered_SSD_tandem	body	38	0.925	0	1168	0.0	0.0
clust0011	clustered_SSD_tandem	body	39	0.975	0	1168	0.0	0.0
clust0011	clustered_SSD_tandem	right_flank	40	1.025	0	5000	0.0	0.0
clust0011	clustered_SSD_tandem	right_flank	41	1.075	0	5000	0.0	0.0
clust0011	clustered_SSD_tandem	right_flank	42	1.125	2	5000	0.252	0.4
clust0011	clustered_SSD_tandem	right_flank	43	1.175	0	5000	0.0	0.0
clust0011	clustered_SSD_tandem	right_flank	44	1.225	1	5000	0.044	0.2
clust0011	clustered_SSD_tandem	right_flank	45	1.275	0	5000	0.0	0.0
clust0011	clustered_SSD_tandem	right_flank	46	1.325	0	5000	0.0	0.0
clust0011	clustered_SSD_tandem	right_flank	47	1.375	0	5000	0.0	0.0
clust0011	clustered_SSD_tandem	right_flank	48	1.425	0	5000	0.0	0.0
clust0011	clustered_SSD_tandem	right_flank	49	1.475	0	5000	0.0	0.0
clust0011	clustered_SSD_tandem	right_flank	50	1.525	0	5000	0.0	0.0
clust0011	clustered_SSD_tandem	right_flank	51	1.575	2	5000	0.1706	0.4
clust0011	clustered_SSD_tandem	right_flank	52	1.625	0	5000	0.0	0.0
clust0011	clustered_SSD_tandem	right_flank	53	1.675	0	5000	0.0	0.0
clust0011	clustered_SSD_tandem	right_flank	54	1.725	0	5000	0.0	0.0
clust0011	clustered_SSD_tandem	right_flank	55	1.775	2	5000	0.252	0.4
clust0011	clustered_SSD_tandem	right_flank	56	1.825	0	5000	0.0	0.0
clust0011	clustered_SSD_tandem	right_flank	57	1.875	0	5000	0.0	0.0
clust0011	clustered_SSD_tandem	right_flank	58	1.925	0	5000	0.0	0.0
clust0011	clustered_SSD_tandem	right_flank	59	1.975	0	5000	0.0	0.0
clust0035	clustered_SSD_tandem	left_flank	0	-0.975	0	5000	0.0	0.0
clust0035	clustered_SSD_tandem	left_flank	1	-0.925	0	5000	0.0	0.0
clust0035	clustered_SSD_tandem	left_flank	2	-0.875	0	5000	0.0	0.0
clust0035	clustered_SSD_tandem	left_flank	3	-0.825	0	5000	0.0	0.0
clust0035	clustered_SSD_tandem	left_flank	4	-0.775	0	5000	0.0	0.0
clust0035	clustered_SSD_tandem	left_flank	5	-0.725	0	5000	0.0	0.0
clust0035	clustered_SSD_tandem	left_flank	6	-0.675	0	5000	0.0	0.0
clust0035	clustered_SSD_tandem	left_flank	7	-0.625	0	5000	0.0	0.0
clust0035	clustered_SSD_tandem	left_flank	8	-0.575	0	5000	0.0	0.0
clust0035	clustered_SSD_tandem	left_flank	9	-0.525	0	5000	0.0	0.0
clust0035	clustered_SSD_tandem	left_flank	10	-0.475	1	5000	0.0552	0.2
clust0035	clustered_SSD_tandem	left_flank	11	-0.425	0	5000	0.0	0.0
clust0035	clustered_SSD_tandem	left_flank	12	-0.375	0	5000	0.0	0.0
clust0035	clustered_SSD_tandem	left_flank	13	-0.325	0	5000	0.0	0.0
clust0035	clustered_SSD_tandem	left_flank	14	-0.275	0	5000	0.0	0.0
clust0035	clustered_SSD_tandem	left_flank	15	-0.225	0	5000	0.0	0.0
clust0035	clustered_SSD_tandem	left_flank	16	-0.175	0	5000	0.0	0.0
clust0035	clustered_SSD_tandem	left_flank	17	-0.125	0	5000	0.0	0.0
clust0035	clustered_SSD_tandem	left_flank	18	-0.075	0	5000	0.0	0.0
clust0035	clustered_SSD_tandem	left_flank	19	-0.025	2	5000	0.1152	0.4
clust0035	clustered_SSD_tandem	body	20	0.025	0	832	0.0	0.0
clust0035	clustered_SSD_tandem	body	21	0.075	0	832	0.0	0.0
clust0035	clustered_SSD_tandem	body	22	0.125	0	833	0.0	0.0
clust0035	clustered_SSD_tandem	body	23	0.175	0	832	0.0	0.0
clust0035	clustered_SSD_tandem	body	24	0.225	0	833	0.0	0.0
clust0035	clustered_SSD_tandem	body	25	0.275	0	832	0.0	0.0
clust0035	clustered_SSD_tandem	body	26	0.325	0	833	0.0	0.0
clust0035	clustered_SSD_tandem	body	27	0.375	0	832	0.0	0.0
clust0035	clustered_SSD_tandem	body	28	0.425	0	833	0.0	0.0
clust0035	clustered_SSD_tandem	body	29	0.475	0	832	0.0	0.0
clust0035	clustered_SSD_tandem	body	30	0.525	0	832	0.0	0.0
clust0035	clustered_SSD_tandem	body	31	0.575	0	833	0.0	0.0
clust0035	clustered_SSD_tandem	body	32	0.625	0	832	0.0	0.0
clust0035	clustered_SSD_tandem	body	33	0.675	0	833	0.0	0.0
clust0035	clustered_SSD_tandem	body	34	0.725	0	832	0.0	0.0
clust0035	clustered_SSD_tandem	body	35	0.775	0	833	0.0	0.0
clust0035	clustered_SSD_tandem	body	36	0.825	0	832	0.0	0.0
clust0035	clustered_SSD_tandem	body	37	0.875	0	833	0.0	0.0
clust0035	clustered_SSD_tandem	body	38	0.925	0	832	0.0	0.0
clust0035	clustered_SSD_tandem	body	39	0.975	0	833	0.0	0.0
clust0035	clustered_SSD_tandem	right_flank	40	1.025	0	5000	0.0	0.0
clust0035	clustered_SSD_tandem	right_flank	41	1.075	0	5000	0.0	0.0
clust0035	clustered_SSD_tandem	right_flank	42	1.125	0	5000	0.0	0.0
clust0035	clustered_SSD_tandem	right_flank	43	1.175	0	5000	0.0	0.0
clust0035	clustered_SSD_tandem	right_flank	44	1.225	0	5000	0.0	0.0
clust0035	clustered_SSD_tandem	right_flank	45	1.275	0	5000	0.0	0.0
clust0035	clustered_SSD_tandem	right_flank	46	1.325	0	5000	0.0	0.0
clust0035	clustered_SSD_tandem	right_flank	47	1.375	0	5000	0.0	0.0
clust0035	clustered_SSD_tandem	right_flank	48	1.425	0	5000	0.0	0.0
clust0035	clustered_SSD_tandem	right_flank	49	1.475	0	5000	0.0	0.0
clust0035	clustered_SSD_tandem	right_flank	50	1.525	0	5000	0.0	0.0
clust0035	clustered_SSD_tandem	right_flank	51	1.575	0	5000	0.0	0.0
clust0035	clustered_SSD_tandem	right_flank	52	1.625	0	5000	0.0	0.0
clust0035	clustered_SSD_tandem	right_flank	53	1.675	0	5000	0.0	0.0
clust0035	clustered_SSD_tandem	right_flank	54	1.725	0	5000	0.0	0.0
clust0035	clustered_SSD_tandem	right_flank	55	1.775	0	5000	0.0	0.0
clust0035	clustered_SSD_tandem	right_flank	56	1.825	0	5000	0.0	0.0
clust0035	clustered_SSD_tandem	right_flank	57	1.875	0	5000	0.0	0.0
clust0035	clustered_SSD_tandem	right_flank	58	1.925	0	5000	0.0	0.0
clust0035	clustered_SSD_tandem	right_flank	59	1.975	0	5000	0.0	0.0
clust0062	clustered_SSD_tandem	left_flank	0	-0.975	2	5000	0.252	0.4
clust0062	clustered_SSD_tandem	left_flank	1	-0.925	0	5000	0.0	0.0
clust0062	clustered_SSD_tandem	left_flank	2	-0.875	0	5000	0.0	0.0
clust0062	clustered_SSD_tandem	left_flank	3	-0.825	0	5000	0.0	0.0
clust0062	clustered_SSD_tandem	left_flank	4	-0.775	0	5000	0.0	0.0
clust0062	clustered_SSD_tandem	left_flank	5	-0.725	0	5000	0.0	0.0
clust0062	clustered_SSD_tandem	left_flank	6	-0.675	0	5000	0.0	0.0
clust0062	clustered_SSD_tandem	left_flank	7	-0.625	0	5000	0.0	0.0
clust0062	clustered_SSD_tandem	left_flank	8	-0.575	0	5000	0.0	0.0
clust0062	clustered_SSD_tandem	left_flank	9	-0.525	0	5000	0.0	0.0
clust0062	clustered_SSD_tandem	left_flank	10	-0.475	0	5000	0.0	0.0
clust0062	clustered_SSD_tandem	left_flank	11	-0.425	0	5000	0.0	0.0
clust0062	clustered_SSD_tandem	left_flank	12	-0.375	0	5000	0.0	0.0
clust0062	clustered_SSD_tandem	left_flank	13	-0.325	0	5000	0.0	0.0
clust0062	clustered_SSD_tandem	left_flank	14	-0.275	0	5000	0.0	0.0
clust0062	clustered_SSD_tandem	left_flank	15	-0.225	0	5000	0.0	0.0
clust0062	clustered_SSD_tandem	left_flank	16	-0.175	0	5000	0.0	0.0
clust0062	clustered_SSD_tandem	left_flank	17	-0.125	0	5000	0.0	0.0
clust0062	clustered_SSD_tandem	left_flank	18	-0.075	2	5000	0.1798	0.4
clust0062	clustered_SSD_tandem	left_flank	19	-0.025	0	5000	0.0	0.0
clust0062	clustered_SSD_tandem	body	20	0.025	0	6815	0.0	0.0
clust0062	clustered_SSD_tandem	body	21	0.075	0	6815	0.0	0.0
clust0062	clustered_SSD_tandem	body	22	0.125	0	6816	0.0	0.0
clust0062	clustered_SSD_tandem	body	23	0.175	0	6815	0.0	0.0
clust0062	clustered_SSD_tandem	body	24	0.225	0	6815	0.0	0.0
clust0062	clustered_SSD_tandem	body	25	0.275	0	6816	0.0	0.0
clust0062	clustered_SSD_tandem	body	26	0.325	0	6815	0.0	0.0
clust0062	clustered_SSD_tandem	body	27	0.375	0	6815	0.0	0.0
clust0062	clustered_SSD_tandem	body	28	0.425	0	6816	0.0	0.0
clust0062	clustered_SSD_tandem	body	29	0.475	0	6815	0.0	0.0
clust0062	clustered_SSD_tandem	body	30	0.525	0	6815	0.0	0.0
clust0062	clustered_SSD_tandem	body	31	0.575	0	6816	0.0	0.0
clust0062	clustered_SSD_tandem	body	32	0.625	0	6815	0.0	0.0
clust0062	clustered_SSD_tandem	body	33	0.675	0	6815	0.0	0.0
clust0062	clustered_SSD_tandem	body	34	0.725	0	6816	0.0	0.0
clust0062	clustered_SSD_tandem	body	35	0.775	0	6815	0.0	0.0
clust0062	clustered_SSD_tandem	body	36	0.825	1	6815	0.092443	0.146735
clust0062	clustered_SSD_tandem	body	37	0.875	0	6816	0.0	0.0
clust0062	clustered_SSD_tandem	body	38	0.925	0	6815	0.0	0.0
clust0062	clustered_SSD_tandem	body	39	0.975	0	6816	0.0	0.0
clust0062	clustered_SSD_tandem	right_flank	40	1.025	0	5000	0.0	0.0
clust0062	clustered_SSD_tandem	right_flank	41	1.075	2	5000	0.1008	0.4
clust0062	clustered_SSD_tandem	right_flank	42	1.125	0	5000	0.0	0.0
clust0062	clustered_SSD_tandem	right_flank	43	1.175	0	5000	0.0	0.0
clust0062	clustered_SSD_tandem	right_flank	44	1.225	0	5000	0.0	0.0
clust0062	clustered_SSD_tandem	right_flank	45	1.275	0	5000	0.0	0.0
clust0062	clustered_SSD_tandem	right_flank	46	1.325	2	5000	0.192	0.4
clust0062	clustered_SSD_tandem	right_flank	47	1.375	0	5000	0.0	0.0
clust0062	clustered_SSD_tandem	right_flank	48	1.425	0	5000	0.0	0.0
clust0062	clustered_SSD_tandem	right_flank	49	1.475	0	5000	0.0	0.0
clust0062	clustered_SSD_tandem	right_flank	50	1.525	0	5000	0.0	0.0
clust0062	clustered_SSD_tandem	right_flank	51	1.575	0	5000	0.0	0.0
clust0062	clustered_SSD_tandem	right_flank	52	1.625	0	5000	0.0	0.0
clust0062	clustered_SSD_tandem	right_flank	53	1.675	0	5000	0.0	0.0
clust0062	clustered_SSD_tandem	right_flank	54	1.725	0	5000	0.0	0.0
clust0062	clustered_SSD_tandem	right_flank	55	1.775	0	5000	0.0	0.0
clust0062	clustered_SSD_tandem	right_flank	56	1.825	0	5000	0.0	0.0
clust0062	clustered_SSD_tandem	right_flank	57	1.875	0	5000	0.0	0.0
clust0062	clustered_SSD_tandem	right_flank	58	1.925	0	5000	0.0	0.0
clust0062	clustered_SSD_tandem	right_flank	59	1.975	0	5000	0.0	0.0
clust0014	clustered_SSD_tandem	left_flank	0	-0.975	0	5000	0.0	0.0
clust0014	clustered_SSD_tandem	left_flank	1	-0.925	0	5000	0.0	0.0
clust0014	clustered_SSD_tandem	left_flank	2	-0.875	0	5000	0.0	0.0
clust0014	clustered_SSD_tandem	left_flank	3	-0.825	0	5000	0.0	0.0
clust0014	clustered_SSD_tandem	left_flank	4	-0.775	0	5000	0.0	0.0
clust0014	clustered_SSD_tandem	left_flank	5	-0.725	0	5000	0.0	0.0
clust0014	clustered_SSD_tandem	left_flank	6	-0.675	0	5000	0.0	0.0
clust0014	clustered_SSD_tandem	left_flank	7	-0.625	0	5000	0.0	0.0
clust0014	clustered_SSD_tandem	left_flank	8	-0.575	0	5000	0.0	0.0
clust0014	clustered_SSD_tandem	left_flank	9	-0.525	0	5000	0.0	0.0
clust0014	clustered_SSD_tandem	left_flank	10	-0.475	0	5000	0.0	0.0
clust0014	clustered_SSD_tandem	left_flank	11	-0.425	0	5000	0.0	0.0
clust0014	clustered_SSD_tandem	left_flank	12	-0.375	0	5000	0.0	0.0
clust0014	clustered_SSD_tandem	left_flank	13	-0.325	0	5000	0.0	0.0
clust0014	clustered_SSD_tandem	left_flank	14	-0.275	0	5000	0.0	0.0
clust0014	clustered_SSD_tandem	left_flank	15	-0.225	0	5000	0.0	0.0
clust0014	clustered_SSD_tandem	left_flank	16	-0.175	0	5000	0.0	0.0
clust0014	clustered_SSD_tandem	left_flank	17	-0.125	0	5000	0.0	0.0
clust0014	clustered_SSD_tandem	left_flank	18	-0.075	1	5000	0.0636	0.2
clust0014	clustered_SSD_tandem	left_flank	19	-0.025	0	5000	0.0	0.0
clust0014	clustered_SSD_tandem	body	20	0.025	0	30760	0.0	0.0
clust0014	clustered_SSD_tandem	body	21	0.075	3	30761	0.052241	0.097526
clust0014	clustered_SSD_tandem	body	22	0.125	0	30761	0.0	0.0
clust0014	clustered_SSD_tandem	body	23	0.175	0	30761	0.0	0.0
clust0014	clustered_SSD_tandem	body	24	0.225	0	30761	0.0	0.0
clust0014	clustered_SSD_tandem	body	25	0.275	0	30761	0.0	0.0
clust0014	clustered_SSD_tandem	body	26	0.325	0	30761	0.0	0.0
clust0014	clustered_SSD_tandem	body	27	0.375	0	30761	0.0	0.0
clust0014	clustered_SSD_tandem	body	28	0.425	1	30761	0.02048	0.032509
clust0014	clustered_SSD_tandem	body	29	0.475	0	30761	0.0	0.0
clust0014	clustered_SSD_tandem	body	30	0.525	1	30761	0.02048	0.032509
clust0014	clustered_SSD_tandem	body	31	0.575	2	30761	0.02786	0.065017
clust0014	clustered_SSD_tandem	body	32	0.625	0	30761	0.0	0.0
clust0014	clustered_SSD_tandem	body	33	0.675	0	30761	0.0	0.0
clust0014	clustered_SSD_tandem	body	34	0.725	5	30761	0.075193	0.162543
clust0014	clustered_SSD_tandem	body	35	0.775	0	30761	0.0	0.0
clust0014	clustered_SSD_tandem	body	36	0.825	1	30761	0.02048	0.032509
clust0014	clustered_SSD_tandem	body	37	0.875	0	30761	0.0	0.0
clust0014	clustered_SSD_tandem	body	38	0.925	1	30761	0.02048	0.032509
clust0014	clustered_SSD_tandem	body	39	0.975	0	30761	0.0	0.0
clust0014	clustered_SSD_tandem	right_flank	40	1.025	0	5000	0.0	0.0
clust0014	clustered_SSD_tandem	right_flank	41	1.075	0	5000	0.0	0.0
clust0014	clustered_SSD_tandem	right_flank	42	1.125	2	5000	0.185	0.4
clust0014	clustered_SSD_tandem	right_flank	43	1.175	0	5000	0.0	0.0
clust0014	clustered_SSD_tandem	right_flank	44	1.225	0	5000	0.0	0.0
clust0014	clustered_SSD_tandem	right_flank	45	1.275	2	5000	0.1528	0.4
clust0014	clustered_SSD_tandem	right_flank	46	1.325	0	5000	0.0	0.0
clust0014	clustered_SSD_tandem	right_flank	47	1.375	0	5000	0.0	0.0
clust0014	clustered_SSD_tandem	right_flank	48	1.425	0	5000	0.0	0.0
clust0014	clustered_SSD_tandem	right_flank	49	1.475	0	5000	0.0	0.0
clust0014	clustered_SSD_tandem	right_flank	50	1.525	0	5000	0.0	0.0
clust0014	clustered_SSD_tandem	right_flank	51	1.575	0	5000	0.0	0.0
clust0014	clustered_SSD_tandem	right_flank	52	1.625	0	5000	0.0	0.0
clust0014	clustered_SSD_tandem	right_flank	53	1.675	0	5000	0.0	0.0
clust0014	clustered_SSD_tandem	right_flank	54	1.725	0	5000	0.0	0.0
clust0014	clustered_SSD_tandem	right_flank	55	1.775	0	5000	0.0	0.0
clust0014	clustered_SSD_tandem	right_flank	56	1.825	2	5000	0.1576	0.4
clust0014	clustered_SSD_tandem	right_flank	57	1.875	1	5000	0.126	0.2
clust0014	clustered_SSD_tandem	right_flank	58	1.925	0	5000	0.0	0.0
clust0014	clustered_SSD_tandem	right_flank	59	1.975	0	5000	0.0	0.0
clust0015	clustered_SSD_tandem	left_flank	0	-0.975	0	5000	0.0	0.0
clust0015	clustered_SSD_tandem	left_flank	1	-0.925	0	5000	0.0	0.0
clust0015	clustered_SSD_tandem	left_flank	2	-0.875	0	5000	0.0	0.0
clust0015	clustered_SSD_tandem	left_flank	3	-0.825	0	5000	0.0	0.0
clust0015	clustered_SSD_tandem	left_flank	4	-0.775	0	5000	0.0	0.0
clust0015	clustered_SSD_tandem	left_flank	5	-0.725	0	5000	0.0	0.0
clust0015	clustered_SSD_tandem	left_flank	6	-0.675	0	5000	0.0	0.0
clust0015	clustered_SSD_tandem	left_flank	7	-0.625	0	5000	0.0	0.0
clust0015	clustered_SSD_tandem	left_flank	8	-0.575	0	5000	0.0	0.0
clust0015	clustered_SSD_tandem	left_flank	9	-0.525	0	5000	0.0	0.0
clust0015	clustered_SSD_tandem	left_flank	10	-0.475	0	5000	0.0	0.0
clust0015	clustered_SSD_tandem	left_flank	11	-0.425	0	5000	0.0	0.0
clust0015	clustered_SSD_tandem	left_flank	12	-0.375	1	5000	0.126	0.2
clust0015	clustered_SSD_tandem	left_flank	13	-0.325	2	5000	0.181	0.4
clust0015	clustered_SSD_tandem	left_flank	14	-0.275	0	5000	0.0	0.0
clust0015	clustered_SSD_tandem	left_flank	15	-0.225	0	5000	0.0	0.0
clust0015	clustered_SSD_tandem	left_flank	16	-0.175	0	5000	0.0	0.0
clust0015	clustered_SSD_tandem	left_flank	17	-0.125	0	5000	0.0	0.0
clust0015	clustered_SSD_tandem	left_flank	18	-0.075	0	5000	0.0	0.0
clust0015	clustered_SSD_tandem	left_flank	19	-0.025	1	5000	0.126	0.2
clust0015	clustered_SSD_tandem	body	20	0.025	0	3213	0.0	0.0
clust0015	clustered_SSD_tandem	body	21	0.075	0	3213	0.0	0.0
clust0015	clustered_SSD_tandem	body	22	0.125	0	3213	0.0	0.0
clust0015	clustered_SSD_tandem	body	23	0.175	0	3214	0.0	0.0
clust0015	clustered_SSD_tandem	body	24	0.225	0	3213	0.0	0.0
clust0015	clustered_SSD_tandem	body	25	0.275	0	3213	0.0	0.0
clust0015	clustered_SSD_tandem	body	26	0.325	0	3214	0.0	0.0
clust0015	clustered_SSD_tandem	body	27	0.375	0	3213	0.0	0.0
clust0015	clustered_SSD_tandem	body	28	0.425	0	3213	0.0	0.0
clust0015	clustered_SSD_tandem	body	29	0.475	0	3214	0.0	0.0
clust0015	clustered_SSD_tandem	body	30	0.525	1	3213	0.196078	0.311236
clust0015	clustered_SSD_tandem	body	31	0.575	0	3213	0.0	0.0
clust0015	clustered_SSD_tandem	body	32	0.625	0	3213	0.0	0.0
clust0015	clustered_SSD_tandem	body	33	0.675	0	3214	0.013068	0.0
clust0015	clustered_SSD_tandem	body	34	0.725	1	3213	0.183007	0.311236
clust0015	clustered_SSD_tandem	body	35	0.775	2	3213	0.312481	0.622471
clust0015	clustered_SSD_tandem	body	36	0.825	0	3214	0.0	0.0
clust0015	clustered_SSD_tandem	body	37	0.875	0	3213	0.0	0.0
clust0015	clustered_SSD_tandem	body	38	0.925	0	3213	0.0	0.0
clust0015	clustered_SSD_tandem	body	39	0.975	0	3214	0.0	0.0
clust0015	clustered_SSD_tandem	right_flank	40	1.025	0	5000	0.0	0.0
clust0015	clustered_SSD_tandem	right_flank	41	1.075	0	5000	0.0	0.0
clust0015	clustered_SSD_tandem	right_flank	42	1.125	0	5000	0.0	0.0
clust0015	clustered_SSD_tandem	right_flank	43	1.175	0	5000	0.0	0.0
clust0015	clustered_SSD_tandem	right_flank	44	1.225	0	5000	0.0	0.0
clust0015	clustered_SSD_tandem	right_flank	45	1.275	0	5000	0.0	0.0
clust0015	clustered_SSD_tandem	right_flank	46	1.325	0	5000	0.0	0.0
clust0015	clustered_SSD_tandem	right_flank	47	1.375	0	5000	0.0	0.0
clust0015	clustered_SSD_tandem	right_flank	48	1.425	0	5000	0.0	0.0
clust0015	clustered_SSD_tandem	right_flank	49	1.475	1	5000	0.126	0.2
clust0015	clustered_SSD_tandem	right_flank	50	1.525	0	5000	0.0	0.0
clust0015	clustered_SSD_tandem	right_flank	51	1.575	0	5000	0.0	0.0
clust0015	clustered_SSD_tandem	right_flank	52	1.625	0	5000	0.0	0.0
clust0015	clustered_SSD_tandem	right_flank	53	1.675	0	5000	0.0	0.0
clust0015	clustered_SSD_tandem	right_flank	54	1.725	0	5000	0.0	0.0
clust0015	clustered_SSD_tandem	right_flank	55	1.775	0	5000	0.0	0.0
clust0015	clustered_SSD_tandem	right_flank	56	1.825	0	5000	0.0	0.0
clust0015	clustered_SSD_tandem	right_flank	57	1.875	0	5000	0.0	0.0
clust0015	clustered_SSD_tandem	right_flank	58	1.925	0	5000	0.0	0.0
clust0015	clustered_SSD_tandem	right_flank	59	1.975	0	5000	0.0	0.0
clust0016	clustered_SSD_tandem	left_flank	0	-0.975	0	5000	0.0	0.0
clust0016	clustered_SSD_tandem	left_flank	1	-0.925	0	5000	0.0	0.0
clust0016	clustered_SSD_tandem	left_flank	2	-0.875	2	5000	0.252	0.4
clust0016	clustered_SSD_tandem	left_flank	3	-0.825	0	5000	0.0	0.0
clust0016	clustered_SSD_tandem	left_flank	4	-0.775	0	5000	0.0	0.0
clust0016	clustered_SSD_tandem	left_flank	5	-0.725	0	5000	0.0	0.0
clust0016	clustered_SSD_tandem	left_flank	6	-0.675	0	5000	0.0	0.0
clust0016	clustered_SSD_tandem	left_flank	7	-0.625	0	5000	0.0	0.0
clust0016	clustered_SSD_tandem	left_flank	8	-0.575	0	5000	0.0	0.0
clust0016	clustered_SSD_tandem	left_flank	9	-0.525	0	5000	0.0	0.0
clust0016	clustered_SSD_tandem	left_flank	10	-0.475	0	5000	0.0	0.0
clust0016	clustered_SSD_tandem	left_flank	11	-0.425	0	5000	0.0	0.0
clust0016	clustered_SSD_tandem	left_flank	12	-0.375	0	5000	0.0	0.0
clust0016	clustered_SSD_tandem	left_flank	13	-0.325	0	5000	0.0	0.0
clust0016	clustered_SSD_tandem	left_flank	14	-0.275	0	5000	0.0	0.0
clust0016	clustered_SSD_tandem	left_flank	15	-0.225	0	5000	0.0	0.0
clust0016	clustered_SSD_tandem	left_flank	16	-0.175	0	5000	0.0	0.0
clust0016	clustered_SSD_tandem	left_flank	17	-0.125	0	5000	0.0	0.0
clust0016	clustered_SSD_tandem	left_flank	18	-0.075	0	5000	0.0	0.0
clust0016	clustered_SSD_tandem	left_flank	19	-0.025	0	5000	0.0	0.0
clust0016	clustered_SSD_tandem	body	20	0.025	0	4828	0.0	0.0
clust0016	clustered_SSD_tandem	body	21	0.075	0	4829	0.0	0.0
clust0016	clustered_SSD_tandem	body	22	0.125	0	4828	0.0	0.0
clust0016	clustered_SSD_tandem	body	23	0.175	0	4829	0.0	0.0
clust0016	clustered_SSD_tandem	body	24	0.225	0	4828	0.0	0.0
clust0016	clustered_SSD_tandem	body	25	0.275	0	4829	0.0	0.0
clust0016	clustered_SSD_tandem	body	26	0.325	0	4828	0.0	0.0
clust0016	clustered_SSD_tandem	body	27	0.375	0	4829	0.0	0.0
clust0016	clustered_SSD_tandem	body	28	0.425	0	4828	0.0	0.0
clust0016	clustered_SSD_tandem	body	29	0.475	0	4829	0.0	0.0
clust0016	clustered_SSD_tandem	body	30	0.525	0	4829	0.0	0.0
clust0016	clustered_SSD_tandem	body	31	0.575	0	4828	0.0	0.0
clust0016	clustered_SSD_tandem	body	32	0.625	0	4829	0.0	0.0
clust0016	clustered_SSD_tandem	body	33	0.675	2	4828	0.260978	0.41425
clust0016	clustered_SSD_tandem	body	34	0.725	0	4829	0.0	0.0
clust0016	clustered_SSD_tandem	body	35	0.775	0	4828	0.0	0.0
clust0016	clustered_SSD_tandem	body	36	0.825	0	4829	0.0	0.0
clust0016	clustered_SSD_tandem	body	37	0.875	0	4828	0.0	0.0
clust0016	clustered_SSD_tandem	body	38	0.925	0	4829	0.0	0.0
clust0016	clustered_SSD_tandem	body	39	0.975	0	4829	0.0	0.0
clust0016	clustered_SSD_tandem	right_flank	40	1.025	0	5000	0.0	0.0
clust0016	clustered_SSD_tandem	right_flank	41	1.075	0	5000	0.0	0.0
clust0016	clustered_SSD_tandem	right_flank	42	1.125	0	5000	0.0	0.0
clust0016	clustered_SSD_tandem	right_flank	43	1.175	0	5000	0.0	0.0
clust0016	clustered_SSD_tandem	right_flank	44	1.225	0	5000	0.0	0.0
clust0016	clustered_SSD_tandem	right_flank	45	1.275	0	5000	0.0	0.0
clust0016	clustered_SSD_tandem	right_flank	46	1.325	0	5000	0.0	0.0
clust0016	clustered_SSD_tandem	right_flank	47	1.375	0	5000	0.0	0.0
clust0016	clustered_SSD_tandem	right_flank	48	1.425	0	5000	0.0	0.0
clust0016	clustered_SSD_tandem	right_flank	49	1.475	0	5000	0.0	0.0
clust0016	clustered_SSD_tandem	right_flank	50	1.525	0	5000	0.0	0.0
clust0016	clustered_SSD_tandem	right_flank	51	1.575	0	5000	0.0	0.0
clust0016	clustered_SSD_tandem	right_flank	52	1.625	0	5000	0.0	0.0
clust0016	clustered_SSD_tandem	right_flank	53	1.675	0	5000	0.0	0.0
clust0016	clustered_SSD_tandem	right_flank	54	1.725	0	5000	0.0	0.0
clust0016	clustered_SSD_tandem	right_flank	55	1.775	0	5000	0.0	0.0
clust0016	clustered_SSD_tandem	right_flank	56	1.825	0	5000	0.0	0.0
clust0016	clustered_SSD_tandem	right_flank	57	1.875	0	5000	0.0	0.0
clust0016	clustered_SSD_tandem	right_flank	58	1.925	0	5000	0.0	0.0
clust0016	clustered_SSD_tandem	right_flank	59	1.975	0	5000	0.0	0.0
clust0018	clustered_SSD_tandem	left_flank	0	-0.975	0	5000	0.0	0.0
clust0018	clustered_SSD_tandem	left_flank	1	-0.925	0	5000	0.0	0.0
clust0018	clustered_SSD_tandem	left_flank	2	-0.875	0	5000	0.0	0.0
clust0018	clustered_SSD_tandem	left_flank	3	-0.825	0	5000	0.0	0.0
clust0018	clustered_SSD_tandem	left_flank	4	-0.775	2	5000	0.1898	0.4
clust0018	clustered_SSD_tandem	left_flank	5	-0.725	0	5000	0.0	0.0
clust0018	clustered_SSD_tandem	left_flank	6	-0.675	0	5000	0.0	0.0
clust0018	clustered_SSD_tandem	left_flank	7	-0.625	2	5000	0.252	0.4
clust0018	clustered_SSD_tandem	left_flank	8	-0.575	0	5000	0.0	0.0
clust0018	clustered_SSD_tandem	left_flank	9	-0.525	0	5000	0.0	0.0
clust0018	clustered_SSD_tandem	left_flank	10	-0.475	0	5000	0.0	0.0
clust0018	clustered_SSD_tandem	left_flank	11	-0.425	1	5000	0.126	0.2
clust0018	clustered_SSD_tandem	left_flank	12	-0.375	0	5000	0.0	0.0
clust0018	clustered_SSD_tandem	left_flank	13	-0.325	0	5000	0.0	0.0
clust0018	clustered_SSD_tandem	left_flank	14	-0.275	0	5000	0.0	0.0
clust0018	clustered_SSD_tandem	left_flank	15	-0.225	0	5000	0.0	0.0
clust0018	clustered_SSD_tandem	left_flank	16	-0.175	0	5000	0.0	0.0
clust0018	clustered_SSD_tandem	left_flank	17	-0.125	0	5000	0.0	0.0
clust0018	clustered_SSD_tandem	left_flank	18	-0.075	0	5000	0.0	0.0
clust0018	clustered_SSD_tandem	left_flank	19	-0.025	2	5000	0.1696	0.4
clust0018	clustered_SSD_tandem	body	20	0.025	0	1161	0.0	0.0
clust0018	clustered_SSD_tandem	body	21	0.075	0	1162	0.0	0.0
clust0018	clustered_SSD_tandem	body	22	0.125	0	1162	0.0	0.0
clust0018	clustered_SSD_tandem	body	23	0.175	0	1162	0.0	0.0
clust0018	clustered_SSD_tandem	body	24	0.225	0	1162	0.0	0.0
clust0018	clustered_SSD_tandem	body	25	0.275	0	1162	0.0	0.0
clust0018	clustered_SSD_tandem	body	26	0.325	0	1161	0.0	0.0
clust0018	clustered_SSD_tandem	body	27	0.375	0	1162	0.0	0.0
clust0018	clustered_SSD_tandem	body	28	0.425	0	1162	0.0	0.0
clust0018	clustered_SSD_tandem	body	29	0.475	0	1162	0.0	0.0
clust0018	clustered_SSD_tandem	body	30	0.525	0	1162	0.0	0.0
clust0018	clustered_SSD_tandem	body	31	0.575	0	1162	0.0	0.0
clust0018	clustered_SSD_tandem	body	32	0.625	0	1162	0.0	0.0
clust0018	clustered_SSD_tandem	body	33	0.675	0	1161	0.0	0.0
clust0018	clustered_SSD_tandem	body	34	0.725	0	1162	0.0	0.0
clust0018	clustered_SSD_tandem	body	35	0.775	0	1162	0.0	0.0
clust0018	clustered_SSD_tandem	body	36	0.825	0	1162	0.0	0.0
clust0018	clustered_SSD_tandem	body	37	0.875	0	1162	0.0	0.0
clust0018	clustered_SSD_tandem	body	38	0.925	0	1162	0.0	0.0
clust0018	clustered_SSD_tandem	body	39	0.975	0	1162	0.0	0.0
clust0018	clustered_SSD_tandem	right_flank	40	1.025	0	5000	0.0	0.0
clust0018	clustered_SSD_tandem	right_flank	41	1.075	1	5000	0.126	0.2
clust0018	clustered_SSD_tandem	right_flank	42	1.125	0	5000	0.0	0.0
clust0018	clustered_SSD_tandem	right_flank	43	1.175	0	5000	0.0	0.0
clust0018	clustered_SSD_tandem	right_flank	44	1.225	0	5000	0.0	0.0
clust0018	clustered_SSD_tandem	right_flank	45	1.275	0	5000	0.0	0.0
clust0018	clustered_SSD_tandem	right_flank	46	1.325	1	5000	0.126	0.2
clust0018	clustered_SSD_tandem	right_flank	47	1.375	0	5000	0.0	0.0
clust0018	clustered_SSD_tandem	right_flank	48	1.425	0	5000	0.0	0.0
clust0018	clustered_SSD_tandem	right_flank	49	1.475	1	5000	0.125	0.2
clust0018	clustered_SSD_tandem	right_flank	50	1.525	0	5000	0.001	0.0
clust0018	clustered_SSD_tandem	right_flank	51	1.575	0	5000	0.0	0.0
clust0018	clustered_SSD_tandem	right_flank	52	1.625	0	5000	0.0	0.0
clust0018	clustered_SSD_tandem	right_flank	53	1.675	0	5000	0.0	0.0
clust0018	clustered_SSD_tandem	right_flank	54	1.725	0	5000	0.0	0.0
clust0018	clustered_SSD_tandem	right_flank	55	1.775	0	5000	0.0	0.0
clust0018	clustered_SSD_tandem	right_flank	56	1.825	0	5000	0.0	0.0
clust0018	clustered_SSD_tandem	right_flank	57	1.875	0	5000	0.0	0.0
clust0018	clustered_SSD_tandem	right_flank	58	1.925	0	5000	0.0	0.0
clust0018	clustered_SSD_tandem	right_flank	59	1.975	0	5000	0.0	0.0
clust0019	clustered_SSD_tandem	left_flank	0	-0.975	0	5000	0.0	0.0
clust0019	clustered_SSD_tandem	left_flank	1	-0.925	0	5000	0.0	0.0
clust0019	clustered_SSD_tandem	left_flank	2	-0.875	0	5000	0.0	0.0
clust0019	clustered_SSD_tandem	left_flank	3	-0.825	0	5000	0.0	0.0
clust0019	clustered_SSD_tandem	left_flank	4	-0.775	0	5000	0.0	0.0
clust0019	clustered_SSD_tandem	left_flank	5	-0.725	2	5000	0.191	0.4
clust0019	clustered_SSD_tandem	left_flank	6	-0.675	0	5000	0.0	0.0
clust0019	clustered_SSD_tandem	left_flank	7	-0.625	0	5000	0.0132	0.0
clust0019	clustered_SSD_tandem	left_flank	8	-0.575	1	5000	0.1128	0.2
clust0019	clustered_SSD_tandem	left_flank	9	-0.525	0	5000	0.0	0.0
clust0019	clustered_SSD_tandem	left_flank	10	-0.475	0	5000	0.0	0.0
clust0019	clustered_SSD_tandem	left_flank	11	-0.425	0	5000	0.0	0.0
clust0019	clustered_SSD_tandem	left_flank	12	-0.375	0	5000	0.0	0.0
clust0019	clustered_SSD_tandem	left_flank	13	-0.325	0	5000	0.0	0.0
clust0019	clustered_SSD_tandem	left_flank	14	-0.275	0	5000	0.0	0.0
clust0019	clustered_SSD_tandem	left_flank	15	-0.225	0	5000	0.0	0.0
clust0019	clustered_SSD_tandem	left_flank	16	-0.175	0	5000	0.0	0.0
clust0019	clustered_SSD_tandem	left_flank	17	-0.125	0	5000	0.0	0.0
clust0019	clustered_SSD_tandem	left_flank	18	-0.075	0	5000	0.0	0.0
clust0019	clustered_SSD_tandem	left_flank	19	-0.025	0	5000	0.0	0.0
clust0019	clustered_SSD_tandem	body	20	0.025	0	3442	0.0	0.0
clust0019	clustered_SSD_tandem	body	21	0.075	0	3442	0.0	0.0
clust0019	clustered_SSD_tandem	body	22	0.125	0	3443	0.0	0.0
clust0019	clustered_SSD_tandem	body	23	0.175	0	3442	0.0	0.0
clust0019	clustered_SSD_tandem	body	24	0.225	0	3443	0.0	0.0
clust0019	clustered_SSD_tandem	body	25	0.275	0	3442	0.0	0.0
clust0019	clustered_SSD_tandem	body	26	0.325	0	3443	0.0	0.0
clust0019	clustered_SSD_tandem	body	27	0.375	0	3442	0.0	0.0
clust0019	clustered_SSD_tandem	body	28	0.425	1	3443	0.050828	0.290444
clust0019	clustered_SSD_tandem	body	29	0.475	0	3442	0.0	0.0
clust0019	clustered_SSD_tandem	body	30	0.525	0	3442	0.0	0.0
clust0019	clustered_SSD_tandem	body	31	0.575	0	3443	0.0	0.0
clust0019	clustered_SSD_tandem	body	32	0.625	0	3442	0.0	0.0
clust0019	clustered_SSD_tandem	body	33	0.675	0	3443	0.0	0.0
clust0019	clustered_SSD_tandem	body	34	0.725	0	3442	0.0	0.0
clust0019	clustered_SSD_tandem	body	35	0.775	1	3443	0.031368	0.290444
clust0019	clustered_SSD_tandem	body	36	0.825	2	3442	0.295177	0.581058
clust0019	clustered_SSD_tandem	body	37	0.875	0	3443	0.0	0.0
clust0019	clustered_SSD_tandem	body	38	0.925	2	3442	0.366066	0.581058
clust0019	clustered_SSD_tandem	body	39	0.975	0	3443	0.0	0.0
clust0019	clustered_SSD_tandem	right_flank	40	1.025	0	5000	0.0	0.0
clust0019	clustered_SSD_tandem	right_flank	41	1.075	1	5000	0.0902	0.2
clust0019	clustered_SSD_tandem	right_flank	42	1.125	0	5000	0.0	0.0
clust0019	clustered_SSD_tandem	right_flank	43	1.175	0	5000	0.0	0.0
clust0019	clustered_SSD_tandem	right_flank	44	1.225	0	5000	0.0	0.0
clust0019	clustered_SSD_tandem	right_flank	45	1.275	2	5000	0.252	0.4
clust0019	clustered_SSD_tandem	right_flank	46	1.325	0	5000	0.0	0.0
clust0019	clustered_SSD_tandem	right_flank	47	1.375	0	5000	0.0	0.0
clust0019	clustered_SSD_tandem	right_flank	48	1.425	0	5000	0.0	0.0
clust0019	clustered_SSD_tandem	right_flank	49	1.475	0	5000	0.0	0.0
clust0019	clustered_SSD_tandem	right_flank	50	1.525	0	5000	0.0	0.0
clust0019	clustered_SSD_tandem	right_flank	51	1.575	1	5000	0.126	0.2
clust0019	clustered_SSD_tandem	right_flank	52	1.625	0	5000	0.0	0.0
clust0019	clustered_SSD_tandem	right_flank	53	1.675	0	5000	0.0	0.0
clust0019	clustered_SSD_tandem	right_flank	54	1.725	0	5000	0.0	0.0
clust0019	clustered_SSD_tandem	right_flank	55	1.775	0	5000	0.0	0.0
clust0019	clustered_SSD_tandem	right_flank	56	1.825	0	5000	0.0	0.0
clust0019	clustered_SSD_tandem	right_flank	57	1.875	0	5000	0.0	0.0
clust0019	clustered_SSD_tandem	right_flank	58	1.925	0	5000	0.0	0.0
clust0019	clustered_SSD_tandem	right_flank	59	1.975	0	5000	0.0	0.0
clust0063	clustered_SSD_tandem	left_flank	0	-0.975	0	5000	0.0	0.0
clust0063	clustered_SSD_tandem	left_flank	1	-0.925	0	5000	0.0	0.0
clust0063	clustered_SSD_tandem	left_flank	2	-0.875	0	5000	0.0	0.0
clust0063	clustered_SSD_tandem	left_flank	3	-0.825	1	5000	0.126	0.2
clust0063	clustered_SSD_tandem	left_flank	4	-0.775	0	5000	0.0	0.0
clust0063	clustered_SSD_tandem	left_flank	5	-0.725	0	5000	0.0	0.0
clust0063	clustered_SSD_tandem	left_flank	6	-0.675	1	5000	0.126	0.2
clust0063	clustered_SSD_tandem	left_flank	7	-0.625	0	5000	0.0	0.0
clust0063	clustered_SSD_tandem	left_flank	8	-0.575	0	5000	0.0	0.0
clust0063	clustered_SSD_tandem	left_flank	9	-0.525	0	5000	0.0	0.0
clust0063	clustered_SSD_tandem	left_flank	10	-0.475	0	5000	0.0	0.0
clust0063	clustered_SSD_tandem	left_flank	11	-0.425	0	5000	0.0	0.0
clust0063	clustered_SSD_tandem	left_flank	12	-0.375	0	5000	0.0	0.0
clust0063	clustered_SSD_tandem	left_flank	13	-0.325	0	5000	0.0	0.0
clust0063	clustered_SSD_tandem	left_flank	14	-0.275	0	5000	0.0	0.0
clust0063	clustered_SSD_tandem	left_flank	15	-0.225	0	5000	0.0	0.0
clust0063	clustered_SSD_tandem	left_flank	16	-0.175	2	5000	0.1888	0.4
clust0063	clustered_SSD_tandem	left_flank	17	-0.125	0	5000	0.0	0.0
clust0063	clustered_SSD_tandem	left_flank	18	-0.075	0	5000	0.0	0.0
clust0063	clustered_SSD_tandem	left_flank	19	-0.025	0	5000	0.0	0.0
clust0063	clustered_SSD_tandem	body	20	0.025	0	8934	0.0	0.0
clust0063	clustered_SSD_tandem	body	21	0.075	0	8935	0.0	0.0
clust0063	clustered_SSD_tandem	body	22	0.125	0	8935	0.0	0.0
clust0063	clustered_SSD_tandem	body	23	0.175	0	8935	0.0	0.0
clust0063	clustered_SSD_tandem	body	24	0.225	0	8935	0.0	0.0
clust0063	clustered_SSD_tandem	body	25	0.275	0	8935	0.0	0.0
clust0063	clustered_SSD_tandem	body	26	0.325	0	8934	0.0	0.0
clust0063	clustered_SSD_tandem	body	27	0.375	3	8935	0.211528	0.335758
clust0063	clustered_SSD_tandem	body	28	0.425	0	8935	0.0	0.0
clust0063	clustered_SSD_tandem	body	29	0.475	0	8935	0.0	0.0
clust0063	clustered_SSD_tandem	body	30	0.525	0	8935	0.0	0.0
clust0063	clustered_SSD_tandem	body	31	0.575	0	8935	0.0	0.0
clust0063	clustered_SSD_tandem	body	32	0.625	0	8935	0.0	0.0
clust0063	clustered_SSD_tandem	body	33	0.675	1	8934	0.070517	0.111932
clust0063	clustered_SSD_tandem	body	34	0.725	0	8935	0.0	0.0
clust0063	clustered_SSD_tandem	body	35	0.775	0	8935	0.0	0.0
clust0063	clustered_SSD_tandem	body	36	0.825	2	8935	0.141018	0.223839
clust0063	clustered_SSD_tandem	body	37	0.875	1	8935	0.083716	0.111919
clust0063	clustered_SSD_tandem	body	38	0.925	2	8935	0.076553	0.223839
clust0063	clustered_SSD_tandem	body	39	0.975	0	8935	0.0	0.0
clust0063	clustered_SSD_tandem	right_flank	40	1.025	0	5000	0.0	0.0
clust0063	clustered_SSD_tandem	right_flank	41	1.075	0	5000	0.0	0.0
clust0063	clustered_SSD_tandem	right_flank	42	1.125	0	5000	0.0	0.0
clust0063	clustered_SSD_tandem	right_flank	43	1.175	0	5000	0.0	0.0
clust0063	clustered_SSD_tandem	right_flank	44	1.225	1	5000	0.0682	0.2
clust0063	clustered_SSD_tandem	right_flank	45	1.275	1	5000	0.0912	0.2
clust0063	clustered_SSD_tandem	right_flank	46	1.325	0	5000	0.0	0.0
clust0063	clustered_SSD_tandem	right_flank	47	1.375	0	5000	0.0	0.0
clust0063	clustered_SSD_tandem	right_flank	48	1.425	0	5000	0.0	0.0
clust0063	clustered_SSD_tandem	right_flank	49	1.475	0	5000	0.0	0.0
clust0063	clustered_SSD_tandem	right_flank	50	1.525	0	5000	0.0	0.0
clust0063	clustered_SSD_tandem	right_flank	51	1.575	0	5000	0.0	0.0
clust0063	clustered_SSD_tandem	right_flank	52	1.625	0	5000	0.0	0.0
clust0063	clustered_SSD_tandem	right_flank	53	1.675	0	5000	0.0	0.0
clust0063	clustered_SSD_tandem	right_flank	54	1.725	0	5000	0.0	0.0
clust0063	clustered_SSD_tandem	right_flank	55	1.775	0	5000	0.0	0.0
clust0063	clustered_SSD_tandem	right_flank	56	1.825	0	5000	0.0	0.0
clust0063	clustered_SSD_tandem	right_flank	57	1.875	0	5000	0.0	0.0
clust0063	clustered_SSD_tandem	right_flank	58	1.925	0	5000	0.0	0.0
clust0063	clustered_SSD_tandem	right_flank	59	1.975	0	5000	0.0	0.0
clust0064	clustered_SSD_tandem	left_flank	0	-0.975	0	5000	0.0	0.0
clust0064	clustered_SSD_tandem	left_flank	1	-0.925	0	5000	0.0	0.0
clust0064	clustered_SSD_tandem	left_flank	2	-0.875	1	5000	0.126	0.2
clust0064	clustered_SSD_tandem	left_flank	3	-0.825	0	5000	0.0	0.0
clust0064	clustered_SSD_tandem	left_flank	4	-0.775	0	5000	0.0	0.0
clust0064	clustered_SSD_tandem	left_flank	5	-0.725	0	5000	0.0	0.0
clust0064	clustered_SSD_tandem	left_flank	6	-0.675	0	5000	0.0	0.0
clust0064	clustered_SSD_tandem	left_flank	7	-0.625	0	5000	0.0	0.0
clust0064	clustered_SSD_tandem	left_flank	8	-0.575	0	5000	0.0	0.0
clust0064	clustered_SSD_tandem	left_flank	9	-0.525	0	5000	0.0	0.0
clust0064	clustered_SSD_tandem	left_flank	10	-0.475	0	5000	0.0	0.0
clust0064	clustered_SSD_tandem	left_flank	11	-0.425	0	5000	0.0	0.0
clust0064	clustered_SSD_tandem	left_flank	12	-0.375	0	5000	0.0	0.0
clust0064	clustered_SSD_tandem	left_flank	13	-0.325	0	5000	0.0	0.0
clust0064	clustered_SSD_tandem	left_flank	14	-0.275	0	5000	0.0	0.0
clust0064	clustered_SSD_tandem	left_flank	15	-0.225	0	5000	0.0	0.0
clust0064	clustered_SSD_tandem	left_flank	16	-0.175	0	5000	0.0	0.0
clust0064	clustered_SSD_tandem	left_flank	17	-0.125	0	5000	0.0	0.0
clust0064	clustered_SSD_tandem	left_flank	18	-0.075	0	5000	0.0	0.0
clust0064	clustered_SSD_tandem	left_flank	19	-0.025	0	5000	0.0	0.0
clust0064	clustered_SSD_tandem	body	20	0.025	0	4220	0.0	0.0
clust0064	clustered_SSD_tandem	body	21	0.075	0	4220	0.0	0.0
clust0064	clustered_SSD_tandem	body	22	0.125	0	4220	0.0	0.0
clust0064	clustered_SSD_tandem	body	23	0.175	0	4220	0.0	0.0
clust0064	clustered_SSD_tandem	body	24	0.225	0	4220	0.0	0.0
clust0064	clustered_SSD_tandem	body	25	0.275	0	4220	0.0	0.0
clust0064	clustered_SSD_tandem	body	26	0.325	0	4220	0.0	0.0
clust0064	clustered_SSD_tandem	body	27	0.375	0	4220	0.0	0.0
clust0064	clustered_SSD_tandem	body	28	0.425	0	4220	0.0	0.0
clust0064	clustered_SSD_tandem	body	29	0.475	0	4221	0.0	0.0
clust0064	clustered_SSD_tandem	body	30	0.525	0	4220	0.0	0.0
clust0064	clustered_SSD_tandem	body	31	0.575	0	4220	0.0	0.0
clust0064	clustered_SSD_tandem	body	32	0.625	0	4220	0.0	0.0
clust0064	clustered_SSD_tandem	body	33	0.675	0	4220	0.0	0.0
clust0064	clustered_SSD_tandem	body	34	0.725	0	4220	0.0	0.0
clust0064	clustered_SSD_tandem	body	35	0.775	0	4220	0.0	0.0
clust0064	clustered_SSD_tandem	body	36	0.825	0	4220	0.0	0.0
clust0064	clustered_SSD_tandem	body	37	0.875	0	4220	0.0	0.0
clust0064	clustered_SSD_tandem	body	38	0.925	0	4220	0.0	0.0
clust0064	clustered_SSD_tandem	body	39	0.975	0	4221	0.0	0.0
clust0064	clustered_SSD_tandem	right_flank	40	1.025	0	5000	0.0	0.0
clust0064	clustered_SSD_tandem	right_flank	41	1.075	0	5000	0.0	0.0
clust0064	clustered_SSD_tandem	right_flank	42	1.125	0	5000	0.0	0.0
clust0064	clustered_SSD_tandem	right_flank	43	1.175	0	5000	0.0	0.0
clust0064	clustered_SSD_tandem	right_flank	44	1.225	0	5000	0.0	0.0
clust0064	clustered_SSD_tandem	right_flank	45	1.275	0	5000	0.0	0.0
clust0064	clustered_SSD_tandem	right_flank	46	1.325	0	5000	0.0	0.0
clust0064	clustered_SSD_tandem	right_flank	47	1.375	1	5000	0.0756	0.2
clust0064	clustered_SSD_tandem	right_flank	48	1.425	0	5000	0.0	0.0
clust0064	clustered_SSD_tandem	right_flank	49	1.475	0	5000	0.0	0.0
clust0064	clustered_SSD_tandem	right_flank	50	1.525	0	5000	0.0	0.0
clust0064	clustered_SSD_tandem	right_flank	51	1.575	0	5000	0.0	0.0
clust0064	clustered_SSD_tandem	right_flank	52	1.625	2	5000	0.252	0.4
clust0064	clustered_SSD_tandem	right_flank	53	1.675	0	5000	0.0	0.0
clust0064	clustered_SSD_tandem	right_flank	54	1.725	0	5000	0.0	0.0
clust0064	clustered_SSD_tandem	right_flank	55	1.775	0	5000	0.0	0.0
clust0064	clustered_SSD_tandem	right_flank	56	1.825	0	5000	0.0	0.0
clust0064	clustered_SSD_tandem	right_flank	57	1.875	0	5000	0.0	0.0
clust0064	clustered_SSD_tandem	right_flank	58	1.925	0	5000	0.0	0.0
clust0064	clustered_SSD_tandem	right_flank	59	1.975	0	5000	0.0	0.0
clust0020	clustered_SSD_tandem	left_flank	0	-0.975	0	5000	0.0	0.0
clust0020	clustered_SSD_tandem	left_flank	1	-0.925	0	5000	0.0	0.0
clust0020	clustered_SSD_tandem	left_flank	2	-0.875	0	5000	0.0	0.0
clust0020	clustered_SSD_tandem	left_flank	3	-0.825	0	5000	0.0	0.0
clust0020	clustered_SSD_tandem	left_flank	4	-0.775	0	5000	0.0	0.0
clust0020	clustered_SSD_tandem	left_flank	5	-0.725	0	5000	0.0	0.0
clust0020	clustered_SSD_tandem	left_flank	6	-0.675	0	5000	0.0	0.0
clust0020	clustered_SSD_tandem	left_flank	7	-0.625	0	5000	0.0	0.0
clust0020	clustered_SSD_tandem	left_flank	8	-0.575	0	5000	0.0	0.0
clust0020	clustered_SSD_tandem	left_flank	9	-0.525	0	5000	0.0	0.0
clust0020	clustered_SSD_tandem	left_flank	10	-0.475	0	5000	0.0	0.0
clust0020	clustered_SSD_tandem	left_flank	11	-0.425	0	5000	0.0	0.0
clust0020	clustered_SSD_tandem	left_flank	12	-0.375	0	5000	0.0	0.0
clust0020	clustered_SSD_tandem	left_flank	13	-0.325	0	5000	0.0	0.0
clust0020	clustered_SSD_tandem	left_flank	14	-0.275	0	5000	0.0	0.0
clust0020	clustered_SSD_tandem	left_flank	15	-0.225	0	5000	0.0	0.0
clust0020	clustered_SSD_tandem	left_flank	16	-0.175	0	5000	0.0	0.0
clust0020	clustered_SSD_tandem	left_flank	17	-0.125	0	5000	0.0	0.0
clust0020	clustered_SSD_tandem	left_flank	18	-0.075	0	5000	0.0	0.0
clust0020	clustered_SSD_tandem	left_flank	19	-0.025	0	5000	0.0	0.0
clust0020	clustered_SSD_tandem	body	20	0.025	0	1333	0.0	0.0
clust0020	clustered_SSD_tandem	body	21	0.075	0	1334	0.0	0.0
clust0020	clustered_SSD_tandem	body	22	0.125	0	1333	0.0	0.0
clust0020	clustered_SSD_tandem	body	23	0.175	0	1334	0.0	0.0
clust0020	clustered_SSD_tandem	body	24	0.225	0	1334	0.0	0.0
clust0020	clustered_SSD_tandem	body	25	0.275	0	1333	0.0	0.0
clust0020	clustered_SSD_tandem	body	26	0.325	0	1334	0.0	0.0
clust0020	clustered_SSD_tandem	body	27	0.375	0	1334	0.0	0.0
clust0020	clustered_SSD_tandem	body	28	0.425	0	1333	0.0	0.0
clust0020	clustered_SSD_tandem	body	29	0.475	0	1334	0.0	0.0
clust0020	clustered_SSD_tandem	body	30	0.525	0	1334	0.0	0.0
clust0020	clustered_SSD_tandem	body	31	0.575	0	1333	0.0	0.0
clust0020	clustered_SSD_tandem	body	32	0.625	0	1334	0.0	0.0
clust0020	clustered_SSD_tandem	body	33	0.675	0	1334	0.0	0.0
clust0020	clustered_SSD_tandem	body	34	0.725	0	1333	0.0	0.0
clust0020	clustered_SSD_tandem	body	35	0.775	0	1334	0.0	0.0
clust0020	clustered_SSD_tandem	body	36	0.825	0	1334	0.0	0.0
clust0020	clustered_SSD_tandem	body	37	0.875	0	1333	0.0	0.0
clust0020	clustered_SSD_tandem	body	38	0.925	0	1334	0.0	0.0
clust0020	clustered_SSD_tandem	body	39	0.975	0	1334	0.0	0.0
clust0020	clustered_SSD_tandem	right_flank	40	1.025	0	5000	0.0	0.0
clust0020	clustered_SSD_tandem	right_flank	41	1.075	0	5000	0.0	0.0
clust0020	clustered_SSD_tandem	right_flank	42	1.125	0	5000	0.0	0.0
clust0020	clustered_SSD_tandem	right_flank	43	1.175	0	5000	0.0	0.0
clust0020	clustered_SSD_tandem	right_flank	44	1.225	1	5000	0.126	0.2
clust0020	clustered_SSD_tandem	right_flank	45	1.275	0	5000	0.0	0.0
clust0020	clustered_SSD_tandem	right_flank	46	1.325	0	5000	0.0	0.0
clust0020	clustered_SSD_tandem	right_flank	47	1.375	0	5000	0.0	0.0
clust0020	clustered_SSD_tandem	right_flank	48	1.425	0	5000	0.0	0.0
clust0020	clustered_SSD_tandem	right_flank	49	1.475	0	5000	0.0	0.0
clust0020	clustered_SSD_tandem	right_flank	50	1.525	0	5000	0.0	0.0
clust0020	clustered_SSD_tandem	right_flank	51	1.575	0	5000	0.0	0.0
clust0020	clustered_SSD_tandem	right_flank	52	1.625	0	5000	0.0	0.0
clust0020	clustered_SSD_tandem	right_flank	53	1.675	0	5000	0.0	0.0
clust0020	clustered_SSD_tandem	right_flank	54	1.725	0	5000	0.0	0.0
clust0020	clustered_SSD_tandem	right_flank	55	1.775	0	5000	0.0	0.0
clust0020	clustered_SSD_tandem	right_flank	56	1.825	0	5000	0.0	0.0
clust0020	clustered_SSD_tandem	right_flank	57	1.875	0	5000	0.0	0.0
clust0020	clustered_SSD_tandem	right_flank	58	1.925	0	5000	0.0	0.0
clust0020	clustered_SSD_tandem	right_flank	59	1.975	0	5000	0.0	0.0
clust0060	clustered_SSD_tandem	left_flank	0	-0.975	2	5000	0.252	0.4
clust0060	clustered_SSD_tandem	left_flank	1	-0.925	0	5000	0.0	0.0
clust0060	clustered_SSD_tandem	left_flank	2	-0.875	0	5000	0.0	0.0
clust0060	clustered_SSD_tandem	left_flank	3	-0.825	0	5000	0.0	0.0
clust0060	clustered_SSD_tandem	left_flank	4	-0.775	0	5000	0.0	0.0
clust0060	clustered_SSD_tandem	left_flank	5	-0.725	0	5000	0.0	0.0
clust0060	clustered_SSD_tandem	left_flank	6	-0.675	0	5000	0.0	0.0
clust0060	clustered_SSD_tandem	left_flank	7	-0.625	0	5000	0.0	0.0
clust0060	clustered_SSD_tandem	left_flank	8	-0.575	0	5000	0.0	0.0
clust0060	clustered_SSD_tandem	left_flank	9	-0.525	0	5000	0.0	0.0
clust0060	clustered_SSD_tandem	left_flank	10	-0.475	0	5000	0.0	0.0
clust0060	clustered_SSD_tandem	left_flank	11	-0.425	0	5000	0.0	0.0
clust0060	clustered_SSD_tandem	left_flank	12	-0.375	0	5000	0.0	0.0
clust0060	clustered_SSD_tandem	left_flank	13	-0.325	0	5000	0.0	0.0
clust0060	clustered_SSD_tandem	left_flank	14	-0.275	0	5000	0.0	0.0
clust0060	clustered_SSD_tandem	left_flank	15	-0.225	0	5000	0.0	0.0
clust0060	clustered_SSD_tandem	left_flank	16	-0.175	0	5000	0.0	0.0
clust0060	clustered_SSD_tandem	left_flank	17	-0.125	0	5000	0.0	0.0
clust0060	clustered_SSD_tandem	left_flank	18	-0.075	0	5000	0.0	0.0
clust0060	clustered_SSD_tandem	left_flank	19	-0.025	2	5000	0.1778	0.4
clust0060	clustered_SSD_tandem	body	20	0.025	0	19021	0.0	0.0
clust0060	clustered_SSD_tandem	body	21	0.075	0	19021	0.0	0.0
clust0060	clustered_SSD_tandem	body	22	0.125	0	19021	0.0	0.0
clust0060	clustered_SSD_tandem	body	23	0.175	0	19021	0.0	0.0
clust0060	clustered_SSD_tandem	body	24	0.225	0	19021	0.0	0.0
clust0060	clustered_SSD_tandem	body	25	0.275	0	19021	0.0	0.0
clust0060	clustered_SSD_tandem	body	26	0.325	0	19021	0.0	0.0
clust0060	clustered_SSD_tandem	body	27	0.375	0	19021	0.0	0.0
clust0060	clustered_SSD_tandem	body	28	0.425	0	19021	0.0	0.0
clust0060	clustered_SSD_tandem	body	29	0.475	0	19021	0.0	0.0
clust0060	clustered_SSD_tandem	body	30	0.525	0	19021	0.0	0.0
clust0060	clustered_SSD_tandem	body	31	0.575	0	19021	0.0	0.0
clust0060	clustered_SSD_tandem	body	32	0.625	0	19021	0.0	0.0
clust0060	clustered_SSD_tandem	body	33	0.675	0	19021	0.0	0.0
clust0060	clustered_SSD_tandem	body	34	0.725	0	19021	0.0	0.0
clust0060	clustered_SSD_tandem	body	35	0.775	0	19021	0.0	0.0
clust0060	clustered_SSD_tandem	body	36	0.825	0	19021	0.0	0.0
clust0060	clustered_SSD_tandem	body	37	0.875	0	19021	0.0	0.0
clust0060	clustered_SSD_tandem	body	38	0.925	0	19021	0.0	0.0
clust0060	clustered_SSD_tandem	body	39	0.975	0	19021	0.0	0.0
clust0060	clustered_SSD_tandem	right_flank	40	1.025	0	5000	0.0	0.0
clust0060	clustered_SSD_tandem	right_flank	41	1.075	0	5000	0.0	0.0
clust0060	clustered_SSD_tandem	right_flank	42	1.125	0	5000	0.0	0.0
clust0060	clustered_SSD_tandem	right_flank	43	1.175	0	5000	0.0	0.0
clust0060	clustered_SSD_tandem	right_flank	44	1.225	0	5000	0.0	0.0
clust0060	clustered_SSD_tandem	right_flank	45	1.275	0	5000	0.0	0.0
clust0060	clustered_SSD_tandem	right_flank	46	1.325	0	5000	0.0	0.0
clust0060	clustered_SSD_tandem	right_flank	47	1.375	0	5000	0.0	0.0
clust0060	clustered_SSD_tandem	right_flank	48	1.425	0	5000	0.0	0.0
clust0060	clustered_SSD_tandem	right_flank	49	1.475	0	5000	0.0	0.0
clust0060	clustered_SSD_tandem	right_flank	50	1.525	0	5000	0.0	0.0
clust0060	clustered_SSD_tandem	right_flank	51	1.575	0	5000	0.0	0.0
clust0060	clustered_SSD_tandem	right_flank	52	1.625	0	5000	0.0	0.0
clust0060	clustered_SSD_tandem	right_flank	53	1.675	2	5000	0.1944	0.4
clust0060	clustered_SSD_tandem	right_flank	54	1.725	0	5000	0.0	0.0
clust0060	clustered_SSD_tandem	right_flank	55	1.775	0	5000	0.0	0.0
clust0060	clustered_SSD_tandem	right_flank	56	1.825	0	5000	0.0	0.0
clust0060	clustered_SSD_tandem	right_flank	57	1.875	0	5000	0.0	0.0
clust0060	clustered_SSD_tandem	right_flank	58	1.925	0	5000	0.0	0.0
clust0060	clustered_SSD_tandem	right_flank	59	1.975	0	5000	0.0	0.0
clust0074	clustered_SSD_tandem	left_flank	0	-0.975	0	5000	0.0	0.0
clust0074	clustered_SSD_tandem	left_flank	1	-0.925	0	5000	0.0	0.0
clust0074	clustered_SSD_tandem	left_flank	2	-0.875	2	5000	0.1276	0.4
clust0074	clustered_SSD_tandem	left_flank	3	-0.825	0	5000	0.038	0.0
clust0074	clustered_SSD_tandem	left_flank	4	-0.775	0	5000	0.0	0.0
clust0074	clustered_SSD_tandem	left_flank	5	-0.725	0	5000	0.0	0.0
clust0074	clustered_SSD_tandem	left_flank	6	-0.675	0	5000	0.0	0.0
clust0074	clustered_SSD_tandem	left_flank	7	-0.625	0	5000	0.0	0.0
clust0074	clustered_SSD_tandem	left_flank	8	-0.575	0	5000	0.0	0.0
clust0074	clustered_SSD_tandem	left_flank	9	-0.525	0	5000	0.0	0.0
clust0074	clustered_SSD_tandem	left_flank	10	-0.475	1	5000	0.126	0.2
clust0074	clustered_SSD_tandem	left_flank	11	-0.425	0	5000	0.0	0.0
clust0074	clustered_SSD_tandem	left_flank	12	-0.375	0	5000	0.0	0.0
clust0074	clustered_SSD_tandem	left_flank	13	-0.325	2	5000	0.252	0.4
clust0074	clustered_SSD_tandem	left_flank	14	-0.275	0	5000	0.0	0.0
clust0074	clustered_SSD_tandem	left_flank	15	-0.225	0	5000	0.0	0.0
clust0074	clustered_SSD_tandem	left_flank	16	-0.175	0	5000	0.0	0.0
clust0074	clustered_SSD_tandem	left_flank	17	-0.125	0	5000	0.0	0.0
clust0074	clustered_SSD_tandem	left_flank	18	-0.075	0	5000	0.0	0.0
clust0074	clustered_SSD_tandem	left_flank	19	-0.025	0	5000	0.0	0.0
clust0074	clustered_SSD_tandem	body	20	0.025	0	2323	0.0	0.0
clust0074	clustered_SSD_tandem	body	21	0.075	0	2324	0.0	0.0
clust0074	clustered_SSD_tandem	body	22	0.125	0	2324	0.0	0.0
clust0074	clustered_SSD_tandem	body	23	0.175	0	2324	0.0	0.0
clust0074	clustered_SSD_tandem	body	24	0.225	0	2324	0.0	0.0
clust0074	clustered_SSD_tandem	body	25	0.275	0	2324	0.0	0.0
clust0074	clustered_SSD_tandem	body	26	0.325	0	2324	0.0	0.0
clust0074	clustered_SSD_tandem	body	27	0.375	0	2324	0.0	0.0
clust0074	clustered_SSD_tandem	body	28	0.425	0	2324	0.0	0.0
clust0074	clustered_SSD_tandem	body	29	0.475	0	2324	0.0	0.0
clust0074	clustered_SSD_tandem	body	30	0.525	0	2323	0.0	0.0
clust0074	clustered_SSD_tandem	body	31	0.575	0	2324	0.0	0.0
clust0074	clustered_SSD_tandem	body	32	0.625	0	2324	0.0	0.0
clust0074	clustered_SSD_tandem	body	33	0.675	0	2324	0.0	0.0
clust0074	clustered_SSD_tandem	body	34	0.725	0	2324	0.0	0.0
clust0074	clustered_SSD_tandem	body	35	0.775	0	2324	0.0	0.0
clust0074	clustered_SSD_tandem	body	36	0.825	0	2324	0.0	0.0
clust0074	clustered_SSD_tandem	body	37	0.875	0	2324	0.0	0.0
clust0074	clustered_SSD_tandem	body	38	0.925	0	2324	0.0	0.0
clust0074	clustered_SSD_tandem	body	39	0.975	0	2324	0.0	0.0
clust0074	clustered_SSD_tandem	right_flank	40	1.025	0	5000	0.0	0.0
clust0074	clustered_SSD_tandem	right_flank	41	1.075	0	5000	0.0	0.0
clust0074	clustered_SSD_tandem	right_flank	42	1.125	0	5000	0.0	0.0
clust0074	clustered_SSD_tandem	right_flank	43	1.175	0	5000	0.0	0.0
clust0074	clustered_SSD_tandem	right_flank	44	1.225	0	5000	0.0	0.0
clust0074	clustered_SSD_tandem	right_flank	45	1.275	0	5000	0.0	0.0
clust0074	clustered_SSD_tandem	right_flank	46	1.325	0	5000	0.0	0.0
clust0074	clustered_SSD_tandem	right_flank	47	1.375	0	5000	0.0	0.0
clust0074	clustered_SSD_tandem	right_flank	48	1.425	0	5000	0.0	0.0
clust0074	clustered_SSD_tandem	right_flank	49	1.475	0	5000	0.0	0.0
clust0074	clustered_SSD_tandem	right_flank	50	1.525	0	5000	0.0424	0.0
clust0074	clustered_SSD_tandem	right_flank	51	1.575	3	5000	0.317	0.6
clust0074	clustered_SSD_tandem	right_flank	52	1.625	0	5000	0.0186	0.0
clust0074	clustered_SSD_tandem	right_flank	53	1.675	0	5000	0.0	0.0
clust0074	clustered_SSD_tandem	right_flank	54	1.725	0	5000	0.0	0.0
clust0074	clustered_SSD_tandem	right_flank	55	1.775	0	5000	0.0	0.0
clust0074	clustered_SSD_tandem	right_flank	56	1.825	0	5000	0.0	0.0
clust0074	clustered_SSD_tandem	right_flank	57	1.875	0	5000	0.0	0.0
clust0074	clustered_SSD_tandem	right_flank	58	1.925	0	5000	0.0	0.0
clust0074	clustered_SSD_tandem	right_flank	59	1.975	0	5000	0.0	0.0
clust0065	clustered_SSD_tandem	left_flank	0	-0.975	0	5000	0.0	0.0
clust0065	clustered_SSD_tandem	left_flank	1	-0.925	0	5000	0.0	0.0
clust0065	clustered_SSD_tandem	left_flank	2	-0.875	0	5000	0.0	0.0
clust0065	clustered_SSD_tandem	left_flank	3	-0.825	0	5000	0.0	0.0
clust0065	clustered_SSD_tandem	left_flank	4	-0.775	0	5000	0.0	0.0
clust0065	clustered_SSD_tandem	left_flank	5	-0.725	0	5000	0.0	0.0
clust0065	clustered_SSD_tandem	left_flank	6	-0.675	0	5000	0.0	0.0
clust0065	clustered_SSD_tandem	left_flank	7	-0.625	0	5000	0.0	0.0
clust0065	clustered_SSD_tandem	left_flank	8	-0.575	0	5000	0.0	0.0
clust0065	clustered_SSD_tandem	left_flank	9	-0.525	0	5000	0.0	0.0
clust0065	clustered_SSD_tandem	left_flank	10	-0.475	0	5000	0.0	0.0
clust0065	clustered_SSD_tandem	left_flank	11	-0.425	0	5000	0.0	0.0
clust0065	clustered_SSD_tandem	left_flank	12	-0.375	0	5000	0.0	0.0
clust0065	clustered_SSD_tandem	left_flank	13	-0.325	0	5000	0.0	0.0
clust0065	clustered_SSD_tandem	left_flank	14	-0.275	0	5000	0.0	0.0
clust0065	clustered_SSD_tandem	left_flank	15	-0.225	0	5000	0.0	0.0
clust0065	clustered_SSD_tandem	left_flank	16	-0.175	0	5000	0.0	0.0
clust0065	clustered_SSD_tandem	left_flank	17	-0.125	0	5000	0.0	0.0
clust0065	clustered_SSD_tandem	left_flank	18	-0.075	0	5000	0.0	0.0
clust0065	clustered_SSD_tandem	left_flank	19	-0.025	0	5000	0.0	0.0
clust0065	clustered_SSD_tandem	body	20	0.025	0	2475	0.0	0.0
clust0065	clustered_SSD_tandem	body	21	0.075	0	2476	0.0	0.0
clust0065	clustered_SSD_tandem	body	22	0.125	0	2476	0.0	0.0
clust0065	clustered_SSD_tandem	body	23	0.175	0	2475	0.0	0.0
clust0065	clustered_SSD_tandem	body	24	0.225	0	2476	0.0	0.0
clust0065	clustered_SSD_tandem	body	25	0.275	0	2476	0.0	0.0
clust0065	clustered_SSD_tandem	body	26	0.325	0	2475	0.0	0.0
clust0065	clustered_SSD_tandem	body	27	0.375	0	2476	0.0	0.0
clust0065	clustered_SSD_tandem	body	28	0.425	0	2476	0.0	0.0
clust0065	clustered_SSD_tandem	body	29	0.475	2	2476	0.508885	0.807754
clust0065	clustered_SSD_tandem	body	30	0.525	0	2475	0.0	0.0
clust0065	clustered_SSD_tandem	body	31	0.575	0	2476	0.0	0.0
clust0065	clustered_SSD_tandem	body	32	0.625	0	2476	0.0	0.0
clust0065	clustered_SSD_tandem	body	33	0.675	0	2475	0.0	0.0
clust0065	clustered_SSD_tandem	body	34	0.725	0	2476	0.0	0.0
clust0065	clustered_SSD_tandem	body	35	0.775	0	2476	0.0	0.0
clust0065	clustered_SSD_tandem	body	36	0.825	0	2475	0.0	0.0
clust0065	clustered_SSD_tandem	body	37	0.875	0	2476	0.0	0.0
clust0065	clustered_SSD_tandem	body	38	0.925	0	2476	0.0	0.0
clust0065	clustered_SSD_tandem	body	39	0.975	0	2476	0.0	0.0
clust0065	clustered_SSD_tandem	right_flank	40	1.025	1	5000	0.126	0.2
clust0065	clustered_SSD_tandem	right_flank	41	1.075	0	5000	0.0	0.0
clust0065	clustered_SSD_tandem	right_flank	42	1.125	0	5000	0.0	0.0
clust0065	clustered_SSD_tandem	right_flank	43	1.175	2	5000	0.252	0.4
clust0065	clustered_SSD_tandem	right_flank	44	1.225	0	5000	0.0	0.0
clust0065	clustered_SSD_tandem	right_flank	45	1.275	0	5000	0.0	0.0
clust0065	clustered_SSD_tandem	right_flank	46	1.325	0	5000	0.0	0.0
clust0065	clustered_SSD_tandem	right_flank	47	1.375	0	5000	0.0	0.0
clust0065	clustered_SSD_tandem	right_flank	48	1.425	0	5000	0.0	0.0
clust0065	clustered_SSD_tandem	right_flank	49	1.475	0	5000	0.0	0.0
clust0065	clustered_SSD_tandem	right_flank	50	1.525	0	5000	0.0	0.0
clust0065	clustered_SSD_tandem	right_flank	51	1.575	0	5000	0.0	0.0
clust0065	clustered_SSD_tandem	right_flank	52	1.625	0	5000	0.0	0.0
clust0065	clustered_SSD_tandem	right_flank	53	1.675	0	5000	0.0	0.0
clust0065	clustered_SSD_tandem	right_flank	54	1.725	0	5000	0.0	0.0
clust0065	clustered_SSD_tandem	right_flank	55	1.775	0	5000	0.0	0.0
clust0065	clustered_SSD_tandem	right_flank	56	1.825	0	5000	0.0	0.0
clust0065	clustered_SSD_tandem	right_flank	57	1.875	0	5000	0.0	0.0
clust0065	clustered_SSD_tandem	right_flank	58	1.925	0	5000	0.0	0.0
clust0065	clustered_SSD_tandem	right_flank	59	1.975	0	5000	0.0	0.0
clust0066	clustered_SSD_tandem	left_flank	0	-0.975	0	5000	0.0	0.0
clust0066	clustered_SSD_tandem	left_flank	1	-0.925	0	5000	0.0	0.0
clust0066	clustered_SSD_tandem	left_flank	2	-0.875	0	5000	0.0	0.0
clust0066	clustered_SSD_tandem	left_flank	3	-0.825	0	5000	0.0	0.0
clust0066	clustered_SSD_tandem	left_flank	4	-0.775	0	5000	0.0	0.0
clust0066	clustered_SSD_tandem	left_flank	5	-0.725	0	5000	0.0	0.0
clust0066	clustered_SSD_tandem	left_flank	6	-0.675	0	5000	0.0	0.0
clust0066	clustered_SSD_tandem	left_flank	7	-0.625	0	5000	0.0	0.0
clust0066	clustered_SSD_tandem	left_flank	8	-0.575	0	5000	0.0	0.0
clust0066	clustered_SSD_tandem	left_flank	9	-0.525	0	5000	0.0	0.0
clust0066	clustered_SSD_tandem	left_flank	10	-0.475	0	5000	0.0	0.0
clust0066	clustered_SSD_tandem	left_flank	11	-0.425	0	5000	0.0	0.0
clust0066	clustered_SSD_tandem	left_flank	12	-0.375	0	5000	0.0	0.0
clust0066	clustered_SSD_tandem	left_flank	13	-0.325	0	5000	0.0	0.0
clust0066	clustered_SSD_tandem	left_flank	14	-0.275	0	5000	0.0	0.0
clust0066	clustered_SSD_tandem	left_flank	15	-0.225	0	5000	0.0	0.0
clust0066	clustered_SSD_tandem	left_flank	16	-0.175	0	5000	0.0	0.0
clust0066	clustered_SSD_tandem	left_flank	17	-0.125	0	5000	0.0	0.0
clust0066	clustered_SSD_tandem	left_flank	18	-0.075	0	5000	0.0	0.0
clust0066	clustered_SSD_tandem	left_flank	19	-0.025	0	5000	0.0	0.0
clust0066	clustered_SSD_tandem	body	20	0.025	0	5940	0.0	0.0
clust0066	clustered_SSD_tandem	body	21	0.075	0	5940	0.0	0.0
clust0066	clustered_SSD_tandem	body	22	0.125	0	5941	0.0	0.0
clust0066	clustered_SSD_tandem	body	23	0.175	0	5940	0.0	0.0
clust0066	clustered_SSD_tandem	body	24	0.225	0	5941	0.0	0.0
clust0066	clustered_SSD_tandem	body	25	0.275	2	5940	0.144276	0.3367
clust0066	clustered_SSD_tandem	body	26	0.325	0	5941	0.0	0.0
clust0066	clustered_SSD_tandem	body	27	0.375	0	5940	0.0	0.0
clust0066	clustered_SSD_tandem	body	28	0.425	0	5941	0.0	0.0
clust0066	clustered_SSD_tandem	body	29	0.475	0	5940	0.0	0.0
clust0066	clustered_SSD_tandem	body	30	0.525	0	5940	0.0	0.0
clust0066	clustered_SSD_tandem	body	31	0.575	1	5941	0.106043	0.168322
clust0066	clustered_SSD_tandem	body	32	0.625	2	5940	0.212121	0.3367
clust0066	clustered_SSD_tandem	body	33	0.675	0	5941	0.0	0.0
clust0066	clustered_SSD_tandem	body	34	0.725	0	5940	0.0	0.0
clust0066	clustered_SSD_tandem	body	35	0.775	0	5941	0.0	0.0
clust0066	clustered_SSD_tandem	body	36	0.825	0	5940	0.0	0.0
clust0066	clustered_SSD_tandem	body	37	0.875	0	5941	0.0	0.0
clust0066	clustered_SSD_tandem	body	38	0.925	0	5940	0.0	0.0
clust0066	clustered_SSD_tandem	body	39	0.975	0	5941	0.0	0.0
clust0066	clustered_SSD_tandem	right_flank	40	1.025	0	5000	0.0	0.0
clust0066	clustered_SSD_tandem	right_flank	41	1.075	0	5000	0.0	0.0
clust0066	clustered_SSD_tandem	right_flank	42	1.125	0	5000	0.0	0.0
clust0066	clustered_SSD_tandem	right_flank	43	1.175	0	5000	0.0	0.0
clust0066	clustered_SSD_tandem	right_flank	44	1.225	0	5000	0.0	0.0
clust0066	clustered_SSD_tandem	right_flank	45	1.275	0	5000	0.0	0.0
clust0066	clustered_SSD_tandem	right_flank	46	1.325	0	5000	0.0	0.0
clust0066	clustered_SSD_tandem	right_flank	47	1.375	0	5000	0.0	0.0
clust0066	clustered_SSD_tandem	right_flank	48	1.425	0	5000	0.0	0.0
clust0066	clustered_SSD_tandem	right_flank	49	1.475	0	5000	0.0	0.0
clust0066	clustered_SSD_tandem	right_flank	50	1.525	1	5000	0.126	0.2
clust0066	clustered_SSD_tandem	right_flank	51	1.575	0	5000	0.0	0.0
clust0066	clustered_SSD_tandem	right_flank	52	1.625	0	5000	0.0	0.0
clust0066	clustered_SSD_tandem	right_flank	53	1.675	0	5000	0.0	0.0
clust0066	clustered_SSD_tandem	right_flank	54	1.725	0	5000	0.0	0.0
clust0066	clustered_SSD_tandem	right_flank	55	1.775	0	5000	0.0	0.0
clust0066	clustered_SSD_tandem	right_flank	56	1.825	0	5000	0.0	0.0
clust0066	clustered_SSD_tandem	right_flank	57	1.875	0	5000	0.0	0.0
clust0066	clustered_SSD_tandem	right_flank	58	1.925	0	5000	0.0	0.0
clust0066	clustered_SSD_tandem	right_flank	59	1.975	2	5000	0.252	0.4
clust0075	clustered_SSD_tandem	left_flank	0	-0.975	0	5000	0.0	0.0
clust0075	clustered_SSD_tandem	left_flank	1	-0.925	0	5000	0.0	0.0
clust0075	clustered_SSD_tandem	left_flank	2	-0.875	0	5000	0.0	0.0
clust0075	clustered_SSD_tandem	left_flank	3	-0.825	0	5000	0.0	0.0
clust0075	clustered_SSD_tandem	left_flank	4	-0.775	0	5000	0.0	0.0
clust0075	clustered_SSD_tandem	left_flank	5	-0.725	0	5000	0.0	0.0
clust0075	clustered_SSD_tandem	left_flank	6	-0.675	0	5000	0.0	0.0
clust0075	clustered_SSD_tandem	left_flank	7	-0.625	0	5000	0.0	0.0
clust0075	clustered_SSD_tandem	left_flank	8	-0.575	0	5000	0.0	0.0
clust0075	clustered_SSD_tandem	left_flank	9	-0.525	0	5000	0.0	0.0
clust0075	clustered_SSD_tandem	left_flank	10	-0.475	0	5000	0.0	0.0
clust0075	clustered_SSD_tandem	left_flank	11	-0.425	0	5000	0.0	0.0
clust0075	clustered_SSD_tandem	left_flank	12	-0.375	0	5000	0.0	0.0
clust0075	clustered_SSD_tandem	left_flank	13	-0.325	0	5000	0.0	0.0
clust0075	clustered_SSD_tandem	left_flank	14	-0.275	0	5000	0.0	0.0
clust0075	clustered_SSD_tandem	left_flank	15	-0.225	0	5000	0.0	0.0
clust0075	clustered_SSD_tandem	left_flank	16	-0.175	0	5000	0.0	0.0
clust0075	clustered_SSD_tandem	left_flank	17	-0.125	0	5000	0.0	0.0
clust0075	clustered_SSD_tandem	left_flank	18	-0.075	0	5000	0.0	0.0
clust0075	clustered_SSD_tandem	left_flank	19	-0.025	0	5000	0.0	0.0
clust0075	clustered_SSD_tandem	body	20	0.025	0	6221	0.0	0.0
clust0075	clustered_SSD_tandem	body	21	0.075	0	6222	0.0	0.0
clust0075	clustered_SSD_tandem	body	22	0.125	0	6221	0.0	0.0
clust0075	clustered_SSD_tandem	body	23	0.175	0	6222	0.0	0.0
clust0075	clustered_SSD_tandem	body	24	0.225	1	6221	0.070085	0.160746
clust0075	clustered_SSD_tandem	body	25	0.275	0	6222	0.03118	0.0
clust0075	clustered_SSD_tandem	body	26	0.325	0	6221	0.0	0.0
clust0075	clustered_SSD_tandem	body	27	0.375	0	6222	0.0	0.0
clust0075	clustered_SSD_tandem	body	28	0.425	0	6221	0.0	0.0
clust0075	clustered_SSD_tandem	body	29	0.475	0	6222	0.0	0.0
clust0075	clustered_SSD_tandem	body	30	0.525	0	6221	0.0	0.0
clust0075	clustered_SSD_tandem	body	31	0.575	0	6222	0.0	0.0
clust0075	clustered_SSD_tandem	body	32	0.625	0	6221	0.0	0.0
clust0075	clustered_SSD_tandem	body	33	0.675	0	6222	0.0	0.0
clust0075	clustered_SSD_tandem	body	34	0.725	0	6221	0.0	0.0
clust0075	clustered_SSD_tandem	body	35	0.775	0	6222	0.0	0.0
clust0075	clustered_SSD_tandem	body	36	0.825	0	6221	0.0	0.0
clust0075	clustered_SSD_tandem	body	37	0.875	0	6222	0.0	0.0
clust0075	clustered_SSD_tandem	body	38	0.925	0	6221	0.0	0.0
clust0075	clustered_SSD_tandem	body	39	0.975	0	6222	0.0	0.0
clust0075	clustered_SSD_tandem	right_flank	40	1.025	0	5000	0.0	0.0
clust0075	clustered_SSD_tandem	right_flank	41	1.075	0	5000	0.0	0.0
clust0075	clustered_SSD_tandem	right_flank	42	1.125	0	5000	0.0	0.0
clust0075	clustered_SSD_tandem	right_flank	43	1.175	0	5000	0.0	0.0
clust0075	clustered_SSD_tandem	right_flank	44	1.225	0	5000	0.0	0.0
clust0075	clustered_SSD_tandem	right_flank	45	1.275	0	5000	0.0	0.0
clust0075	clustered_SSD_tandem	right_flank	46	1.325	0	5000	0.0	0.0
clust0075	clustered_SSD_tandem	right_flank	47	1.375	0	5000	0.0	0.0
clust0075	clustered_SSD_tandem	right_flank	48	1.425	0	5000	0.0	0.0
clust0075	clustered_SSD_tandem	right_flank	49	1.475	0	5000	0.0	0.0
clust0075	clustered_SSD_tandem	right_flank	50	1.525	0	5000	0.0	0.0
clust0075	clustered_SSD_tandem	right_flank	51	1.575	0	5000	0.0	0.0
clust0075	clustered_SSD_tandem	right_flank	52	1.625	0	5000	0.0	0.0
clust0075	clustered_SSD_tandem	right_flank	53	1.675	0	5000	0.0	0.0
clust0075	clustered_SSD_tandem	right_flank	54	1.725	0	5000	0.0	0.0
clust0075	clustered_SSD_tandem	right_flank	55	1.775	0	5000	0.0	0.0
clust0075	clustered_SSD_tandem	right_flank	56	1.825	0	5000	0.0	0.0
clust0075	clustered_SSD_tandem	right_flank	57	1.875	0	5000	0.0	0.0
clust0075	clustered_SSD_tandem	right_flank	58	1.925	0	5000	0.0	0.0
clust0075	clustered_SSD_tandem	right_flank	59	1.975	0	5000	0.0	0.0
clust0026	clustered_SSD_tandem	left_flank	0	-0.975	1	5000	0.126	0.2
clust0026	clustered_SSD_tandem	left_flank	1	-0.925	0	5000	0.0	0.0
clust0026	clustered_SSD_tandem	left_flank	2	-0.875	0	5000	0.0	0.0
clust0026	clustered_SSD_tandem	left_flank	3	-0.825	0	5000	0.0	0.0
clust0026	clustered_SSD_tandem	left_flank	4	-0.775	0	5000	0.0	0.0
clust0026	clustered_SSD_tandem	left_flank	5	-0.725	0	5000	0.0	0.0
clust0026	clustered_SSD_tandem	left_flank	6	-0.675	0	5000	0.0	0.0
clust0026	clustered_SSD_tandem	left_flank	7	-0.625	0	5000	0.0	0.0
clust0026	clustered_SSD_tandem	left_flank	8	-0.575	0	5000	0.0	0.0
clust0026	clustered_SSD_tandem	left_flank	9	-0.525	0	5000	0.0	0.0
clust0026	clustered_SSD_tandem	left_flank	10	-0.475	2	5000	0.252	0.4
clust0026	clustered_SSD_tandem	left_flank	11	-0.425	2	5000	0.1896	0.4
clust0026	clustered_SSD_tandem	left_flank	12	-0.375	2	5000	0.2472	0.4
clust0026	clustered_SSD_tandem	left_flank	13	-0.325	0	5000	0.0048	0.0
clust0026	clustered_SSD_tandem	left_flank	14	-0.275	0	5000	0.0	0.0
clust0026	clustered_SSD_tandem	left_flank	15	-0.225	0	5000	0.0	0.0
clust0026	clustered_SSD_tandem	left_flank	16	-0.175	0	5000	0.0	0.0
clust0026	clustered_SSD_tandem	left_flank	17	-0.125	0	5000	0.0	0.0
clust0026	clustered_SSD_tandem	left_flank	18	-0.075	0	5000	0.0	0.0
clust0026	clustered_SSD_tandem	left_flank	19	-0.025	0	5000	0.0	0.0
clust0026	clustered_SSD_tandem	body	20	0.025	0	8379	0.0	0.0
clust0026	clustered_SSD_tandem	body	21	0.075	0	8379	0.0	0.0
clust0026	clustered_SSD_tandem	body	22	0.125	0	8379	0.0	0.0
clust0026	clustered_SSD_tandem	body	23	0.175	0	8379	0.0	0.0
clust0026	clustered_SSD_tandem	body	24	0.225	0	8379	0.0	0.0
clust0026	clustered_SSD_tandem	body	25	0.275	0	8379	0.0	0.0
clust0026	clustered_SSD_tandem	body	26	0.325	0	8379	0.0	0.0
clust0026	clustered_SSD_tandem	body	27	0.375	0	8379	0.0	0.0
clust0026	clustered_SSD_tandem	body	28	0.425	0	8379	0.0	0.0
clust0026	clustered_SSD_tandem	body	29	0.475	0	8380	0.0	0.0
clust0026	clustered_SSD_tandem	body	30	0.525	0	8379	0.0	0.0
clust0026	clustered_SSD_tandem	body	31	0.575	0	8379	0.0	0.0
clust0026	clustered_SSD_tandem	body	32	0.625	0	8379	0.0	0.0
clust0026	clustered_SSD_tandem	body	33	0.675	0	8379	0.0	0.0
clust0026	clustered_SSD_tandem	body	34	0.725	0	8379	0.0	0.0
clust0026	clustered_SSD_tandem	body	35	0.775	0	8379	0.0	0.0
clust0026	clustered_SSD_tandem	body	36	0.825	0	8379	0.0	0.0
clust0026	clustered_SSD_tandem	body	37	0.875	0	8379	0.0	0.0
clust0026	clustered_SSD_tandem	body	38	0.925	0	8379	0.0	0.0
clust0026	clustered_SSD_tandem	body	39	0.975	0	8380	0.0	0.0
clust0026	clustered_SSD_tandem	right_flank	40	1.025	0	5000	0.0	0.0
clust0026	clustered_SSD_tandem	right_flank	41	1.075	0	5000	0.0	0.0
clust0026	clustered_SSD_tandem	right_flank	42	1.125	0	5000	0.0	0.0
clust0026	clustered_SSD_tandem	right_flank	43	1.175	0	5000	0.0	0.0
clust0026	clustered_SSD_tandem	right_flank	44	1.225	0	5000	0.0	0.0
clust0026	clustered_SSD_tandem	right_flank	45	1.275	0	5000	0.0	0.0
clust0026	clustered_SSD_tandem	right_flank	46	1.325	0	5000	0.0	0.0
clust0026	clustered_SSD_tandem	right_flank	47	1.375	0	5000	0.0	0.0
clust0026	clustered_SSD_tandem	right_flank	48	1.425	0	5000	0.0	0.0
clust0026	clustered_SSD_tandem	right_flank	49	1.475	0	5000	0.0	0.0
clust0026	clustered_SSD_tandem	right_flank	50	1.525	2	5000	0.2358	0.4
clust0026	clustered_SSD_tandem	right_flank	51	1.575	0	5000	0.0162	0.0
clust0026	clustered_SSD_tandem	right_flank	52	1.625	0	5000	0.0	0.0
clust0026	clustered_SSD_tandem	right_flank	53	1.675	0	5000	0.0	0.0
clust0026	clustered_SSD_tandem	right_flank	54	1.725	0	5000	0.0	0.0
clust0026	clustered_SSD_tandem	right_flank	55	1.775	0	5000	0.0	0.0
clust0026	clustered_SSD_tandem	right_flank	56	1.825	0	5000	0.0	0.0
clust0026	clustered_SSD_tandem	right_flank	57	1.875	0	5000	0.0	0.0
clust0026	clustered_SSD_tandem	right_flank	58	1.925	0	5000	0.0	0.0
clust0026	clustered_SSD_tandem	right_flank	59	1.975	0	5000	0.0	0.0
clust0037	clustered_SSD_tandem	left_flank	0	-0.975	0	5000	0.0	0.0
clust0037	clustered_SSD_tandem	left_flank	1	-0.925	0	5000	0.0	0.0
clust0037	clustered_SSD_tandem	left_flank	2	-0.875	0	5000	0.0	0.0
clust0037	clustered_SSD_tandem	left_flank	3	-0.825	0	5000	0.0	0.0
clust0037	clustered_SSD_tandem	left_flank	4	-0.775	0	5000	0.0	0.0
clust0037	clustered_SSD_tandem	left_flank	5	-0.725	0	5000	0.0	0.0
clust0037	clustered_SSD_tandem	left_flank	6	-0.675	0	5000	0.0	0.0
clust0037	clustered_SSD_tandem	left_flank	7	-0.625	0	5000	0.0	0.0
clust0037	clustered_SSD_tandem	left_flank	8	-0.575	0	5000	0.0	0.0
clust0037	clustered_SSD_tandem	left_flank	9	-0.525	2	5000	0.1892	0.4
clust0037	clustered_SSD_tandem	left_flank	10	-0.475	0	5000	0.0	0.0
clust0037	clustered_SSD_tandem	left_flank	11	-0.425	0	5000	0.0	0.0
clust0037	clustered_SSD_tandem	left_flank	12	-0.375	2	5000	0.162	0.4
clust0037	clustered_SSD_tandem	left_flank	13	-0.325	0	5000	0.0	0.0
clust0037	clustered_SSD_tandem	left_flank	14	-0.275	0	5000	0.0	0.0
clust0037	clustered_SSD_tandem	left_flank	15	-0.225	0	5000	0.0	0.0
clust0037	clustered_SSD_tandem	left_flank	16	-0.175	0	5000	0.0	0.0
clust0037	clustered_SSD_tandem	left_flank	17	-0.125	0	5000	0.0	0.0
clust0037	clustered_SSD_tandem	left_flank	18	-0.075	0	5000	0.0	0.0
clust0037	clustered_SSD_tandem	left_flank	19	-0.025	1	5000	0.0316	0.2
clust0037	clustered_SSD_tandem	body	20	0.025	0	15345	0.0	0.0
clust0037	clustered_SSD_tandem	body	21	0.075	0	15345	0.0	0.0
clust0037	clustered_SSD_tandem	body	22	0.125	0	15345	0.0	0.0
clust0037	clustered_SSD_tandem	body	23	0.175	0	15345	0.0	0.0
clust0037	clustered_SSD_tandem	body	24	0.225	0	15345	0.0	0.0
clust0037	clustered_SSD_tandem	body	25	0.275	1	15345	0.041056	0.065168
clust0037	clustered_SSD_tandem	body	26	0.325	0	15345	0.0	0.0
clust0037	clustered_SSD_tandem	body	27	0.375	2	15345	0.061062	0.130336
clust0037	clustered_SSD_tandem	body	28	0.425	0	15345	0.0	0.0
clust0037	clustered_SSD_tandem	body	29	0.475	0	15346	0.0	0.0
clust0037	clustered_SSD_tandem	body	30	0.525	0	15345	0.0	0.0
clust0037	clustered_SSD_tandem	body	31	0.575	1	15345	0.041056	0.065168
clust0037	clustered_SSD_tandem	body	32	0.625	0	15345	0.0	0.0
clust0037	clustered_SSD_tandem	body	33	0.675	0	15345	0.0	0.0
clust0037	clustered_SSD_tandem	body	34	0.725	0	15345	0.0	0.0
clust0037	clustered_SSD_tandem	body	35	0.775	0	15345	0.0	0.0
clust0037	clustered_SSD_tandem	body	36	0.825	0	15345	0.0	0.0
clust0037	clustered_SSD_tandem	body	37	0.875	0	15345	0.0	0.0
clust0037	clustered_SSD_tandem	body	38	0.925	0	15345	0.0	0.0
clust0037	clustered_SSD_tandem	body	39	0.975	0	15346	0.0	0.0
clust0037	clustered_SSD_tandem	right_flank	40	1.025	0	5000	0.0	0.0
clust0037	clustered_SSD_tandem	right_flank	41	1.075	0	5000	0.0	0.0
clust0037	clustered_SSD_tandem	right_flank	42	1.125	0	5000	0.0	0.0
clust0037	clustered_SSD_tandem	right_flank	43	1.175	0	5000	0.0	0.0
clust0037	clustered_SSD_tandem	right_flank	44	1.225	0	5000	0.0	0.0
clust0037	clustered_SSD_tandem	right_flank	45	1.275	0	5000	0.0	0.0
clust0037	clustered_SSD_tandem	right_flank	46	1.325	0	5000	0.0	0.0
clust0037	clustered_SSD_tandem	right_flank	47	1.375	0	5000	0.0	0.0
clust0037	clustered_SSD_tandem	right_flank	48	1.425	0	5000	0.0	0.0
clust0037	clustered_SSD_tandem	right_flank	49	1.475	0	5000	0.0	0.0
clust0037	clustered_SSD_tandem	right_flank	50	1.525	0	5000	0.0	0.0
clust0037	clustered_SSD_tandem	right_flank	51	1.575	0	5000	0.0	0.0
clust0037	clustered_SSD_tandem	right_flank	52	1.625	0	5000	0.0	0.0
clust0037	clustered_SSD_tandem	right_flank	53	1.675	0	5000	0.0	0.0
clust0037	clustered_SSD_tandem	right_flank	54	1.725	0	5000	0.0	0.0
clust0037	clustered_SSD_tandem	right_flank	55	1.775	0	5000	0.0	0.0
clust0037	clustered_SSD_tandem	right_flank	56	1.825	0	5000	0.0	0.0
clust0037	clustered_SSD_tandem	right_flank	57	1.875	0	5000	0.0	0.0
clust0037	clustered_SSD_tandem	right_flank	58	1.925	0	5000	0.0	0.0
clust0037	clustered_SSD_tandem	right_flank	59	1.975	0	5000	0.0	0.0
clust0027	clustered_SSD_tandem	left_flank	0	-0.975	0	5000	0.0	0.0
clust0027	clustered_SSD_tandem	left_flank	1	-0.925	2	5000	0.169	0.4
clust0027	clustered_SSD_tandem	left_flank	2	-0.875	0	5000	0.0	0.0
clust0027	clustered_SSD_tandem	left_flank	3	-0.825	1	5000	0.126	0.2
clust0027	clustered_SSD_tandem	left_flank	4	-0.775	0	5000	0.0	0.0
clust0027	clustered_SSD_tandem	left_flank	5	-0.725	0	5000	0.0	0.0
clust0027	clustered_SSD_tandem	left_flank	6	-0.675	0	5000	0.0	0.0
clust0027	clustered_SSD_tandem	left_flank	7	-0.625	0	5000	0.0	0.0
clust0027	clustered_SSD_tandem	left_flank	8	-0.575	0	5000	0.0	0.0
clust0027	clustered_SSD_tandem	left_flank	9	-0.525	0	5000	0.0	0.0
clust0027	clustered_SSD_tandem	left_flank	10	-0.475	0	5000	0.0388	0.0
clust0027	clustered_SSD_tandem	left_flank	11	-0.425	1	5000	0.0872	0.2
clust0027	clustered_SSD_tandem	left_flank	12	-0.375	0	5000	0.0	0.0
clust0027	clustered_SSD_tandem	left_flank	13	-0.325	0	5000	0.0	0.0
clust0027	clustered_SSD_tandem	left_flank	14	-0.275	0	5000	0.0	0.0
clust0027	clustered_SSD_tandem	left_flank	15	-0.225	0	5000	0.0	0.0
clust0027	clustered_SSD_tandem	left_flank	16	-0.175	0	5000	0.0	0.0
clust0027	clustered_SSD_tandem	left_flank	17	-0.125	1	5000	0.126	0.2
clust0027	clustered_SSD_tandem	left_flank	18	-0.075	0	5000	0.0	0.0
clust0027	clustered_SSD_tandem	left_flank	19	-0.025	0	5000	0.0	0.0
clust0027	clustered_SSD_tandem	body	20	0.025	0	1522	0.0	0.0
clust0027	clustered_SSD_tandem	body	21	0.075	0	1522	0.0	0.0
clust0027	clustered_SSD_tandem	body	22	0.125	0	1522	0.0	0.0
clust0027	clustered_SSD_tandem	body	23	0.175	0	1522	0.0	0.0
clust0027	clustered_SSD_tandem	body	24	0.225	0	1522	0.0	0.0
clust0027	clustered_SSD_tandem	body	25	0.275	0	1522	0.0	0.0
clust0027	clustered_SSD_tandem	body	26	0.325	0	1522	0.0	0.0
clust0027	clustered_SSD_tandem	body	27	0.375	0	1522	0.0	0.0
clust0027	clustered_SSD_tandem	body	28	0.425	0	1522	0.0	0.0
clust0027	clustered_SSD_tandem	body	29	0.475	0	1522	0.0	0.0
clust0027	clustered_SSD_tandem	body	30	0.525	0	1522	0.0	0.0
clust0027	clustered_SSD_tandem	body	31	0.575	0	1522	0.0	0.0
clust0027	clustered_SSD_tandem	body	32	0.625	0	1522	0.0	0.0
clust0027	clustered_SSD_tandem	body	33	0.675	0	1522	0.0	0.0
clust0027	clustered_SSD_tandem	body	34	0.725	0	1522	0.0	0.0
clust0027	clustered_SSD_tandem	body	35	0.775	0	1522	0.0	0.0
clust0027	clustered_SSD_tandem	body	36	0.825	0	1522	0.0	0.0
clust0027	clustered_SSD_tandem	body	37	0.875	0	1522	0.0	0.0
clust0027	clustered_SSD_tandem	body	38	0.925	0	1522	0.0	0.0
clust0027	clustered_SSD_tandem	body	39	0.975	0	1523	0.0	0.0
clust0027	clustered_SSD_tandem	right_flank	40	1.025	0	5000	0.0	0.0
clust0027	clustered_SSD_tandem	right_flank	41	1.075	0	5000	0.0	0.0
clust0027	clustered_SSD_tandem	right_flank	42	1.125	0	5000	0.0	0.0
clust0027	clustered_SSD_tandem	right_flank	43	1.175	0	5000	0.0	0.0
clust0027	clustered_SSD_tandem	right_flank	44	1.225	2	5000	0.1894	0.4
clust0027	clustered_SSD_tandem	right_flank	45	1.275	0	5000	0.0	0.0
clust0027	clustered_SSD_tandem	right_flank	46	1.325	0	5000	0.0	0.0
clust0027	clustered_SSD_tandem	right_flank	47	1.375	0	5000	0.0	0.0
clust0027	clustered_SSD_tandem	right_flank	48	1.425	0	5000	0.0	0.0
clust0027	clustered_SSD_tandem	right_flank	49	1.475	0	5000	0.0	0.0
clust0027	clustered_SSD_tandem	right_flank	50	1.525	2	5000	0.1868	0.4
clust0027	clustered_SSD_tandem	right_flank	51	1.575	0	5000	0.0	0.0
clust0027	clustered_SSD_tandem	right_flank	52	1.625	0	5000	0.0	0.0
clust0027	clustered_SSD_tandem	right_flank	53	1.675	0	5000	0.0	0.0
clust0027	clustered_SSD_tandem	right_flank	54	1.725	0	5000	0.0	0.0
clust0027	clustered_SSD_tandem	right_flank	55	1.775	0	5000	0.0	0.0
clust0027	clustered_SSD_tandem	right_flank	56	1.825	0	5000	0.0	0.0
clust0027	clustered_SSD_tandem	right_flank	57	1.875	0	5000	0.0	0.0
clust0027	clustered_SSD_tandem	right_flank	58	1.925	0	5000	0.0	0.0
clust0027	clustered_SSD_tandem	right_flank	59	1.975	0	5000	0.0	0.0
clust0029	clustered_SSD_tandem	left_flank	0	-0.975	0	5000	0.0	0.0
clust0029	clustered_SSD_tandem	left_flank	1	-0.925	0	5000	0.0	0.0
clust0029	clustered_SSD_tandem	left_flank	2	-0.875	0	5000	0.0	0.0
clust0029	clustered_SSD_tandem	left_flank	3	-0.825	0	5000	0.0	0.0
clust0029	clustered_SSD_tandem	left_flank	4	-0.775	1	5000	0.126	0.2
clust0029	clustered_SSD_tandem	left_flank	5	-0.725	0	5000	0.0	0.0
clust0029	clustered_SSD_tandem	left_flank	6	-0.675	0	5000	0.0	0.0
clust0029	clustered_SSD_tandem	left_flank	7	-0.625	0	5000	0.0	0.0
clust0029	clustered_SSD_tandem	left_flank	8	-0.575	0	5000	0.0	0.0
clust0029	clustered_SSD_tandem	left_flank	9	-0.525	0	5000	0.0	0.0
clust0029	clustered_SSD_tandem	left_flank	10	-0.475	0	5000	0.0	0.0
clust0029	clustered_SSD_tandem	left_flank	11	-0.425	0	5000	0.0	0.0
clust0029	clustered_SSD_tandem	left_flank	12	-0.375	0	5000	0.0492	0.0
clust0029	clustered_SSD_tandem	left_flank	13	-0.325	1	5000	0.0768	0.2
clust0029	clustered_SSD_tandem	left_flank	14	-0.275	0	5000	0.0	0.0
clust0029	clustered_SSD_tandem	left_flank	15	-0.225	0	5000	0.0	0.0
clust0029	clustered_SSD_tandem	left_flank	16	-0.175	0	5000	0.0	0.0
clust0029	clustered_SSD_tandem	left_flank	17	-0.125	0	5000	0.0	0.0
clust0029	clustered_SSD_tandem	left_flank	18	-0.075	0	5000	0.0	0.0
clust0029	clustered_SSD_tandem	left_flank	19	-0.025	0	5000	0.0	0.0
clust0029	clustered_SSD_tandem	body	20	0.025	0	10793	0.0	0.0
clust0029	clustered_SSD_tandem	body	21	0.075	0	10793	0.0	0.0
clust0029	clustered_SSD_tandem	body	22	0.125	0	10793	0.0	0.0
clust0029	clustered_SSD_tandem	body	23	0.175	0	10793	0.0	0.0
clust0029	clustered_SSD_tandem	body	24	0.225	2	10793	0.116742	0.185305
clust0029	clustered_SSD_tandem	body	25	0.275	0	10793	0.0	0.0
clust0029	clustered_SSD_tandem	body	26	0.325	0	10793	0.0	0.0
clust0029	clustered_SSD_tandem	body	27	0.375	0	10793	0.0	0.0
clust0029	clustered_SSD_tandem	body	28	0.425	1	10793	0.058371	0.092653
clust0029	clustered_SSD_tandem	body	29	0.475	0	10794	0.0	0.0
clust0029	clustered_SSD_tandem	body	30	0.525	0	10793	0.0	0.0
clust0029	clustered_SSD_tandem	body	31	0.575	0	10793	0.0	0.0
clust0029	clustered_SSD_tandem	body	32	0.625	0	10793	0.0	0.0
clust0029	clustered_SSD_tandem	body	33	0.675	0	10793	0.0	0.0
clust0029	clustered_SSD_tandem	body	34	0.725	2	10793	0.116742	0.185305
clust0029	clustered_SSD_tandem	body	35	0.775	1	10793	0.058371	0.092653
clust0029	clustered_SSD_tandem	body	36	0.825	0	10793	0.0	0.0
clust0029	clustered_SSD_tandem	body	37	0.875	0	10793	0.0	0.0
clust0029	clustered_SSD_tandem	body	38	0.925	0	10793	0.0	0.0
clust0029	clustered_SSD_tandem	body	39	0.975	0	10794	0.0	0.0
clust0029	clustered_SSD_tandem	right_flank	40	1.025	0	5000	0.0	0.0
clust0029	clustered_SSD_tandem	right_flank	41	1.075	0	5000	0.0	0.0
clust0029	clustered_SSD_tandem	right_flank	42	1.125	0	5000	0.0	0.0
clust0029	clustered_SSD_tandem	right_flank	43	1.175	0	5000	0.0	0.0
clust0029	clustered_SSD_tandem	right_flank	44	1.225	0	5000	0.0	0.0
clust0029	clustered_SSD_tandem	right_flank	45	1.275	0	5000	0.0	0.0
clust0029	clustered_SSD_tandem	right_flank	46	1.325	0	5000	0.0	0.0
clust0029	clustered_SSD_tandem	right_flank	47	1.375	0	5000	0.0	0.0
clust0029	clustered_SSD_tandem	right_flank	48	1.425	0	5000	0.0	0.0
clust0029	clustered_SSD_tandem	right_flank	49	1.475	0	5000	0.0	0.0
clust0029	clustered_SSD_tandem	right_flank	50	1.525	0	5000	0.0	0.0
clust0029	clustered_SSD_tandem	right_flank	51	1.575	0	5000	0.0	0.0
clust0029	clustered_SSD_tandem	right_flank	52	1.625	0	5000	0.0	0.0
clust0029	clustered_SSD_tandem	right_flank	53	1.675	0	5000	0.0	0.0
clust0029	clustered_SSD_tandem	right_flank	54	1.725	0	5000	0.0	0.0
clust0029	clustered_SSD_tandem	right_flank	55	1.775	0	5000	0.0	0.0
clust0029	clustered_SSD_tandem	right_flank	56	1.825	0	5000	0.0	0.0
clust0029	clustered_SSD_tandem	right_flank	57	1.875	0	5000	0.0	0.0
clust0029	clustered_SSD_tandem	right_flank	58	1.925	0	5000	0.0	0.0
clust0029	clustered_SSD_tandem	right_flank	59	1.975	0	5000	0.0	0.0
clust0004	clustered_SSD_tandem	left_flank	0	-0.975	2	5000	0.252	0.4
clust0004	clustered_SSD_tandem	left_flank	1	-0.925	0	5000	0.0	0.0
clust0004	clustered_SSD_tandem	left_flank	2	-0.875	0	5000	0.0	0.0
clust0004	clustered_SSD_tandem	left_flank	3	-0.825	0	5000	0.0	0.0
clust0004	clustered_SSD_tandem	left_flank	4	-0.775	0	5000	0.0	0.0
clust0004	clustered_SSD_tandem	left_flank	5	-0.725	2	5000	0.252	0.4
clust0004	clustered_SSD_tandem	left_flank	6	-0.675	0	5000	0.0	0.0
clust0004	clustered_SSD_tandem	left_flank	7	-0.625	0	5000	0.0	0.0
clust0004	clustered_SSD_tandem	left_flank	8	-0.575	0	5000	0.0	0.0
clust0004	clustered_SSD_tandem	left_flank	9	-0.525	0	5000	0.0	0.0
clust0004	clustered_SSD_tandem	left_flank	10	-0.475	0	5000	0.0	0.0
clust0004	clustered_SSD_tandem	left_flank	11	-0.425	0	5000	0.0	0.0
clust0004	clustered_SSD_tandem	left_flank	12	-0.375	0	5000	0.0	0.0
clust0004	clustered_SSD_tandem	left_flank	13	-0.325	0	5000	0.0	0.0
clust0004	clustered_SSD_tandem	left_flank	14	-0.275	0	5000	0.0	0.0
clust0004	clustered_SSD_tandem	left_flank	15	-0.225	0	5000	0.0	0.0
clust0004	clustered_SSD_tandem	left_flank	16	-0.175	0	5000	0.0	0.0
clust0004	clustered_SSD_tandem	left_flank	17	-0.125	0	5000	0.0	0.0
clust0004	clustered_SSD_tandem	left_flank	18	-0.075	0	5000	0.0	0.0
clust0004	clustered_SSD_tandem	left_flank	19	-0.025	0	5000	0.0	0.0
clust0004	clustered_SSD_tandem	body	20	0.025	0	1172	0.0	0.0
clust0004	clustered_SSD_tandem	body	21	0.075	0	1173	0.0	0.0
clust0004	clustered_SSD_tandem	body	22	0.125	0	1173	0.0	0.0
clust0004	clustered_SSD_tandem	body	23	0.175	0	1173	0.0	0.0
clust0004	clustered_SSD_tandem	body	24	0.225	0	1173	0.0	0.0
clust0004	clustered_SSD_tandem	body	25	0.275	0	1172	0.0	0.0
clust0004	clustered_SSD_tandem	body	26	0.325	0	1173	0.0	0.0
clust0004	clustered_SSD_tandem	body	27	0.375	0	1173	0.0	0.0
clust0004	clustered_SSD_tandem	body	28	0.425	0	1173	0.0	0.0
clust0004	clustered_SSD_tandem	body	29	0.475	0	1173	0.0	0.0
clust0004	clustered_SSD_tandem	body	30	0.525	0	1172	0.0	0.0
clust0004	clustered_SSD_tandem	body	31	0.575	0	1173	0.0	0.0
clust0004	clustered_SSD_tandem	body	32	0.625	0	1173	0.0	0.0
clust0004	clustered_SSD_tandem	body	33	0.675	0	1173	0.0	0.0
clust0004	clustered_SSD_tandem	body	34	0.725	0	1173	0.0	0.0
clust0004	clustered_SSD_tandem	body	35	0.775	0	1172	0.0	0.0
clust0004	clustered_SSD_tandem	body	36	0.825	0	1173	0.0	0.0
clust0004	clustered_SSD_tandem	body	37	0.875	0	1173	0.0	0.0
clust0004	clustered_SSD_tandem	body	38	0.925	0	1173	0.0	0.0
clust0004	clustered_SSD_tandem	body	39	0.975	0	1173	0.0	0.0
clust0004	clustered_SSD_tandem	right_flank	40	1.025	0	5000	0.0	0.0
clust0004	clustered_SSD_tandem	right_flank	41	1.075	0	5000	0.0	0.0
clust0004	clustered_SSD_tandem	right_flank	42	1.125	0	5000	0.0	0.0
clust0004	clustered_SSD_tandem	right_flank	43	1.175	0	5000	0.0	0.0
clust0004	clustered_SSD_tandem	right_flank	44	1.225	0	5000	0.0	0.0
clust0004	clustered_SSD_tandem	right_flank	45	1.275	0	5000	0.0	0.0
clust0004	clustered_SSD_tandem	right_flank	46	1.325	0	5000	0.0	0.0
clust0004	clustered_SSD_tandem	right_flank	47	1.375	0	5000	0.0	0.0
clust0004	clustered_SSD_tandem	right_flank	48	1.425	0	5000	0.0	0.0
clust0004	clustered_SSD_tandem	right_flank	49	1.475	0	5000	0.0	0.0
clust0004	clustered_SSD_tandem	right_flank	50	1.525	0	5000	0.0	0.0
clust0004	clustered_SSD_tandem	right_flank	51	1.575	1	5000	0.0434	0.2
clust0004	clustered_SSD_tandem	right_flank	52	1.625	1	5000	0.1142	0.2
clust0004	clustered_SSD_tandem	right_flank	53	1.675	0	5000	0.0	0.0
clust0004	clustered_SSD_tandem	right_flank	54	1.725	0	5000	0.0	0.0
clust0004	clustered_SSD_tandem	right_flank	55	1.775	0	5000	0.0	0.0
clust0004	clustered_SSD_tandem	right_flank	56	1.825	0	5000	0.0	0.0
clust0004	clustered_SSD_tandem	right_flank	57	1.875	0	5000	0.0	0.0
clust0004	clustered_SSD_tandem	right_flank	58	1.925	0	5000	0.0	0.0
clust0004	clustered_SSD_tandem	right_flank	59	1.975	0	5000	0.0	0.0
clust0005	clustered_SSD_tandem	left_flank	0	-0.975	3	5000	0.2908	0.6
clust0005	clustered_SSD_tandem	left_flank	1	-0.925	0	5000	0.0	0.0
clust0005	clustered_SSD_tandem	left_flank	2	-0.875	0	5000	0.0	0.0
clust0005	clustered_SSD_tandem	left_flank	3	-0.825	0	5000	0.0	0.0
clust0005	clustered_SSD_tandem	left_flank	4	-0.775	0	5000	0.0	0.0
clust0005	clustered_SSD_tandem	left_flank	5	-0.725	0	5000	0.0	0.0
clust0005	clustered_SSD_tandem	left_flank	6	-0.675	0	5000	0.0	0.0
clust0005	clustered_SSD_tandem	left_flank	7	-0.625	0	5000	0.0	0.0
clust0005	clustered_SSD_tandem	left_flank	8	-0.575	0	5000	0.0	0.0
clust0005	clustered_SSD_tandem	left_flank	9	-0.525	0	5000	0.0	0.0
clust0005	clustered_SSD_tandem	left_flank	10	-0.475	0	5000	0.0	0.0
clust0005	clustered_SSD_tandem	left_flank	11	-0.425	0	5000	0.0	0.0
clust0005	clustered_SSD_tandem	left_flank	12	-0.375	0	5000	0.0	0.0
clust0005	clustered_SSD_tandem	left_flank	13	-0.325	1	5000	0.126	0.2
clust0005	clustered_SSD_tandem	left_flank	14	-0.275	0	5000	0.0	0.0
clust0005	clustered_SSD_tandem	left_flank	15	-0.225	1	5000	0.0692	0.2
clust0005	clustered_SSD_tandem	left_flank	16	-0.175	0	5000	0.0	0.0
clust0005	clustered_SSD_tandem	left_flank	17	-0.125	0	5000	0.0	0.0
clust0005	clustered_SSD_tandem	left_flank	18	-0.075	0	5000	0.0	0.0
clust0005	clustered_SSD_tandem	left_flank	19	-0.025	0	5000	0.0	0.0
clust0005	clustered_SSD_tandem	body	20	0.025	0	4043	0.0	0.0
clust0005	clustered_SSD_tandem	body	21	0.075	0	4044	0.0	0.0
clust0005	clustered_SSD_tandem	body	22	0.125	0	4043	0.0	0.0
clust0005	clustered_SSD_tandem	body	23	0.175	0	4044	0.0	0.0
clust0005	clustered_SSD_tandem	body	24	0.225	0	4044	0.0	0.0
clust0005	clustered_SSD_tandem	body	25	0.275	0	4043	0.0	0.0
clust0005	clustered_SSD_tandem	body	26	0.325	0	4044	0.0	0.0
clust0005	clustered_SSD_tandem	body	27	0.375	0	4043	0.0	0.0
clust0005	clustered_SSD_tandem	body	28	0.425	0	4044	0.0	0.0
clust0005	clustered_SSD_tandem	body	29	0.475	0	4044	0.0	0.0
clust0005	clustered_SSD_tandem	body	30	0.525	0	4043	0.0	0.0
clust0005	clustered_SSD_tandem	body	31	0.575	0	4044	0.0	0.0
clust0005	clustered_SSD_tandem	body	32	0.625	0	4043	0.0	0.0
clust0005	clustered_SSD_tandem	body	33	0.675	2	4044	0.223541	0.49456
clust0005	clustered_SSD_tandem	body	34	0.725	0	4044	0.0	0.0
clust0005	clustered_SSD_tandem	body	35	0.775	0	4043	0.0	0.0
clust0005	clustered_SSD_tandem	body	36	0.825	0	4044	0.0	0.0
clust0005	clustered_SSD_tandem	body	37	0.875	0	4043	0.0	0.0
clust0005	clustered_SSD_tandem	body	38	0.925	0	4044	0.0	0.0
clust0005	clustered_SSD_tandem	body	39	0.975	0	4044	0.0	0.0
clust0005	clustered_SSD_tandem	right_flank	40	1.025	0	5000	0.0	0.0
clust0005	clustered_SSD_tandem	right_flank	41	1.075	0	5000	0.0	0.0
clust0005	clustered_SSD_tandem	right_flank	42	1.125	0	5000	0.0	0.0
clust0005	clustered_SSD_tandem	right_flank	43	1.175	0	5000	0.0	0.0
clust0005	clustered_SSD_tandem	right_flank	44	1.225	0	5000	0.0	0.0
clust0005	clustered_SSD_tandem	right_flank	45	1.275	0	5000	0.0	0.0
clust0005	clustered_SSD_tandem	right_flank	46	1.325	0	5000	0.0	0.0
clust0005	clustered_SSD_tandem	right_flank	47	1.375	0	5000	0.0	0.0
clust0005	clustered_SSD_tandem	right_flank	48	1.425	0	5000	0.0	0.0
clust0005	clustered_SSD_tandem	right_flank	49	1.475	0	5000	0.0	0.0
clust0005	clustered_SSD_tandem	right_flank	50	1.525	1	5000	0.0838	0.2
clust0005	clustered_SSD_tandem	right_flank	51	1.575	1	5000	0.098	0.2
clust0005	clustered_SSD_tandem	right_flank	52	1.625	0	5000	0.0	0.0
clust0005	clustered_SSD_tandem	right_flank	53	1.675	0	5000	0.0	0.0
clust0005	clustered_SSD_tandem	right_flank	54	1.725	0	5000	0.0	0.0
clust0005	clustered_SSD_tandem	right_flank	55	1.775	0	5000	0.0016	0.0
clust0005	clustered_SSD_tandem	right_flank	56	1.825	2	5000	0.1646	0.4
clust0005	clustered_SSD_tandem	right_flank	57	1.875	0	5000	0.0	0.0
clust0005	clustered_SSD_tandem	right_flank	58	1.925	0	5000	0.0	0.0
clust0005	clustered_SSD_tandem	right_flank	59	1.975	0	5000	0.0424	0.0
clust0055	clustered_SSD_tandem	left_flank	0	-0.975	0	5000	0.0	0.0
clust0055	clustered_SSD_tandem	left_flank	1	-0.925	0	5000	0.0	0.0
clust0055	clustered_SSD_tandem	left_flank	2	-0.875	0	5000	0.0	0.0
clust0055	clustered_SSD_tandem	left_flank	3	-0.825	0	5000	0.0	0.0
clust0055	clustered_SSD_tandem	left_flank	4	-0.775	0	5000	0.0	0.0
clust0055	clustered_SSD_tandem	left_flank	5	-0.725	0	5000	0.0	0.0
clust0055	clustered_SSD_tandem	left_flank	6	-0.675	0	5000	0.0	0.0
clust0055	clustered_SSD_tandem	left_flank	7	-0.625	0	5000	0.0	0.0
clust0055	clustered_SSD_tandem	left_flank	8	-0.575	0	5000	0.0	0.0
clust0055	clustered_SSD_tandem	left_flank	9	-0.525	0	5000	0.0	0.0
clust0055	clustered_SSD_tandem	left_flank	10	-0.475	0	5000	0.0	0.0
clust0055	clustered_SSD_tandem	left_flank	11	-0.425	0	5000	0.0	0.0
clust0055	clustered_SSD_tandem	left_flank	12	-0.375	0	5000	0.0	0.0
clust0055	clustered_SSD_tandem	left_flank	13	-0.325	0	5000	0.0	0.0
clust0055	clustered_SSD_tandem	left_flank	14	-0.275	0	5000	0.0	0.0
clust0055	clustered_SSD_tandem	left_flank	15	-0.225	0	5000	0.0	0.0
clust0055	clustered_SSD_tandem	left_flank	16	-0.175	0	5000	0.0	0.0
clust0055	clustered_SSD_tandem	left_flank	17	-0.125	0	5000	0.0	0.0
clust0055	clustered_SSD_tandem	left_flank	18	-0.075	0	5000	0.0	0.0
clust0055	clustered_SSD_tandem	left_flank	19	-0.025	0	5000	0.0	0.0
clust0055	clustered_SSD_tandem	body	20	0.025	0	8650	0.0	0.0
clust0055	clustered_SSD_tandem	body	21	0.075	0	8650	0.0	0.0
clust0055	clustered_SSD_tandem	body	22	0.125	0	8650	0.0	0.0
clust0055	clustered_SSD_tandem	body	23	0.175	0	8650	0.0	0.0
clust0055	clustered_SSD_tandem	body	24	0.225	0	8650	0.0	0.0
clust0055	clustered_SSD_tandem	body	25	0.275	0	8650	0.0	0.0
clust0055	clustered_SSD_tandem	body	26	0.325	0	8651	0.0	0.0
clust0055	clustered_SSD_tandem	body	27	0.375	0	8650	0.0	0.0
clust0055	clustered_SSD_tandem	body	28	0.425	0	8650	0.0	0.0
clust0055	clustered_SSD_tandem	body	29	0.475	0	8650	0.0	0.0
clust0055	clustered_SSD_tandem	body	30	0.525	0	8650	0.0	0.0
clust0055	clustered_SSD_tandem	body	31	0.575	0	8650	0.0	0.0
clust0055	clustered_SSD_tandem	body	32	0.625	0	8650	0.0	0.0
clust0055	clustered_SSD_tandem	body	33	0.675	0	8651	0.0	0.0
clust0055	clustered_SSD_tandem	body	34	0.725	0	8650	0.0	0.0
clust0055	clustered_SSD_tandem	body	35	0.775	0	8650	0.0	0.0
clust0055	clustered_SSD_tandem	body	36	0.825	1	8650	0.072832	0.115607
clust0055	clustered_SSD_tandem	body	37	0.875	0	8650	0.0	0.0
clust0055	clustered_SSD_tandem	body	38	0.925	0	8650	0.0	0.0
clust0055	clustered_SSD_tandem	body	39	0.975	0	8651	0.0	0.0
clust0055	clustered_SSD_tandem	right_flank	40	1.025	0	5000	0.0	0.0
clust0055	clustered_SSD_tandem	right_flank	41	1.075	2	5000	0.252	0.4
clust0055	clustered_SSD_tandem	right_flank	42	1.125	0	5000	0.0	0.0
clust0055	clustered_SSD_tandem	right_flank	43	1.175	0	5000	0.0	0.0
clust0055	clustered_SSD_tandem	right_flank	44	1.225	0	5000	0.0	0.0
clust0055	clustered_SSD_tandem	right_flank	45	1.275	0	5000	0.0	0.0
clust0055	clustered_SSD_tandem	right_flank	46	1.325	0	5000	0.0	0.0
clust0055	clustered_SSD_tandem	right_flank	47	1.375	0	5000	0.0	0.0
clust0055	clustered_SSD_tandem	right_flank	48	1.425	0	5000	0.0	0.0
clust0055	clustered_SSD_tandem	right_flank	49	1.475	0	5000	0.0	0.0
clust0055	clustered_SSD_tandem	right_flank	50	1.525	0	5000	0.0	0.0
clust0055	clustered_SSD_tandem	right_flank	51	1.575	0	5000	0.0	0.0
clust0055	clustered_SSD_tandem	right_flank	52	1.625	2	5000	0.252	0.4
clust0055	clustered_SSD_tandem	right_flank	53	1.675	0	5000	0.0	0.0
clust0055	clustered_SSD_tandem	right_flank	54	1.725	1	5000	0.126	0.2
clust0055	clustered_SSD_tandem	right_flank	55	1.775	0	5000	0.0	0.0
clust0055	clustered_SSD_tandem	right_flank	56	1.825	0	5000	0.0	0.0
clust0055	clustered_SSD_tandem	right_flank	57	1.875	0	5000	0.0	0.0
clust0055	clustered_SSD_tandem	right_flank	58	1.925	0	5000	0.0	0.0
clust0055	clustered_SSD_tandem	right_flank	59	1.975	0	5000	0.0	0.0
clust0002	clustered_cis_ohnolog	left_flank	0	-0.975	0	5000	0.0	0.0
clust0002	clustered_cis_ohnolog	left_flank	1	-0.925	2	5000	0.252	0.4
clust0002	clustered_cis_ohnolog	left_flank	2	-0.875	0	5000	0.0	0.0
clust0002	clustered_cis_ohnolog	left_flank	3	-0.825	0	5000	0.0	0.0
clust0002	clustered_cis_ohnolog	left_flank	4	-0.775	0	5000	0.0	0.0
clust0002	clustered_cis_ohnolog	left_flank	5	-0.725	0	5000	0.0	0.0
clust0002	clustered_cis_ohnolog	left_flank	6	-0.675	0	5000	0.0	0.0
clust0002	clustered_cis_ohnolog	left_flank	7	-0.625	2	5000	0.1778	0.4
clust0002	clustered_cis_ohnolog	left_flank	8	-0.575	0	5000	0.0	0.0
clust0002	clustered_cis_ohnolog	left_flank	9	-0.525	2	5000	0.1758	0.4
clust0002	clustered_cis_ohnolog	left_flank	10	-0.475	0	5000	0.0	0.0
clust0002	clustered_cis_ohnolog	left_flank	11	-0.425	0	5000	0.0	0.0
clust0002	clustered_cis_ohnolog	left_flank	12	-0.375	0	5000	0.0	0.0
clust0002	clustered_cis_ohnolog	left_flank	13	-0.325	0	5000	0.0	0.0
clust0002	clustered_cis_ohnolog	left_flank	14	-0.275	0	5000	0.0	0.0
clust0002	clustered_cis_ohnolog	left_flank	15	-0.225	0	5000	0.0	0.0
clust0002	clustered_cis_ohnolog	left_flank	16	-0.175	1	5000	0.126	0.2
clust0002	clustered_cis_ohnolog	left_flank	17	-0.125	0	5000	0.0	0.0
clust0002	clustered_cis_ohnolog	left_flank	18	-0.075	0	5000	0.0	0.0
clust0002	clustered_cis_ohnolog	left_flank	19	-0.025	0	5000	0.0	0.0
clust0002	clustered_cis_ohnolog	body	20	0.025	0	7043	0.0	0.0
clust0002	clustered_cis_ohnolog	body	21	0.075	0	7043	0.0	0.0
clust0002	clustered_cis_ohnolog	body	22	0.125	0	7044	0.0	0.0
clust0002	clustered_cis_ohnolog	body	23	0.175	0	7043	0.0	0.0
clust0002	clustered_cis_ohnolog	body	24	0.225	0	7044	0.0	0.0
clust0002	clustered_cis_ohnolog	body	25	0.275	0	7043	0.0	0.0
clust0002	clustered_cis_ohnolog	body	26	0.325	0	7044	0.0	0.0
clust0002	clustered_cis_ohnolog	body	27	0.375	2	7043	0.131336	0.28397
clust0002	clustered_cis_ohnolog	body	28	0.425	0	7044	0.0	0.0
clust0002	clustered_cis_ohnolog	body	29	0.475	0	7043	0.0	0.0
clust0002	clustered_cis_ohnolog	body	30	0.525	0	7043	0.0	0.0
clust0002	clustered_cis_ohnolog	body	31	0.575	0	7044	0.0	0.0
clust0002	clustered_cis_ohnolog	body	32	0.625	0	7043	0.0	0.0
clust0002	clustered_cis_ohnolog	body	33	0.675	0	7044	0.0	0.0
clust0002	clustered_cis_ohnolog	body	34	0.725	0	7043	0.0	0.0
clust0002	clustered_cis_ohnolog	body	35	0.775	0	7044	0.0	0.0
clust0002	clustered_cis_ohnolog	body	36	0.825	0	7043	0.0	0.0
clust0002	clustered_cis_ohnolog	body	37	0.875	0	7044	0.0	0.0
clust0002	clustered_cis_ohnolog	body	38	0.925	0	7043	0.0	0.0
clust0002	clustered_cis_ohnolog	body	39	0.975	0	7044	0.0	0.0
clust0002	clustered_cis_ohnolog	right_flank	40	1.025	0	5000	0.0	0.0
clust0002	clustered_cis_ohnolog	right_flank	41	1.075	0	5000	0.0	0.0
clust0002	clustered_cis_ohnolog	right_flank	42	1.125	0	5000	0.0	0.0
clust0002	clustered_cis_ohnolog	right_flank	43	1.175	0	5000	0.0	0.0
clust0002	clustered_cis_ohnolog	right_flank	44	1.225	0	5000	0.0	0.0
clust0002	clustered_cis_ohnolog	right_flank	45	1.275	0	5000	0.0	0.0
clust0002	clustered_cis_ohnolog	right_flank	46	1.325	0	5000	0.0	0.0
clust0002	clustered_cis_ohnolog	right_flank	47	1.375	0	5000	0.0	0.0
clust0002	clustered_cis_ohnolog	right_flank	48	1.425	0	5000	0.0	0.0
clust0002	clustered_cis_ohnolog	right_flank	49	1.475	0	5000	0.0	0.0
clust0002	clustered_cis_ohnolog	right_flank	50	1.525	0	5000	0.0	0.0
clust0002	clustered_cis_ohnolog	right_flank	51	1.575	0	5000	0.0	0.0
clust0002	clustered_cis_ohnolog	right_flank	52	1.625	0	5000	0.0	0.0
clust0002	clustered_cis_ohnolog	right_flank	53	1.675	0	5000	0.0	0.0
clust0002	clustered_cis_ohnolog	right_flank	54	1.725	0	5000	0.0	0.0
clust0002	clustered_cis_ohnolog	right_flank	55	1.775	0	5000	0.0	0.0
clust0002	clustered_cis_ohnolog	right_flank	56	1.825	0	5000	0.0	0.0
clust0002	clustered_cis_ohnolog	right_flank	57	1.875	0	5000	0.0	0.0
clust0002	clustered_cis_ohnolog	right_flank	58	1.925	0	5000	0.0	0.0
clust0002	clustered_cis_ohnolog	right_flank	59	1.975	0	5000	0.0	0.0
clust0034	clustered_cis_ohnolog	left_flank	0	-0.975	0	5000	0.0	0.0
clust0034	clustered_cis_ohnolog	left_flank	1	-0.925	0	5000	0.0	0.0
clust0034	clustered_cis_ohnolog	left_flank	2	-0.875	0	5000	0.0	0.0
clust0034	clustered_cis_ohnolog	left_flank	3	-0.825	0	5000	0.0	0.0
clust0034	clustered_cis_ohnolog	left_flank	4	-0.775	1	5000	0.126	0.2
clust0034	clustered_cis_ohnolog	left_flank	5	-0.725	0	5000	0.0	0.0
clust0034	clustered_cis_ohnolog	left_flank	6	-0.675	0	5000	0.0	0.0
clust0034	clustered_cis_ohnolog	left_flank	7	-0.625	0	5000	0.0	0.0
clust0034	clustered_cis_ohnolog	left_flank	8	-0.575	0	5000	0.0	0.0
clust0034	clustered_cis_ohnolog	left_flank	9	-0.525	0	5000	0.0	0.0
clust0034	clustered_cis_ohnolog	left_flank	10	-0.475	0	5000	0.0	0.0
clust0034	clustered_cis_ohnolog	left_flank	11	-0.425	0	5000	0.0	0.0
clust0034	clustered_cis_ohnolog	left_flank	12	-0.375	0	5000	0.0	0.0
clust0034	clustered_cis_ohnolog	left_flank	13	-0.325	0	5000	0.0	0.0
clust0034	clustered_cis_ohnolog	left_flank	14	-0.275	2	5000	0.252	0.4
clust0034	clustered_cis_ohnolog	left_flank	15	-0.225	0	5000	0.0	0.0
clust0034	clustered_cis_ohnolog	left_flank	16	-0.175	0	5000	0.0	0.0
clust0034	clustered_cis_ohnolog	left_flank	17	-0.125	0	5000	0.0	0.0
clust0034	clustered_cis_ohnolog	left_flank	18	-0.075	0	5000	0.0	0.0
clust0034	clustered_cis_ohnolog	left_flank	19	-0.025	0	5000	0.0	0.0
clust0034	clustered_cis_ohnolog	body	20	0.025	0	1220	0.0	0.0
clust0034	clustered_cis_ohnolog	body	21	0.075	0	1220	0.0	0.0
clust0034	clustered_cis_ohnolog	body	22	0.125	0	1220	0.0	0.0
clust0034	clustered_cis_ohnolog	body	23	0.175	0	1221	0.0	0.0
clust0034	clustered_cis_ohnolog	body	24	0.225	0	1220	0.0	0.0
clust0034	clustered_cis_ohnolog	body	25	0.275	0	1220	0.0	0.0
clust0034	clustered_cis_ohnolog	body	26	0.325	2	1221	0.767404	1.638002
clust0034	clustered_cis_ohnolog	body	27	0.375	0	1220	0.264754	0.0
clust0034	clustered_cis_ohnolog	body	28	0.425	0	1220	0.0	0.0
clust0034	clustered_cis_ohnolog	body	29	0.475	0	1221	0.0	0.0
clust0034	clustered_cis_ohnolog	body	30	0.525	0	1220	0.0	0.0
clust0034	clustered_cis_ohnolog	body	31	0.575	0	1220	0.0	0.0
clust0034	clustered_cis_ohnolog	body	32	0.625	0	1220	0.0	0.0
clust0034	clustered_cis_ohnolog	body	33	0.675	3	1221	1.547912	2.457002
clust0034	clustered_cis_ohnolog	body	34	0.725	0	1220	0.0	0.0
clust0034	clustered_cis_ohnolog	body	35	0.775	0	1220	0.0	0.0
clust0034	clustered_cis_ohnolog	body	36	0.825	1	1221	0.136773	0.819001
clust0034	clustered_cis_ohnolog	body	37	0.875	1	1220	0.281148	0.819672
clust0034	clustered_cis_ohnolog	body	38	0.925	0	1220	0.0	0.0
clust0034	clustered_cis_ohnolog	body	39	0.975	0	1221	0.0	0.0
clust0034	clustered_cis_ohnolog	right_flank	40	1.025	0	5000	0.0	0.0
clust0034	clustered_cis_ohnolog	right_flank	41	1.075	0	5000	0.0	0.0
clust0034	clustered_cis_ohnolog	right_flank	42	1.125	0	5000	0.0	0.0
clust0034	clustered_cis_ohnolog	right_flank	43	1.175	0	5000	0.0	0.0
clust0034	clustered_cis_ohnolog	right_flank	44	1.225	0	5000	0.0	0.0
clust0034	clustered_cis_ohnolog	right_flank	45	1.275	0	5000	0.0	0.0
clust0034	clustered_cis_ohnolog	right_flank	46	1.325	0	5000	0.0	0.0
clust0034	clustered_cis_ohnolog	right_flank	47	1.375	0	5000	0.0	0.0
clust0034	clustered_cis_ohnolog	right_flank	48	1.425	0	5000	0.0	0.0
clust0034	clustered_cis_ohnolog	right_flank	49	1.475	0	5000	0.0	0.0
clust0034	clustered_cis_ohnolog	right_flank	50	1.525	0	5000	0.0	0.0
clust0034	clustered_cis_ohnolog	right_flank	51	1.575	0	5000	0.0	0.0
clust0034	clustered_cis_ohnolog	right_flank	52	1.625	0	5000	0.0	0.0
clust0034	clustered_cis_ohnolog	right_flank	53	1.675	0	5000	0.0	0.0
clust0034	clustered_cis_ohnolog	right_flank	54	1.725	0	5000	0.0	0.0
clust0034	clustered_cis_ohnolog	right_flank	55	1.775	0	5000	0.0	0.0
clust0034	clustered_cis_ohnolog	right_flank	56	1.825	0	5000	0.0	0.0
clust0034	clustered_cis_ohnolog	right_flank	57	1.875	0	5000	0.0	0.0
clust0034	clustered_cis_ohnolog	right_flank	58	1.925	0	5000	0.0	0.0
clust0034	clustered_cis_ohnolog	right_flank	59	1.975	0	5000	0.0	0.0
clust0030	clustered_cis_ohnolog	left_flank	0	-0.975	0	5000	0.0	0.0
clust0030	clustered_cis_ohnolog	left_flank	1	-0.925	0	5000	0.0	0.0
clust0030	clustered_cis_ohnolog	left_flank	2	-0.875	0	5000	0.0	0.0
clust0030	clustered_cis_ohnolog	left_flank	3	-0.825	0	5000	0.0	0.0
clust0030	clustered_cis_ohnolog	left_flank	4	-0.775	0	5000	0.0	0.0
clust0030	clustered_cis_ohnolog	left_flank	5	-0.725	0	5000	0.0	0.0
clust0030	clustered_cis_ohnolog	left_flank	6	-0.675	0	5000	0.0	0.0
clust0030	clustered_cis_ohnolog	left_flank	7	-0.625	0	5000	0.0	0.0
clust0030	clustered_cis_ohnolog	left_flank	8	-0.575	0	5000	0.0	0.0
clust0030	clustered_cis_ohnolog	left_flank	9	-0.525	0	5000	0.0	0.0
clust0030	clustered_cis_ohnolog	left_flank	10	-0.475	0	5000	0.0	0.0
clust0030	clustered_cis_ohnolog	left_flank	11	-0.425	0	5000	0.0	0.0
clust0030	clustered_cis_ohnolog	left_flank	12	-0.375	0	5000	0.0	0.0
clust0030	clustered_cis_ohnolog	left_flank	13	-0.325	0	5000	0.0	0.0
clust0030	clustered_cis_ohnolog	left_flank	14	-0.275	0	5000	0.0	0.0
clust0030	clustered_cis_ohnolog	left_flank	15	-0.225	0	5000	0.0	0.0
clust0030	clustered_cis_ohnolog	left_flank	16	-0.175	0	5000	0.0	0.0
clust0030	clustered_cis_ohnolog	left_flank	17	-0.125	0	5000	0.0	0.0
clust0030	clustered_cis_ohnolog	left_flank	18	-0.075	0	5000	0.0	0.0
clust0030	clustered_cis_ohnolog	left_flank	19	-0.025	2	5000	0.1094	0.4
clust0030	clustered_cis_ohnolog	body	20	0.025	0	2321	0.0	0.0
clust0030	clustered_cis_ohnolog	body	21	0.075	0	2322	0.0	0.0
clust0030	clustered_cis_ohnolog	body	22	0.125	0	2321	0.0	0.0
clust0030	clustered_cis_ohnolog	body	23	0.175	0	2322	0.0	0.0
clust0030	clustered_cis_ohnolog	body	24	0.225	0	2321	0.0	0.0
clust0030	clustered_cis_ohnolog	body	25	0.275	0	2322	0.0	0.0
clust0030	clustered_cis_ohnolog	body	26	0.325	0	2321	0.0	0.0
clust0030	clustered_cis_ohnolog	body	27	0.375	0	2322	0.0	0.0
clust0030	clustered_cis_ohnolog	body	28	0.425	0	2321	0.0	0.0
clust0030	clustered_cis_ohnolog	body	29	0.475	0	2322	0.0	0.0
clust0030	clustered_cis_ohnolog	body	30	0.525	0	2322	0.0	0.0
clust0030	clustered_cis_ohnolog	body	31	0.575	0	2321	0.0	0.0
clust0030	clustered_cis_ohnolog	body	32	0.625	0	2322	0.0	0.0
clust0030	clustered_cis_ohnolog	body	33	0.675	0	2321	0.0	0.0
clust0030	clustered_cis_ohnolog	body	34	0.725	0	2322	0.0	0.0
clust0030	clustered_cis_ohnolog	body	35	0.775	0	2321	0.0	0.0
clust0030	clustered_cis_ohnolog	body	36	0.825	0	2322	0.0	0.0
clust0030	clustered_cis_ohnolog	body	37	0.875	0	2321	0.0	0.0
clust0030	clustered_cis_ohnolog	body	38	0.925	0	2322	0.0	0.0
clust0030	clustered_cis_ohnolog	body	39	0.975	0	2322	0.0	0.0
clust0030	clustered_cis_ohnolog	right_flank	40	1.025	0	5000	0.0	0.0
clust0030	clustered_cis_ohnolog	right_flank	41	1.075	0	5000	0.0	0.0
clust0030	clustered_cis_ohnolog	right_flank	42	1.125	0	5000	0.0	0.0
clust0030	clustered_cis_ohnolog	right_flank	43	1.175	1	5000	0.0732	0.2
clust0030	clustered_cis_ohnolog	right_flank	44	1.225	0	5000	0.0	0.0
clust0030	clustered_cis_ohnolog	right_flank	45	1.275	2	5000	0.0904	0.4
clust0030	clustered_cis_ohnolog	right_flank	46	1.325	2	5000	0.252	0.4
clust0030	clustered_cis_ohnolog	right_flank	47	1.375	0	5000	0.0	0.0
clust0030	clustered_cis_ohnolog	right_flank	48	1.425	0	5000	0.0	0.0
clust0030	clustered_cis_ohnolog	right_flank	49	1.475	0	5000	0.0	0.0
clust0030	clustered_cis_ohnolog	right_flank	50	1.525	0	5000	0.0	0.0
clust0030	clustered_cis_ohnolog	right_flank	51	1.575	2	5000	0.252	0.4
clust0030	clustered_cis_ohnolog	right_flank	52	1.625	0	5000	0.0	0.0
clust0030	clustered_cis_ohnolog	right_flank	53	1.675	0	5000	0.0	0.0
clust0030	clustered_cis_ohnolog	right_flank	54	1.725	0	5000	0.0	0.0
clust0030	clustered_cis_ohnolog	right_flank	55	1.775	0	5000	0.0	0.0
clust0030	clustered_cis_ohnolog	right_flank	56	1.825	0	5000	0.0	0.0
clust0030	clustered_cis_ohnolog	right_flank	57	1.875	0	5000	0.0	0.0
clust0030	clustered_cis_ohnolog	right_flank	58	1.925	0	5000	0.0	0.0
clust0030	clustered_cis_ohnolog	right_flank	59	1.975	0	5000	0.0	0.0
clust0039	clustered_cis_ohnolog	left_flank	0	-0.975	0	5000	0.0	0.0
clust0039	clustered_cis_ohnolog	left_flank	1	-0.925	0	5000	0.0	0.0
clust0039	clustered_cis_ohnolog	left_flank	2	-0.875	0	5000	0.0	0.0
clust0039	clustered_cis_ohnolog	left_flank	3	-0.825	0	5000	0.0	0.0
clust0039	clustered_cis_ohnolog	left_flank	4	-0.775	0	5000	0.0	0.0
clust0039	clustered_cis_ohnolog	left_flank	5	-0.725	0	5000	0.0	0.0
clust0039	clustered_cis_ohnolog	left_flank	6	-0.675	0	5000	0.0	0.0
clust0039	clustered_cis_ohnolog	left_flank	7	-0.625	0	5000	0.0	0.0
clust0039	clustered_cis_ohnolog	left_flank	8	-0.575	0	5000	0.0	0.0
clust0039	clustered_cis_ohnolog	left_flank	9	-0.525	0	5000	0.0	0.0
clust0039	clustered_cis_ohnolog	left_flank	10	-0.475	0	5000	0.0	0.0
clust0039	clustered_cis_ohnolog	left_flank	11	-0.425	0	5000	0.0	0.0
clust0039	clustered_cis_ohnolog	left_flank	12	-0.375	0	5000	0.0	0.0
clust0039	clustered_cis_ohnolog	left_flank	13	-0.325	0	5000	0.0	0.0
clust0039	clustered_cis_ohnolog	left_flank	14	-0.275	0	5000	0.0	0.0
clust0039	clustered_cis_ohnolog	left_flank	15	-0.225	0	5000	0.0	0.0
clust0039	clustered_cis_ohnolog	left_flank	16	-0.175	0	5000	0.0	0.0
clust0039	clustered_cis_ohnolog	left_flank	17	-0.125	0	5000	0.0	0.0
clust0039	clustered_cis_ohnolog	left_flank	18	-0.075	0	5000	0.0	0.0
clust0039	clustered_cis_ohnolog	left_flank	19	-0.025	0	5000	0.0	0.0
clust0039	clustered_cis_ohnolog	body	20	0.025	0	40056	0.0	0.0
clust0039	clustered_cis_ohnolog	body	21	0.075	0	40057	0.0	0.0
clust0039	clustered_cis_ohnolog	body	22	0.125	0	40056	0.0	0.0
clust0039	clustered_cis_ohnolog	body	23	0.175	0	40057	0.0	0.0
clust0039	clustered_cis_ohnolog	body	24	0.225	0	40056	0.0	0.0
clust0039	clustered_cis_ohnolog	body	25	0.275	2	40057	0.031455	0.049929
clust0039	clustered_cis_ohnolog	body	26	0.325	0	40056	0.0	0.0
clust0039	clustered_cis_ohnolog	body	27	0.375	0	40057	0.0	0.0
clust0039	clustered_cis_ohnolog	body	28	0.425	0	40056	0.0	0.0
clust0039	clustered_cis_ohnolog	body	29	0.475	0	40057	0.0	0.0
clust0039	clustered_cis_ohnolog	body	30	0.525	0	40057	0.0	0.0
clust0039	clustered_cis_ohnolog	body	31	0.575	0	40056	0.0	0.0
clust0039	clustered_cis_ohnolog	body	32	0.625	0	40057	0.0	0.0
clust0039	clustered_cis_ohnolog	body	33	0.675	2	40056	0.031456	0.04993
clust0039	clustered_cis_ohnolog	body	34	0.725	2	40057	0.031455	0.049929
clust0039	clustered_cis_ohnolog	body	35	0.775	0	40056	0.0	0.0
clust0039	clustered_cis_ohnolog	body	36	0.825	0	40057	0.0	0.0
clust0039	clustered_cis_ohnolog	body	37	0.875	1	40056	0.015728	0.024965
clust0039	clustered_cis_ohnolog	body	38	0.925	0	40057	0.0	0.0
clust0039	clustered_cis_ohnolog	body	39	0.975	0	40057	0.0	0.0
clust0039	clustered_cis_ohnolog	right_flank	40	1.025	0	5000	0.0	0.0
clust0039	clustered_cis_ohnolog	right_flank	41	1.075	0	5000	0.0	0.0
clust0039	clustered_cis_ohnolog	right_flank	42	1.125	3	5000	0.2728	0.6
clust0039	clustered_cis_ohnolog	right_flank	43	1.175	0	5000	0.0	0.0
clust0039	clustered_cis_ohnolog	right_flank	44	1.225	0	5000	0.0	0.0
clust0039	clustered_cis_ohnolog	right_flank	45	1.275	0	5000	0.0	0.0
clust0039	clustered_cis_ohnolog	right_flank	46	1.325	0	5000	0.0	0.0
clust0039	clustered_cis_ohnolog	right_flank	47	1.375	2	5000	0.195	0.4
clust0039	clustered_cis_ohnolog	right_flank	48	1.425	0	5000	0.0	0.0
clust0039	clustered_cis_ohnolog	right_flank	49	1.475	0	5000	0.0	0.0
clust0039	clustered_cis_ohnolog	right_flank	50	1.525	0	5000	0.0	0.0
clust0039	clustered_cis_ohnolog	right_flank	51	1.575	0	5000	0.0	0.0
clust0039	clustered_cis_ohnolog	right_flank	52	1.625	0	5000	0.0	0.0
clust0039	clustered_cis_ohnolog	right_flank	53	1.675	0	5000	0.0	0.0
clust0039	clustered_cis_ohnolog	right_flank	54	1.725	0	5000	0.0	0.0
clust0039	clustered_cis_ohnolog	right_flank	55	1.775	0	5000	0.0	0.0
clust0039	clustered_cis_ohnolog	right_flank	56	1.825	0	5000	0.0	0.0
clust0039	clustered_cis_ohnolog	right_flank	57	1.875	0	5000	0.0	0.0
clust0039	clustered_cis_ohnolog	right_flank	58	1.925	0	5000	0.0	0.0
clust0039	clustered_cis_ohnolog	right_flank	59	1.975	0	5000	0.0	0.0
clust0040	clustered_cis_ohnolog	left_flank	0	-0.975	0	5000	0.0	0.0
clust0040	clustered_cis_ohnolog	left_flank	1	-0.925	0	5000	0.022	0.0
clust0040	clustered_cis_ohnolog	left_flank	2	-0.875	2	5000	0.1612	0.4
clust0040	clustered_cis_ohnolog	left_flank	3	-0.825	1	5000	0.126	0.2
clust0040	clustered_cis_ohnolog	left_flank	4	-0.775	0	5000	0.0	0.0
clust0040	clustered_cis_ohnolog	left_flank	5	-0.725	2	5000	0.1934	0.4
clust0040	clustered_cis_ohnolog	left_flank	6	-0.675	2	5000	0.252	0.4
clust0040	clustered_cis_ohnolog	left_flank	7	-0.625	4	5000	0.426	0.8
clust0040	clustered_cis_ohnolog	left_flank	8	-0.575	0	5000	0.0	0.0
clust0040	clustered_cis_ohnolog	left_flank	9	-0.525	0	5000	0.0	0.0
clust0040	clustered_cis_ohnolog	left_flank	10	-0.475	0	5000	0.0	0.0
clust0040	clustered_cis_ohnolog	left_flank	11	-0.425	0	5000	0.0	0.0
clust0040	clustered_cis_ohnolog	left_flank	12	-0.375	2	5000	0.1622	0.4
clust0040	clustered_cis_ohnolog	left_flank	13	-0.325	0	5000	0.0	0.0
clust0040	clustered_cis_ohnolog	left_flank	14	-0.275	0	5000	0.0	0.0
clust0040	clustered_cis_ohnolog	left_flank	15	-0.225	0	5000	0.0	0.0
clust0040	clustered_cis_ohnolog	left_flank	16	-0.175	0	5000	0.0	0.0
clust0040	clustered_cis_ohnolog	left_flank	17	-0.125	0	5000	0.0	0.0
clust0040	clustered_cis_ohnolog	left_flank	18	-0.075	0	5000	0.0	0.0
clust0040	clustered_cis_ohnolog	left_flank	19	-0.025	0	5000	0.0	0.0
clust0040	clustered_cis_ohnolog	body	20	0.025	0	4908	0.0	0.0
clust0040	clustered_cis_ohnolog	body	21	0.075	0	4908	0.0	0.0
clust0040	clustered_cis_ohnolog	body	22	0.125	2	4908	0.165037	0.407498
clust0040	clustered_cis_ohnolog	body	23	0.175	0	4908	0.0	0.0
clust0040	clustered_cis_ohnolog	body	24	0.225	0	4908	0.0	0.0
clust0040	clustered_cis_ohnolog	body	25	0.275	0	4908	0.0	0.0
clust0040	clustered_cis_ohnolog	body	26	0.325	2	4909	0.176818	0.407415
clust0040	clustered_cis_ohnolog	body	27	0.375	0	4908	0.0	0.0
clust0040	clustered_cis_ohnolog	body	28	0.425	0	4908	0.0	0.0
clust0040	clustered_cis_ohnolog	body	29	0.475	0	4908	0.0	0.0
clust0040	clustered_cis_ohnolog	body	30	0.525	0	4908	0.0	0.0
clust0040	clustered_cis_ohnolog	body	31	0.575	0	4908	0.0	0.0
clust0040	clustered_cis_ohnolog	body	32	0.625	0	4908	0.0	0.0
clust0040	clustered_cis_ohnolog	body	33	0.675	0	4909	0.0	0.0
clust0040	clustered_cis_ohnolog	body	34	0.725	0	4908	0.0	0.0
clust0040	clustered_cis_ohnolog	body	35	0.775	0	4908	0.0	0.0
clust0040	clustered_cis_ohnolog	body	36	0.825	1	4908	0.065811	0.203749
clust0040	clustered_cis_ohnolog	body	37	0.875	2	4908	0.186838	0.407498
clust0040	clustered_cis_ohnolog	body	38	0.925	0	4908	0.0	0.0
clust0040	clustered_cis_ohnolog	body	39	0.975	0	4909	0.0	0.0
clust0040	clustered_cis_ohnolog	right_flank	40	1.025	0	5000	0.0	0.0
clust0040	clustered_cis_ohnolog	right_flank	41	1.075	1	5000	0.126	0.2
clust0040	clustered_cis_ohnolog	right_flank	42	1.125	0	5000	0.0	0.0
clust0040	clustered_cis_ohnolog	right_flank	43	1.175	0	5000	0.0	0.0
clust0040	clustered_cis_ohnolog	right_flank	44	1.225	0	5000	0.0	0.0
clust0040	clustered_cis_ohnolog	right_flank	45	1.275	0	5000	0.0	0.0
clust0040	clustered_cis_ohnolog	right_flank	46	1.325	0	5000	0.0	0.0
clust0040	clustered_cis_ohnolog	right_flank	47	1.375	0	5000	0.0	0.0
clust0040	clustered_cis_ohnolog	right_flank	48	1.425	1	5000	0.126	0.2
clust0040	clustered_cis_ohnolog	right_flank	49	1.475	0	5000	0.0	0.0
clust0040	clustered_cis_ohnolog	right_flank	50	1.525	0	5000	0.0	0.0
clust0040	clustered_cis_ohnolog	right_flank	51	1.575	0	5000	0.0	0.0
clust0040	clustered_cis_ohnolog	right_flank	52	1.625	2	5000	0.252	0.4
clust0040	clustered_cis_ohnolog	right_flank	53	1.675	2	5000	0.1778	0.4
clust0040	clustered_cis_ohnolog	right_flank	54	1.725	0	5000	0.0	0.0
clust0040	clustered_cis_ohnolog	right_flank	55	1.775	0	5000	0.0	0.0
clust0040	clustered_cis_ohnolog	right_flank	56	1.825	0	5000	0.0	0.0
clust0040	clustered_cis_ohnolog	right_flank	57	1.875	0	5000	0.0	0.0
clust0040	clustered_cis_ohnolog	right_flank	58	1.925	0	5000	0.0	0.0
clust0040	clustered_cis_ohnolog	right_flank	59	1.975	0	5000	0.0	0.0
clust0041	clustered_cis_ohnolog	left_flank	0	-0.975	0	5000	0.0	0.0
clust0041	clustered_cis_ohnolog	left_flank	1	-0.925	1	5000	0.126	0.2
clust0041	clustered_cis_ohnolog	left_flank	2	-0.875	0	5000	0.0	0.0
clust0041	clustered_cis_ohnolog	left_flank	3	-0.825	0	5000	0.0	0.0
clust0041	clustered_cis_ohnolog	left_flank	4	-0.775	0	5000	0.0	0.0
clust0041	clustered_cis_ohnolog	left_flank	5	-0.725	0	5000	0.0	0.0
clust0041	clustered_cis_ohnolog	left_flank	6	-0.675	0	5000	0.0	0.0
clust0041	clustered_cis_ohnolog	left_flank	7	-0.625	0	5000	0.0	0.0
clust0041	clustered_cis_ohnolog	left_flank	8	-0.575	0	5000	0.0	0.0
clust0041	clustered_cis_ohnolog	left_flank	9	-0.525	0	5000	0.0	0.0
clust0041	clustered_cis_ohnolog	left_flank	10	-0.475	0	5000	0.0	0.0
clust0041	clustered_cis_ohnolog	left_flank	11	-0.425	0	5000	0.0	0.0
clust0041	clustered_cis_ohnolog	left_flank	12	-0.375	0	5000	0.0	0.0
clust0041	clustered_cis_ohnolog	left_flank	13	-0.325	0	5000	0.0	0.0
clust0041	clustered_cis_ohnolog	left_flank	14	-0.275	0	5000	0.0	0.0
clust0041	clustered_cis_ohnolog	left_flank	15	-0.225	0	5000	0.0	0.0
clust0041	clustered_cis_ohnolog	left_flank	16	-0.175	0	5000	0.0	0.0
clust0041	clustered_cis_ohnolog	left_flank	17	-0.125	0	5000	0.0	0.0
clust0041	clustered_cis_ohnolog	left_flank	18	-0.075	0	5000	0.0	0.0
clust0041	clustered_cis_ohnolog	left_flank	19	-0.025	1	5000	0.062	0.2
clust0041	clustered_cis_ohnolog	body	20	0.025	0	735	0.0	0.0
clust0041	clustered_cis_ohnolog	body	21	0.075	0	735	0.0	0.0
clust0041	clustered_cis_ohnolog	body	22	0.125	0	735	0.0	0.0
clust0041	clustered_cis_ohnolog	body	23	0.175	0	735	0.0	0.0
clust0041	clustered_cis_ohnolog	body	24	0.225	0	735	0.0	0.0
clust0041	clustered_cis_ohnolog	body	25	0.275	0	735	0.0	0.0
clust0041	clustered_cis_ohnolog	body	26	0.325	0	735	0.0	0.0
clust0041	clustered_cis_ohnolog	body	27	0.375	0	735	0.0	0.0
clust0041	clustered_cis_ohnolog	body	28	0.425	0	735	0.0	0.0
clust0041	clustered_cis_ohnolog	body	29	0.475	0	736	0.0	0.0
clust0041	clustered_cis_ohnolog	body	30	0.525	0	735	0.0	0.0
clust0041	clustered_cis_ohnolog	body	31	0.575	0	735	0.0	0.0
clust0041	clustered_cis_ohnolog	body	32	0.625	0	735	0.0	0.0
clust0041	clustered_cis_ohnolog	body	33	0.675	0	735	0.0	0.0
clust0041	clustered_cis_ohnolog	body	34	0.725	0	735	0.0	0.0
clust0041	clustered_cis_ohnolog	body	35	0.775	0	735	0.0	0.0
clust0041	clustered_cis_ohnolog	body	36	0.825	0	735	0.0	0.0
clust0041	clustered_cis_ohnolog	body	37	0.875	0	735	0.0	0.0
clust0041	clustered_cis_ohnolog	body	38	0.925	0	735	0.0	0.0
clust0041	clustered_cis_ohnolog	body	39	0.975	0	736	0.0	0.0
clust0041	clustered_cis_ohnolog	right_flank	40	1.025	0	5000	0.0	0.0
clust0041	clustered_cis_ohnolog	right_flank	41	1.075	0	5000	0.0	0.0
clust0041	clustered_cis_ohnolog	right_flank	42	1.125	0	5000	0.0	0.0
clust0041	clustered_cis_ohnolog	right_flank	43	1.175	0	5000	0.0	0.0
clust0041	clustered_cis_ohnolog	right_flank	44	1.225	0	5000	0.0	0.0
clust0041	clustered_cis_ohnolog	right_flank	45	1.275	0	5000	0.0	0.0
clust0041	clustered_cis_ohnolog	right_flank	46	1.325	0	5000	0.0	0.0
clust0041	clustered_cis_ohnolog	right_flank	47	1.375	0	5000	0.0	0.0
clust0041	clustered_cis_ohnolog	right_flank	48	1.425	0	5000	0.0	0.0
clust0041	clustered_cis_ohnolog	right_flank	49	1.475	0	5000	0.0	0.0
clust0041	clustered_cis_ohnolog	right_flank	50	1.525	0	5000	0.0	0.0
clust0041	clustered_cis_ohnolog	right_flank	51	1.575	0	5000	0.0	0.0
clust0041	clustered_cis_ohnolog	right_flank	52	1.625	0	5000	0.0	0.0
clust0041	clustered_cis_ohnolog	right_flank	53	1.675	0	5000	0.0	0.0
clust0041	clustered_cis_ohnolog	right_flank	54	1.725	0	5000	0.0	0.0
clust0041	clustered_cis_ohnolog	right_flank	55	1.775	0	5000	0.0	0.0
clust0041	clustered_cis_ohnolog	right_flank	56	1.825	0	5000	0.0	0.0
clust0041	clustered_cis_ohnolog	right_flank	57	1.875	0	5000	0.0	0.0
clust0041	clustered_cis_ohnolog	right_flank	58	1.925	0	5000	0.0	0.0
clust0041	clustered_cis_ohnolog	right_flank	59	1.975	0	5000	0.0	0.0
clust0031	clustered_cis_ohnolog	left_flank	0	-0.975	0	5000	0.0	0.0
clust0031	clustered_cis_ohnolog	left_flank	1	-0.925	0	5000	0.0	0.0
clust0031	clustered_cis_ohnolog	left_flank	2	-0.875	0	5000	0.0	0.0
clust0031	clustered_cis_ohnolog	left_flank	3	-0.825	0	5000	0.0	0.0
clust0031	clustered_cis_ohnolog	left_flank	4	-0.775	0	5000	0.0	0.0
clust0031	clustered_cis_ohnolog	left_flank	5	-0.725	0	5000	0.0	0.0
clust0031	clustered_cis_ohnolog	left_flank	6	-0.675	0	5000	0.0	0.0
clust0031	clustered_cis_ohnolog	left_flank	7	-0.625	0	5000	0.0	0.0
clust0031	clustered_cis_ohnolog	left_flank	8	-0.575	0	5000	0.0	0.0
clust0031	clustered_cis_ohnolog	left_flank	9	-0.525	0	5000	0.0	0.0
clust0031	clustered_cis_ohnolog	left_flank	10	-0.475	0	5000	0.0	0.0
clust0031	clustered_cis_ohnolog	left_flank	11	-0.425	0	5000	0.0	0.0
clust0031	clustered_cis_ohnolog	left_flank	12	-0.375	0	5000	0.0	0.0
clust0031	clustered_cis_ohnolog	left_flank	13	-0.325	0	5000	0.0	0.0
clust0031	clustered_cis_ohnolog	left_flank	14	-0.275	0	5000	0.0	0.0
clust0031	clustered_cis_ohnolog	left_flank	15	-0.225	0	5000	0.0	0.0
clust0031	clustered_cis_ohnolog	left_flank	16	-0.175	0	5000	0.0	0.0
clust0031	clustered_cis_ohnolog	left_flank	17	-0.125	2	5000	0.2122	0.4
clust0031	clustered_cis_ohnolog	left_flank	18	-0.075	0	5000	0.0398	0.0
clust0031	clustered_cis_ohnolog	left_flank	19	-0.025	0	5000	0.0	0.0
clust0031	clustered_cis_ohnolog	body	20	0.025	0	9224	0.0	0.0
clust0031	clustered_cis_ohnolog	body	21	0.075	2	9225	0.08607	0.216802
clust0031	clustered_cis_ohnolog	body	22	0.125	0	9225	0.0	0.0
clust0031	clustered_cis_ohnolog	body	23	0.175	2	9225	0.136585	0.216802
clust0031	clustered_cis_ohnolog	body	24	0.225	0	9225	0.0	0.0
clust0031	clustered_cis_ohnolog	body	25	0.275	0	9225	0.0	0.0
clust0031	clustered_cis_ohnolog	body	26	0.325	0	9224	0.0	0.0
clust0031	clustered_cis_ohnolog	body	27	0.375	0	9225	0.0	0.0
clust0031	clustered_cis_ohnolog	body	28	0.425	0	9225	0.0	0.0
clust0031	clustered_cis_ohnolog	body	29	0.475	0	9225	0.0	0.0
clust0031	clustered_cis_ohnolog	body	30	0.525	0	9225	0.0	0.0
clust0031	clustered_cis_ohnolog	body	31	0.575	1	9225	0.068293	0.108401
clust0031	clustered_cis_ohnolog	body	32	0.625	0	9225	0.0	0.0
clust0031	clustered_cis_ohnolog	body	33	0.675	0	9224	0.0	0.0
clust0031	clustered_cis_ohnolog	body	34	0.725	0	9225	0.0	0.0
clust0031	clustered_cis_ohnolog	body	35	0.775	0	9225	0.0	0.0
clust0031	clustered_cis_ohnolog	body	36	0.825	0	9225	0.0	0.0
clust0031	clustered_cis_ohnolog	body	37	0.875	0	9225	0.0	0.0
clust0031	clustered_cis_ohnolog	body	38	0.925	0	9225	0.0	0.0
clust0031	clustered_cis_ohnolog	body	39	0.975	0	9225	0.0	0.0
clust0031	clustered_cis_ohnolog	right_flank	40	1.025	0	5000	0.0	0.0
clust0031	clustered_cis_ohnolog	right_flank	41	1.075	0	5000	0.0	0.0
clust0031	clustered_cis_ohnolog	right_flank	42	1.125	0	5000	0.0	0.0
clust0031	clustered_cis_ohnolog	right_flank	43	1.175	0	5000	0.0	0.0
clust0031	clustered_cis_ohnolog	right_flank	44	1.225	0	5000	0.0	0.0
clust0031	clustered_cis_ohnolog	right_flank	45	1.275	0	5000	0.0	0.0
clust0031	clustered_cis_ohnolog	right_flank	46	1.325	0	5000	0.0	0.0
clust0031	clustered_cis_ohnolog	right_flank	47	1.375	0	5000	0.0	0.0
clust0031	clustered_cis_ohnolog	right_flank	48	1.425	0	5000	0.0	0.0
clust0031	clustered_cis_ohnolog	right_flank	49	1.475	0	5000	0.0	0.0
clust0031	clustered_cis_ohnolog	right_flank	50	1.525	0	5000	0.0	0.0
clust0031	clustered_cis_ohnolog	right_flank	51	1.575	0	5000	0.0	0.0
clust0031	clustered_cis_ohnolog	right_flank	52	1.625	0	5000	0.0	0.0
clust0031	clustered_cis_ohnolog	right_flank	53	1.675	0	5000	0.0	0.0
clust0031	clustered_cis_ohnolog	right_flank	54	1.725	0	5000	0.0	0.0
clust0031	clustered_cis_ohnolog	right_flank	55	1.775	0	5000	0.0	0.0
clust0031	clustered_cis_ohnolog	right_flank	56	1.825	0	5000	0.0	0.0
clust0031	clustered_cis_ohnolog	right_flank	57	1.875	0	5000	0.0	0.0
clust0031	clustered_cis_ohnolog	right_flank	58	1.925	0	5000	0.0	0.0
clust0031	clustered_cis_ohnolog	right_flank	59	1.975	0	5000	0.0	0.0
clust0032	clustered_cis_ohnolog	left_flank	0	-0.975	0	5000	0.0	0.0
clust0032	clustered_cis_ohnolog	left_flank	1	-0.925	0	5000	0.0	0.0
clust0032	clustered_cis_ohnolog	left_flank	2	-0.875	0	5000	0.0	0.0
clust0032	clustered_cis_ohnolog	left_flank	3	-0.825	0	5000	0.0	0.0
clust0032	clustered_cis_ohnolog	left_flank	4	-0.775	0	5000	0.0	0.0
clust0032	clustered_cis_ohnolog	left_flank	5	-0.725	0	5000	0.0	0.0
clust0032	clustered_cis_ohnolog	left_flank	6	-0.675	0	5000	0.0	0.0
clust0032	clustered_cis_ohnolog	left_flank	7	-0.625	0	5000	0.0	0.0
clust0032	clustered_cis_ohnolog	left_flank	8	-0.575	0	5000	0.0	0.0
clust0032	clustered_cis_ohnolog	left_flank	9	-0.525	0	5000	0.0	0.0
clust0032	clustered_cis_ohnolog	left_flank	10	-0.475	0	5000	0.0	0.0
clust0032	clustered_cis_ohnolog	left_flank	11	-0.425	0	5000	0.0	0.0
clust0032	clustered_cis_ohnolog	left_flank	12	-0.375	0	5000	0.0	0.0
clust0032	clustered_cis_ohnolog	left_flank	13	-0.325	0	5000	0.0	0.0
clust0032	clustered_cis_ohnolog	left_flank	14	-0.275	0	5000	0.0	0.0
clust0032	clustered_cis_ohnolog	left_flank	15	-0.225	0	5000	0.0	0.0
clust0032	clustered_cis_ohnolog	left_flank	16	-0.175	0	5000	0.0	0.0
clust0032	clustered_cis_ohnolog	left_flank	17	-0.125	0	5000	0.0	0.0
clust0032	clustered_cis_ohnolog	left_flank	18	-0.075	0	5000	0.0	0.0
clust0032	clustered_cis_ohnolog	left_flank	19	-0.025	0	5000	0.0	0.0
clust0032	clustered_cis_ohnolog	body	20	0.025	0	17725	0.0	0.0
clust0032	clustered_cis_ohnolog	body	21	0.075	0	17725	0.0	0.0
clust0032	clustered_cis_ohnolog	body	22	0.125	0	17725	0.0	0.0
clust0032	clustered_cis_ohnolog	body	23	0.175	1	17726	0.035541	0.056414
clust0032	clustered_cis_ohnolog	body	24	0.225	0	17725	0.0	0.0
clust0032	clustered_cis_ohnolog	body	25	0.275	0	17725	0.0	0.0
clust0032	clustered_cis_ohnolog	body	26	0.325	0	17726	0.0	0.0
clust0032	clustered_cis_ohnolog	body	27	0.375	0	17725	0.0	0.0
clust0032	clustered_cis_ohnolog	body	28	0.425	1	17725	0.035543	0.056417
clust0032	clustered_cis_ohnolog	body	29	0.475	3	17726	0.066061	0.169243
clust0032	clustered_cis_ohnolog	body	30	0.525	0	17725	0.0	0.0
clust0032	clustered_cis_ohnolog	body	31	0.575	0	17725	0.0	0.0
clust0032	clustered_cis_ohnolog	body	32	0.625	0	17725	0.0	0.0
clust0032	clustered_cis_ohnolog	body	33	0.675	0	17726	0.0	0.0
clust0032	clustered_cis_ohnolog	body	34	0.725	0	17725	0.0	0.0
clust0032	clustered_cis_ohnolog	body	35	0.775	0	17725	0.0	0.0
clust0032	clustered_cis_ohnolog	body	36	0.825	2	17726	0.071082	0.112829
clust0032	clustered_cis_ohnolog	body	37	0.875	2	17725	0.071086	0.112835
clust0032	clustered_cis_ohnolog	body	38	0.925	0	17725	0.0	0.0
clust0032	clustered_cis_ohnolog	body	39	0.975	0	17726	0.0	0.0
clust0032	clustered_cis_ohnolog	right_flank	40	1.025	0	5000	0.0	0.0
clust0032	clustered_cis_ohnolog	right_flank	41	1.075	0	5000	0.0	0.0
clust0032	clustered_cis_ohnolog	right_flank	42	1.125	0	5000	0.0	0.0
clust0032	clustered_cis_ohnolog	right_flank	43	1.175	2	5000	0.181	0.4
clust0032	clustered_cis_ohnolog	right_flank	44	1.225	0	5000	0.0	0.0
clust0032	clustered_cis_ohnolog	right_flank	45	1.275	0	5000	0.0	0.0
clust0032	clustered_cis_ohnolog	right_flank	46	1.325	0	5000	0.0	0.0
clust0032	clustered_cis_ohnolog	right_flank	47	1.375	1	5000	0.126	0.2
clust0032	clustered_cis_ohnolog	right_flank	48	1.425	0	5000	0.0	0.0
clust0032	clustered_cis_ohnolog	right_flank	49	1.475	2	5000	0.1802	0.4
clust0032	clustered_cis_ohnolog	right_flank	50	1.525	0	5000	0.0	0.0
clust0032	clustered_cis_ohnolog	right_flank	51	1.575	0	5000	0.0	0.0
clust0032	clustered_cis_ohnolog	right_flank	52	1.625	0	5000	0.0	0.0
clust0032	clustered_cis_ohnolog	right_flank	53	1.675	0	5000	0.0	0.0
clust0032	clustered_cis_ohnolog	right_flank	54	1.725	2	5000	0.1788	0.4
clust0032	clustered_cis_ohnolog	right_flank	55	1.775	0	5000	0.0	0.0
clust0032	clustered_cis_ohnolog	right_flank	56	1.825	0	5000	0.0	0.0
clust0032	clustered_cis_ohnolog	right_flank	57	1.875	0	5000	0.0	0.0
clust0032	clustered_cis_ohnolog	right_flank	58	1.925	1	5000	0.126	0.2
clust0032	clustered_cis_ohnolog	right_flank	59	1.975	0	5000	0.0	0.0
clust0007	clustered_cis_ohnolog	left_flank	0	-0.975	0	5000	0.0	0.0
clust0007	clustered_cis_ohnolog	left_flank	1	-0.925	0	5000	0.0	0.0
clust0007	clustered_cis_ohnolog	left_flank	2	-0.875	0	5000	0.0	0.0
clust0007	clustered_cis_ohnolog	left_flank	3	-0.825	0	5000	0.0	0.0
clust0007	clustered_cis_ohnolog	left_flank	4	-0.775	0	5000	0.0198	0.0
clust0007	clustered_cis_ohnolog	left_flank	5	-0.725	3	5000	0.3582	0.6
clust0007	clustered_cis_ohnolog	left_flank	6	-0.675	0	5000	0.0	0.0
clust0007	clustered_cis_ohnolog	left_flank	7	-0.625	0	5000	0.0	0.0
clust0007	clustered_cis_ohnolog	left_flank	8	-0.575	2	5000	0.252	0.4
clust0007	clustered_cis_ohnolog	left_flank	9	-0.525	0	5000	0.0	0.0
clust0007	clustered_cis_ohnolog	left_flank	10	-0.475	0	5000	0.0	0.0
clust0007	clustered_cis_ohnolog	left_flank	11	-0.425	0	5000	0.0	0.0
clust0007	clustered_cis_ohnolog	left_flank	12	-0.375	1	5000	0.126	0.2
clust0007	clustered_cis_ohnolog	left_flank	13	-0.325	0	5000	0.0	0.0
clust0007	clustered_cis_ohnolog	left_flank	14	-0.275	0	5000	0.0	0.0
clust0007	clustered_cis_ohnolog	left_flank	15	-0.225	0	5000	0.0	0.0
clust0007	clustered_cis_ohnolog	left_flank	16	-0.175	0	5000	0.0	0.0
clust0007	clustered_cis_ohnolog	left_flank	17	-0.125	0	5000	0.0	0.0
clust0007	clustered_cis_ohnolog	left_flank	18	-0.075	0	5000	0.0196	0.0
clust0007	clustered_cis_ohnolog	left_flank	19	-0.025	4	5000	0.3932	0.8
clust0007	clustered_cis_ohnolog	body	20	0.025	2	4493	0.280436	0.445137
clust0007	clustered_cis_ohnolog	body	21	0.075	0	4494	0.0	0.0
clust0007	clustered_cis_ohnolog	body	22	0.125	0	4493	0.0	0.0
clust0007	clustered_cis_ohnolog	body	23	0.175	0	4494	0.0	0.0
clust0007	clustered_cis_ohnolog	body	24	0.225	2	4493	0.280436	0.445137
clust0007	clustered_cis_ohnolog	body	25	0.275	2	4494	0.280374	0.445038
clust0007	clustered_cis_ohnolog	body	26	0.325	0	4493	0.0	0.0
clust0007	clustered_cis_ohnolog	body	27	0.375	0	4494	0.0	0.0
clust0007	clustered_cis_ohnolog	body	28	0.425	0	4493	0.0	0.0
clust0007	clustered_cis_ohnolog	body	29	0.475	0	4494	0.0	0.0
clust0007	clustered_cis_ohnolog	body	30	0.525	0	4494	0.0	0.0
clust0007	clustered_cis_ohnolog	body	31	0.575	0	4493	0.0	0.0
clust0007	clustered_cis_ohnolog	body	32	0.625	1	4494	0.140187	0.222519
clust0007	clustered_cis_ohnolog	body	33	0.675	0	4493	0.0	0.0
clust0007	clustered_cis_ohnolog	body	34	0.725	0	4494	0.0	0.0
clust0007	clustered_cis_ohnolog	body	35	0.775	0	4493	0.0	0.0
clust0007	clustered_cis_ohnolog	body	36	0.825	0	4494	0.0	0.0
clust0007	clustered_cis_ohnolog	body	37	0.875	0	4493	0.0	0.0
clust0007	clustered_cis_ohnolog	body	38	0.925	0	4494	0.0	0.0
clust0007	clustered_cis_ohnolog	body	39	0.975	0	4494	0.0	0.0
clust0007	clustered_cis_ohnolog	right_flank	40	1.025	0	5000	0.0	0.0
clust0007	clustered_cis_ohnolog	right_flank	41	1.075	2	5000	0.1936	0.4
clust0007	clustered_cis_ohnolog	right_flank	42	1.125	0	5000	0.0	0.0
clust0007	clustered_cis_ohnolog	right_flank	43	1.175	0	5000	0.0	0.0
clust0007	clustered_cis_ohnolog	right_flank	44	1.225	0	5000	0.0	0.0
clust0007	clustered_cis_ohnolog	right_flank	45	1.275	0	5000	0.0	0.0
clust0007	clustered_cis_ohnolog	right_flank	46	1.325	0	5000	0.0	0.0
clust0007	clustered_cis_ohnolog	right_flank	47	1.375	3	5000	0.3062	0.6
clust0007	clustered_cis_ohnolog	right_flank	48	1.425	0	5000	0.0	0.0
clust0007	clustered_cis_ohnolog	right_flank	49	1.475	0	5000	0.0	0.0
clust0007	clustered_cis_ohnolog	right_flank	50	1.525	0	5000	0.0	0.0
clust0007	clustered_cis_ohnolog	right_flank	51	1.575	0	5000	0.0	0.0
clust0007	clustered_cis_ohnolog	right_flank	52	1.625	1	5000	0.126	0.2
clust0007	clustered_cis_ohnolog	right_flank	53	1.675	0	5000	0.0	0.0
clust0007	clustered_cis_ohnolog	right_flank	54	1.725	0	5000	0.0	0.0
clust0007	clustered_cis_ohnolog	right_flank	55	1.775	0	5000	0.0	0.0
clust0007	clustered_cis_ohnolog	right_flank	56	1.825	0	5000	0.0	0.0
clust0007	clustered_cis_ohnolog	right_flank	57	1.875	0	5000	0.0	0.0
clust0007	clustered_cis_ohnolog	right_flank	58	1.925	2	5000	0.1392	0.4
clust0007	clustered_cis_ohnolog	right_flank	59	1.975	0	5000	0.0	0.0
clust0076	clustered_cis_ohnolog	left_flank	0	-0.975	0	5000	0.0	0.0
clust0076	clustered_cis_ohnolog	left_flank	1	-0.925	0	5000	0.0	0.0
clust0076	clustered_cis_ohnolog	left_flank	2	-0.875	0	5000	0.0164	0.0
clust0076	clustered_cis_ohnolog	left_flank	3	-0.825	2	5000	0.1772	0.4
clust0076	clustered_cis_ohnolog	left_flank	4	-0.775	0	5000	0.0	0.0
clust0076	clustered_cis_ohnolog	left_flank	5	-0.725	0	5000	0.0	0.0
clust0076	clustered_cis_ohnolog	left_flank	6	-0.675	0	5000	0.0	0.0
clust0076	clustered_cis_ohnolog	left_flank	7	-0.625	0	5000	0.0	0.0
clust0076	clustered_cis_ohnolog	left_flank	8	-0.575	0	5000	0.0	0.0
clust0076	clustered_cis_ohnolog	left_flank	9	-0.525	3	5000	0.3062	0.6
clust0076	clustered_cis_ohnolog	left_flank	10	-0.475	0	5000	0.0	0.0
clust0076	clustered_cis_ohnolog	left_flank	11	-0.425	0	5000	0.0	0.0
clust0076	clustered_cis_ohnolog	left_flank	12	-0.375	0	5000	0.0	0.0
clust0076	clustered_cis_ohnolog	left_flank	13	-0.325	0	5000	0.0	0.0
clust0076	clustered_cis_ohnolog	left_flank	14	-0.275	1	5000	0.126	0.2
clust0076	clustered_cis_ohnolog	left_flank	15	-0.225	0	5000	0.0	0.0
clust0076	clustered_cis_ohnolog	left_flank	16	-0.175	0	5000	0.0	0.0
clust0076	clustered_cis_ohnolog	left_flank	17	-0.125	0	5000	0.0	0.0
clust0076	clustered_cis_ohnolog	left_flank	18	-0.075	0	5000	0.0	0.0
clust0076	clustered_cis_ohnolog	left_flank	19	-0.025	0	5000	0.0	0.0
clust0076	clustered_cis_ohnolog	body	20	0.025	2	5985	0.116291	0.334169
clust0076	clustered_cis_ohnolog	body	21	0.075	0	5986	0.0	0.0
clust0076	clustered_cis_ohnolog	body	22	0.125	0	5986	0.0	0.0
clust0076	clustered_cis_ohnolog	body	23	0.175	0	5986	0.0	0.0
clust0076	clustered_cis_ohnolog	body	24	0.225	0	5986	0.0	0.0
clust0076	clustered_cis_ohnolog	body	25	0.275	0	5986	0.0	0.0
clust0076	clustered_cis_ohnolog	body	26	0.325	1	5986	0.040261	0.167056
clust0076	clustered_cis_ohnolog	body	27	0.375	0	5986	0.0	0.0
clust0076	clustered_cis_ohnolog	body	28	0.425	0	5986	0.0	0.0
clust0076	clustered_cis_ohnolog	body	29	0.475	0	5986	0.0	0.0
clust0076	clustered_cis_ohnolog	body	30	0.525	0	5986	0.0	0.0
clust0076	clustered_cis_ohnolog	body	31	0.575	0	5986	0.0	0.0
clust0076	clustered_cis_ohnolog	body	32	0.625	0	5986	0.0	0.0
clust0076	clustered_cis_ohnolog	body	33	0.675	0	5986	0.0	0.0
clust0076	clustered_cis_ohnolog	body	34	0.725	0	5986	0.0	0.0
clust0076	clustered_cis_ohnolog	body	35	0.775	0	5986	0.0	0.0
clust0076	clustered_cis_ohnolog	body	36	0.825	0	5986	0.0	0.0
clust0076	clustered_cis_ohnolog	body	37	0.875	0	5986	0.0	0.0
clust0076	clustered_cis_ohnolog	body	38	0.925	0	5986	0.0	0.0
clust0076	clustered_cis_ohnolog	body	39	0.975	0	5986	0.0	0.0
clust0076	clustered_cis_ohnolog	right_flank	40	1.025	0	5000	0.0	0.0
clust0076	clustered_cis_ohnolog	right_flank	41	1.075	0	5000	0.0	0.0
clust0076	clustered_cis_ohnolog	right_flank	42	1.125	0	5000	0.0	0.0
clust0076	clustered_cis_ohnolog	right_flank	43	1.175	0	5000	0.0	0.0
clust0076	clustered_cis_ohnolog	right_flank	44	1.225	0	5000	0.0	0.0
clust0076	clustered_cis_ohnolog	right_flank	45	1.275	0	5000	0.0	0.0
clust0076	clustered_cis_ohnolog	right_flank	46	1.325	0	5000	0.0	0.0
clust0076	clustered_cis_ohnolog	right_flank	47	1.375	0	5000	0.0	0.0
clust0076	clustered_cis_ohnolog	right_flank	48	1.425	0	5000	0.0	0.0
clust0076	clustered_cis_ohnolog	right_flank	49	1.475	1	5000	0.1384	0.2
clust0076	clustered_cis_ohnolog	right_flank	50	1.525	1	5000	0.0292	0.2
clust0076	clustered_cis_ohnolog	right_flank	51	1.575	0	5000	0.0	0.0
clust0076	clustered_cis_ohnolog	right_flank	52	1.625	0	5000	0.0	0.0
clust0076	clustered_cis_ohnolog	right_flank	53	1.675	0	5000	0.0	0.0
clust0076	clustered_cis_ohnolog	right_flank	54	1.725	0	5000	0.0	0.0
clust0076	clustered_cis_ohnolog	right_flank	55	1.775	2	5000	0.183	0.4
clust0076	clustered_cis_ohnolog	right_flank	56	1.825	0	5000	0.0	0.0
clust0076	clustered_cis_ohnolog	right_flank	57	1.875	0	5000	0.0	0.0
clust0076	clustered_cis_ohnolog	right_flank	58	1.925	0	5000	0.0	0.0
clust0076	clustered_cis_ohnolog	right_flank	59	1.975	0	5000	0.0	0.0
clust0071	clustered_cis_ohnolog	left_flank	0	-0.975	0	5000	0.0	0.0
clust0071	clustered_cis_ohnolog	left_flank	1	-0.925	0	5000	0.0	0.0
clust0071	clustered_cis_ohnolog	left_flank	2	-0.875	0	5000	0.0	0.0
clust0071	clustered_cis_ohnolog	left_flank	3	-0.825	0	5000	0.0	0.0
clust0071	clustered_cis_ohnolog	left_flank	4	-0.775	0	5000	0.0	0.0
clust0071	clustered_cis_ohnolog	left_flank	5	-0.725	0	5000	0.0	0.0
clust0071	clustered_cis_ohnolog	left_flank	6	-0.675	0	5000	0.0	0.0
clust0071	clustered_cis_ohnolog	left_flank	7	-0.625	0	5000	0.0	0.0
clust0071	clustered_cis_ohnolog	left_flank	8	-0.575	0	5000	0.0	0.0
clust0071	clustered_cis_ohnolog	left_flank	9	-0.525	0	5000	0.0	0.0
clust0071	clustered_cis_ohnolog	left_flank	10	-0.475	0	5000	0.0	0.0
clust0071	clustered_cis_ohnolog	left_flank	11	-0.425	0	5000	0.0	0.0
clust0071	clustered_cis_ohnolog	left_flank	12	-0.375	0	5000	0.0	0.0
clust0071	clustered_cis_ohnolog	left_flank	13	-0.325	0	5000	0.0	0.0
clust0071	clustered_cis_ohnolog	left_flank	14	-0.275	0	5000	0.0	0.0
clust0071	clustered_cis_ohnolog	left_flank	15	-0.225	0	5000	0.0	0.0
clust0071	clustered_cis_ohnolog	left_flank	16	-0.175	0	5000	0.0	0.0
clust0071	clustered_cis_ohnolog	left_flank	17	-0.125	0	5000	0.0	0.0
clust0071	clustered_cis_ohnolog	left_flank	18	-0.075	0	5000	0.0	0.0
clust0071	clustered_cis_ohnolog	left_flank	19	-0.025	0	5000	0.0	0.0
clust0071	clustered_cis_ohnolog	body	20	0.025	0	601	0.0	0.0
clust0071	clustered_cis_ohnolog	body	21	0.075	0	602	0.0	0.0
clust0071	clustered_cis_ohnolog	body	22	0.125	0	602	0.0	0.0
clust0071	clustered_cis_ohnolog	body	23	0.175	0	602	0.0	0.0
clust0071	clustered_cis_ohnolog	body	24	0.225	0	602	0.0	0.0
clust0071	clustered_cis_ohnolog	body	25	0.275	0	602	0.0	0.0
clust0071	clustered_cis_ohnolog	body	26	0.325	0	601	0.0	0.0
clust0071	clustered_cis_ohnolog	body	27	0.375	0	602	0.0	0.0
clust0071	clustered_cis_ohnolog	body	28	0.425	0	602	0.0	0.0
clust0071	clustered_cis_ohnolog	body	29	0.475	0	602	0.0	0.0
clust0071	clustered_cis_ohnolog	body	30	0.525	0	602	0.0	0.0
clust0071	clustered_cis_ohnolog	body	31	0.575	0	602	0.0	0.0
clust0071	clustered_cis_ohnolog	body	32	0.625	0	602	0.0	0.0
clust0071	clustered_cis_ohnolog	body	33	0.675	0	601	0.0	0.0
clust0071	clustered_cis_ohnolog	body	34	0.725	0	602	0.0	0.0
clust0071	clustered_cis_ohnolog	body	35	0.775	0	602	0.0	0.0
clust0071	clustered_cis_ohnolog	body	36	0.825	0	602	0.0	0.0
clust0071	clustered_cis_ohnolog	body	37	0.875	0	602	0.0	0.0
clust0071	clustered_cis_ohnolog	body	38	0.925	0	602	0.0	0.0
clust0071	clustered_cis_ohnolog	body	39	0.975	0	602	0.0	0.0
clust0071	clustered_cis_ohnolog	right_flank	40	1.025	0	5000	0.0	0.0
clust0071	clustered_cis_ohnolog	right_flank	41	1.075	0	5000	0.0	0.0
clust0071	clustered_cis_ohnolog	right_flank	42	1.125	0	5000	0.0	0.0
clust0071	clustered_cis_ohnolog	right_flank	43	1.175	0	5000	0.0	0.0
clust0071	clustered_cis_ohnolog	right_flank	44	1.225	0	5000	0.0	0.0
clust0071	clustered_cis_ohnolog	right_flank	45	1.275	0	5000	0.0	0.0
clust0071	clustered_cis_ohnolog	right_flank	46	1.325	0	5000	0.0	0.0
clust0071	clustered_cis_ohnolog	right_flank	47	1.375	0	5000	0.0	0.0
clust0071	clustered_cis_ohnolog	right_flank	48	1.425	0	5000	0.0	0.0
clust0071	clustered_cis_ohnolog	right_flank	49	1.475	0	5000	0.0	0.0
clust0071	clustered_cis_ohnolog	right_flank	50	1.525	0	5000	0.0	0.0
clust0071	clustered_cis_ohnolog	right_flank	51	1.575	0	5000	0.0	0.0
clust0071	clustered_cis_ohnolog	right_flank	52	1.625	0	5000	0.0	0.0
clust0071	clustered_cis_ohnolog	right_flank	53	1.675	0	5000	0.0	0.0
clust0071	clustered_cis_ohnolog	right_flank	54	1.725	0	5000	0.0	0.0
clust0071	clustered_cis_ohnolog	right_flank	55	1.775	0	5000	0.0	0.0
clust0071	clustered_cis_ohnolog	right_flank	56	1.825	0	5000	0.0	0.0
clust0071	clustered_cis_ohnolog	right_flank	57	1.875	0	5000	0.0	0.0
clust0071	clustered_cis_ohnolog	right_flank	58	1.925	0	5000	0.0	0.0
clust0071	clustered_cis_ohnolog	right_flank	59	1.975	0	5000	0.0	0.0
clust0069	clustered_cis_ohnolog	left_flank	0	-0.975	0	5000	0.0	0.0
clust0069	clustered_cis_ohnolog	left_flank	1	-0.925	0	5000	0.0	0.0
clust0069	clustered_cis_ohnolog	left_flank	2	-0.875	0	5000	0.0	0.0
clust0069	clustered_cis_ohnolog	left_flank	3	-0.825	0	5000	0.0	0.0
clust0069	clustered_cis_ohnolog	left_flank	4	-0.775	0	5000	0.0	0.0
clust0069	clustered_cis_ohnolog	left_flank	5	-0.725	0	5000	0.0	0.0
clust0069	clustered_cis_ohnolog	left_flank	6	-0.675	0	5000	0.0	0.0
clust0069	clustered_cis_ohnolog	left_flank	7	-0.625	0	5000	0.0	0.0
clust0069	clustered_cis_ohnolog	left_flank	8	-0.575	0	5000	0.0	0.0
clust0069	clustered_cis_ohnolog	left_flank	9	-0.525	0	5000	0.0	0.0
clust0069	clustered_cis_ohnolog	left_flank	10	-0.475	0	5000	0.0	0.0
clust0069	clustered_cis_ohnolog	left_flank	11	-0.425	0	5000	0.0	0.0
clust0069	clustered_cis_ohnolog	left_flank	12	-0.375	0	5000	0.0	0.0
clust0069	clustered_cis_ohnolog	left_flank	13	-0.325	0	5000	0.0	0.0
clust0069	clustered_cis_ohnolog	left_flank	14	-0.275	0	5000	0.0	0.0
clust0069	clustered_cis_ohnolog	left_flank	15	-0.225	0	5000	0.0	0.0
clust0069	clustered_cis_ohnolog	left_flank	16	-0.175	0	5000	0.0	0.0
clust0069	clustered_cis_ohnolog	left_flank	17	-0.125	0	5000	0.0	0.0
clust0069	clustered_cis_ohnolog	left_flank	18	-0.075	0	5000	0.0	0.0
clust0069	clustered_cis_ohnolog	left_flank	19	-0.025	0	5000	0.0	0.0
clust0069	clustered_cis_ohnolog	body	20	0.025	0	16513	0.0	0.0
clust0069	clustered_cis_ohnolog	body	21	0.075	0	16513	0.0	0.0
clust0069	clustered_cis_ohnolog	body	22	0.125	0	16513	0.0	0.0
clust0069	clustered_cis_ohnolog	body	23	0.175	0	16513	0.0	0.0
clust0069	clustered_cis_ohnolog	body	24	0.225	0	16514	0.0	0.0
clust0069	clustered_cis_ohnolog	body	25	0.275	0	16513	0.0	0.0
clust0069	clustered_cis_ohnolog	body	26	0.325	0	16513	0.0	0.0
clust0069	clustered_cis_ohnolog	body	27	0.375	0	16513	0.0	0.0
clust0069	clustered_cis_ohnolog	body	28	0.425	0	16513	0.0	0.0
clust0069	clustered_cis_ohnolog	body	29	0.475	2	16514	0.047959	0.121109
clust0069	clustered_cis_ohnolog	body	30	0.525	0	16513	0.0	0.0
clust0069	clustered_cis_ohnolog	body	31	0.575	0	16513	0.0	0.0
clust0069	clustered_cis_ohnolog	body	32	0.625	0	16513	0.0	0.0
clust0069	clustered_cis_ohnolog	body	33	0.675	0	16513	0.0	0.0
clust0069	clustered_cis_ohnolog	body	34	0.725	0	16514	0.0	0.0
clust0069	clustered_cis_ohnolog	body	35	0.775	0	16513	0.0	0.0
clust0069	clustered_cis_ohnolog	body	36	0.825	1	16513	0.038152	0.060558
clust0069	clustered_cis_ohnolog	body	37	0.875	0	16513	0.0	0.0
clust0069	clustered_cis_ohnolog	body	38	0.925	2	16513	0.055895	0.121117
clust0069	clustered_cis_ohnolog	body	39	0.975	0	16514	0.0	0.0
clust0069	clustered_cis_ohnolog	right_flank	40	1.025	0	5000	0.0	0.0
clust0069	clustered_cis_ohnolog	right_flank	41	1.075	0	5000	0.0	0.0
clust0069	clustered_cis_ohnolog	right_flank	42	1.125	0	5000	0.0	0.0
clust0069	clustered_cis_ohnolog	right_flank	43	1.175	0	5000	0.0	0.0
clust0069	clustered_cis_ohnolog	right_flank	44	1.225	0	5000	0.0	0.0
clust0069	clustered_cis_ohnolog	right_flank	45	1.275	0	5000	0.0	0.0
clust0069	clustered_cis_ohnolog	right_flank	46	1.325	0	5000	0.0	0.0
clust0069	clustered_cis_ohnolog	right_flank	47	1.375	0	5000	0.0	0.0
clust0069	clustered_cis_ohnolog	right_flank	48	1.425	0	5000	0.0	0.0
clust0069	clustered_cis_ohnolog	right_flank	49	1.475	0	5000	0.0	0.0
clust0069	clustered_cis_ohnolog	right_flank	50	1.525	0	5000	0.0	0.0
clust0069	clustered_cis_ohnolog	right_flank	51	1.575	0	5000	0.0	0.0
clust0069	clustered_cis_ohnolog	right_flank	52	1.625	0	5000	0.0	0.0
clust0069	clustered_cis_ohnolog	right_flank	53	1.675	0	5000	0.0	0.0
clust0069	clustered_cis_ohnolog	right_flank	54	1.725	0	5000	0.0	0.0
clust0069	clustered_cis_ohnolog	right_flank	55	1.775	0	5000	0.0	0.0
clust0069	clustered_cis_ohnolog	right_flank	56	1.825	0	5000	0.0	0.0
clust0069	clustered_cis_ohnolog	right_flank	57	1.875	0	5000	0.0	0.0
clust0069	clustered_cis_ohnolog	right_flank	58	1.925	0	5000	0.0	0.0
clust0069	clustered_cis_ohnolog	right_flank	59	1.975	0	5000	0.0	0.0
clust0043	clustered_cis_ohnolog	left_flank	0	-0.975	0	5000	0.0	0.0
clust0043	clustered_cis_ohnolog	left_flank	1	-0.925	0	5000	0.0	0.0
clust0043	clustered_cis_ohnolog	left_flank	2	-0.875	0	5000	0.0	0.0
clust0043	clustered_cis_ohnolog	left_flank	3	-0.825	0	5000	0.0282	0.0
clust0043	clustered_cis_ohnolog	left_flank	4	-0.775	2	5000	0.2238	0.4
clust0043	clustered_cis_ohnolog	left_flank	5	-0.725	0	5000	0.0	0.0
clust0043	clustered_cis_ohnolog	left_flank	6	-0.675	0	5000	0.0	0.0
clust0043	clustered_cis_ohnolog	left_flank	7	-0.625	0	5000	0.0	0.0
clust0043	clustered_cis_ohnolog	left_flank	8	-0.575	0	5000	0.0	0.0
clust0043	clustered_cis_ohnolog	left_flank	9	-0.525	0	5000	0.0	0.0
clust0043	clustered_cis_ohnolog	left_flank	10	-0.475	0	5000	0.0	0.0
clust0043	clustered_cis_ohnolog	left_flank	11	-0.425	0	5000	0.0	0.0
clust0043	clustered_cis_ohnolog	left_flank	12	-0.375	0	5000	0.0	0.0
clust0043	clustered_cis_ohnolog	left_flank	13	-0.325	0	5000	0.0	0.0
clust0043	clustered_cis_ohnolog	left_flank	14	-0.275	0	5000	0.0	0.0
clust0043	clustered_cis_ohnolog	left_flank	15	-0.225	2	5000	0.252	0.4
clust0043	clustered_cis_ohnolog	left_flank	16	-0.175	0	5000	0.0	0.0
clust0043	clustered_cis_ohnolog	left_flank	17	-0.125	0	5000	0.0	0.0
clust0043	clustered_cis_ohnolog	left_flank	18	-0.075	0	5000	0.0	0.0
clust0043	clustered_cis_ohnolog	left_flank	19	-0.025	0	5000	0.0	0.0
clust0043	clustered_cis_ohnolog	body	20	0.025	0	8841	0.0	0.0
clust0043	clustered_cis_ohnolog	body	21	0.075	0	8842	0.0	0.0
clust0043	clustered_cis_ohnolog	body	22	0.125	0	8841	0.0	0.0
clust0043	clustered_cis_ohnolog	body	23	0.175	2	8842	0.112192	0.226193
clust0043	clustered_cis_ohnolog	body	24	0.225	2	8842	0.096584	0.226193
clust0043	clustered_cis_ohnolog	body	25	0.275	0	8841	0.0	0.0
clust0043	clustered_cis_ohnolog	body	26	0.325	0	8842	0.0	0.0
clust0043	clustered_cis_ohnolog	body	27	0.375	0	8841	0.0	0.0
clust0043	clustered_cis_ohnolog	body	28	0.425	2	8842	0.142502	0.226193
clust0043	clustered_cis_ohnolog	body	29	0.475	0	8842	0.0	0.0
clust0043	clustered_cis_ohnolog	body	30	0.525	0	8841	0.0	0.0
clust0043	clustered_cis_ohnolog	body	31	0.575	0	8842	0.0	0.0
clust0043	clustered_cis_ohnolog	body	32	0.625	0	8841	0.0	0.0
clust0043	clustered_cis_ohnolog	body	33	0.675	0	8842	0.0	0.0
clust0043	clustered_cis_ohnolog	body	34	0.725	0	8842	0.0	0.0
clust0043	clustered_cis_ohnolog	body	35	0.775	0	8841	0.0	0.0
clust0043	clustered_cis_ohnolog	body	36	0.825	0	8842	0.0	0.0
clust0043	clustered_cis_ohnolog	body	37	0.875	0	8841	0.0	0.0
clust0043	clustered_cis_ohnolog	body	38	0.925	1	8842	0.071251	0.113097
clust0043	clustered_cis_ohnolog	body	39	0.975	0	8842	0.0	0.0
clust0043	clustered_cis_ohnolog	right_flank	40	1.025	0	5000	0.0	0.0
clust0043	clustered_cis_ohnolog	right_flank	41	1.075	0	5000	0.0	0.0
clust0043	clustered_cis_ohnolog	right_flank	42	1.125	0	5000	0.0042	0.0
clust0043	clustered_cis_ohnolog	right_flank	43	1.175	2	5000	0.1706	0.4
clust0043	clustered_cis_ohnolog	right_flank	44	1.225	0	5000	0.0	0.0
clust0043	clustered_cis_ohnolog	right_flank	45	1.275	0	5000	0.0	0.0
clust0043	clustered_cis_ohnolog	right_flank	46	1.325	0	5000	0.0	0.0
clust0043	clustered_cis_ohnolog	right_flank	47	1.375	0	5000	0.0	0.0
clust0043	clustered_cis_ohnolog	right_flank	48	1.425	0	5000	0.0	0.0
clust0043	clustered_cis_ohnolog	right_flank	49	1.475	0	5000	0.0	0.0
clust0043	clustered_cis_ohnolog	right_flank	50	1.525	0	5000	0.0	0.0
clust0043	clustered_cis_ohnolog	right_flank	51	1.575	0	5000	0.0	0.0
clust0043	clustered_cis_ohnolog	right_flank	52	1.625	0	5000	0.0	0.0
clust0043	clustered_cis_ohnolog	right_flank	53	1.675	0	5000	0.0	0.0
clust0043	clustered_cis_ohnolog	right_flank	54	1.725	0	5000	0.0	0.0
clust0043	clustered_cis_ohnolog	right_flank	55	1.775	0	5000	0.0	0.0
clust0043	clustered_cis_ohnolog	right_flank	56	1.825	0	5000	0.0	0.0
clust0043	clustered_cis_ohnolog	right_flank	57	1.875	0	5000	0.047	0.0
clust0043	clustered_cis_ohnolog	right_flank	58	1.925	1	5000	0.079	0.2
clust0043	clustered_cis_ohnolog	right_flank	59	1.975	0	5000	0.0	0.0
clust0008	clustered_cis_ohnolog	left_flank	0	-0.975	0	5000	0.0	0.0
clust0008	clustered_cis_ohnolog	left_flank	1	-0.925	0	5000	0.0	0.0
clust0008	clustered_cis_ohnolog	left_flank	2	-0.875	0	5000	0.0	0.0
clust0008	clustered_cis_ohnolog	left_flank	3	-0.825	0	5000	0.0	0.0
clust0008	clustered_cis_ohnolog	left_flank	4	-0.775	0	5000	0.0	0.0
clust0008	clustered_cis_ohnolog	left_flank	5	-0.725	0	5000	0.0	0.0
clust0008	clustered_cis_ohnolog	left_flank	6	-0.675	0	5000	0.0	0.0
clust0008	clustered_cis_ohnolog	left_flank	7	-0.625	0	5000	0.0	0.0
clust0008	clustered_cis_ohnolog	left_flank	8	-0.575	0	5000	0.0	0.0
clust0008	clustered_cis_ohnolog	left_flank	9	-0.525	0	5000	0.0	0.0
clust0008	clustered_cis_ohnolog	left_flank	10	-0.475	0	5000	0.0	0.0
clust0008	clustered_cis_ohnolog	left_flank	11	-0.425	0	5000	0.0	0.0
clust0008	clustered_cis_ohnolog	left_flank	12	-0.375	0	5000	0.0	0.0
clust0008	clustered_cis_ohnolog	left_flank	13	-0.325	0	5000	0.0	0.0
clust0008	clustered_cis_ohnolog	left_flank	14	-0.275	0	5000	0.0	0.0
clust0008	clustered_cis_ohnolog	left_flank	15	-0.225	0	5000	0.0	0.0
clust0008	clustered_cis_ohnolog	left_flank	16	-0.175	0	5000	0.0	0.0
clust0008	clustered_cis_ohnolog	left_flank	17	-0.125	0	5000	0.0	0.0
clust0008	clustered_cis_ohnolog	left_flank	18	-0.075	0	5000	0.0	0.0
clust0008	clustered_cis_ohnolog	left_flank	19	-0.025	0	5000	0.0	0.0
clust0008	clustered_cis_ohnolog	body	20	0.025	0	53971	0.0	0.0
clust0008	clustered_cis_ohnolog	body	21	0.075	0	53971	0.0	0.0
clust0008	clustered_cis_ohnolog	body	22	0.125	0	53972	0.0	0.0
clust0008	clustered_cis_ohnolog	body	23	0.175	1	53971	0.011673	0.018528
clust0008	clustered_cis_ohnolog	body	24	0.225	0	53972	0.0	0.0
clust0008	clustered_cis_ohnolog	body	25	0.275	0	53971	0.0	0.0
clust0008	clustered_cis_ohnolog	body	26	0.325	0	53971	0.0	0.0
clust0008	clustered_cis_ohnolog	body	27	0.375	0	53972	0.0	0.0
clust0008	clustered_cis_ohnolog	body	28	0.425	0	53971	0.0	0.0
clust0008	clustered_cis_ohnolog	body	29	0.475	0	53972	0.0	0.0
clust0008	clustered_cis_ohnolog	body	30	0.525	0	53971	0.0	0.0
clust0008	clustered_cis_ohnolog	body	31	0.575	0	53971	0.0	0.0
clust0008	clustered_cis_ohnolog	body	32	0.625	5	53972	0.051749	0.092641
clust0008	clustered_cis_ohnolog	body	33	0.675	2	53971	0.023346	0.037057
clust0008	clustered_cis_ohnolog	body	34	0.725	4	53972	0.046691	0.074113
clust0008	clustered_cis_ohnolog	body	35	0.775	0	53971	0.0	0.0
clust0008	clustered_cis_ohnolog	body	36	0.825	0	53971	0.0	0.0
clust0008	clustered_cis_ohnolog	body	37	0.875	0	53972	0.0	0.0
clust0008	clustered_cis_ohnolog	body	38	0.925	1	53971	0.011673	0.018528
clust0008	clustered_cis_ohnolog	body	39	0.975	0	53972	0.0	0.0
clust0008	clustered_cis_ohnolog	right_flank	40	1.025	0	5000	0.0	0.0
clust0008	clustered_cis_ohnolog	right_flank	41	1.075	0	5000	0.0	0.0
clust0008	clustered_cis_ohnolog	right_flank	42	1.125	0	5000	0.0	0.0
clust0008	clustered_cis_ohnolog	right_flank	43	1.175	0	5000	0.0	0.0
clust0008	clustered_cis_ohnolog	right_flank	44	1.225	0	5000	0.0	0.0
clust0008	clustered_cis_ohnolog	right_flank	45	1.275	0	5000	0.0	0.0
clust0008	clustered_cis_ohnolog	right_flank	46	1.325	0	5000	0.0	0.0
clust0008	clustered_cis_ohnolog	right_flank	47	1.375	0	5000	0.0	0.0
clust0008	clustered_cis_ohnolog	right_flank	48	1.425	0	5000	0.0	0.0
clust0008	clustered_cis_ohnolog	right_flank	49	1.475	0	5000	0.0	0.0
clust0008	clustered_cis_ohnolog	right_flank	50	1.525	0	5000	0.0	0.0
clust0008	clustered_cis_ohnolog	right_flank	51	1.575	0	5000	0.0	0.0
clust0008	clustered_cis_ohnolog	right_flank	52	1.625	0	5000	0.0	0.0
clust0008	clustered_cis_ohnolog	right_flank	53	1.675	0	5000	0.0	0.0
clust0008	clustered_cis_ohnolog	right_flank	54	1.725	0	5000	0.0	0.0
clust0008	clustered_cis_ohnolog	right_flank	55	1.775	0	5000	0.0	0.0
clust0008	clustered_cis_ohnolog	right_flank	56	1.825	0	5000	0.0	0.0
clust0008	clustered_cis_ohnolog	right_flank	57	1.875	0	5000	0.0	0.0
clust0008	clustered_cis_ohnolog	right_flank	58	1.925	0	5000	0.0	0.0
clust0008	clustered_cis_ohnolog	right_flank	59	1.975	0	5000	0.0	0.0
clust0009	clustered_cis_ohnolog	left_flank	0	-0.975	0	5000	0.0	0.0
clust0009	clustered_cis_ohnolog	left_flank	1	-0.925	0	5000	0.0	0.0
clust0009	clustered_cis_ohnolog	left_flank	2	-0.875	0	5000	0.0	0.0
clust0009	clustered_cis_ohnolog	left_flank	3	-0.825	0	5000	0.0	0.0
clust0009	clustered_cis_ohnolog	left_flank	4	-0.775	0	5000	0.0	0.0
clust0009	clustered_cis_ohnolog	left_flank	5	-0.725	0	5000	0.0	0.0
clust0009	clustered_cis_ohnolog	left_flank	6	-0.675	0	5000	0.0	0.0
clust0009	clustered_cis_ohnolog	left_flank	7	-0.625	2	5000	0.252	0.4
clust0009	clustered_cis_ohnolog	left_flank	8	-0.575	0	5000	0.0	0.0
clust0009	clustered_cis_ohnolog	left_flank	9	-0.525	0	5000	0.0	0.0
clust0009	clustered_cis_ohnolog	left_flank	10	-0.475	2	5000	0.2038	0.4
clust0009	clustered_cis_ohnolog	left_flank	11	-0.425	0	5000	0.0	0.0
clust0009	clustered_cis_ohnolog	left_flank	12	-0.375	0	5000	0.0	0.0
clust0009	clustered_cis_ohnolog	left_flank	13	-0.325	0	5000	0.0	0.0
clust0009	clustered_cis_ohnolog	left_flank	14	-0.275	0	5000	0.0	0.0
clust0009	clustered_cis_ohnolog	left_flank	15	-0.225	0	5000	0.0	0.0
clust0009	clustered_cis_ohnolog	left_flank	16	-0.175	0	5000	0.0	0.0
clust0009	clustered_cis_ohnolog	left_flank	17	-0.125	0	5000	0.0	0.0
clust0009	clustered_cis_ohnolog	left_flank	18	-0.075	0	5000	0.0	0.0
clust0009	clustered_cis_ohnolog	left_flank	19	-0.025	0	5000	0.0	0.0
clust0009	clustered_cis_ohnolog	body	20	0.025	0	1190	0.0	0.0
clust0009	clustered_cis_ohnolog	body	21	0.075	0	1190	0.0	0.0
clust0009	clustered_cis_ohnolog	body	22	0.125	0	1190	0.0	0.0
clust0009	clustered_cis_ohnolog	body	23	0.175	0	1190	0.0	0.0
clust0009	clustered_cis_ohnolog	body	24	0.225	0	1190	0.0	0.0
clust0009	clustered_cis_ohnolog	body	25	0.275	0	1190	0.0	0.0
clust0009	clustered_cis_ohnolog	body	26	0.325	0	1190	0.0	0.0
clust0009	clustered_cis_ohnolog	body	27	0.375	0	1190	0.0	0.0
clust0009	clustered_cis_ohnolog	body	28	0.425	0	1190	0.0	0.0
clust0009	clustered_cis_ohnolog	body	29	0.475	0	1190	0.0	0.0
clust0009	clustered_cis_ohnolog	body	30	0.525	0	1190	0.0	0.0
clust0009	clustered_cis_ohnolog	body	31	0.575	0	1190	0.0	0.0
clust0009	clustered_cis_ohnolog	body	32	0.625	0	1190	0.0	0.0
clust0009	clustered_cis_ohnolog	body	33	0.675	0	1190	0.0	0.0
clust0009	clustered_cis_ohnolog	body	34	0.725	0	1190	0.0	0.0
clust0009	clustered_cis_ohnolog	body	35	0.775	0	1190	0.0	0.0
clust0009	clustered_cis_ohnolog	body	36	0.825	0	1190	0.0	0.0
clust0009	clustered_cis_ohnolog	body	37	0.875	0	1190	0.0	0.0
clust0009	clustered_cis_ohnolog	body	38	0.925	0	1190	0.0	0.0
clust0009	clustered_cis_ohnolog	body	39	0.975	0	1191	0.0	0.0
clust0009	clustered_cis_ohnolog	right_flank	40	1.025	0	5000	0.0	0.0
clust0009	clustered_cis_ohnolog	right_flank	41	1.075	0	5000	0.0	0.0
clust0009	clustered_cis_ohnolog	right_flank	42	1.125	0	5000	0.0	0.0
clust0009	clustered_cis_ohnolog	right_flank	43	1.175	0	5000	0.0	0.0
clust0009	clustered_cis_ohnolog	right_flank	44	1.225	0	5000	0.0	0.0
clust0009	clustered_cis_ohnolog	right_flank	45	1.275	0	5000	0.0	0.0
clust0009	clustered_cis_ohnolog	right_flank	46	1.325	0	5000	0.0	0.0
clust0009	clustered_cis_ohnolog	right_flank	47	1.375	0	5000	0.0	0.0
clust0009	clustered_cis_ohnolog	right_flank	48	1.425	0	5000	0.0	0.0
clust0009	clustered_cis_ohnolog	right_flank	49	1.475	0	5000	0.0	0.0
clust0009	clustered_cis_ohnolog	right_flank	50	1.525	0	5000	0.0	0.0
clust0009	clustered_cis_ohnolog	right_flank	51	1.575	0	5000	0.0	0.0
clust0009	clustered_cis_ohnolog	right_flank	52	1.625	0	5000	0.0	0.0
clust0009	clustered_cis_ohnolog	right_flank	53	1.675	0	5000	0.0	0.0
clust0009	clustered_cis_ohnolog	right_flank	54	1.725	0	5000	0.0	0.0
clust0009	clustered_cis_ohnolog	right_flank	55	1.775	0	5000	0.0	0.0
clust0009	clustered_cis_ohnolog	right_flank	56	1.825	0	5000	0.0	0.0
clust0009	clustered_cis_ohnolog	right_flank	57	1.875	0	5000	0.0	0.0
clust0009	clustered_cis_ohnolog	right_flank	58	1.925	0	5000	0.0	0.0
clust0009	clustered_cis_ohnolog	right_flank	59	1.975	0	5000	0.0	0.0
clust0044	clustered_cis_ohnolog	left_flank	0	-0.975	0	5000	0.0	0.0
clust0044	clustered_cis_ohnolog	left_flank	1	-0.925	0	5000	0.0	0.0
clust0044	clustered_cis_ohnolog	left_flank	2	-0.875	0	5000	0.0	0.0
clust0044	clustered_cis_ohnolog	left_flank	3	-0.825	0	5000	0.0	0.0
clust0044	clustered_cis_ohnolog	left_flank	4	-0.775	0	5000	0.0	0.0
clust0044	clustered_cis_ohnolog	left_flank	5	-0.725	0	5000	0.0	0.0
clust0044	clustered_cis_ohnolog	left_flank	6	-0.675	0	5000	0.0	0.0
clust0044	clustered_cis_ohnolog	left_flank	7	-0.625	0	5000	0.0	0.0
clust0044	clustered_cis_ohnolog	left_flank	8	-0.575	0	5000	0.0	0.0
clust0044	clustered_cis_ohnolog	left_flank	9	-0.525	0	5000	0.0	0.0
clust0044	clustered_cis_ohnolog	left_flank	10	-0.475	0	5000	0.0	0.0
clust0044	clustered_cis_ohnolog	left_flank	11	-0.425	0	5000	0.0	0.0
clust0044	clustered_cis_ohnolog	left_flank	12	-0.375	0	5000	0.0	0.0
clust0044	clustered_cis_ohnolog	left_flank	13	-0.325	0	5000	0.0	0.0
clust0044	clustered_cis_ohnolog	left_flank	14	-0.275	0	5000	0.0	0.0
clust0044	clustered_cis_ohnolog	left_flank	15	-0.225	0	5000	0.0	0.0
clust0044	clustered_cis_ohnolog	left_flank	16	-0.175	0	5000	0.0	0.0
clust0044	clustered_cis_ohnolog	left_flank	17	-0.125	0	5000	0.0	0.0
clust0044	clustered_cis_ohnolog	left_flank	18	-0.075	0	5000	0.0	0.0
clust0044	clustered_cis_ohnolog	left_flank	19	-0.025	0	5000	0.0	0.0
clust0044	clustered_cis_ohnolog	body	20	0.025	0	3311	0.0	0.0
clust0044	clustered_cis_ohnolog	body	21	0.075	0	3311	0.0	0.0
clust0044	clustered_cis_ohnolog	body	22	0.125	0	3311	0.0	0.0
clust0044	clustered_cis_ohnolog	body	23	0.175	0	3311	0.0	0.0
clust0044	clustered_cis_ohnolog	body	24	0.225	0	3311	0.0	0.0
clust0044	clustered_cis_ohnolog	body	25	0.275	0	3311	0.0	0.0
clust0044	clustered_cis_ohnolog	body	26	0.325	0	3311	0.0	0.0
clust0044	clustered_cis_ohnolog	body	27	0.375	0	3311	0.0	0.0
clust0044	clustered_cis_ohnolog	body	28	0.425	0	3311	0.0	0.0
clust0044	clustered_cis_ohnolog	body	29	0.475	0	3312	0.0	0.0
clust0044	clustered_cis_ohnolog	body	30	0.525	0	3311	0.0	0.0
clust0044	clustered_cis_ohnolog	body	31	0.575	1	3311	0.190275	0.302024
clust0044	clustered_cis_ohnolog	body	32	0.625	2	3311	0.38055	0.604047
clust0044	clustered_cis_ohnolog	body	33	0.675	0	3311	0.0	0.0
clust0044	clustered_cis_ohnolog	body	34	0.725	0	3311	0.0	0.0
clust0044	clustered_cis_ohnolog	body	35	0.775	0	3311	0.0	0.0
clust0044	clustered_cis_ohnolog	body	36	0.825	0	3311	0.0	0.0
clust0044	clustered_cis_ohnolog	body	37	0.875	0	3311	0.0	0.0
clust0044	clustered_cis_ohnolog	body	38	0.925	0	3311	0.0	0.0
clust0044	clustered_cis_ohnolog	body	39	0.975	0	3312	0.0	0.0
clust0044	clustered_cis_ohnolog	right_flank	40	1.025	0	5000	0.0	0.0
clust0044	clustered_cis_ohnolog	right_flank	41	1.075	0	5000	0.0	0.0
clust0044	clustered_cis_ohnolog	right_flank	42	1.125	0	5000	0.0	0.0
clust0044	clustered_cis_ohnolog	right_flank	43	1.175	0	5000	0.0	0.0
clust0044	clustered_cis_ohnolog	right_flank	44	1.225	2	5000	0.252	0.4
clust0044	clustered_cis_ohnolog	right_flank	45	1.275	0	5000	0.0	0.0
clust0044	clustered_cis_ohnolog	right_flank	46	1.325	0	5000	0.0	0.0
clust0044	clustered_cis_ohnolog	right_flank	47	1.375	0	5000	0.0	0.0
clust0044	clustered_cis_ohnolog	right_flank	48	1.425	0	5000	0.0	0.0
clust0044	clustered_cis_ohnolog	right_flank	49	1.475	0	5000	0.0	0.0
clust0044	clustered_cis_ohnolog	right_flank	50	1.525	0	5000	0.0	0.0
clust0044	clustered_cis_ohnolog	right_flank	51	1.575	0	5000	0.0	0.0
clust0044	clustered_cis_ohnolog	right_flank	52	1.625	0	5000	0.0	0.0
clust0044	clustered_cis_ohnolog	right_flank	53	1.675	0	5000	0.0	0.0
clust0044	clustered_cis_ohnolog	right_flank	54	1.725	0	5000	0.0	0.0
clust0044	clustered_cis_ohnolog	right_flank	55	1.775	0	5000	0.0	0.0
clust0044	clustered_cis_ohnolog	right_flank	56	1.825	0	5000	0.0	0.0
clust0044	clustered_cis_ohnolog	right_flank	57	1.875	0	5000	0.0	0.0
clust0044	clustered_cis_ohnolog	right_flank	58	1.925	0	5000	0.0	0.0
clust0044	clustered_cis_ohnolog	right_flank	59	1.975	0	5000	0.0	0.0
clust0045	clustered_cis_ohnolog	left_flank	0	-0.975	0	5000	0.0	0.0
clust0045	clustered_cis_ohnolog	left_flank	1	-0.925	0	5000	0.0	0.0
clust0045	clustered_cis_ohnolog	left_flank	2	-0.875	0	5000	0.0	0.0
clust0045	clustered_cis_ohnolog	left_flank	3	-0.825	0	5000	0.0	0.0
clust0045	clustered_cis_ohnolog	left_flank	4	-0.775	0	5000	0.0	0.0
clust0045	clustered_cis_ohnolog	left_flank	5	-0.725	0	5000	0.0	0.0
clust0045	clustered_cis_ohnolog	left_flank	6	-0.675	0	5000	0.0	0.0
clust0045	clustered_cis_ohnolog	left_flank	7	-0.625	0	5000	0.0	0.0
clust0045	clustered_cis_ohnolog	left_flank	8	-0.575	0	5000	0.0	0.0
clust0045	clustered_cis_ohnolog	left_flank	9	-0.525	0	5000	0.0	0.0
clust0045	clustered_cis_ohnolog	left_flank	10	-0.475	0	5000	0.0	0.0
clust0045	clustered_cis_ohnolog	left_flank	11	-0.425	0	5000	0.0	0.0
clust0045	clustered_cis_ohnolog	left_flank	12	-0.375	0	5000	0.0	0.0
clust0045	clustered_cis_ohnolog	left_flank	13	-0.325	0	5000	0.0	0.0
clust0045	clustered_cis_ohnolog	left_flank	14	-0.275	0	5000	0.0	0.0
clust0045	clustered_cis_ohnolog	left_flank	15	-0.225	0	5000	0.0	0.0
clust0045	clustered_cis_ohnolog	left_flank	16	-0.175	0	5000	0.0	0.0
clust0045	clustered_cis_ohnolog	left_flank	17	-0.125	0	5000	0.0	0.0
clust0045	clustered_cis_ohnolog	left_flank	18	-0.075	0	5000	0.0	0.0
clust0045	clustered_cis_ohnolog	left_flank	19	-0.025	0	5000	0.0	0.0
clust0045	clustered_cis_ohnolog	body	20	0.025	0	10760	0.0	0.0
clust0045	clustered_cis_ohnolog	body	21	0.075	0	10760	0.0	0.0
clust0045	clustered_cis_ohnolog	body	22	0.125	0	10760	0.0	0.0
clust0045	clustered_cis_ohnolog	body	23	0.175	0	10761	0.0	0.0
clust0045	clustered_cis_ohnolog	body	24	0.225	1	10760	0.05855	0.092937
clust0045	clustered_cis_ohnolog	body	25	0.275	0	10760	0.0	0.0
clust0045	clustered_cis_ohnolog	body	26	0.325	0	10760	0.0	0.0
clust0045	clustered_cis_ohnolog	body	27	0.375	0	10761	0.0	0.0
clust0045	clustered_cis_ohnolog	body	28	0.425	0	10760	0.0	0.0
clust0045	clustered_cis_ohnolog	body	29	0.475	0	10760	0.0	0.0
clust0045	clustered_cis_ohnolog	body	30	0.525	1	10760	0.05855	0.092937
clust0045	clustered_cis_ohnolog	body	31	0.575	0	10761	0.0	0.0
clust0045	clustered_cis_ohnolog	body	32	0.625	0	10760	0.0	0.0
clust0045	clustered_cis_ohnolog	body	33	0.675	0	10760	0.0	0.0
clust0045	clustered_cis_ohnolog	body	34	0.725	0	10760	0.0	0.0
clust0045	clustered_cis_ohnolog	body	35	0.775	0	10761	0.0	0.0
clust0045	clustered_cis_ohnolog	body	36	0.825	0	10760	0.0	0.0
clust0045	clustered_cis_ohnolog	body	37	0.875	0	10760	0.0	0.0
clust0045	clustered_cis_ohnolog	body	38	0.925	0	10760	0.0	0.0
clust0045	clustered_cis_ohnolog	body	39	0.975	0	10761	0.0	0.0
clust0045	clustered_cis_ohnolog	right_flank	40	1.025	0	5000	0.0	0.0
clust0045	clustered_cis_ohnolog	right_flank	41	1.075	0	5000	0.0	0.0
clust0045	clustered_cis_ohnolog	right_flank	42	1.125	0	5000	0.0	0.0
clust0045	clustered_cis_ohnolog	right_flank	43	1.175	0	5000	0.0	0.0
clust0045	clustered_cis_ohnolog	right_flank	44	1.225	0	5000	0.0	0.0
clust0045	clustered_cis_ohnolog	right_flank	45	1.275	0	5000	0.0	0.0
clust0045	clustered_cis_ohnolog	right_flank	46	1.325	0	5000	0.0	0.0
clust0045	clustered_cis_ohnolog	right_flank	47	1.375	0	5000	0.0	0.0
clust0045	clustered_cis_ohnolog	right_flank	48	1.425	0	5000	0.0	0.0
clust0045	clustered_cis_ohnolog	right_flank	49	1.475	0	5000	0.0	0.0
clust0045	clustered_cis_ohnolog	right_flank	50	1.525	0	5000	0.0	0.0
clust0045	clustered_cis_ohnolog	right_flank	51	1.575	0	5000	0.0	0.0
clust0045	clustered_cis_ohnolog	right_flank	52	1.625	0	5000	0.0	0.0
clust0045	clustered_cis_ohnolog	right_flank	53	1.675	0	5000	0.0	0.0
clust0045	clustered_cis_ohnolog	right_flank	54	1.725	0	5000	0.0	0.0
clust0045	clustered_cis_ohnolog	right_flank	55	1.775	0	5000	0.0	0.0
clust0045	clustered_cis_ohnolog	right_flank	56	1.825	0	5000	0.0	0.0
clust0045	clustered_cis_ohnolog	right_flank	57	1.875	0	5000	0.0	0.0
clust0045	clustered_cis_ohnolog	right_flank	58	1.925	0	5000	0.0	0.0
clust0045	clustered_cis_ohnolog	right_flank	59	1.975	0	5000	0.0	0.0
clust0077	clustered_cis_ohnolog	left_flank	0	-0.975	0	5000	0.0	0.0
clust0077	clustered_cis_ohnolog	left_flank	1	-0.925	0	5000	0.0	0.0
clust0077	clustered_cis_ohnolog	left_flank	2	-0.875	0	5000	0.0	0.0
clust0077	clustered_cis_ohnolog	left_flank	3	-0.825	0	5000	0.0	0.0
clust0077	clustered_cis_ohnolog	left_flank	4	-0.775	0	5000	0.0	0.0
clust0077	clustered_cis_ohnolog	left_flank	5	-0.725	0	5000	0.0	0.0
clust0077	clustered_cis_ohnolog	left_flank	6	-0.675	0	5000	0.0	0.0
clust0077	clustered_cis_ohnolog	left_flank	7	-0.625	0	5000	0.0	0.0
clust0077	clustered_cis_ohnolog	left_flank	8	-0.575	0	5000	0.0	0.0
clust0077	clustered_cis_ohnolog	left_flank	9	-0.525	0	5000	0.0	0.0
clust0077	clustered_cis_ohnolog	left_flank	10	-0.475	2	5000	0.252	0.4
clust0077	clustered_cis_ohnolog	left_flank	11	-0.425	0	5000	0.0	0.0
clust0077	clustered_cis_ohnolog	left_flank	12	-0.375	0	5000	0.0	0.0
clust0077	clustered_cis_ohnolog	left_flank	13	-0.325	0	5000	0.0	0.0
clust0077	clustered_cis_ohnolog	left_flank	14	-0.275	0	5000	0.0	0.0
clust0077	clustered_cis_ohnolog	left_flank	15	-0.225	0	5000	0.0	0.0
clust0077	clustered_cis_ohnolog	left_flank	16	-0.175	0	5000	0.0	0.0
clust0077	clustered_cis_ohnolog	left_flank	17	-0.125	0	5000	0.0	0.0
clust0077	clustered_cis_ohnolog	left_flank	18	-0.075	0	5000	0.0	0.0
clust0077	clustered_cis_ohnolog	left_flank	19	-0.025	0	5000	0.0	0.0
clust0077	clustered_cis_ohnolog	body	20	0.025	0	13408	0.0	0.0
clust0077	clustered_cis_ohnolog	body	21	0.075	2	13408	0.03923	0.149165
clust0077	clustered_cis_ohnolog	body	22	0.125	2	13409	0.070997	0.149154
clust0077	clustered_cis_ohnolog	body	23	0.175	0	13408	0.0	0.0
clust0077	clustered_cis_ohnolog	body	24	0.225	0	13408	0.0	0.0
clust0077	clustered_cis_ohnolog	body	25	0.275	0	13409	0.0	0.0
clust0077	clustered_cis_ohnolog	body	26	0.325	0	13408	0.0	0.0
clust0077	clustered_cis_ohnolog	body	27	0.375	0	13408	0.0	0.0
clust0077	clustered_cis_ohnolog	body	28	0.425	0	13409	0.0	0.0
clust0077	clustered_cis_ohnolog	body	29	0.475	0	13408	0.0	0.0
clust0077	clustered_cis_ohnolog	body	30	0.525	0	13408	0.0	0.0
clust0077	clustered_cis_ohnolog	body	31	0.575	0	13409	0.0	0.0
clust0077	clustered_cis_ohnolog	body	32	0.625	0	13408	0.0	0.0
clust0077	clustered_cis_ohnolog	body	33	0.675	1	13408	0.046987	0.074582
clust0077	clustered_cis_ohnolog	body	34	0.725	0	13409	0.0	0.0
clust0077	clustered_cis_ohnolog	body	35	0.775	1	13408	0.023046	0.074582
clust0077	clustered_cis_ohnolog	body	36	0.825	0	13408	0.0	0.0
clust0077	clustered_cis_ohnolog	body	37	0.875	1	13409	0.046983	0.074577
clust0077	clustered_cis_ohnolog	body	38	0.925	0	13408	0.0	0.0
clust0077	clustered_cis_ohnolog	body	39	0.975	0	13409	0.0	0.0
clust0077	clustered_cis_ohnolog	right_flank	40	1.025	0	5000	0.0	0.0
clust0077	clustered_cis_ohnolog	right_flank	41	1.075	0	5000	0.0	0.0
clust0077	clustered_cis_ohnolog	right_flank	42	1.125	2	5000	0.1754	0.4
clust0077	clustered_cis_ohnolog	right_flank	43	1.175	0	5000	0.0	0.0
clust0077	clustered_cis_ohnolog	right_flank	44	1.225	0	5000	0.0	0.0
clust0077	clustered_cis_ohnolog	right_flank	45	1.275	0	5000	0.0	0.0
clust0077	clustered_cis_ohnolog	right_flank	46	1.325	1	5000	0.0436	0.2
clust0077	clustered_cis_ohnolog	right_flank	47	1.375	0	5000	0.0	0.0
clust0077	clustered_cis_ohnolog	right_flank	48	1.425	0	5000	0.0	0.0
clust0077	clustered_cis_ohnolog	right_flank	49	1.475	0	5000	0.0	0.0
clust0077	clustered_cis_ohnolog	right_flank	50	1.525	0	5000	0.0	0.0
clust0077	clustered_cis_ohnolog	right_flank	51	1.575	0	5000	0.0	0.0
clust0077	clustered_cis_ohnolog	right_flank	52	1.625	0	5000	0.0	0.0
clust0077	clustered_cis_ohnolog	right_flank	53	1.675	0	5000	0.0	0.0
clust0077	clustered_cis_ohnolog	right_flank	54	1.725	0	5000	0.0	0.0
clust0077	clustered_cis_ohnolog	right_flank	55	1.775	0	5000	0.0	0.0
clust0077	clustered_cis_ohnolog	right_flank	56	1.825	0	5000	0.0	0.0
clust0077	clustered_cis_ohnolog	right_flank	57	1.875	0	5000	0.0	0.0
clust0077	clustered_cis_ohnolog	right_flank	58	1.925	0	5000	0.0	0.0
clust0077	clustered_cis_ohnolog	right_flank	59	1.975	0	5000	0.0	0.0
clust0046	clustered_cis_ohnolog	left_flank	0	-0.975	0	5000	0.0	0.0
clust0046	clustered_cis_ohnolog	left_flank	1	-0.925	0	5000	0.0	0.0
clust0046	clustered_cis_ohnolog	left_flank	2	-0.875	0	5000	0.0	0.0
clust0046	clustered_cis_ohnolog	left_flank	3	-0.825	0	5000	0.0	0.0
clust0046	clustered_cis_ohnolog	left_flank	4	-0.775	0	5000	0.0	0.0
clust0046	clustered_cis_ohnolog	left_flank	5	-0.725	0	5000	0.0	0.0
clust0046	clustered_cis_ohnolog	left_flank	6	-0.675	0	5000	0.0	0.0
clust0046	clustered_cis_ohnolog	left_flank	7	-0.625	0	5000	0.0	0.0
clust0046	clustered_cis_ohnolog	left_flank	8	-0.575	0	5000	0.0	0.0
clust0046	clustered_cis_ohnolog	left_flank	9	-0.525	0	5000	0.0	0.0
clust0046	clustered_cis_ohnolog	left_flank	10	-0.475	0	5000	0.0	0.0
clust0046	clustered_cis_ohnolog	left_flank	11	-0.425	0	5000	0.0	0.0
clust0046	clustered_cis_ohnolog	left_flank	12	-0.375	0	5000	0.0	0.0
clust0046	clustered_cis_ohnolog	left_flank	13	-0.325	0	5000	0.0	0.0
clust0046	clustered_cis_ohnolog	left_flank	14	-0.275	0	5000	0.0	0.0
clust0046	clustered_cis_ohnolog	left_flank	15	-0.225	0	5000	0.0	0.0
clust0046	clustered_cis_ohnolog	left_flank	16	-0.175	0	5000	0.0	0.0
clust0046	clustered_cis_ohnolog	left_flank	17	-0.125	0	5000	0.0	0.0
clust0046	clustered_cis_ohnolog	left_flank	18	-0.075	0	5000	0.0	0.0
clust0046	clustered_cis_ohnolog	left_flank	19	-0.025	0	5000	0.0	0.0
clust0046	clustered_cis_ohnolog	body	20	0.025	0	52372	0.0	0.0
clust0046	clustered_cis_ohnolog	body	21	0.075	0	52373	0.0	0.0
clust0046	clustered_cis_ohnolog	body	22	0.125	0	52372	0.0	0.0
clust0046	clustered_cis_ohnolog	body	23	0.175	0	52373	0.0	0.0
clust0046	clustered_cis_ohnolog	body	24	0.225	0	52373	0.0	0.0
clust0046	clustered_cis_ohnolog	body	25	0.275	0	52372	0.0	0.0
clust0046	clustered_cis_ohnolog	body	26	0.325	0	52373	0.0	0.0
clust0046	clustered_cis_ohnolog	body	27	0.375	0	52372	0.0	0.0
clust0046	clustered_cis_ohnolog	body	28	0.425	0	52373	0.0	0.0
clust0046	clustered_cis_ohnolog	body	29	0.475	0	52373	0.0	0.0
clust0046	clustered_cis_ohnolog	body	30	0.525	0	52372	0.0	0.0
clust0046	clustered_cis_ohnolog	body	31	0.575	0	52373	0.0	0.0
clust0046	clustered_cis_ohnolog	body	32	0.625	0	52372	0.0	0.0
clust0046	clustered_cis_ohnolog	body	33	0.675	0	52373	0.0	0.0
clust0046	clustered_cis_ohnolog	body	34	0.725	0	52373	0.0	0.0
clust0046	clustered_cis_ohnolog	body	35	0.775	0	52372	0.0	0.0
clust0046	clustered_cis_ohnolog	body	36	0.825	0	52373	0.0	0.0
clust0046	clustered_cis_ohnolog	body	37	0.875	0	52372	0.0	0.0
clust0046	clustered_cis_ohnolog	body	38	0.925	0	52373	0.0	0.0
clust0046	clustered_cis_ohnolog	body	39	0.975	0	52373	0.0	0.0
clust0046	clustered_cis_ohnolog	right_flank	40	1.025	0	5000	0.0	0.0
clust0046	clustered_cis_ohnolog	right_flank	41	1.075	0	5000	0.0	0.0
clust0046	clustered_cis_ohnolog	right_flank	42	1.125	0	5000	0.0	0.0
clust0046	clustered_cis_ohnolog	right_flank	43	1.175	0	5000	0.0	0.0
clust0046	clustered_cis_ohnolog	right_flank	44	1.225	0	5000	0.0	0.0
clust0046	clustered_cis_ohnolog	right_flank	45	1.275	0	5000	0.0	0.0
clust0046	clustered_cis_ohnolog	right_flank	46	1.325	0	5000	0.0	0.0
clust0046	clustered_cis_ohnolog	right_flank	47	1.375	0	5000	0.0	0.0
clust0046	clustered_cis_ohnolog	right_flank	48	1.425	0	5000	0.0	0.0
clust0046	clustered_cis_ohnolog	right_flank	49	1.475	0	5000	0.0	0.0
clust0046	clustered_cis_ohnolog	right_flank	50	1.525	0	5000	0.0	0.0
clust0046	clustered_cis_ohnolog	right_flank	51	1.575	0	5000	0.0	0.0
clust0046	clustered_cis_ohnolog	right_flank	52	1.625	0	5000	0.0	0.0
clust0046	clustered_cis_ohnolog	right_flank	53	1.675	0	5000	0.0	0.0
clust0046	clustered_cis_ohnolog	right_flank	54	1.725	0	5000	0.0	0.0
clust0046	clustered_cis_ohnolog	right_flank	55	1.775	0	5000	0.0	0.0
clust0046	clustered_cis_ohnolog	right_flank	56	1.825	0	5000	0.0	0.0
clust0046	clustered_cis_ohnolog	right_flank	57	1.875	0	5000	0.0	0.0
clust0046	clustered_cis_ohnolog	right_flank	58	1.925	0	5000	0.0	0.0
clust0046	clustered_cis_ohnolog	right_flank	59	1.975	0	5000	0.0	0.0
clust0012	clustered_cis_ohnolog	left_flank	0	-0.975	0	5000	0.0	0.0
clust0012	clustered_cis_ohnolog	left_flank	1	-0.925	0	5000	0.0	0.0
clust0012	clustered_cis_ohnolog	left_flank	2	-0.875	0	5000	0.0	0.0
clust0012	clustered_cis_ohnolog	left_flank	3	-0.825	0	5000	0.0	0.0
clust0012	clustered_cis_ohnolog	left_flank	4	-0.775	0	5000	0.0	0.0
clust0012	clustered_cis_ohnolog	left_flank	5	-0.725	0	5000	0.0	0.0
clust0012	clustered_cis_ohnolog	left_flank	6	-0.675	0	5000	0.0	0.0
clust0012	clustered_cis_ohnolog	left_flank	7	-0.625	0	5000	0.0	0.0
clust0012	clustered_cis_ohnolog	left_flank	8	-0.575	0	5000	0.0	0.0
clust0012	clustered_cis_ohnolog	left_flank	9	-0.525	0	5000	0.0	0.0
clust0012	clustered_cis_ohnolog	left_flank	10	-0.475	0	5000	0.0	0.0
clust0012	clustered_cis_ohnolog	left_flank	11	-0.425	0	5000	0.0	0.0
clust0012	clustered_cis_ohnolog	left_flank	12	-0.375	0	5000	0.0	0.0
clust0012	clustered_cis_ohnolog	left_flank	13	-0.325	0	5000	0.0	0.0
clust0012	clustered_cis_ohnolog	left_flank	14	-0.275	0	5000	0.0	0.0
clust0012	clustered_cis_ohnolog	left_flank	15	-0.225	0	5000	0.0	0.0
clust0012	clustered_cis_ohnolog	left_flank	16	-0.175	0	5000	0.0	0.0
clust0012	clustered_cis_ohnolog	left_flank	17	-0.125	0	5000	0.0	0.0
clust0012	clustered_cis_ohnolog	left_flank	18	-0.075	0	5000	0.0	0.0
clust0012	clustered_cis_ohnolog	left_flank	19	-0.025	0	5000	0.0	0.0
clust0012	clustered_cis_ohnolog	body	20	0.025	0	7703	0.0	0.0
clust0012	clustered_cis_ohnolog	body	21	0.075	0	7704	0.0	0.0
clust0012	clustered_cis_ohnolog	body	22	0.125	0	7703	0.0	0.0
clust0012	clustered_cis_ohnolog	body	23	0.175	0	7704	0.0	0.0
clust0012	clustered_cis_ohnolog	body	24	0.225	0	7704	0.0	0.0
clust0012	clustered_cis_ohnolog	body	25	0.275	0	7703	0.0	0.0
clust0012	clustered_cis_ohnolog	body	26	0.325	0	7704	0.0	0.0
clust0012	clustered_cis_ohnolog	body	27	0.375	3	7703	0.154226	0.389459
clust0012	clustered_cis_ohnolog	body	28	0.425	0	7704	0.0	0.0
clust0012	clustered_cis_ohnolog	body	29	0.475	2	7704	0.163551	0.259605
clust0012	clustered_cis_ohnolog	body	30	0.525	0	7703	0.0	0.0
clust0012	clustered_cis_ohnolog	body	31	0.575	0	7704	0.0	0.0
clust0012	clustered_cis_ohnolog	body	32	0.625	0	7703	0.0	0.0
clust0012	clustered_cis_ohnolog	body	33	0.675	0	7704	0.0	0.0
clust0012	clustered_cis_ohnolog	body	34	0.725	0	7704	0.0	0.0
clust0012	clustered_cis_ohnolog	body	35	0.775	1	7703	0.081786	0.12982
clust0012	clustered_cis_ohnolog	body	36	0.825	0	7704	0.0	0.0
clust0012	clustered_cis_ohnolog	body	37	0.875	0	7703	0.0	0.0
clust0012	clustered_cis_ohnolog	body	38	0.925	2	7704	0.163551	0.259605
clust0012	clustered_cis_ohnolog	body	39	0.975	0	7704	0.0	0.0
clust0012	clustered_cis_ohnolog	right_flank	40	1.025	0	5000	0.0	0.0
clust0012	clustered_cis_ohnolog	right_flank	41	1.075	0	5000	0.0	0.0
clust0012	clustered_cis_ohnolog	right_flank	42	1.125	0	5000	0.0	0.0
clust0012	clustered_cis_ohnolog	right_flank	43	1.175	0	5000	0.0	0.0
clust0012	clustered_cis_ohnolog	right_flank	44	1.225	0	5000	0.039	0.0
clust0012	clustered_cis_ohnolog	right_flank	45	1.275	1	5000	0.087	0.2
clust0012	clustered_cis_ohnolog	right_flank	46	1.325	0	5000	0.0	0.0
clust0012	clustered_cis_ohnolog	right_flank	47	1.375	0	5000	0.0	0.0
clust0012	clustered_cis_ohnolog	right_flank	48	1.425	0	5000	0.0	0.0
clust0012	clustered_cis_ohnolog	right_flank	49	1.475	0	5000	0.0	0.0
clust0012	clustered_cis_ohnolog	right_flank	50	1.525	0	5000	0.0	0.0
clust0012	clustered_cis_ohnolog	right_flank	51	1.575	0	5000	0.0	0.0
clust0012	clustered_cis_ohnolog	right_flank	52	1.625	0	5000	0.0	0.0
clust0012	clustered_cis_ohnolog	right_flank	53	1.675	0	5000	0.0	0.0
clust0012	clustered_cis_ohnolog	right_flank	54	1.725	0	5000	0.0	0.0
clust0012	clustered_cis_ohnolog	right_flank	55	1.775	0	5000	0.0	0.0
clust0012	clustered_cis_ohnolog	right_flank	56	1.825	0	5000	0.0	0.0
clust0012	clustered_cis_ohnolog	right_flank	57	1.875	0	5000	0.0	0.0
clust0012	clustered_cis_ohnolog	right_flank	58	1.925	2	5000	0.252	0.4
clust0012	clustered_cis_ohnolog	right_flank	59	1.975	0	5000	0.0	0.0
clust0057	clustered_cis_ohnolog	left_flank	0	-0.975	2	5000	0.252	0.4
clust0057	clustered_cis_ohnolog	left_flank	1	-0.925	0	5000	0.0	0.0
clust0057	clustered_cis_ohnolog	left_flank	2	-0.875	0	5000	0.0	0.0
clust0057	clustered_cis_ohnolog	left_flank	3	-0.825	0	5000	0.0	0.0
clust0057	clustered_cis_ohnolog	left_flank	4	-0.775	2	5000	0.252	0.4
clust0057	clustered_cis_ohnolog	left_flank	5	-0.725	0	5000	0.0	0.0
clust0057	clustered_cis_ohnolog	left_flank	6	-0.675	0	5000	0.0	0.0
clust0057	clustered_cis_ohnolog	left_flank	7	-0.625	0	5000	0.0	0.0
clust0057	clustered_cis_ohnolog	left_flank	8	-0.575	0	5000	0.0	0.0
clust0057	clustered_cis_ohnolog	left_flank	9	-0.525	0	5000	0.0	0.0
clust0057	clustered_cis_ohnolog	left_flank	10	-0.475	0	5000	0.0	0.0
clust0057	clustered_cis_ohnolog	left_flank	11	-0.425	2	5000	0.1836	0.4
clust0057	clustered_cis_ohnolog	left_flank	12	-0.375	0	5000	0.0	0.0
clust0057	clustered_cis_ohnolog	left_flank	13	-0.325	2	5000	0.2006	0.4
clust0057	clustered_cis_ohnolog	left_flank	14	-0.275	0	5000	0.0	0.0
clust0057	clustered_cis_ohnolog	left_flank	15	-0.225	2	5000	0.252	0.4
clust0057	clustered_cis_ohnolog	left_flank	16	-0.175	1	5000	0.126	0.2
clust0057	clustered_cis_ohnolog	left_flank	17	-0.125	0	5000	0.0	0.0
clust0057	clustered_cis_ohnolog	left_flank	18	-0.075	0	5000	0.0	0.0
clust0057	clustered_cis_ohnolog	left_flank	19	-0.025	0	5000	0.0	0.0
clust0057	clustered_cis_ohnolog	body	20	0.025	0	2114	0.0	0.0
clust0057	clustered_cis_ohnolog	body	21	0.075	0	2115	0.0	0.0
clust0057	clustered_cis_ohnolog	body	22	0.125	0	2115	0.0	0.0
clust0057	clustered_cis_ohnolog	body	23	0.175	0	2115	0.0	0.0
clust0057	clustered_cis_ohnolog	body	24	0.225	0	2115	0.0	0.0
clust0057	clustered_cis_ohnolog	body	25	0.275	2	2115	0.595745	0.945626
clust0057	clustered_cis_ohnolog	body	26	0.325	0	2115	0.0	0.0
clust0057	clustered_cis_ohnolog	body	27	0.375	0	2115	0.0	0.0
clust0057	clustered_cis_ohnolog	body	28	0.425	2	2115	0.391017	0.945626
clust0057	clustered_cis_ohnolog	body	29	0.475	0	2115	0.0	0.0
clust0057	clustered_cis_ohnolog	body	30	0.525	0	2115	0.0	0.0
clust0057	clustered_cis_ohnolog	body	31	0.575	0	2115	0.0	0.0
clust0057	clustered_cis_ohnolog	body	32	0.625	0	2115	0.0	0.0
clust0057	clustered_cis_ohnolog	body	33	0.675	2	2115	0.432624	0.945626
clust0057	clustered_cis_ohnolog	body	34	0.725	0	2115	0.0	0.0
clust0057	clustered_cis_ohnolog	body	35	0.775	0	2115	0.0	0.0
clust0057	clustered_cis_ohnolog	body	36	0.825	0	2115	0.0	0.0
clust0057	clustered_cis_ohnolog	body	37	0.875	0	2115	0.0	0.0
clust0057	clustered_cis_ohnolog	body	38	0.925	0	2115	0.0	0.0
clust0057	clustered_cis_ohnolog	body	39	0.975	0	2115	0.0	0.0
clust0057	clustered_cis_ohnolog	right_flank	40	1.025	0	5000	0.0	0.0
clust0057	clustered_cis_ohnolog	right_flank	41	1.075	0	5000	0.0	0.0
clust0057	clustered_cis_ohnolog	right_flank	42	1.125	4	5000	0.441	0.8
clust0057	clustered_cis_ohnolog	right_flank	43	1.175	0	5000	0.0	0.0
clust0057	clustered_cis_ohnolog	right_flank	44	1.225	0	5000	0.0	0.0
clust0057	clustered_cis_ohnolog	right_flank	45	1.275	0	5000	0.0	0.0
clust0057	clustered_cis_ohnolog	right_flank	46	1.325	0	5000	0.0	0.0
clust0057	clustered_cis_ohnolog	right_flank	47	1.375	0	5000	0.0	0.0
clust0057	clustered_cis_ohnolog	right_flank	48	1.425	0	5000	0.0	0.0
clust0057	clustered_cis_ohnolog	right_flank	49	1.475	0	5000	0.0	0.0
clust0057	clustered_cis_ohnolog	right_flank	50	1.525	0	5000	0.0	0.0
clust0057	clustered_cis_ohnolog	right_flank	51	1.575	0	5000	0.0	0.0
clust0057	clustered_cis_ohnolog	right_flank	52	1.625	0	5000	0.0	0.0
clust0057	clustered_cis_ohnolog	right_flank	53	1.675	2	5000	0.252	0.4
clust0057	clustered_cis_ohnolog	right_flank	54	1.725	0	5000	0.0	0.0
clust0057	clustered_cis_ohnolog	right_flank	55	1.775	0	5000	0.0	0.0
clust0057	clustered_cis_ohnolog	right_flank	56	1.825	0	5000	0.0	0.0
clust0057	clustered_cis_ohnolog	right_flank	57	1.875	0	5000	0.0462	0.0
clust0057	clustered_cis_ohnolog	right_flank	58	1.925	3	5000	0.3318	0.6
clust0057	clustered_cis_ohnolog	right_flank	59	1.975	0	5000	0.0	0.0
clust0067	clustered_cis_ohnolog	left_flank	0	-0.975	2	5000	0.252	0.4
clust0067	clustered_cis_ohnolog	left_flank	1	-0.925	0	5000	0.0	0.0
clust0067	clustered_cis_ohnolog	left_flank	2	-0.875	0	5000	0.0	0.0
clust0067	clustered_cis_ohnolog	left_flank	3	-0.825	2	5000	0.1788	0.4
clust0067	clustered_cis_ohnolog	left_flank	4	-0.775	0	5000	0.0	0.0
clust0067	clustered_cis_ohnolog	left_flank	5	-0.725	0	5000	0.0	0.0
clust0067	clustered_cis_ohnolog	left_flank	6	-0.675	0	5000	0.0	0.0
clust0067	clustered_cis_ohnolog	left_flank	7	-0.625	0	5000	0.0	0.0
clust0067	clustered_cis_ohnolog	left_flank	8	-0.575	0	5000	0.0	0.0
clust0067	clustered_cis_ohnolog	left_flank	9	-0.525	0	5000	0.0	0.0
clust0067	clustered_cis_ohnolog	left_flank	10	-0.475	0	5000	0.0	0.0
clust0067	clustered_cis_ohnolog	left_flank	11	-0.425	0	5000	0.0	0.0
clust0067	clustered_cis_ohnolog	left_flank	12	-0.375	0	5000	0.0	0.0
clust0067	clustered_cis_ohnolog	left_flank	13	-0.325	0	5000	0.0	0.0
clust0067	clustered_cis_ohnolog	left_flank	14	-0.275	0	5000	0.0	0.0
clust0067	clustered_cis_ohnolog	left_flank	15	-0.225	0	5000	0.0	0.0
clust0067	clustered_cis_ohnolog	left_flank	16	-0.175	0	5000	0.022	0.0
clust0067	clustered_cis_ohnolog	left_flank	17	-0.125	1	5000	0.104	0.2
clust0067	clustered_cis_ohnolog	left_flank	18	-0.075	0	5000	0.0	0.0
clust0067	clustered_cis_ohnolog	left_flank	19	-0.025	0	5000	0.0	0.0
clust0067	clustered_cis_ohnolog	body	20	0.025	0	9469	0.0	0.0
clust0067	clustered_cis_ohnolog	body	21	0.075	0	9470	0.0	0.0
clust0067	clustered_cis_ohnolog	body	22	0.125	1	9469	0.066533	0.105608
clust0067	clustered_cis_ohnolog	body	23	0.175	0	9470	0.0	0.0
clust0067	clustered_cis_ohnolog	body	24	0.225	0	9470	0.0	0.0
clust0067	clustered_cis_ohnolog	body	25	0.275	0	9469	0.0	0.0
clust0067	clustered_cis_ohnolog	body	26	0.325	0	9470	0.0	0.0
clust0067	clustered_cis_ohnolog	body	27	0.375	0	9469	0.0	0.0
clust0067	clustered_cis_ohnolog	body	28	0.425	0	9470	0.0	0.0
clust0067	clustered_cis_ohnolog	body	29	0.475	0	9470	0.0	0.0
clust0067	clustered_cis_ohnolog	body	30	0.525	0	9469	0.0	0.0
clust0067	clustered_cis_ohnolog	body	31	0.575	3	9470	0.196938	0.31679
clust0067	clustered_cis_ohnolog	body	32	0.625	0	9469	0.00264	0.0
clust0067	clustered_cis_ohnolog	body	33	0.675	2	9470	0.061563	0.211193
clust0067	clustered_cis_ohnolog	body	34	0.725	0	9470	0.0	0.0
clust0067	clustered_cis_ohnolog	body	35	0.775	0	9469	0.0	0.0
clust0067	clustered_cis_ohnolog	body	36	0.825	0	9470	0.0	0.0
clust0067	clustered_cis_ohnolog	body	37	0.875	0	9469	0.0	0.0
clust0067	clustered_cis_ohnolog	body	38	0.925	0	9470	0.0	0.0
clust0067	clustered_cis_ohnolog	body	39	0.975	0	9470	0.0	0.0
clust0067	clustered_cis_ohnolog	right_flank	40	1.025	0	5000	0.0	0.0
clust0067	clustered_cis_ohnolog	right_flank	41	1.075	0	5000	0.0	0.0
clust0067	clustered_cis_ohnolog	right_flank	42	1.125	0	5000	0.0	0.0
clust0067	clustered_cis_ohnolog	right_flank	43	1.175	2	5000	0.1792	0.4
clust0067	clustered_cis_ohnolog	right_flank	44	1.225	0	5000	0.0	0.0
clust0067	clustered_cis_ohnolog	right_flank	45	1.275	0	5000	0.0	0.0
clust0067	clustered_cis_ohnolog	right_flank	46	1.325	0	5000	0.0	0.0
clust0067	clustered_cis_ohnolog	right_flank	47	1.375	0	5000	0.0734	0.0
clust0067	clustered_cis_ohnolog	right_flank	48	1.425	2	5000	0.1786	0.4
clust0067	clustered_cis_ohnolog	right_flank	49	1.475	0	5000	0.0	0.0
clust0067	clustered_cis_ohnolog	right_flank	50	1.525	2	5000	0.252	0.4
clust0067	clustered_cis_ohnolog	right_flank	51	1.575	0	5000	0.0	0.0
clust0067	clustered_cis_ohnolog	right_flank	52	1.625	0	5000	0.0	0.0
clust0067	clustered_cis_ohnolog	right_flank	53	1.675	0	5000	0.0	0.0
clust0067	clustered_cis_ohnolog	right_flank	54	1.725	1	5000	0.126	0.2
clust0067	clustered_cis_ohnolog	right_flank	55	1.775	0	5000	0.0	0.0
clust0067	clustered_cis_ohnolog	right_flank	56	1.825	0	5000	0.0	0.0
clust0067	clustered_cis_ohnolog	right_flank	57	1.875	0	5000	0.0	0.0
clust0067	clustered_cis_ohnolog	right_flank	58	1.925	0	5000	0.0	0.0
clust0067	clustered_cis_ohnolog	right_flank	59	1.975	0	5000	0.0	0.0
clust0013	clustered_cis_ohnolog	left_flank	0	-0.975	0	5000	0.0	0.0
clust0013	clustered_cis_ohnolog	left_flank	1	-0.925	0	5000	0.0	0.0
clust0013	clustered_cis_ohnolog	left_flank	2	-0.875	0	5000	0.0	0.0
clust0013	clustered_cis_ohnolog	left_flank	3	-0.825	0	5000	0.0	0.0
clust0013	clustered_cis_ohnolog	left_flank	4	-0.775	0	5000	0.0	0.0
clust0013	clustered_cis_ohnolog	left_flank	5	-0.725	0	5000	0.0	0.0
clust0013	clustered_cis_ohnolog	left_flank	6	-0.675	2	5000	0.1686	0.4
clust0013	clustered_cis_ohnolog	left_flank	7	-0.625	0	5000	0.0	0.0
clust0013	clustered_cis_ohnolog	left_flank	8	-0.575	0	5000	0.0	0.0
clust0013	clustered_cis_ohnolog	left_flank	9	-0.525	1	5000	0.126	0.2
clust0013	clustered_cis_ohnolog	left_flank	10	-0.475	0	5000	0.0	0.0
clust0013	clustered_cis_ohnolog	left_flank	11	-0.425	2	5000	0.252	0.4
clust0013	clustered_cis_ohnolog	left_flank	12	-0.375	0	5000	0.0	0.0
clust0013	clustered_cis_ohnolog	left_flank	13	-0.325	0	5000	0.0	0.0
clust0013	clustered_cis_ohnolog	left_flank	14	-0.275	0	5000	0.0	0.0
clust0013	clustered_cis_ohnolog	left_flank	15	-0.225	0	5000	0.0	0.0
clust0013	clustered_cis_ohnolog	left_flank	16	-0.175	0	5000	0.0	0.0
clust0013	clustered_cis_ohnolog	left_flank	17	-0.125	0	5000	0.0	0.0
clust0013	clustered_cis_ohnolog	left_flank	18	-0.075	0	5000	0.0	0.0
clust0013	clustered_cis_ohnolog	left_flank	19	-0.025	3	5000	0.3154	0.6
clust0013	clustered_cis_ohnolog	body	20	0.025	2	4202	0.299857	0.475964
clust0013	clustered_cis_ohnolog	body	21	0.075	0	4202	0.0	0.0
clust0013	clustered_cis_ohnolog	body	22	0.125	0	4203	0.0	0.0
clust0013	clustered_cis_ohnolog	body	23	0.175	0	4202	0.0	0.0
clust0013	clustered_cis_ohnolog	body	24	0.225	0	4203	0.0	0.0
clust0013	clustered_cis_ohnolog	body	25	0.275	0	4202	0.0	0.0
clust0013	clustered_cis_ohnolog	body	26	0.325	0	4203	0.0	0.0
clust0013	clustered_cis_ohnolog	body	27	0.375	0	4202	0.0	0.0
clust0013	clustered_cis_ohnolog	body	28	0.425	0	4203	0.0	0.0
clust0013	clustered_cis_ohnolog	body	29	0.475	0	4202	0.0	0.0
clust0013	clustered_cis_ohnolog	body	30	0.525	2	4202	0.232508	0.475964
clust0013	clustered_cis_ohnolog	body	31	0.575	0	4203	0.0	0.0
clust0013	clustered_cis_ohnolog	body	32	0.625	0	4202	0.0	0.0
clust0013	clustered_cis_ohnolog	body	33	0.675	0	4203	0.0	0.0
clust0013	clustered_cis_ohnolog	body	34	0.725	0	4202	0.0	0.0
clust0013	clustered_cis_ohnolog	body	35	0.775	0	4203	0.0	0.0
clust0013	clustered_cis_ohnolog	body	36	0.825	0	4202	0.0	0.0
clust0013	clustered_cis_ohnolog	body	37	0.875	0	4203	0.0	0.0
clust0013	clustered_cis_ohnolog	body	38	0.925	0	4202	0.0	0.0
clust0013	clustered_cis_ohnolog	body	39	0.975	0	4203	0.0	0.0
clust0013	clustered_cis_ohnolog	right_flank	40	1.025	0	5000	0.0	0.0
clust0013	clustered_cis_ohnolog	right_flank	41	1.075	0	5000	0.0	0.0
clust0013	clustered_cis_ohnolog	right_flank	42	1.125	0	5000	0.0	0.0
clust0013	clustered_cis_ohnolog	right_flank	43	1.175	2	5000	0.1892	0.4
clust0013	clustered_cis_ohnolog	right_flank	44	1.225	2	5000	0.1904	0.4
clust0013	clustered_cis_ohnolog	right_flank	45	1.275	0	5000	0.0	0.0
clust0013	clustered_cis_ohnolog	right_flank	46	1.325	0	5000	0.0	0.0
clust0013	clustered_cis_ohnolog	right_flank	47	1.375	0	5000	0.0	0.0
clust0013	clustered_cis_ohnolog	right_flank	48	1.425	1	5000	0.0586	0.2
clust0013	clustered_cis_ohnolog	right_flank	49	1.475	1	5000	0.126	0.2
clust0013	clustered_cis_ohnolog	right_flank	50	1.525	0	5000	0.0	0.0
clust0013	clustered_cis_ohnolog	right_flank	51	1.575	0	5000	0.0	0.0
clust0013	clustered_cis_ohnolog	right_flank	52	1.625	0	5000	0.0	0.0
clust0013	clustered_cis_ohnolog	right_flank	53	1.675	0	5000	0.0	0.0
clust0013	clustered_cis_ohnolog	right_flank	54	1.725	0	5000	0.0	0.0
clust0013	clustered_cis_ohnolog	right_flank	55	1.775	0	5000	0.0	0.0
clust0013	clustered_cis_ohnolog	right_flank	56	1.825	1	5000	0.126	0.2
clust0013	clustered_cis_ohnolog	right_flank	57	1.875	0	5000	0.0	0.0
clust0013	clustered_cis_ohnolog	right_flank	58	1.925	0	5000	0.0502	0.0
clust0013	clustered_cis_ohnolog	right_flank	59	1.975	5	5000	0.4854	1.0
clust0047	clustered_cis_ohnolog	left_flank	0	-0.975	0	5000	0.0	0.0
clust0047	clustered_cis_ohnolog	left_flank	1	-0.925	0	5000	0.0	0.0
clust0047	clustered_cis_ohnolog	left_flank	2	-0.875	2	5000	0.1826	0.4
clust0047	clustered_cis_ohnolog	left_flank	3	-0.825	0	5000	0.0	0.0
clust0047	clustered_cis_ohnolog	left_flank	4	-0.775	0	5000	0.0	0.0
clust0047	clustered_cis_ohnolog	left_flank	5	-0.725	0	5000	0.0	0.0
clust0047	clustered_cis_ohnolog	left_flank	6	-0.675	0	5000	0.0	0.0
clust0047	clustered_cis_ohnolog	left_flank	7	-0.625	0	5000	0.0	0.0
clust0047	clustered_cis_ohnolog	left_flank	8	-0.575	0	5000	0.0	0.0
clust0047	clustered_cis_ohnolog	left_flank	9	-0.525	0	5000	0.0	0.0
clust0047	clustered_cis_ohnolog	left_flank	10	-0.475	0	5000	0.0	0.0
clust0047	clustered_cis_ohnolog	left_flank	11	-0.425	0	5000	0.0	0.0
clust0047	clustered_cis_ohnolog	left_flank	12	-0.375	0	5000	0.0	0.0
clust0047	clustered_cis_ohnolog	left_flank	13	-0.325	0	5000	0.0	0.0
clust0047	clustered_cis_ohnolog	left_flank	14	-0.275	0	5000	0.0	0.0
clust0047	clustered_cis_ohnolog	left_flank	15	-0.225	0	5000	0.0	0.0
clust0047	clustered_cis_ohnolog	left_flank	16	-0.175	2	5000	0.1822	0.4
clust0047	clustered_cis_ohnolog	left_flank	17	-0.125	0	5000	0.0	0.0
clust0047	clustered_cis_ohnolog	left_flank	18	-0.075	0	5000	0.0	0.0
clust0047	clustered_cis_ohnolog	left_flank	19	-0.025	0	5000	0.0	0.0
clust0047	clustered_cis_ohnolog	body	20	0.025	0	1331	0.0	0.0
clust0047	clustered_cis_ohnolog	body	21	0.075	0	1332	0.0	0.0
clust0047	clustered_cis_ohnolog	body	22	0.125	0	1332	0.0	0.0
clust0047	clustered_cis_ohnolog	body	23	0.175	0	1332	0.0	0.0
clust0047	clustered_cis_ohnolog	body	24	0.225	0	1332	0.0	0.0
clust0047	clustered_cis_ohnolog	body	25	0.275	0	1331	0.0	0.0
clust0047	clustered_cis_ohnolog	body	26	0.325	0	1332	0.0	0.0
clust0047	clustered_cis_ohnolog	body	27	0.375	0	1332	0.0	0.0
clust0047	clustered_cis_ohnolog	body	28	0.425	0	1332	0.0	0.0
clust0047	clustered_cis_ohnolog	body	29	0.475	0	1332	0.0	0.0
clust0047	clustered_cis_ohnolog	body	30	0.525	0	1331	0.0	0.0
clust0047	clustered_cis_ohnolog	body	31	0.575	0	1332	0.0	0.0
clust0047	clustered_cis_ohnolog	body	32	0.625	0	1332	0.0	0.0
clust0047	clustered_cis_ohnolog	body	33	0.675	0	1332	0.0	0.0
clust0047	clustered_cis_ohnolog	body	34	0.725	0	1332	0.0	0.0
clust0047	clustered_cis_ohnolog	body	35	0.775	0	1331	0.0	0.0
clust0047	clustered_cis_ohnolog	body	36	0.825	0	1332	0.0	0.0
clust0047	clustered_cis_ohnolog	body	37	0.875	0	1332	0.0	0.0
clust0047	clustered_cis_ohnolog	body	38	0.925	0	1332	0.0	0.0
clust0047	clustered_cis_ohnolog	body	39	0.975	0	1332	0.0	0.0
clust0047	clustered_cis_ohnolog	right_flank	40	1.025	3	5000	0.2742	0.6
clust0047	clustered_cis_ohnolog	right_flank	41	1.075	0	5000	0.0	0.0
clust0047	clustered_cis_ohnolog	right_flank	42	1.125	0	5000	0.0	0.0
clust0047	clustered_cis_ohnolog	right_flank	43	1.175	0	5000	0.0	0.0
clust0047	clustered_cis_ohnolog	right_flank	44	1.225	0	5000	0.0	0.0
clust0047	clustered_cis_ohnolog	right_flank	45	1.275	0	5000	0.0	0.0
clust0047	clustered_cis_ohnolog	right_flank	46	1.325	2	5000	0.1982	0.4
clust0047	clustered_cis_ohnolog	right_flank	47	1.375	0	5000	0.0	0.0
clust0047	clustered_cis_ohnolog	right_flank	48	1.425	0	5000	0.0	0.0
clust0047	clustered_cis_ohnolog	right_flank	49	1.475	0	5000	0.0	0.0
clust0047	clustered_cis_ohnolog	right_flank	50	1.525	0	5000	0.0	0.0
clust0047	clustered_cis_ohnolog	right_flank	51	1.575	0	5000	0.0	0.0
clust0047	clustered_cis_ohnolog	right_flank	52	1.625	2	5000	0.252	0.4
clust0047	clustered_cis_ohnolog	right_flank	53	1.675	0	5000	0.0	0.0
clust0047	clustered_cis_ohnolog	right_flank	54	1.725	0	5000	0.0	0.0
clust0047	clustered_cis_ohnolog	right_flank	55	1.775	0	5000	0.0	0.0
clust0047	clustered_cis_ohnolog	right_flank	56	1.825	0	5000	0.0	0.0
clust0047	clustered_cis_ohnolog	right_flank	57	1.875	0	5000	0.0	0.0
clust0047	clustered_cis_ohnolog	right_flank	58	1.925	2	5000	0.203	0.4
clust0047	clustered_cis_ohnolog	right_flank	59	1.975	2	5000	0.1928	0.4
clust0070	clustered_cis_ohnolog	left_flank	0	-0.975	0	5000	0.0	0.0
clust0070	clustered_cis_ohnolog	left_flank	1	-0.925	0	5000	0.0	0.0
clust0070	clustered_cis_ohnolog	left_flank	2	-0.875	0	5000	0.0	0.0
clust0070	clustered_cis_ohnolog	left_flank	3	-0.825	0	5000	0.0	0.0
clust0070	clustered_cis_ohnolog	left_flank	4	-0.775	0	5000	0.0	0.0
clust0070	clustered_cis_ohnolog	left_flank	5	-0.725	0	5000	0.0	0.0
clust0070	clustered_cis_ohnolog	left_flank	6	-0.675	0	5000	0.0	0.0
clust0070	clustered_cis_ohnolog	left_flank	7	-0.625	0	5000	0.0	0.0
clust0070	clustered_cis_ohnolog	left_flank	8	-0.575	0	5000	0.0	0.0
clust0070	clustered_cis_ohnolog	left_flank	9	-0.525	0	5000	0.0	0.0
clust0070	clustered_cis_ohnolog	left_flank	10	-0.475	0	5000	0.0	0.0
clust0070	clustered_cis_ohnolog	left_flank	11	-0.425	1	5000	0.126	0.2
clust0070	clustered_cis_ohnolog	left_flank	12	-0.375	0	5000	0.0	0.0
clust0070	clustered_cis_ohnolog	left_flank	13	-0.325	0	5000	0.0	0.0
clust0070	clustered_cis_ohnolog	left_flank	14	-0.275	0	5000	0.0	0.0
clust0070	clustered_cis_ohnolog	left_flank	15	-0.225	0	5000	0.0	0.0
clust0070	clustered_cis_ohnolog	left_flank	16	-0.175	0	5000	0.0	0.0
clust0070	clustered_cis_ohnolog	left_flank	17	-0.125	0	5000	0.005	0.0
clust0070	clustered_cis_ohnolog	left_flank	18	-0.075	1	5000	0.121	0.2
clust0070	clustered_cis_ohnolog	left_flank	19	-0.025	0	5000	0.0	0.0
clust0070	clustered_cis_ohnolog	body	20	0.025	0	4263	0.0	0.0
clust0070	clustered_cis_ohnolog	body	21	0.075	0	4263	0.0	0.0
clust0070	clustered_cis_ohnolog	body	22	0.125	4	4264	0.547139	0.938086
clust0070	clustered_cis_ohnolog	body	23	0.175	1	4263	0.149191	0.234577
clust0070	clustered_cis_ohnolog	body	24	0.225	2	4263	0.259911	0.469153
clust0070	clustered_cis_ohnolog	body	25	0.275	0	4264	0.0	0.0
clust0070	clustered_cis_ohnolog	body	26	0.325	0	4263	0.0	0.0
clust0070	clustered_cis_ohnolog	body	27	0.375	0	4263	0.0	0.0
clust0070	clustered_cis_ohnolog	body	28	0.425	0	4264	0.0	0.0
clust0070	clustered_cis_ohnolog	body	29	0.475	0	4263	0.0	0.0
clust0070	clustered_cis_ohnolog	body	30	0.525	0	4263	0.0	0.0
clust0070	clustered_cis_ohnolog	body	31	0.575	0	4264	0.0	0.0
clust0070	clustered_cis_ohnolog	body	32	0.625	0	4263	0.0	0.0
clust0070	clustered_cis_ohnolog	body	33	0.675	0	4263	0.0	0.0
clust0070	clustered_cis_ohnolog	body	34	0.725	0	4264	0.0	0.0
clust0070	clustered_cis_ohnolog	body	35	0.775	0	4263	0.0	0.0
clust0070	clustered_cis_ohnolog	body	36	0.825	0	4263	0.0	0.0
clust0070	clustered_cis_ohnolog	body	37	0.875	0	4264	0.0	0.0
clust0070	clustered_cis_ohnolog	body	38	0.925	0	4263	0.0	0.0
clust0070	clustered_cis_ohnolog	body	39	0.975	0	4264	0.0	0.0
clust0070	clustered_cis_ohnolog	right_flank	40	1.025	0	5000	0.0	0.0
clust0070	clustered_cis_ohnolog	right_flank	41	1.075	0	5000	0.0	0.0
clust0070	clustered_cis_ohnolog	right_flank	42	1.125	0	5000	0.0	0.0
clust0070	clustered_cis_ohnolog	right_flank	43	1.175	0	5000	0.0	0.0
clust0070	clustered_cis_ohnolog	right_flank	44	1.225	0	5000	0.0	0.0
clust0070	clustered_cis_ohnolog	right_flank	45	1.275	0	5000	0.0	0.0
clust0070	clustered_cis_ohnolog	right_flank	46	1.325	0	5000	0.0	0.0
clust0070	clustered_cis_ohnolog	right_flank	47	1.375	0	5000	0.0	0.0
clust0070	clustered_cis_ohnolog	right_flank	48	1.425	0	5000	0.0	0.0
clust0070	clustered_cis_ohnolog	right_flank	49	1.475	0	5000	0.0	0.0
clust0070	clustered_cis_ohnolog	right_flank	50	1.525	0	5000	0.0	0.0
clust0070	clustered_cis_ohnolog	right_flank	51	1.575	0	5000	0.0	0.0
clust0070	clustered_cis_ohnolog	right_flank	52	1.625	0	5000	0.0	0.0
clust0070	clustered_cis_ohnolog	right_flank	53	1.675	0	5000	0.0	0.0
clust0070	clustered_cis_ohnolog	right_flank	54	1.725	0	5000	0.0	0.0
clust0070	clustered_cis_ohnolog	right_flank	55	1.775	0	5000	0.0	0.0
clust0070	clustered_cis_ohnolog	right_flank	56	1.825	0	5000	0.0	0.0
clust0070	clustered_cis_ohnolog	right_flank	57	1.875	0	5000	0.0	0.0
clust0070	clustered_cis_ohnolog	right_flank	58	1.925	0	5000	0.0	0.0
clust0070	clustered_cis_ohnolog	right_flank	59	1.975	0	5000	0.0	0.0
clust0056	clustered_cis_ohnolog	left_flank	0	-0.975	0	5000	0.0	0.0
clust0056	clustered_cis_ohnolog	left_flank	1	-0.925	1	5000	0.0626	0.2
clust0056	clustered_cis_ohnolog	left_flank	2	-0.875	0	5000	0.0	0.0
clust0056	clustered_cis_ohnolog	left_flank	3	-0.825	0	5000	0.0	0.0
clust0056	clustered_cis_ohnolog	left_flank	4	-0.775	0	5000	0.0	0.0
clust0056	clustered_cis_ohnolog	left_flank	5	-0.725	0	5000	0.0	0.0
clust0056	clustered_cis_ohnolog	left_flank	6	-0.675	0	5000	0.0	0.0
clust0056	clustered_cis_ohnolog	left_flank	7	-0.625	0	5000	0.0	0.0
clust0056	clustered_cis_ohnolog	left_flank	8	-0.575	0	5000	0.0	0.0
clust0056	clustered_cis_ohnolog	left_flank	9	-0.525	0	5000	0.0	0.0
clust0056	clustered_cis_ohnolog	left_flank	10	-0.475	0	5000	0.0	0.0
clust0056	clustered_cis_ohnolog	left_flank	11	-0.425	0	5000	0.0	0.0
clust0056	clustered_cis_ohnolog	left_flank	12	-0.375	1	5000	0.1166	0.2
clust0056	clustered_cis_ohnolog	left_flank	13	-0.325	1	5000	0.1354	0.2
clust0056	clustered_cis_ohnolog	left_flank	14	-0.275	1	5000	0.126	0.2
clust0056	clustered_cis_ohnolog	left_flank	15	-0.225	0	5000	0.0	0.0
clust0056	clustered_cis_ohnolog	left_flank	16	-0.175	0	5000	0.0	0.0
clust0056	clustered_cis_ohnolog	left_flank	17	-0.125	0	5000	0.0	0.0
clust0056	clustered_cis_ohnolog	left_flank	18	-0.075	2	5000	0.1882	0.4
clust0056	clustered_cis_ohnolog	left_flank	19	-0.025	0	5000	0.0	0.0
clust0056	clustered_cis_ohnolog	body	20	0.025	1	2329	0.127523	0.429369
clust0056	clustered_cis_ohnolog	body	21	0.075	0	2330	0.0	0.0
clust0056	clustered_cis_ohnolog	body	22	0.125	0	2329	0.0	0.0
clust0056	clustered_cis_ohnolog	body	23	0.175	0	2330	0.0	0.0
clust0056	clustered_cis_ohnolog	body	24	0.225	0	2329	0.0	0.0
clust0056	clustered_cis_ohnolog	body	25	0.275	0	2330	0.0	0.0
clust0056	clustered_cis_ohnolog	body	26	0.325	0	2329	0.0	0.0
clust0056	clustered_cis_ohnolog	body	27	0.375	0	2330	0.0	0.0
clust0056	clustered_cis_ohnolog	body	28	0.425	0	2329	0.0	0.0
clust0056	clustered_cis_ohnolog	body	29	0.475	0	2330	0.0	0.0
clust0056	clustered_cis_ohnolog	body	30	0.525	0	2330	0.0	0.0
clust0056	clustered_cis_ohnolog	body	31	0.575	0	2329	0.0	0.0
clust0056	clustered_cis_ohnolog	body	32	0.625	2	2330	0.427468	0.858369
clust0056	clustered_cis_ohnolog	body	33	0.675	0	2329	0.0	0.0
clust0056	clustered_cis_ohnolog	body	34	0.725	0	2330	0.0	0.0
clust0056	clustered_cis_ohnolog	body	35	0.775	0	2329	0.0	0.0
clust0056	clustered_cis_ohnolog	body	36	0.825	0	2330	0.0	0.0
clust0056	clustered_cis_ohnolog	body	37	0.875	2	2329	0.541005	0.858738
clust0056	clustered_cis_ohnolog	body	38	0.925	0	2330	0.0	0.0
clust0056	clustered_cis_ohnolog	body	39	0.975	0	2330	0.0	0.0
clust0056	clustered_cis_ohnolog	right_flank	40	1.025	0	5000	0.0	0.0
clust0056	clustered_cis_ohnolog	right_flank	41	1.075	0	5000	0.0	0.0
clust0056	clustered_cis_ohnolog	right_flank	42	1.125	0	5000	0.0	0.0
clust0056	clustered_cis_ohnolog	right_flank	43	1.175	0	5000	0.0	0.0
clust0056	clustered_cis_ohnolog	right_flank	44	1.225	0	5000	0.0	0.0
clust0056	clustered_cis_ohnolog	right_flank	45	1.275	0	5000	0.0	0.0
clust0056	clustered_cis_ohnolog	right_flank	46	1.325	2	5000	0.1808	0.4
clust0056	clustered_cis_ohnolog	right_flank	47	1.375	0	5000	0.0	0.0
clust0056	clustered_cis_ohnolog	right_flank	48	1.425	0	5000	0.0	0.0
clust0056	clustered_cis_ohnolog	right_flank	49	1.475	0	5000	0.0	0.0
clust0056	clustered_cis_ohnolog	right_flank	50	1.525	0	5000	0.0	0.0
clust0056	clustered_cis_ohnolog	right_flank	51	1.575	0	5000	0.0	0.0
clust0056	clustered_cis_ohnolog	right_flank	52	1.625	0	5000	0.0	0.0
clust0056	clustered_cis_ohnolog	right_flank	53	1.675	0	5000	0.0	0.0
clust0056	clustered_cis_ohnolog	right_flank	54	1.725	0	5000	0.0	0.0
clust0056	clustered_cis_ohnolog	right_flank	55	1.775	0	5000	0.0	0.0
clust0056	clustered_cis_ohnolog	right_flank	56	1.825	0	5000	0.0	0.0
clust0056	clustered_cis_ohnolog	right_flank	57	1.875	0	5000	0.0	0.0
clust0056	clustered_cis_ohnolog	right_flank	58	1.925	0	5000	0.0	0.0
clust0056	clustered_cis_ohnolog	right_flank	59	1.975	0	5000	0.0	0.0
clust0017	clustered_cis_ohnolog	left_flank	0	-0.975	0	5000	0.0	0.0
clust0017	clustered_cis_ohnolog	left_flank	1	-0.925	0	5000	0.0	0.0
clust0017	clustered_cis_ohnolog	left_flank	2	-0.875	0	5000	0.0	0.0
clust0017	clustered_cis_ohnolog	left_flank	3	-0.825	0	5000	0.0	0.0
clust0017	clustered_cis_ohnolog	left_flank	4	-0.775	0	5000	0.0	0.0
clust0017	clustered_cis_ohnolog	left_flank	5	-0.725	0	5000	0.0	0.0
clust0017	clustered_cis_ohnolog	left_flank	6	-0.675	0	5000	0.0	0.0
clust0017	clustered_cis_ohnolog	left_flank	7	-0.625	0	5000	0.0	0.0
clust0017	clustered_cis_ohnolog	left_flank	8	-0.575	0	5000	0.0	0.0
clust0017	clustered_cis_ohnolog	left_flank	9	-0.525	0	5000	0.0	0.0
clust0017	clustered_cis_ohnolog	left_flank	10	-0.475	0	5000	0.0	0.0
clust0017	clustered_cis_ohnolog	left_flank	11	-0.425	0	5000	0.0	0.0
clust0017	clustered_cis_ohnolog	left_flank	12	-0.375	0	5000	0.0	0.0
clust0017	clustered_cis_ohnolog	left_flank	13	-0.325	0	5000	0.0	0.0
clust0017	clustered_cis_ohnolog	left_flank	14	-0.275	0	5000	0.0	0.0
clust0017	clustered_cis_ohnolog	left_flank	15	-0.225	0	5000	0.0	0.0
clust0017	clustered_cis_ohnolog	left_flank	16	-0.175	0	5000	0.0	0.0
clust0017	clustered_cis_ohnolog	left_flank	17	-0.125	0	5000	0.0	0.0
clust0017	clustered_cis_ohnolog	left_flank	18	-0.075	0	5000	0.0	0.0
clust0017	clustered_cis_ohnolog	left_flank	19	-0.025	2	5000	0.252	0.4
clust0017	clustered_cis_ohnolog	body	20	0.025	0	108138	0.0	0.0
clust0017	clustered_cis_ohnolog	body	21	0.075	0	108139	0.0	0.0
clust0017	clustered_cis_ohnolog	body	22	0.125	0	108139	0.0	0.0
clust0017	clustered_cis_ohnolog	body	23	0.175	3	108139	0.017478	0.027742
clust0017	clustered_cis_ohnolog	body	24	0.225	5	108139	0.024792	0.046237
clust0017	clustered_cis_ohnolog	body	25	0.275	2	108138	0.011652	0.018495
clust0017	clustered_cis_ohnolog	body	26	0.325	0	108139	0.0	0.0
clust0017	clustered_cis_ohnolog	body	27	0.375	0	108139	0.0	0.0
clust0017	clustered_cis_ohnolog	body	28	0.425	0	108139	0.0	0.0
clust0017	clustered_cis_ohnolog	body	29	0.475	0	108139	0.0	0.0
clust0017	clustered_cis_ohnolog	body	30	0.525	1	108138	0.005826	0.009247
clust0017	clustered_cis_ohnolog	body	31	0.575	0	108139	0.0	0.0
clust0017	clustered_cis_ohnolog	body	32	0.625	1	108139	0.005826	0.009247
clust0017	clustered_cis_ohnolog	body	33	0.675	0	108139	0.0	0.0
clust0017	clustered_cis_ohnolog	body	34	0.725	0	108139	0.0	0.0
clust0017	clustered_cis_ohnolog	body	35	0.775	0	108138	0.0	0.0
clust0017	clustered_cis_ohnolog	body	36	0.825	0	108139	0.0	0.0
clust0017	clustered_cis_ohnolog	body	37	0.875	0	108139	0.0	0.0
clust0017	clustered_cis_ohnolog	body	38	0.925	2	108139	0.005271	0.018495
clust0017	clustered_cis_ohnolog	body	39	0.975	3	108139	0.017478	0.027742
clust0017	clustered_cis_ohnolog	right_flank	40	1.025	0	5000	0.0	0.0
clust0017	clustered_cis_ohnolog	right_flank	41	1.075	0	5000	0.0	0.0
clust0017	clustered_cis_ohnolog	right_flank	42	1.125	0	5000	0.0	0.0
clust0017	clustered_cis_ohnolog	right_flank	43	1.175	0	5000	0.0	0.0
clust0017	clustered_cis_ohnolog	right_flank	44	1.225	0	5000	0.0	0.0
clust0017	clustered_cis_ohnolog	right_flank	45	1.275	0	5000	0.0	0.0
clust0017	clustered_cis_ohnolog	right_flank	46	1.325	0	5000	0.0	0.0
clust0017	clustered_cis_ohnolog	right_flank	47	1.375	0	5000	0.0	0.0
clust0017	clustered_cis_ohnolog	right_flank	48	1.425	0	5000	0.0	0.0
clust0017	clustered_cis_ohnolog	right_flank	49	1.475	0	5000	0.0	0.0
clust0017	clustered_cis_ohnolog	right_flank	50	1.525	0	5000	0.0	0.0
clust0017	clustered_cis_ohnolog	right_flank	51	1.575	0	5000	0.0	0.0
clust0017	clustered_cis_ohnolog	right_flank	52	1.625	0	5000	0.0	0.0
clust0017	clustered_cis_ohnolog	right_flank	53	1.675	0	5000	0.0	0.0
clust0017	clustered_cis_ohnolog	right_flank	54	1.725	0	5000	0.0	0.0
clust0017	clustered_cis_ohnolog	right_flank	55	1.775	2	5000	0.252	0.4
clust0017	clustered_cis_ohnolog	right_flank	56	1.825	0	5000	0.0	0.0
clust0017	clustered_cis_ohnolog	right_flank	57	1.875	0	5000	0.0	0.0
clust0017	clustered_cis_ohnolog	right_flank	58	1.925	0	5000	0.0	0.0
clust0017	clustered_cis_ohnolog	right_flank	59	1.975	0	5000	0.0	0.0
clust0078	clustered_cis_ohnolog	left_flank	0	-0.975	0	5000	0.0	0.0
clust0078	clustered_cis_ohnolog	left_flank	1	-0.925	0	5000	0.0	0.0
clust0078	clustered_cis_ohnolog	left_flank	2	-0.875	0	5000	0.0	0.0
clust0078	clustered_cis_ohnolog	left_flank	3	-0.825	0	5000	0.0	0.0
clust0078	clustered_cis_ohnolog	left_flank	4	-0.775	0	5000	0.0	0.0
clust0078	clustered_cis_ohnolog	left_flank	5	-0.725	0	5000	0.0	0.0
clust0078	clustered_cis_ohnolog	left_flank	6	-0.675	0	5000	0.0	0.0
clust0078	clustered_cis_ohnolog	left_flank	7	-0.625	1	5000	0.0626	0.2
clust0078	clustered_cis_ohnolog	left_flank	8	-0.575	1	5000	0.126	0.2
clust0078	clustered_cis_ohnolog	left_flank	9	-0.525	0	5000	0.0	0.0
clust0078	clustered_cis_ohnolog	left_flank	10	-0.475	0	5000	0.0	0.0
clust0078	clustered_cis_ohnolog	left_flank	11	-0.425	0	5000	0.0	0.0
clust0078	clustered_cis_ohnolog	left_flank	12	-0.375	0	5000	0.0	0.0
clust0078	clustered_cis_ohnolog	left_flank	13	-0.325	0	5000	0.0	0.0
clust0078	clustered_cis_ohnolog	left_flank	14	-0.275	0	5000	0.0	0.0
clust0078	clustered_cis_ohnolog	left_flank	15	-0.225	0	5000	0.0	0.0
clust0078	clustered_cis_ohnolog	left_flank	16	-0.175	0	5000	0.0	0.0
clust0078	clustered_cis_ohnolog	left_flank	17	-0.125	0	5000	0.0	0.0
clust0078	clustered_cis_ohnolog	left_flank	18	-0.075	0	5000	0.0	0.0
clust0078	clustered_cis_ohnolog	left_flank	19	-0.025	0	5000	0.0	0.0
clust0078	clustered_cis_ohnolog	body	20	0.025	0	4137	0.0	0.0
clust0078	clustered_cis_ohnolog	body	21	0.075	0	4138	0.0	0.0
clust0078	clustered_cis_ohnolog	body	22	0.125	0	4137	0.0	0.0
clust0078	clustered_cis_ohnolog	body	23	0.175	0	4138	0.0	0.0
clust0078	clustered_cis_ohnolog	body	24	0.225	0	4138	0.0	0.0
clust0078	clustered_cis_ohnolog	body	25	0.275	0	4137	0.0	0.0
clust0078	clustered_cis_ohnolog	body	26	0.325	0	4138	0.0	0.0
clust0078	clustered_cis_ohnolog	body	27	0.375	0	4137	0.0	0.0
clust0078	clustered_cis_ohnolog	body	28	0.425	0	4138	0.0	0.0
clust0078	clustered_cis_ohnolog	body	29	0.475	0	4138	0.0	0.0
clust0078	clustered_cis_ohnolog	body	30	0.525	0	4137	0.0	0.0
clust0078	clustered_cis_ohnolog	body	31	0.575	0	4138	0.0	0.0
clust0078	clustered_cis_ohnolog	body	32	0.625	0	4137	0.0	0.0
clust0078	clustered_cis_ohnolog	body	33	0.675	0	4138	0.0	0.0
clust0078	clustered_cis_ohnolog	body	34	0.725	0	4138	0.0	0.0
clust0078	clustered_cis_ohnolog	body	35	0.775	0	4137	0.0	0.0
clust0078	clustered_cis_ohnolog	body	36	0.825	0	4138	0.0	0.0
clust0078	clustered_cis_ohnolog	body	37	0.875	1	4137	0.16437	0.241721
clust0078	clustered_cis_ohnolog	body	38	0.925	2	4138	0.292412	0.483325
clust0078	clustered_cis_ohnolog	body	39	0.975	0	4138	0.0	0.0
clust0078	clustered_cis_ohnolog	right_flank	40	1.025	0	5000	0.0	0.0
clust0078	clustered_cis_ohnolog	right_flank	41	1.075	0	5000	0.0	0.0
clust0078	clustered_cis_ohnolog	right_flank	42	1.125	0	5000	0.0	0.0
clust0078	clustered_cis_ohnolog	right_flank	43	1.175	0	5000	0.0	0.0
clust0078	clustered_cis_ohnolog	right_flank	44	1.225	2	5000	0.1876	0.4
clust0078	clustered_cis_ohnolog	right_flank	45	1.275	0	5000	0.0	0.0
clust0078	clustered_cis_ohnolog	right_flank	46	1.325	1	5000	0.0452	0.2
clust0078	clustered_cis_ohnolog	right_flank	47	1.375	0	5000	0.0	0.0
clust0078	clustered_cis_ohnolog	right_flank	48	1.425	0	5000	0.0	0.0
clust0078	clustered_cis_ohnolog	right_flank	49	1.475	2	5000	0.252	0.4
clust0078	clustered_cis_ohnolog	right_flank	50	1.525	0	5000	0.0	0.0
clust0078	clustered_cis_ohnolog	right_flank	51	1.575	0	5000	0.0	0.0
clust0078	clustered_cis_ohnolog	right_flank	52	1.625	0	5000	0.0	0.0
clust0078	clustered_cis_ohnolog	right_flank	53	1.675	0	5000	0.0	0.0
clust0078	clustered_cis_ohnolog	right_flank	54	1.725	0	5000	0.0	0.0
clust0078	clustered_cis_ohnolog	right_flank	55	1.775	0	5000	0.0	0.0
clust0078	clustered_cis_ohnolog	right_flank	56	1.825	0	5000	0.0	0.0
clust0078	clustered_cis_ohnolog	right_flank	57	1.875	0	5000	0.0	0.0
clust0078	clustered_cis_ohnolog	right_flank	58	1.925	0	5000	0.0	0.0
clust0078	clustered_cis_ohnolog	right_flank	59	1.975	0	5000	0.0	0.0
clust0048	clustered_cis_ohnolog	left_flank	0	-0.975	0	5000	0.0	0.0
clust0048	clustered_cis_ohnolog	left_flank	1	-0.925	2	5000	0.1622	0.4
clust0048	clustered_cis_ohnolog	left_flank	2	-0.875	1	5000	0.0316	0.2
clust0048	clustered_cis_ohnolog	left_flank	3	-0.825	0	5000	0.0	0.0
clust0048	clustered_cis_ohnolog	left_flank	4	-0.775	0	5000	0.0	0.0
clust0048	clustered_cis_ohnolog	left_flank	5	-0.725	0	5000	0.0	0.0
clust0048	clustered_cis_ohnolog	left_flank	6	-0.675	0	5000	0.0	0.0
clust0048	clustered_cis_ohnolog	left_flank	7	-0.625	0	5000	0.0	0.0
clust0048	clustered_cis_ohnolog	left_flank	8	-0.575	2	5000	0.1988	0.4
clust0048	clustered_cis_ohnolog	left_flank	9	-0.525	0	5000	0.0	0.0
clust0048	clustered_cis_ohnolog	left_flank	10	-0.475	0	5000	0.0	0.0
clust0048	clustered_cis_ohnolog	left_flank	11	-0.425	0	5000	0.0	0.0
clust0048	clustered_cis_ohnolog	left_flank	12	-0.375	1	5000	0.1008	0.2
clust0048	clustered_cis_ohnolog	left_flank	13	-0.325	0	5000	0.0252	0.0
clust0048	clustered_cis_ohnolog	left_flank	14	-0.275	0	5000	0.0	0.0
clust0048	clustered_cis_ohnolog	left_flank	15	-0.225	0	5000	0.0	0.0
clust0048	clustered_cis_ohnolog	left_flank	16	-0.175	0	5000	0.0	0.0
clust0048	clustered_cis_ohnolog	left_flank	17	-0.125	3	5000	0.2472	0.6
clust0048	clustered_cis_ohnolog	left_flank	18	-0.075	0	5000	0.0	0.0
clust0048	clustered_cis_ohnolog	left_flank	19	-0.025	0	5000	0.0	0.0
clust0048	clustered_cis_ohnolog	body	20	0.025	0	2104	0.0	0.0
clust0048	clustered_cis_ohnolog	body	21	0.075	0	2105	0.0	0.0
clust0048	clustered_cis_ohnolog	body	22	0.125	0	2105	0.0	0.0
clust0048	clustered_cis_ohnolog	body	23	0.175	0	2105	0.0	0.0
clust0048	clustered_cis_ohnolog	body	24	0.225	0	2105	0.0	0.0
clust0048	clustered_cis_ohnolog	body	25	0.275	0	2105	0.139667	0.0
clust0048	clustered_cis_ohnolog	body	26	0.325	1	2105	0.15962	0.475059
clust0048	clustered_cis_ohnolog	body	27	0.375	0	2105	0.0	0.0
clust0048	clustered_cis_ohnolog	body	28	0.425	0	2105	0.0	0.0
clust0048	clustered_cis_ohnolog	body	29	0.475	0	2105	0.0	0.0
clust0048	clustered_cis_ohnolog	body	30	0.525	0	2104	0.0	0.0
clust0048	clustered_cis_ohnolog	body	31	0.575	0	2105	0.0	0.0
clust0048	clustered_cis_ohnolog	body	32	0.625	0	2105	0.0	0.0
clust0048	clustered_cis_ohnolog	body	33	0.675	0	2105	0.0	0.0
clust0048	clustered_cis_ohnolog	body	34	0.725	0	2105	0.0	0.0
clust0048	clustered_cis_ohnolog	body	35	0.775	0	2105	0.0	0.0
clust0048	clustered_cis_ohnolog	body	36	0.825	0	2105	0.0	0.0
clust0048	clustered_cis_ohnolog	body	37	0.875	0	2105	0.0	0.0
clust0048	clustered_cis_ohnolog	body	38	0.925	0	2105	0.0	0.0
clust0048	clustered_cis_ohnolog	body	39	0.975	0	2105	0.0	0.0
clust0048	clustered_cis_ohnolog	right_flank	40	1.025	0	5000	0.0	0.0
clust0048	clustered_cis_ohnolog	right_flank	41	1.075	2	5000	0.252	0.4
clust0048	clustered_cis_ohnolog	right_flank	42	1.125	0	5000	0.0	0.0
clust0048	clustered_cis_ohnolog	right_flank	43	1.175	0	5000	0.0	0.0
clust0048	clustered_cis_ohnolog	right_flank	44	1.225	2	5000	0.183	0.4
clust0048	clustered_cis_ohnolog	right_flank	45	1.275	1	5000	0.126	0.2
clust0048	clustered_cis_ohnolog	right_flank	46	1.325	0	5000	0.0	0.0
clust0048	clustered_cis_ohnolog	right_flank	47	1.375	0	5000	0.0	0.0
clust0048	clustered_cis_ohnolog	right_flank	48	1.425	0	5000	0.0	0.0
clust0048	clustered_cis_ohnolog	right_flank	49	1.475	0	5000	0.0	0.0
clust0048	clustered_cis_ohnolog	right_flank	50	1.525	0	5000	0.0	0.0
clust0048	clustered_cis_ohnolog	right_flank	51	1.575	0	5000	0.0	0.0
clust0048	clustered_cis_ohnolog	right_flank	52	1.625	0	5000	0.0	0.0
clust0048	clustered_cis_ohnolog	right_flank	53	1.675	1	5000	0.126	0.2
clust0048	clustered_cis_ohnolog	right_flank	54	1.725	0	5000	0.0	0.0
clust0048	clustered_cis_ohnolog	right_flank	55	1.775	1	5000	0.126	0.2
clust0048	clustered_cis_ohnolog	right_flank	56	1.825	0	5000	0.0	0.0
clust0048	clustered_cis_ohnolog	right_flank	57	1.875	0	5000	0.0	0.0
clust0048	clustered_cis_ohnolog	right_flank	58	1.925	0	5000	0.0	0.0
clust0048	clustered_cis_ohnolog	right_flank	59	1.975	0	5000	0.0	0.0
clust0049	clustered_cis_ohnolog	left_flank	0	-0.975	0	5000	0.0	0.0
clust0049	clustered_cis_ohnolog	left_flank	1	-0.925	0	5000	0.0	0.0
clust0049	clustered_cis_ohnolog	left_flank	2	-0.875	0	5000	0.0	0.0
clust0049	clustered_cis_ohnolog	left_flank	3	-0.825	0	5000	0.0	0.0
clust0049	clustered_cis_ohnolog	left_flank	4	-0.775	0	5000	0.0	0.0
clust0049	clustered_cis_ohnolog	left_flank	5	-0.725	0	5000	0.0	0.0
clust0049	clustered_cis_ohnolog	left_flank	6	-0.675	0	5000	0.0	0.0
clust0049	clustered_cis_ohnolog	left_flank	7	-0.625	0	5000	0.0	0.0
clust0049	clustered_cis_ohnolog	left_flank	8	-0.575	0	5000	0.0	0.0
clust0049	clustered_cis_ohnolog	left_flank	9	-0.525	0	5000	0.0	0.0
clust0049	clustered_cis_ohnolog	left_flank	10	-0.475	0	5000	0.0	0.0
clust0049	clustered_cis_ohnolog	left_flank	11	-0.425	0	5000	0.0	0.0
clust0049	clustered_cis_ohnolog	left_flank	12	-0.375	0	5000	0.0	0.0
clust0049	clustered_cis_ohnolog	left_flank	13	-0.325	0	5000	0.0	0.0
clust0049	clustered_cis_ohnolog	left_flank	14	-0.275	0	5000	0.0	0.0
clust0049	clustered_cis_ohnolog	left_flank	15	-0.225	0	5000	0.0	0.0
clust0049	clustered_cis_ohnolog	left_flank	16	-0.175	0	5000	0.0	0.0
clust0049	clustered_cis_ohnolog	left_flank	17	-0.125	0	5000	0.0	0.0
clust0049	clustered_cis_ohnolog	left_flank	18	-0.075	0	5000	0.0	0.0
clust0049	clustered_cis_ohnolog	left_flank	19	-0.025	0	5000	0.0	0.0
clust0049	clustered_cis_ohnolog	body	20	0.025	0	3387	0.0	0.0
clust0049	clustered_cis_ohnolog	body	21	0.075	0	3388	0.0	0.0
clust0049	clustered_cis_ohnolog	body	22	0.125	0	3387	0.0	0.0
clust0049	clustered_cis_ohnolog	body	23	0.175	0	3388	0.0	0.0
clust0049	clustered_cis_ohnolog	body	24	0.225	1	3387	0.186005	0.295247
clust0049	clustered_cis_ohnolog	body	25	0.275	0	3388	0.0	0.0
clust0049	clustered_cis_ohnolog	body	26	0.325	0	3387	0.0	0.0
clust0049	clustered_cis_ohnolog	body	27	0.375	0	3388	0.0	0.0
clust0049	clustered_cis_ohnolog	body	28	0.425	0	3387	0.0	0.0
clust0049	clustered_cis_ohnolog	body	29	0.475	0	3388	0.0	0.0
clust0049	clustered_cis_ohnolog	body	30	0.525	0	3387	0.0	0.0
clust0049	clustered_cis_ohnolog	body	31	0.575	2	3388	0.282172	0.590319
clust0049	clustered_cis_ohnolog	body	32	0.625	0	3387	0.0	0.0
clust0049	clustered_cis_ohnolog	body	33	0.675	0	3388	0.0	0.0
clust0049	clustered_cis_ohnolog	body	34	0.725	0	3387	0.0	0.0
clust0049	clustered_cis_ohnolog	body	35	0.775	0	3388	0.0	0.0
clust0049	clustered_cis_ohnolog	body	36	0.825	0	3387	0.0	0.0
clust0049	clustered_cis_ohnolog	body	37	0.875	0	3388	0.0	0.0
clust0049	clustered_cis_ohnolog	body	38	0.925	0	3387	0.0	0.0
clust0049	clustered_cis_ohnolog	body	39	0.975	0	3388	0.0	0.0
clust0049	clustered_cis_ohnolog	right_flank	40	1.025	0	5000	0.0	0.0
clust0049	clustered_cis_ohnolog	right_flank	41	1.075	0	5000	0.0	0.0
clust0049	clustered_cis_ohnolog	right_flank	42	1.125	0	5000	0.0	0.0
clust0049	clustered_cis_ohnolog	right_flank	43	1.175	0	5000	0.0	0.0
clust0049	clustered_cis_ohnolog	right_flank	44	1.225	0	5000	0.0	0.0
clust0049	clustered_cis_ohnolog	right_flank	45	1.275	0	5000	0.0	0.0
clust0049	clustered_cis_ohnolog	right_flank	46	1.325	0	5000	0.0	0.0
clust0049	clustered_cis_ohnolog	right_flank	47	1.375	0	5000	0.0	0.0
clust0049	clustered_cis_ohnolog	right_flank	48	1.425	0	5000	0.0	0.0
clust0049	clustered_cis_ohnolog	right_flank	49	1.475	0	5000	0.0	0.0
clust0049	clustered_cis_ohnolog	right_flank	50	1.525	0	5000	0.0	0.0
clust0049	clustered_cis_ohnolog	right_flank	51	1.575	0	5000	0.0	0.0
clust0049	clustered_cis_ohnolog	right_flank	52	1.625	0	5000	0.0	0.0
clust0049	clustered_cis_ohnolog	right_flank	53	1.675	0	5000	0.0	0.0
clust0049	clustered_cis_ohnolog	right_flank	54	1.725	0	5000	0.0	0.0
clust0049	clustered_cis_ohnolog	right_flank	55	1.775	0	5000	0.0	0.0
clust0049	clustered_cis_ohnolog	right_flank	56	1.825	0	5000	0.0	0.0
clust0049	clustered_cis_ohnolog	right_flank	57	1.875	0	5000	0.0	0.0
clust0049	clustered_cis_ohnolog	right_flank	58	1.925	0	5000	0.0	0.0
clust0049	clustered_cis_ohnolog	right_flank	59	1.975	0	5000	0.0	0.0
clust0050	clustered_cis_ohnolog	left_flank	0	-0.975	0	5000	0.0	0.0
clust0050	clustered_cis_ohnolog	left_flank	1	-0.925	0	5000	0.0	0.0
clust0050	clustered_cis_ohnolog	left_flank	2	-0.875	0	5000	0.0	0.0
clust0050	clustered_cis_ohnolog	left_flank	3	-0.825	0	5000	0.0	0.0
clust0050	clustered_cis_ohnolog	left_flank	4	-0.775	0	5000	0.0	0.0
clust0050	clustered_cis_ohnolog	left_flank	5	-0.725	0	5000	0.0	0.0
clust0050	clustered_cis_ohnolog	left_flank	6	-0.675	0	5000	0.0	0.0
clust0050	clustered_cis_ohnolog	left_flank	7	-0.625	0	5000	0.0	0.0
clust0050	clustered_cis_ohnolog	left_flank	8	-0.575	0	5000	0.0	0.0
clust0050	clustered_cis_ohnolog	left_flank	9	-0.525	0	5000	0.0	0.0
clust0050	clustered_cis_ohnolog	left_flank	10	-0.475	0	5000	0.0	0.0
clust0050	clustered_cis_ohnolog	left_flank	11	-0.425	0	5000	0.0	0.0
clust0050	clustered_cis_ohnolog	left_flank	12	-0.375	0	5000	0.0	0.0
clust0050	clustered_cis_ohnolog	left_flank	13	-0.325	0	5000	0.0	0.0
clust0050	clustered_cis_ohnolog	left_flank	14	-0.275	0	5000	0.0	0.0
clust0050	clustered_cis_ohnolog	left_flank	15	-0.225	0	5000	0.0	0.0
clust0050	clustered_cis_ohnolog	left_flank	16	-0.175	0	5000	0.0	0.0
clust0050	clustered_cis_ohnolog	left_flank	17	-0.125	0	5000	0.0	0.0
clust0050	clustered_cis_ohnolog	left_flank	18	-0.075	0	5000	0.0	0.0
clust0050	clustered_cis_ohnolog	left_flank	19	-0.025	0	5000	0.0	0.0
clust0050	clustered_cis_ohnolog	body	20	0.025	0	908	0.0	0.0
clust0050	clustered_cis_ohnolog	body	21	0.075	0	908	0.077093	0.0
clust0050	clustered_cis_ohnolog	body	22	0.125	2	908	1.310573	2.202643
clust0050	clustered_cis_ohnolog	body	23	0.175	0	908	0.0	0.0
clust0050	clustered_cis_ohnolog	body	24	0.225	0	908	0.0	0.0
clust0050	clustered_cis_ohnolog	body	25	0.275	0	908	0.0	0.0
clust0050	clustered_cis_ohnolog	body	26	0.325	0	908	0.0	0.0
clust0050	clustered_cis_ohnolog	body	27	0.375	0	908	0.0	0.0
clust0050	clustered_cis_ohnolog	body	28	0.425	0	908	0.0	0.0
clust0050	clustered_cis_ohnolog	body	29	0.475	0	908	0.0	0.0
clust0050	clustered_cis_ohnolog	body	30	0.525	0	908	0.0	0.0
clust0050	clustered_cis_ohnolog	body	31	0.575	0	908	0.0	0.0
clust0050	clustered_cis_ohnolog	body	32	0.625	0	908	0.0	0.0
clust0050	clustered_cis_ohnolog	body	33	0.675	0	908	0.0	0.0
clust0050	clustered_cis_ohnolog	body	34	0.725	0	908	0.0	0.0
clust0050	clustered_cis_ohnolog	body	35	0.775	0	908	0.0	0.0
clust0050	clustered_cis_ohnolog	body	36	0.825	0	908	0.0	0.0
clust0050	clustered_cis_ohnolog	body	37	0.875	0	908	0.0	0.0
clust0050	clustered_cis_ohnolog	body	38	0.925	0	908	0.0	0.0
clust0050	clustered_cis_ohnolog	body	39	0.975	0	908	0.0	0.0
clust0050	clustered_cis_ohnolog	right_flank	40	1.025	3	5000	0.2866	0.6
clust0050	clustered_cis_ohnolog	right_flank	41	1.075	0	5000	0.0	0.0
clust0050	clustered_cis_ohnolog	right_flank	42	1.125	1	5000	0.126	0.2
clust0050	clustered_cis_ohnolog	right_flank	43	1.175	0	5000	0.0	0.0
clust0050	clustered_cis_ohnolog	right_flank	44	1.225	2	5000	0.243	0.4
clust0050	clustered_cis_ohnolog	right_flank	45	1.275	0	5000	0.009	0.0
clust0050	clustered_cis_ohnolog	right_flank	46	1.325	0	5000	0.0	0.0
clust0050	clustered_cis_ohnolog	right_flank	47	1.375	0	5000	0.0	0.0
clust0050	clustered_cis_ohnolog	right_flank	48	1.425	0	5000	0.0	0.0
clust0050	clustered_cis_ohnolog	right_flank	49	1.475	0	5000	0.0	0.0
clust0050	clustered_cis_ohnolog	right_flank	50	1.525	0	5000	0.0	0.0
clust0050	clustered_cis_ohnolog	right_flank	51	1.575	0	5000	0.0	0.0
clust0050	clustered_cis_ohnolog	right_flank	52	1.625	0	5000	0.0	0.0
clust0050	clustered_cis_ohnolog	right_flank	53	1.675	1	5000	0.1202	0.2
clust0050	clustered_cis_ohnolog	right_flank	54	1.725	0	5000	0.0058	0.0
clust0050	clustered_cis_ohnolog	right_flank	55	1.775	0	5000	0.0	0.0
clust0050	clustered_cis_ohnolog	right_flank	56	1.825	0	5000	0.0	0.0
clust0050	clustered_cis_ohnolog	right_flank	57	1.875	0	5000	0.0	0.0
clust0050	clustered_cis_ohnolog	right_flank	58	1.925	0	5000	0.0	0.0
clust0050	clustered_cis_ohnolog	right_flank	59	1.975	0	5000	0.0	0.0
clust0068	clustered_cis_ohnolog	left_flank	0	-0.975	0	5000	0.0	0.0
clust0068	clustered_cis_ohnolog	left_flank	1	-0.925	0	5000	0.0	0.0
clust0068	clustered_cis_ohnolog	left_flank	2	-0.875	0	5000	0.0	0.0
clust0068	clustered_cis_ohnolog	left_flank	3	-0.825	0	5000	0.0	0.0
clust0068	clustered_cis_ohnolog	left_flank	4	-0.775	0	5000	0.0	0.0
clust0068	clustered_cis_ohnolog	left_flank	5	-0.725	0	5000	0.0	0.0
clust0068	clustered_cis_ohnolog	left_flank	6	-0.675	0	5000	0.0	0.0
clust0068	clustered_cis_ohnolog	left_flank	7	-0.625	0	5000	0.0	0.0
clust0068	clustered_cis_ohnolog	left_flank	8	-0.575	2	5000	0.1768	0.4
clust0068	clustered_cis_ohnolog	left_flank	9	-0.525	0	5000	0.0	0.0
clust0068	clustered_cis_ohnolog	left_flank	10	-0.475	0	5000	0.0	0.0
clust0068	clustered_cis_ohnolog	left_flank	11	-0.425	0	5000	0.0	0.0
clust0068	clustered_cis_ohnolog	left_flank	12	-0.375	0	5000	0.0	0.0
clust0068	clustered_cis_ohnolog	left_flank	13	-0.325	0	5000	0.0	0.0
clust0068	clustered_cis_ohnolog	left_flank	14	-0.275	0	5000	0.0	0.0
clust0068	clustered_cis_ohnolog	left_flank	15	-0.225	0	5000	0.0	0.0
clust0068	clustered_cis_ohnolog	left_flank	16	-0.175	0	5000	0.0	0.0
clust0068	clustered_cis_ohnolog	left_flank	17	-0.125	0	5000	0.0	0.0
clust0068	clustered_cis_ohnolog	left_flank	18	-0.075	0	5000	0.0	0.0
clust0068	clustered_cis_ohnolog	left_flank	19	-0.025	0	5000	0.0	0.0
clust0068	clustered_cis_ohnolog	body	20	0.025	0	12156	0.0	0.0
clust0068	clustered_cis_ohnolog	body	21	0.075	0	12157	0.0	0.0
clust0068	clustered_cis_ohnolog	body	22	0.125	0	12157	0.0	0.0
clust0068	clustered_cis_ohnolog	body	23	0.175	0	12157	0.0	0.0
clust0068	clustered_cis_ohnolog	body	24	0.225	0	12157	0.0	0.0
clust0068	clustered_cis_ohnolog	body	25	0.275	0	12156	0.0	0.0
clust0068	clustered_cis_ohnolog	body	26	0.325	0	12157	0.0	0.0
clust0068	clustered_cis_ohnolog	body	27	0.375	2	12157	0.103644	0.164514
clust0068	clustered_cis_ohnolog	body	28	0.425	0	12157	0.0	0.0
clust0068	clustered_cis_ohnolog	body	29	0.475	0	12157	0.0	0.0
clust0068	clustered_cis_ohnolog	body	30	0.525	1	12156	0.023939	0.082264
clust0068	clustered_cis_ohnolog	body	31	0.575	2	12157	0.070494	0.164514
clust0068	clustered_cis_ohnolog	body	32	0.625	0	12157	0.0	0.0
clust0068	clustered_cis_ohnolog	body	33	0.675	0	12157	0.0	0.0
clust0068	clustered_cis_ohnolog	body	34	0.725	0	12157	0.0	0.0
clust0068	clustered_cis_ohnolog	body	35	0.775	0	12156	0.0	0.0
clust0068	clustered_cis_ohnolog	body	36	0.825	0	12157	0.0	0.0
clust0068	clustered_cis_ohnolog	body	37	0.875	0	12157	0.0	0.0
clust0068	clustered_cis_ohnolog	body	38	0.925	0	12157	0.0	0.0
clust0068	clustered_cis_ohnolog	body	39	0.975	0	12157	0.0	0.0
clust0068	clustered_cis_ohnolog	right_flank	40	1.025	2	5000	0.1706	0.4
clust0068	clustered_cis_ohnolog	right_flank	41	1.075	0	5000	0.0	0.0
clust0068	clustered_cis_ohnolog	right_flank	42	1.125	2	5000	0.1682	0.4
clust0068	clustered_cis_ohnolog	right_flank	43	1.175	0	5000	0.0	0.0
clust0068	clustered_cis_ohnolog	right_flank	44	1.225	0	5000	0.0	0.0
clust0068	clustered_cis_ohnolog	right_flank	45	1.275	0	5000	0.0	0.0
clust0068	clustered_cis_ohnolog	right_flank	46	1.325	0	5000	0.0	0.0
clust0068	clustered_cis_ohnolog	right_flank	47	1.375	0	5000	0.0	0.0
clust0068	clustered_cis_ohnolog	right_flank	48	1.425	0	5000	0.0	0.0
clust0068	clustered_cis_ohnolog	right_flank	49	1.475	0	5000	0.0	0.0
clust0068	clustered_cis_ohnolog	right_flank	50	1.525	0	5000	0.0	0.0
clust0068	clustered_cis_ohnolog	right_flank	51	1.575	0	5000	0.0	0.0
clust0068	clustered_cis_ohnolog	right_flank	52	1.625	0	5000	0.0	0.0
clust0068	clustered_cis_ohnolog	right_flank	53	1.675	0	5000	0.0	0.0
clust0068	clustered_cis_ohnolog	right_flank	54	1.725	0	5000	0.0	0.0
clust0068	clustered_cis_ohnolog	right_flank	55	1.775	0	5000	0.0	0.0
clust0068	clustered_cis_ohnolog	right_flank	56	1.825	0	5000	0.0	0.0
clust0068	clustered_cis_ohnolog	right_flank	57	1.875	0	5000	0.0	0.0
clust0068	clustered_cis_ohnolog	right_flank	58	1.925	0	5000	0.0	0.0
clust0068	clustered_cis_ohnolog	right_flank	59	1.975	0	5000	0.0	0.0
clust0051	clustered_cis_ohnolog	left_flank	0	-0.975	0	5000	0.0	0.0
clust0051	clustered_cis_ohnolog	left_flank	1	-0.925	1	5000	0.126	0.2
clust0051	clustered_cis_ohnolog	left_flank	2	-0.875	0	5000	0.0	0.0
clust0051	clustered_cis_ohnolog	left_flank	3	-0.825	0	5000	0.0	0.0
clust0051	clustered_cis_ohnolog	left_flank	4	-0.775	0	5000	0.0	0.0
clust0051	clustered_cis_ohnolog	left_flank	5	-0.725	0	5000	0.0	0.0
clust0051	clustered_cis_ohnolog	left_flank	6	-0.675	0	5000	0.0	0.0
clust0051	clustered_cis_ohnolog	left_flank	7	-0.625	0	5000	0.0	0.0
clust0051	clustered_cis_ohnolog	left_flank	8	-0.575	0	5000	0.0	0.0
clust0051	clustered_cis_ohnolog	left_flank	9	-0.525	0	5000	0.0	0.0
clust0051	clustered_cis_ohnolog	left_flank	10	-0.475	0	5000	0.0	0.0
clust0051	clustered_cis_ohnolog	left_flank	11	-0.425	0	5000	0.0	0.0
clust0051	clustered_cis_ohnolog	left_flank	12	-0.375	0	5000	0.0	0.0
clust0051	clustered_cis_ohnolog	left_flank	13	-0.325	0	5000	0.0	0.0
clust0051	clustered_cis_ohnolog	left_flank	14	-0.275	0	5000	0.0	0.0
clust0051	clustered_cis_ohnolog	left_flank	15	-0.225	0	5000	0.0	0.0
clust0051	clustered_cis_ohnolog	left_flank	16	-0.175	0	5000	0.0	0.0
clust0051	clustered_cis_ohnolog	left_flank	17	-0.125	0	5000	0.0	0.0
clust0051	clustered_cis_ohnolog	left_flank	18	-0.075	0	5000	0.0	0.0
clust0051	clustered_cis_ohnolog	left_flank	19	-0.025	0	5000	0.0	0.0
clust0051	clustered_cis_ohnolog	body	20	0.025	0	5934	0.0	0.0
clust0051	clustered_cis_ohnolog	body	21	0.075	0	5935	0.0	0.0
clust0051	clustered_cis_ohnolog	body	22	0.125	0	5935	0.0	0.0
clust0051	clustered_cis_ohnolog	body	23	0.175	0	5935	0.0	0.0
clust0051	clustered_cis_ohnolog	body	24	0.225	0	5935	0.0	0.0
clust0051	clustered_cis_ohnolog	body	25	0.275	0	5935	0.0	0.0
clust0051	clustered_cis_ohnolog	body	26	0.325	0	5935	0.0	0.0
clust0051	clustered_cis_ohnolog	body	27	0.375	0	5935	0.0	0.0
clust0051	clustered_cis_ohnolog	body	28	0.425	0	5935	0.0	0.0
clust0051	clustered_cis_ohnolog	body	29	0.475	0	5935	0.0	0.0
clust0051	clustered_cis_ohnolog	body	30	0.525	0	5935	0.0	0.0
clust0051	clustered_cis_ohnolog	body	31	0.575	0	5935	0.0	0.0
clust0051	clustered_cis_ohnolog	body	32	0.625	0	5935	0.0	0.0
clust0051	clustered_cis_ohnolog	body	33	0.675	0	5935	0.0	0.0
clust0051	clustered_cis_ohnolog	body	34	0.725	0	5935	0.0	0.0
clust0051	clustered_cis_ohnolog	body	35	0.775	0	5935	0.0	0.0
clust0051	clustered_cis_ohnolog	body	36	0.825	0	5935	0.0	0.0
clust0051	clustered_cis_ohnolog	body	37	0.875	0	5935	0.0	0.0
clust0051	clustered_cis_ohnolog	body	38	0.925	3	5935	0.275316	0.505476
clust0051	clustered_cis_ohnolog	body	39	0.975	0	5935	0.0	0.0
clust0051	clustered_cis_ohnolog	right_flank	40	1.025	0	5000	0.0	0.0
clust0051	clustered_cis_ohnolog	right_flank	41	1.075	0	5000	0.0	0.0
clust0051	clustered_cis_ohnolog	right_flank	42	1.125	0	5000	0.0	0.0
clust0051	clustered_cis_ohnolog	right_flank	43	1.175	2	5000	0.1644	0.4
clust0051	clustered_cis_ohnolog	right_flank	44	1.225	0	5000	0.0	0.0
clust0051	clustered_cis_ohnolog	right_flank	45	1.275	0	5000	0.0	0.0
clust0051	clustered_cis_ohnolog	right_flank	46	1.325	0	5000	0.0	0.0
clust0051	clustered_cis_ohnolog	right_flank	47	1.375	0	5000	0.0	0.0
clust0051	clustered_cis_ohnolog	right_flank	48	1.425	0	5000	0.0	0.0
clust0051	clustered_cis_ohnolog	right_flank	49	1.475	0	5000	0.0	0.0
clust0051	clustered_cis_ohnolog	right_flank	50	1.525	0	5000	0.0	0.0
clust0051	clustered_cis_ohnolog	right_flank	51	1.575	2	5000	0.1782	0.4
clust0051	clustered_cis_ohnolog	right_flank	52	1.625	0	5000	0.0	0.0
clust0051	clustered_cis_ohnolog	right_flank	53	1.675	0	5000	0.0	0.0
clust0051	clustered_cis_ohnolog	right_flank	54	1.725	0	5000	0.0	0.0
clust0051	clustered_cis_ohnolog	right_flank	55	1.775	0	5000	0.0	0.0
clust0051	clustered_cis_ohnolog	right_flank	56	1.825	0	5000	0.0	0.0
clust0051	clustered_cis_ohnolog	right_flank	57	1.875	0	5000	0.0	0.0
clust0051	clustered_cis_ohnolog	right_flank	58	1.925	0	5000	0.0	0.0
clust0051	clustered_cis_ohnolog	right_flank	59	1.975	0	5000	0.0	0.0
clust0021	clustered_cis_ohnolog	left_flank	0	-0.975	0	5000	0.0	0.0
clust0021	clustered_cis_ohnolog	left_flank	1	-0.925	0	5000	0.0	0.0
clust0021	clustered_cis_ohnolog	left_flank	2	-0.875	0	5000	0.0	0.0
clust0021	clustered_cis_ohnolog	left_flank	3	-0.825	2	5000	0.252	0.4
clust0021	clustered_cis_ohnolog	left_flank	4	-0.775	0	5000	0.0	0.0
clust0021	clustered_cis_ohnolog	left_flank	5	-0.725	0	5000	0.0	0.0
clust0021	clustered_cis_ohnolog	left_flank	6	-0.675	0	5000	0.0	0.0
clust0021	clustered_cis_ohnolog	left_flank	7	-0.625	0	5000	0.0	0.0
clust0021	clustered_cis_ohnolog	left_flank	8	-0.575	0	5000	0.0	0.0
clust0021	clustered_cis_ohnolog	left_flank	9	-0.525	0	5000	0.0	0.0
clust0021	clustered_cis_ohnolog	left_flank	10	-0.475	0	5000	0.0	0.0
clust0021	clustered_cis_ohnolog	left_flank	11	-0.425	0	5000	0.0	0.0
clust0021	clustered_cis_ohnolog	left_flank	12	-0.375	0	5000	0.0	0.0
clust0021	clustered_cis_ohnolog	left_flank	13	-0.325	0	5000	0.0	0.0
clust0021	clustered_cis_ohnolog	left_flank	14	-0.275	0	5000	0.0	0.0
clust0021	clustered_cis_ohnolog	left_flank	15	-0.225	0	5000	0.0	0.0
clust0021	clustered_cis_ohnolog	left_flank	16	-0.175	0	5000	0.0	0.0
clust0021	clustered_cis_ohnolog	left_flank	17	-0.125	0	5000	0.0	0.0
clust0021	clustered_cis_ohnolog	left_flank	18	-0.075	0	5000	0.0	0.0
clust0021	clustered_cis_ohnolog	left_flank	19	-0.025	0	5000	0.0	0.0
clust0021	clustered_cis_ohnolog	body	20	0.025	1	91378	0.006894	0.010944
clust0021	clustered_cis_ohnolog	body	21	0.075	0	91379	0.0	0.0
clust0021	clustered_cis_ohnolog	body	22	0.125	0	91379	0.0	0.0
clust0021	clustered_cis_ohnolog	body	23	0.175	3	91379	0.016973	0.03283
clust0021	clustered_cis_ohnolog	body	24	0.225	4	91379	0.021766	0.043774
clust0021	clustered_cis_ohnolog	body	25	0.275	3	91378	0.016207	0.032831
clust0021	clustered_cis_ohnolog	body	26	0.325	2	91379	0.010692	0.021887
clust0021	clustered_cis_ohnolog	body	27	0.375	0	91379	0.0	0.0
clust0021	clustered_cis_ohnolog	body	28	0.425	0	91379	0.0	0.0
clust0021	clustered_cis_ohnolog	body	29	0.475	0	91379	0.0	0.0
clust0021	clustered_cis_ohnolog	body	30	0.525	0	91378	0.0	0.0
clust0021	clustered_cis_ohnolog	body	31	0.575	0	91379	0.0	0.0
clust0021	clustered_cis_ohnolog	body	32	0.625	0	91379	0.0	0.0
clust0021	clustered_cis_ohnolog	body	33	0.675	1	91379	0.006894	0.010943
clust0021	clustered_cis_ohnolog	body	34	0.725	1	91379	0.006894	0.010943
clust0021	clustered_cis_ohnolog	body	35	0.775	4	91378	0.022544	0.043774
clust0021	clustered_cis_ohnolog	body	36	0.825	0	91379	0.0	0.0
clust0021	clustered_cis_ohnolog	body	37	0.875	2	91379	0.013789	0.021887
clust0021	clustered_cis_ohnolog	body	38	0.925	0	91379	0.0	0.0
clust0021	clustered_cis_ohnolog	body	39	0.975	4	91379	0.024196	0.043774
clust0021	clustered_cis_ohnolog	right_flank	40	1.025	0	5000	0.0	0.0
clust0021	clustered_cis_ohnolog	right_flank	41	1.075	0	5000	0.0	0.0
clust0021	clustered_cis_ohnolog	right_flank	42	1.125	0	5000	0.0	0.0
clust0021	clustered_cis_ohnolog	right_flank	43	1.175	0	5000	0.0	0.0
clust0021	clustered_cis_ohnolog	right_flank	44	1.225	0	5000	0.0	0.0
clust0021	clustered_cis_ohnolog	right_flank	45	1.275	0	5000	0.0	0.0
clust0021	clustered_cis_ohnolog	right_flank	46	1.325	0	5000	0.0	0.0
clust0021	clustered_cis_ohnolog	right_flank	47	1.375	0	5000	0.0	0.0
clust0021	clustered_cis_ohnolog	right_flank	48	1.425	0	5000	0.0	0.0
clust0021	clustered_cis_ohnolog	right_flank	49	1.475	0	5000	0.0	0.0
clust0021	clustered_cis_ohnolog	right_flank	50	1.525	0	5000	0.0	0.0
clust0021	clustered_cis_ohnolog	right_flank	51	1.575	0	5000	0.0	0.0
clust0021	clustered_cis_ohnolog	right_flank	52	1.625	0	5000	0.0	0.0
clust0021	clustered_cis_ohnolog	right_flank	53	1.675	0	5000	0.0	0.0
clust0021	clustered_cis_ohnolog	right_flank	54	1.725	0	5000	0.0	0.0
clust0021	clustered_cis_ohnolog	right_flank	55	1.775	0	5000	0.0	0.0
clust0021	clustered_cis_ohnolog	right_flank	56	1.825	0	5000	0.0	0.0
clust0021	clustered_cis_ohnolog	right_flank	57	1.875	0	5000	0.0	0.0
clust0021	clustered_cis_ohnolog	right_flank	58	1.925	0	5000	0.0	0.0
clust0021	clustered_cis_ohnolog	right_flank	59	1.975	0	5000	0.0	0.0
clust0033	clustered_cis_ohnolog	left_flank	0	-0.975	0	5000	0.0	0.0
clust0033	clustered_cis_ohnolog	left_flank	1	-0.925	0	5000	0.0	0.0
clust0033	clustered_cis_ohnolog	left_flank	2	-0.875	0	5000	0.0	0.0
clust0033	clustered_cis_ohnolog	left_flank	3	-0.825	0	5000	0.0	0.0
clust0033	clustered_cis_ohnolog	left_flank	4	-0.775	0	5000	0.0	0.0
clust0033	clustered_cis_ohnolog	left_flank	5	-0.725	0	5000	0.0	0.0
clust0033	clustered_cis_ohnolog	left_flank	6	-0.675	0	5000	0.0	0.0
clust0033	clustered_cis_ohnolog	left_flank	7	-0.625	0	5000	0.0	0.0
clust0033	clustered_cis_ohnolog	left_flank	8	-0.575	0	5000	0.0	0.0
clust0033	clustered_cis_ohnolog	left_flank	9	-0.525	0	5000	0.0	0.0
clust0033	clustered_cis_ohnolog	left_flank	10	-0.475	2	5000	0.252	0.4
clust0033	clustered_cis_ohnolog	left_flank	11	-0.425	0	5000	0.0	0.0
clust0033	clustered_cis_ohnolog	left_flank	12	-0.375	0	5000	0.0	0.0
clust0033	clustered_cis_ohnolog	left_flank	13	-0.325	0	5000	0.0	0.0
clust0033	clustered_cis_ohnolog	left_flank	14	-0.275	2	5000	0.252	0.4
clust0033	clustered_cis_ohnolog	left_flank	15	-0.225	1	5000	0.126	0.2
clust0033	clustered_cis_ohnolog	left_flank	16	-0.175	0	5000	0.0	0.0
clust0033	clustered_cis_ohnolog	left_flank	17	-0.125	0	5000	0.0	0.0
clust0033	clustered_cis_ohnolog	left_flank	18	-0.075	0	5000	0.0	0.0
clust0033	clustered_cis_ohnolog	left_flank	19	-0.025	0	5000	0.0	0.0
clust0033	clustered_cis_ohnolog	body	20	0.025	0	22246	0.0	0.0
clust0033	clustered_cis_ohnolog	body	21	0.075	0	22246	0.0	0.0
clust0033	clustered_cis_ohnolog	body	22	0.125	0	22247	0.0	0.0
clust0033	clustered_cis_ohnolog	body	23	0.175	0	22246	0.0	0.0
clust0033	clustered_cis_ohnolog	body	24	0.225	0	22247	0.0	0.0
clust0033	clustered_cis_ohnolog	body	25	0.275	1	22246	0.02832	0.044952
clust0033	clustered_cis_ohnolog	body	26	0.325	0	22246	0.0	0.0
clust0033	clustered_cis_ohnolog	body	27	0.375	0	22247	0.0	0.0
clust0033	clustered_cis_ohnolog	body	28	0.425	0	22246	0.0	0.0
clust0033	clustered_cis_ohnolog	body	29	0.475	0	22247	0.0	0.0
clust0033	clustered_cis_ohnolog	body	30	0.525	0	22246	0.0	0.0
clust0033	clustered_cis_ohnolog	body	31	0.575	0	22246	0.0	0.0
clust0033	clustered_cis_ohnolog	body	32	0.625	0	22247	0.008091	0.0
clust0033	clustered_cis_ohnolog	body	33	0.675	1	22246	0.020228	0.044952
clust0033	clustered_cis_ohnolog	body	34	0.725	0	22247	0.0	0.0
clust0033	clustered_cis_ohnolog	body	35	0.775	2	22246	0.045491	0.089904
clust0033	clustered_cis_ohnolog	body	36	0.825	0	22246	0.0	0.0
clust0033	clustered_cis_ohnolog	body	37	0.875	2	22247	0.056637	0.0899
clust0033	clustered_cis_ohnolog	body	38	0.925	0	22246	0.0	0.0
clust0033	clustered_cis_ohnolog	body	39	0.975	2	22247	0.056637	0.0899
clust0033	clustered_cis_ohnolog	right_flank	40	1.025	0	5000	0.0	0.0
clust0033	clustered_cis_ohnolog	right_flank	41	1.075	0	5000	0.0	0.0
clust0033	clustered_cis_ohnolog	right_flank	42	1.125	0	5000	0.0	0.0
clust0033	clustered_cis_ohnolog	right_flank	43	1.175	0	5000	0.0	0.0
clust0033	clustered_cis_ohnolog	right_flank	44	1.225	0	5000	0.0	0.0
clust0033	clustered_cis_ohnolog	right_flank	45	1.275	0	5000	0.0	0.0
clust0033	clustered_cis_ohnolog	right_flank	46	1.325	0	5000	0.0	0.0
clust0033	clustered_cis_ohnolog	right_flank	47	1.375	0	5000	0.0	0.0
clust0033	clustered_cis_ohnolog	right_flank	48	1.425	0	5000	0.0	0.0
clust0033	clustered_cis_ohnolog	right_flank	49	1.475	0	5000	0.0	0.0
clust0033	clustered_cis_ohnolog	right_flank	50	1.525	0	5000	0.0	0.0
clust0033	clustered_cis_ohnolog	right_flank	51	1.575	0	5000	0.0	0.0
clust0033	clustered_cis_ohnolog	right_flank	52	1.625	0	5000	0.0	0.0
clust0033	clustered_cis_ohnolog	right_flank	53	1.675	0	5000	0.0	0.0
clust0033	clustered_cis_ohnolog	right_flank	54	1.725	0	5000	0.0	0.0
clust0033	clustered_cis_ohnolog	right_flank	55	1.775	0	5000	0.0	0.0
clust0033	clustered_cis_ohnolog	right_flank	56	1.825	0	5000	0.0	0.0
clust0033	clustered_cis_ohnolog	right_flank	57	1.875	0	5000	0.0	0.0
clust0033	clustered_cis_ohnolog	right_flank	58	1.925	0	5000	0.0	0.0
clust0033	clustered_cis_ohnolog	right_flank	59	1.975	0	5000	0.0	0.0
clust0022	clustered_cis_ohnolog	left_flank	0	-0.975	0	5000	0.0	0.0
clust0022	clustered_cis_ohnolog	left_flank	1	-0.925	0	5000	0.0	0.0
clust0022	clustered_cis_ohnolog	left_flank	2	-0.875	0	5000	0.0	0.0
clust0022	clustered_cis_ohnolog	left_flank	3	-0.825	0	5000	0.0	0.0
clust0022	clustered_cis_ohnolog	left_flank	4	-0.775	0	5000	0.0	0.0
clust0022	clustered_cis_ohnolog	left_flank	5	-0.725	0	5000	0.0	0.0
clust0022	clustered_cis_ohnolog	left_flank	6	-0.675	0	5000	0.0	0.0
clust0022	clustered_cis_ohnolog	left_flank	7	-0.625	2	5000	0.1792	0.4
clust0022	clustered_cis_ohnolog	left_flank	8	-0.575	0	5000	0.0	0.0
clust0022	clustered_cis_ohnolog	left_flank	9	-0.525	1	5000	0.126	0.2
clust0022	clustered_cis_ohnolog	left_flank	10	-0.475	0	5000	0.0	0.0
clust0022	clustered_cis_ohnolog	left_flank	11	-0.425	0	5000	0.0	0.0
clust0022	clustered_cis_ohnolog	left_flank	12	-0.375	0	5000	0.0	0.0
clust0022	clustered_cis_ohnolog	left_flank	13	-0.325	0	5000	0.0	0.0
clust0022	clustered_cis_ohnolog	left_flank	14	-0.275	0	5000	0.0	0.0
clust0022	clustered_cis_ohnolog	left_flank	15	-0.225	2	5000	0.2536	0.4
clust0022	clustered_cis_ohnolog	left_flank	16	-0.175	1	5000	0.0646	0.2
clust0022	clustered_cis_ohnolog	left_flank	17	-0.125	0	5000	0.0	0.0
clust0022	clustered_cis_ohnolog	left_flank	18	-0.075	0	5000	0.0	0.0
clust0022	clustered_cis_ohnolog	left_flank	19	-0.025	0	5000	0.0	0.0
clust0022	clustered_cis_ohnolog	body	20	0.025	0	1792	0.0	0.0
clust0022	clustered_cis_ohnolog	body	21	0.075	0	1792	0.0	0.0
clust0022	clustered_cis_ohnolog	body	22	0.125	0	1793	0.0	0.0
clust0022	clustered_cis_ohnolog	body	23	0.175	0	1792	0.0	0.0
clust0022	clustered_cis_ohnolog	body	24	0.225	0	1793	0.0	0.0
clust0022	clustered_cis_ohnolog	body	25	0.275	0	1792	0.0	0.0
clust0022	clustered_cis_ohnolog	body	26	0.325	0	1793	0.0	0.0
clust0022	clustered_cis_ohnolog	body	27	0.375	0	1792	0.0	0.0
clust0022	clustered_cis_ohnolog	body	28	0.425	0	1793	0.0	0.0
clust0022	clustered_cis_ohnolog	body	29	0.475	0	1792	0.0	0.0
clust0022	clustered_cis_ohnolog	body	30	0.525	0	1792	0.0	0.0
clust0022	clustered_cis_ohnolog	body	31	0.575	0	1793	0.0	0.0
clust0022	clustered_cis_ohnolog	body	32	0.625	0	1792	0.0	0.0
clust0022	clustered_cis_ohnolog	body	33	0.675	1	1793	0.351366	0.557724
clust0022	clustered_cis_ohnolog	body	34	0.725	0	1792	0.0	0.0
clust0022	clustered_cis_ohnolog	body	35	0.775	0	1793	0.0	0.0
clust0022	clustered_cis_ohnolog	body	36	0.825	0	1792	0.0	0.0
clust0022	clustered_cis_ohnolog	body	37	0.875	0	1793	0.0	0.0
clust0022	clustered_cis_ohnolog	body	38	0.925	0	1792	0.0	0.0
clust0022	clustered_cis_ohnolog	body	39	0.975	0	1793	0.0	0.0
clust0022	clustered_cis_ohnolog	right_flank	40	1.025	0	5000	0.0	0.0
clust0022	clustered_cis_ohnolog	right_flank	41	1.075	0	5000	0.0	0.0
clust0022	clustered_cis_ohnolog	right_flank	42	1.125	0	5000	0.0	0.0
clust0022	clustered_cis_ohnolog	right_flank	43	1.175	0	5000	0.0	0.0
clust0022	clustered_cis_ohnolog	right_flank	44	1.225	0	5000	0.0	0.0
clust0022	clustered_cis_ohnolog	right_flank	45	1.275	0	5000	0.0	0.0
clust0022	clustered_cis_ohnolog	right_flank	46	1.325	0	5000	0.0	0.0
clust0022	clustered_cis_ohnolog	right_flank	47	1.375	1	5000	0.126	0.2
clust0022	clustered_cis_ohnolog	right_flank	48	1.425	0	5000	0.0	0.0
clust0022	clustered_cis_ohnolog	right_flank	49	1.475	0	5000	0.0	0.0
clust0022	clustered_cis_ohnolog	right_flank	50	1.525	0	5000	0.0	0.0
clust0022	clustered_cis_ohnolog	right_flank	51	1.575	1	5000	0.126	0.2
clust0022	clustered_cis_ohnolog	right_flank	52	1.625	0	5000	0.0	0.0
clust0022	clustered_cis_ohnolog	right_flank	53	1.675	2	5000	0.187	0.4
clust0022	clustered_cis_ohnolog	right_flank	54	1.725	2	5000	0.1724	0.4
clust0022	clustered_cis_ohnolog	right_flank	55	1.775	0	5000	0.0	0.0
clust0022	clustered_cis_ohnolog	right_flank	56	1.825	0	5000	0.0	0.0
clust0022	clustered_cis_ohnolog	right_flank	57	1.875	0	5000	0.0	0.0
clust0022	clustered_cis_ohnolog	right_flank	58	1.925	0	5000	0.0	0.0
clust0022	clustered_cis_ohnolog	right_flank	59	1.975	0	5000	0.0	0.0
clust0058	clustered_cis_ohnolog	left_flank	0	-0.975	0	5000	0.0	0.0
clust0058	clustered_cis_ohnolog	left_flank	1	-0.925	0	5000	0.0	0.0
clust0058	clustered_cis_ohnolog	left_flank	2	-0.875	0	5000	0.0	0.0
clust0058	clustered_cis_ohnolog	left_flank	3	-0.825	0	5000	0.0	0.0
clust0058	clustered_cis_ohnolog	left_flank	4	-0.775	0	5000	0.0	0.0
clust0058	clustered_cis_ohnolog	left_flank	5	-0.725	0	5000	0.0	0.0
clust0058	clustered_cis_ohnolog	left_flank	6	-0.675	0	5000	0.0	0.0
clust0058	clustered_cis_ohnolog	left_flank	7	-0.625	0	5000	0.0	0.0
clust0058	clustered_cis_ohnolog	left_flank	8	-0.575	2	5000	0.169	0.4
clust0058	clustered_cis_ohnolog	left_flank	9	-0.525	0	5000	0.0	0.0
clust0058	clustered_cis_ohnolog	left_flank	10	-0.475	0	5000	0.0	0.0
clust0058	clustered_cis_ohnolog	left_flank	11	-0.425	0	5000	0.0	0.0
clust0058	clustered_cis_ohnolog	left_flank	12	-0.375	0	5000	0.0	0.0
clust0058	clustered_cis_ohnolog	left_flank	13	-0.325	0	5000	0.0	0.0
clust0058	clustered_cis_ohnolog	left_flank	14	-0.275	1	5000	0.126	0.2
clust0058	clustered_cis_ohnolog	left_flank	15	-0.225	0	5000	0.0	0.0
clust0058	clustered_cis_ohnolog	left_flank	16	-0.175	0	5000	0.0	0.0
clust0058	clustered_cis_ohnolog	left_flank	17	-0.125	0	5000	0.0	0.0
clust0058	clustered_cis_ohnolog	left_flank	18	-0.075	0	5000	0.0	0.0
clust0058	clustered_cis_ohnolog	left_flank	19	-0.025	0	5000	0.0	0.0
clust0058	clustered_cis_ohnolog	body	20	0.025	1	82632	0.002348	0.012102
clust0058	clustered_cis_ohnolog	body	21	0.075	0	82632	0.0	0.0
clust0058	clustered_cis_ohnolog	body	22	0.125	1	82632	0.007624	0.012102
clust0058	clustered_cis_ohnolog	body	23	0.175	3	82633	0.022872	0.036305
clust0058	clustered_cis_ohnolog	body	24	0.225	0	82632	0.0	0.0
clust0058	clustered_cis_ohnolog	body	25	0.275	0	82632	0.0	0.0
clust0058	clustered_cis_ohnolog	body	26	0.325	0	82633	0.0	0.0
clust0058	clustered_cis_ohnolog	body	27	0.375	0	82632	0.0	0.0
clust0058	clustered_cis_ohnolog	body	28	0.425	1	82632	0.007624	0.012102
clust0058	clustered_cis_ohnolog	body	29	0.475	0	82633	0.0	0.0
clust0058	clustered_cis_ohnolog	body	30	0.525	0	82632	0.0	0.0
clust0058	clustered_cis_ohnolog	body	31	0.575	0	82632	0.0	0.0
clust0058	clustered_cis_ohnolog	body	32	0.625	0	82632	0.0	0.0
clust0058	clustered_cis_ohnolog	body	33	0.675	0	82633	0.0	0.0
clust0058	clustered_cis_ohnolog	body	34	0.725	0	82632	0.0	0.0
clust0058	clustered_cis_ohnolog	body	35	0.775	0	82632	0.0	0.0
clust0058	clustered_cis_ohnolog	body	36	0.825	0	82633	0.0	0.0
clust0058	clustered_cis_ohnolog	body	37	0.875	0	82632	0.0	0.0
clust0058	clustered_cis_ohnolog	body	38	0.925	1	82632	0.007624	0.012102
clust0058	clustered_cis_ohnolog	body	39	0.975	1	82633	0.007624	0.012102
clust0058	clustered_cis_ohnolog	right_flank	40	1.025	0	5000	0.0	0.0
clust0058	clustered_cis_ohnolog	right_flank	41	1.075	0	5000	0.0	0.0
clust0058	clustered_cis_ohnolog	right_flank	42	1.125	0	5000	0.0	0.0
clust0058	clustered_cis_ohnolog	right_flank	43	1.175	0	5000	0.0	0.0
clust0058	clustered_cis_ohnolog	right_flank	44	1.225	0	5000	0.0	0.0
clust0058	clustered_cis_ohnolog	right_flank	45	1.275	0	5000	0.0	0.0
clust0058	clustered_cis_ohnolog	right_flank	46	1.325	0	5000	0.0	0.0
clust0058	clustered_cis_ohnolog	right_flank	47	1.375	0	5000	0.0	0.0
clust0058	clustered_cis_ohnolog	right_flank	48	1.425	0	5000	0.0	0.0
clust0058	clustered_cis_ohnolog	right_flank	49	1.475	0	5000	0.0	0.0
clust0058	clustered_cis_ohnolog	right_flank	50	1.525	2	5000	0.1934	0.4
clust0058	clustered_cis_ohnolog	right_flank	51	1.575	0	5000	0.0	0.0
clust0058	clustered_cis_ohnolog	right_flank	52	1.625	0	5000	0.0	0.0
clust0058	clustered_cis_ohnolog	right_flank	53	1.675	0	5000	0.0	0.0
clust0058	clustered_cis_ohnolog	right_flank	54	1.725	0	5000	0.0	0.0
clust0058	clustered_cis_ohnolog	right_flank	55	1.775	0	5000	0.0	0.0
clust0058	clustered_cis_ohnolog	right_flank	56	1.825	0	5000	0.0	0.0
clust0058	clustered_cis_ohnolog	right_flank	57	1.875	0	5000	0.0	0.0
clust0058	clustered_cis_ohnolog	right_flank	58	1.925	0	5000	0.0	0.0
clust0058	clustered_cis_ohnolog	right_flank	59	1.975	0	5000	0.0	0.0
clust0023	clustered_cis_ohnolog	left_flank	0	-0.975	0	5000	0.0	0.0
clust0023	clustered_cis_ohnolog	left_flank	1	-0.925	0	5000	0.0	0.0
clust0023	clustered_cis_ohnolog	left_flank	2	-0.875	0	5000	0.0	0.0
clust0023	clustered_cis_ohnolog	left_flank	3	-0.825	0	5000	0.0	0.0
clust0023	clustered_cis_ohnolog	left_flank	4	-0.775	0	5000	0.0	0.0
clust0023	clustered_cis_ohnolog	left_flank	5	-0.725	0	5000	0.0	0.0
clust0023	clustered_cis_ohnolog	left_flank	6	-0.675	0	5000	0.0	0.0
clust0023	clustered_cis_ohnolog	left_flank	7	-0.625	0	5000	0.0	0.0
clust0023	clustered_cis_ohnolog	left_flank	8	-0.575	0	5000	0.0	0.0
clust0023	clustered_cis_ohnolog	left_flank	9	-0.525	0	5000	0.0	0.0
clust0023	clustered_cis_ohnolog	left_flank	10	-0.475	2	5000	0.1846	0.4
clust0023	clustered_cis_ohnolog	left_flank	11	-0.425	0	5000	0.0674	0.0
clust0023	clustered_cis_ohnolog	left_flank	12	-0.375	0	5000	0.0	0.0
clust0023	clustered_cis_ohnolog	left_flank	13	-0.325	0	5000	0.0	0.0
clust0023	clustered_cis_ohnolog	left_flank	14	-0.275	0	5000	0.0	0.0
clust0023	clustered_cis_ohnolog	left_flank	15	-0.225	0	5000	0.0	0.0
clust0023	clustered_cis_ohnolog	left_flank	16	-0.175	0	5000	0.0	0.0
clust0023	clustered_cis_ohnolog	left_flank	17	-0.125	0	5000	0.0	0.0
clust0023	clustered_cis_ohnolog	left_flank	18	-0.075	0	5000	0.0	0.0
clust0023	clustered_cis_ohnolog	left_flank	19	-0.025	0	5000	0.0	0.0
clust0023	clustered_cis_ohnolog	body	20	0.025	0	7943	0.0	0.0
clust0023	clustered_cis_ohnolog	body	21	0.075	0	7943	0.0	0.0
clust0023	clustered_cis_ohnolog	body	22	0.125	0	7943	0.0	0.0
clust0023	clustered_cis_ohnolog	body	23	0.175	0	7943	0.0	0.0
clust0023	clustered_cis_ohnolog	body	24	0.225	0	7943	0.0	0.0
clust0023	clustered_cis_ohnolog	body	25	0.275	0	7943	0.0	0.0
clust0023	clustered_cis_ohnolog	body	26	0.325	0	7943	0.0	0.0
clust0023	clustered_cis_ohnolog	body	27	0.375	0	7943	0.0	0.0
clust0023	clustered_cis_ohnolog	body	28	0.425	0	7943	0.0	0.0
clust0023	clustered_cis_ohnolog	body	29	0.475	0	7943	0.0	0.0
clust0023	clustered_cis_ohnolog	body	30	0.525	0	7943	0.0	0.0
clust0023	clustered_cis_ohnolog	body	31	0.575	0	7943	0.0	0.0
clust0023	clustered_cis_ohnolog	body	32	0.625	0	7943	0.0	0.0
clust0023	clustered_cis_ohnolog	body	33	0.675	0	7943	0.0	0.0
clust0023	clustered_cis_ohnolog	body	34	0.725	0	7943	0.0	0.0
clust0023	clustered_cis_ohnolog	body	35	0.775	0	7943	0.0	0.0
clust0023	clustered_cis_ohnolog	body	36	0.825	0	7943	0.0	0.0
clust0023	clustered_cis_ohnolog	body	37	0.875	0	7943	0.0	0.0
clust0023	clustered_cis_ohnolog	body	38	0.925	0	7943	0.0	0.0
clust0023	clustered_cis_ohnolog	body	39	0.975	0	7943	0.0	0.0
clust0023	clustered_cis_ohnolog	right_flank	40	1.025	0	5000	0.0	0.0
clust0023	clustered_cis_ohnolog	right_flank	41	1.075	0	5000	0.0	0.0
clust0023	clustered_cis_ohnolog	right_flank	42	1.125	0	5000	0.0	0.0
clust0023	clustered_cis_ohnolog	right_flank	43	1.175	0	5000	0.0	0.0
clust0023	clustered_cis_ohnolog	right_flank	44	1.225	0	5000	0.0	0.0
clust0023	clustered_cis_ohnolog	right_flank	45	1.275	0	5000	0.0	0.0
clust0023	clustered_cis_ohnolog	right_flank	46	1.325	0	5000	0.0	0.0
clust0023	clustered_cis_ohnolog	right_flank	47	1.375	0	5000	0.0	0.0
clust0023	clustered_cis_ohnolog	right_flank	48	1.425	0	5000	0.0	0.0
clust0023	clustered_cis_ohnolog	right_flank	49	1.475	0	5000	0.0	0.0
clust0023	clustered_cis_ohnolog	right_flank	50	1.525	0	5000	0.0	0.0
clust0023	clustered_cis_ohnolog	right_flank	51	1.575	0	5000	0.0	0.0
clust0023	clustered_cis_ohnolog	right_flank	52	1.625	0	5000	0.0	0.0
clust0023	clustered_cis_ohnolog	right_flank	53	1.675	0	5000	0.0	0.0
clust0023	clustered_cis_ohnolog	right_flank	54	1.725	0	5000	0.0	0.0
clust0023	clustered_cis_ohnolog	right_flank	55	1.775	0	5000	0.0	0.0
clust0023	clustered_cis_ohnolog	right_flank	56	1.825	0	5000	0.0	0.0
clust0023	clustered_cis_ohnolog	right_flank	57	1.875	0	5000	0.0	0.0
clust0023	clustered_cis_ohnolog	right_flank	58	1.925	0	5000	0.0	0.0
clust0023	clustered_cis_ohnolog	right_flank	59	1.975	0	5000	0.0	0.0
clust0024	clustered_cis_ohnolog	left_flank	0	-0.975	0	5000	0.0	0.0
clust0024	clustered_cis_ohnolog	left_flank	1	-0.925	0	5000	0.0	0.0
clust0024	clustered_cis_ohnolog	left_flank	2	-0.875	0	5000	0.0	0.0
clust0024	clustered_cis_ohnolog	left_flank	3	-0.825	0	5000	0.0	0.0
clust0024	clustered_cis_ohnolog	left_flank	4	-0.775	0	5000	0.0	0.0
clust0024	clustered_cis_ohnolog	left_flank	5	-0.725	0	5000	0.0	0.0
clust0024	clustered_cis_ohnolog	left_flank	6	-0.675	0	5000	0.0	0.0
clust0024	clustered_cis_ohnolog	left_flank	7	-0.625	0	5000	0.0	0.0
clust0024	clustered_cis_ohnolog	left_flank	8	-0.575	0	5000	0.0	0.0
clust0024	clustered_cis_ohnolog	left_flank	9	-0.525	0	5000	0.0	0.0
clust0024	clustered_cis_ohnolog	left_flank	10	-0.475	0	5000	0.0	0.0
clust0024	clustered_cis_ohnolog	left_flank	11	-0.425	0	5000	0.0	0.0
clust0024	clustered_cis_ohnolog	left_flank	12	-0.375	0	5000	0.0	0.0
clust0024	clustered_cis_ohnolog	left_flank	13	-0.325	0	5000	0.0	0.0
clust0024	clustered_cis_ohnolog	left_flank	14	-0.275	0	5000	0.0	0.0
clust0024	clustered_cis_ohnolog	left_flank	15	-0.225	1	5000	0.126	0.2
clust0024	clustered_cis_ohnolog	left_flank	16	-0.175	0	5000	0.0	0.0
clust0024	clustered_cis_ohnolog	left_flank	17	-0.125	0	5000	0.0	0.0
clust0024	clustered_cis_ohnolog	left_flank	18	-0.075	0	5000	0.0	0.0
clust0024	clustered_cis_ohnolog	left_flank	19	-0.025	0	5000	0.0	0.0
clust0024	clustered_cis_ohnolog	body	20	0.025	0	6212	0.0	0.0
clust0024	clustered_cis_ohnolog	body	21	0.075	0	6212	0.0	0.0
clust0024	clustered_cis_ohnolog	body	22	0.125	0	6213	0.0	0.0
clust0024	clustered_cis_ohnolog	body	23	0.175	0	6212	0.0	0.0
clust0024	clustered_cis_ohnolog	body	24	0.225	0	6212	0.0	0.0
clust0024	clustered_cis_ohnolog	body	25	0.275	0	6213	0.0	0.0
clust0024	clustered_cis_ohnolog	body	26	0.325	0	6212	0.0	0.0
clust0024	clustered_cis_ohnolog	body	27	0.375	0	6212	0.0	0.0
clust0024	clustered_cis_ohnolog	body	28	0.425	0	6213	0.0	0.0
clust0024	clustered_cis_ohnolog	body	29	0.475	0	6212	0.0	0.0
clust0024	clustered_cis_ohnolog	body	30	0.525	0	6212	0.0	0.0
clust0024	clustered_cis_ohnolog	body	31	0.575	0	6213	0.0	0.0
clust0024	clustered_cis_ohnolog	body	32	0.625	0	6212	0.0	0.0
clust0024	clustered_cis_ohnolog	body	33	0.675	0	6212	0.0	0.0
clust0024	clustered_cis_ohnolog	body	34	0.725	0	6213	0.0	0.0
clust0024	clustered_cis_ohnolog	body	35	0.775	0	6212	0.0	0.0
clust0024	clustered_cis_ohnolog	body	36	0.825	0	6212	0.0	0.0
clust0024	clustered_cis_ohnolog	body	37	0.875	0	6213	0.0	0.0
clust0024	clustered_cis_ohnolog	body	38	0.925	0	6212	0.0	0.0
clust0024	clustered_cis_ohnolog	body	39	0.975	0	6213	0.0	0.0
clust0024	clustered_cis_ohnolog	right_flank	40	1.025	0	5000	0.0	0.0
clust0024	clustered_cis_ohnolog	right_flank	41	1.075	0	5000	0.0	0.0
clust0024	clustered_cis_ohnolog	right_flank	42	1.125	0	5000	0.0	0.0
clust0024	clustered_cis_ohnolog	right_flank	43	1.175	0	5000	0.0	0.0
clust0024	clustered_cis_ohnolog	right_flank	44	1.225	0	5000	0.0	0.0
clust0024	clustered_cis_ohnolog	right_flank	45	1.275	0	5000	0.0	0.0
clust0024	clustered_cis_ohnolog	right_flank	46	1.325	0	5000	0.0	0.0
clust0024	clustered_cis_ohnolog	right_flank	47	1.375	0	5000	0.0	0.0
clust0024	clustered_cis_ohnolog	right_flank	48	1.425	0	5000	0.0	0.0
clust0024	clustered_cis_ohnolog	right_flank	49	1.475	0	5000	0.0	0.0
clust0024	clustered_cis_ohnolog	right_flank	50	1.525	0	5000	0.0	0.0
clust0024	clustered_cis_ohnolog	right_flank	51	1.575	0	5000	0.0	0.0
clust0024	clustered_cis_ohnolog	right_flank	52	1.625	0	5000	0.0	0.0
clust0024	clustered_cis_ohnolog	right_flank	53	1.675	0	5000	0.0	0.0
clust0024	clustered_cis_ohnolog	right_flank	54	1.725	0	5000	0.0	0.0
clust0024	clustered_cis_ohnolog	right_flank	55	1.775	0	5000	0.0	0.0
clust0024	clustered_cis_ohnolog	right_flank	56	1.825	0	5000	0.0	0.0
clust0024	clustered_cis_ohnolog	right_flank	57	1.875	0	5000	0.0	0.0
clust0024	clustered_cis_ohnolog	right_flank	58	1.925	0	5000	0.0	0.0
clust0024	clustered_cis_ohnolog	right_flank	59	1.975	0	5000	0.0	0.0
clust0052	clustered_cis_ohnolog	left_flank	0	-0.975	0	5000	0.0	0.0
clust0052	clustered_cis_ohnolog	left_flank	1	-0.925	0	5000	0.0	0.0
clust0052	clustered_cis_ohnolog	left_flank	2	-0.875	0	5000	0.0	0.0
clust0052	clustered_cis_ohnolog	left_flank	3	-0.825	0	5000	0.0	0.0
clust0052	clustered_cis_ohnolog	left_flank	4	-0.775	0	5000	0.0	0.0
clust0052	clustered_cis_ohnolog	left_flank	5	-0.725	0	5000	0.0	0.0
clust0052	clustered_cis_ohnolog	left_flank	6	-0.675	0	5000	0.0	0.0
clust0052	clustered_cis_ohnolog	left_flank	7	-0.625	0	5000	0.0	0.0
clust0052	clustered_cis_ohnolog	left_flank	8	-0.575	0	5000	0.0	0.0
clust0052	clustered_cis_ohnolog	left_flank	9	-0.525	0	5000	0.0	0.0
clust0052	clustered_cis_ohnolog	left_flank	10	-0.475	0	5000	0.0	0.0
clust0052	clustered_cis_ohnolog	left_flank	11	-0.425	0	5000	0.0	0.0
clust0052	clustered_cis_ohnolog	left_flank	12	-0.375	0	5000	0.0	0.0
clust0052	clustered_cis_ohnolog	left_flank	13	-0.325	1	5000	0.126	0.2
clust0052	clustered_cis_ohnolog	left_flank	14	-0.275	0	5000	0.0	0.0
clust0052	clustered_cis_ohnolog	left_flank	15	-0.225	0	5000	0.0	0.0
clust0052	clustered_cis_ohnolog	left_flank	16	-0.175	0	5000	0.0	0.0
clust0052	clustered_cis_ohnolog	left_flank	17	-0.125	0	5000	0.0	0.0
clust0052	clustered_cis_ohnolog	left_flank	18	-0.075	0	5000	0.0	0.0
clust0052	clustered_cis_ohnolog	left_flank	19	-0.025	0	5000	0.0	0.0
clust0052	clustered_cis_ohnolog	body	20	0.025	0	86199	0.0	0.0
clust0052	clustered_cis_ohnolog	body	21	0.075	2	86200	0.012564	0.023202
clust0052	clustered_cis_ohnolog	body	22	0.125	2	86199	0.014617	0.023202
clust0052	clustered_cis_ohnolog	body	23	0.175	1	86200	0.007309	0.011601
clust0052	clustered_cis_ohnolog	body	24	0.225	0	86199	0.0	0.0
clust0052	clustered_cis_ohnolog	body	25	0.275	0	86200	0.0	0.0
clust0052	clustered_cis_ohnolog	body	26	0.325	0	86199	0.0	0.0
clust0052	clustered_cis_ohnolog	body	27	0.375	0	86200	0.0	0.0
clust0052	clustered_cis_ohnolog	body	28	0.425	0	86199	0.0	0.0
clust0052	clustered_cis_ohnolog	body	29	0.475	0	86200	0.0	0.0
clust0052	clustered_cis_ohnolog	body	30	0.525	0	86199	0.0	0.0
clust0052	clustered_cis_ohnolog	body	31	0.575	0	86200	0.0	0.0
clust0052	clustered_cis_ohnolog	body	32	0.625	2	86199	0.014617	0.023202
clust0052	clustered_cis_ohnolog	body	33	0.675	0	86200	0.0	0.0
clust0052	clustered_cis_ohnolog	body	34	0.725	0	86199	0.0	0.0
clust0052	clustered_cis_ohnolog	body	35	0.775	0	86200	0.0	0.0
clust0052	clustered_cis_ohnolog	body	36	0.825	0	86199	0.0	0.0
clust0052	clustered_cis_ohnolog	body	37	0.875	0	86200	0.0	0.0
clust0052	clustered_cis_ohnolog	body	38	0.925	0	86199	0.0	0.0
clust0052	clustered_cis_ohnolog	body	39	0.975	0	86200	0.0	0.0
clust0052	clustered_cis_ohnolog	right_flank	40	1.025	0	5000	0.0	0.0
clust0052	clustered_cis_ohnolog	right_flank	41	1.075	0	5000	0.0	0.0
clust0052	clustered_cis_ohnolog	right_flank	42	1.125	0	5000	0.0	0.0
clust0052	clustered_cis_ohnolog	right_flank	43	1.175	0	5000	0.0	0.0
clust0052	clustered_cis_ohnolog	right_flank	44	1.225	0	5000	0.0	0.0
clust0052	clustered_cis_ohnolog	right_flank	45	1.275	0	5000	0.0	0.0
clust0052	clustered_cis_ohnolog	right_flank	46	1.325	0	5000	0.0	0.0
clust0052	clustered_cis_ohnolog	right_flank	47	1.375	0	5000	0.0	0.0
clust0052	clustered_cis_ohnolog	right_flank	48	1.425	0	5000	0.0	0.0
clust0052	clustered_cis_ohnolog	right_flank	49	1.475	0	5000	0.0	0.0
clust0052	clustered_cis_ohnolog	right_flank	50	1.525	0	5000	0.0	0.0
clust0052	clustered_cis_ohnolog	right_flank	51	1.575	0	5000	0.0	0.0
clust0052	clustered_cis_ohnolog	right_flank	52	1.625	0	5000	0.0	0.0
clust0052	clustered_cis_ohnolog	right_flank	53	1.675	0	5000	0.0	0.0
clust0052	clustered_cis_ohnolog	right_flank	54	1.725	0	5000	0.0	0.0
clust0052	clustered_cis_ohnolog	right_flank	55	1.775	0	5000	0.0	0.0
clust0052	clustered_cis_ohnolog	right_flank	56	1.825	0	5000	0.0	0.0
clust0052	clustered_cis_ohnolog	right_flank	57	1.875	0	5000	0.0	0.0
clust0052	clustered_cis_ohnolog	right_flank	58	1.925	0	5000	0.0	0.0
clust0052	clustered_cis_ohnolog	right_flank	59	1.975	0	5000	0.0	0.0
clust0036	clustered_cis_ohnolog	left_flank	0	-0.975	0	5000	0.0	0.0
clust0036	clustered_cis_ohnolog	left_flank	1	-0.925	0	5000	0.0	0.0
clust0036	clustered_cis_ohnolog	left_flank	2	-0.875	0	5000	0.0	0.0
clust0036	clustered_cis_ohnolog	left_flank	3	-0.825	0	5000	0.0	0.0
clust0036	clustered_cis_ohnolog	left_flank	4	-0.775	0	5000	0.0	0.0
clust0036	clustered_cis_ohnolog	left_flank	5	-0.725	0	5000	0.0	0.0
clust0036	clustered_cis_ohnolog	left_flank	6	-0.675	0	5000	0.0	0.0
clust0036	clustered_cis_ohnolog	left_flank	7	-0.625	0	5000	0.0	0.0
clust0036	clustered_cis_ohnolog	left_flank	8	-0.575	0	5000	0.0	0.0
clust0036	clustered_cis_ohnolog	left_flank	9	-0.525	0	5000	0.0	0.0
clust0036	clustered_cis_ohnolog	left_flank	10	-0.475	0	5000	0.0	0.0
clust0036	clustered_cis_ohnolog	left_flank	11	-0.425	0	5000	0.0	0.0
clust0036	clustered_cis_ohnolog	left_flank	12	-0.375	0	5000	0.0	0.0
clust0036	clustered_cis_ohnolog	left_flank	13	-0.325	0	5000	0.0	0.0
clust0036	clustered_cis_ohnolog	left_flank	14	-0.275	0	5000	0.0	0.0
clust0036	clustered_cis_ohnolog	left_flank	15	-0.225	0	5000	0.0	0.0
clust0036	clustered_cis_ohnolog	left_flank	16	-0.175	0	5000	0.0	0.0
clust0036	clustered_cis_ohnolog	left_flank	17	-0.125	0	5000	0.0	0.0
clust0036	clustered_cis_ohnolog	left_flank	18	-0.075	0	5000	0.0	0.0
clust0036	clustered_cis_ohnolog	left_flank	19	-0.025	0	5000	0.0	0.0
clust0036	clustered_cis_ohnolog	body	20	0.025	0	15089	0.0	0.0
clust0036	clustered_cis_ohnolog	body	21	0.075	0	15090	0.0	0.0
clust0036	clustered_cis_ohnolog	body	22	0.125	0	15090	0.0	0.0
clust0036	clustered_cis_ohnolog	body	23	0.175	0	15090	0.0	0.0
clust0036	clustered_cis_ohnolog	body	24	0.225	1	15090	0.04175	0.066269
clust0036	clustered_cis_ohnolog	body	25	0.275	2	15090	0.067462	0.132538
clust0036	clustered_cis_ohnolog	body	26	0.325	0	15090	0.0	0.0
clust0036	clustered_cis_ohnolog	body	27	0.375	0	15090	0.0	0.0
clust0036	clustered_cis_ohnolog	body	28	0.425	1	15090	0.013784	0.066269
clust0036	clustered_cis_ohnolog	body	29	0.475	0	15090	0.0	0.0
clust0036	clustered_cis_ohnolog	body	30	0.525	0	15090	0.0	0.0
clust0036	clustered_cis_ohnolog	body	31	0.575	0	15090	0.0	0.0
clust0036	clustered_cis_ohnolog	body	32	0.625	0	15090	0.0	0.0
clust0036	clustered_cis_ohnolog	body	33	0.675	0	15090	0.0	0.0
clust0036	clustered_cis_ohnolog	body	34	0.725	2	15090	0.06607	0.132538
clust0036	clustered_cis_ohnolog	body	35	0.775	1	15090	0.04175	0.066269
clust0036	clustered_cis_ohnolog	body	36	0.825	2	15090	0.083499	0.132538
clust0036	clustered_cis_ohnolog	body	37	0.875	0	15090	0.0	0.0
clust0036	clustered_cis_ohnolog	body	38	0.925	2	15090	0.063221	0.132538
clust0036	clustered_cis_ohnolog	body	39	0.975	2	15090	0.064148	0.132538
clust0036	clustered_cis_ohnolog	right_flank	40	1.025	0	5000	0.0	0.0
clust0036	clustered_cis_ohnolog	right_flank	41	1.075	0	5000	0.0	0.0
clust0036	clustered_cis_ohnolog	right_flank	42	1.125	0	5000	0.0	0.0
clust0036	clustered_cis_ohnolog	right_flank	43	1.175	0	5000	0.0	0.0
clust0036	clustered_cis_ohnolog	right_flank	44	1.225	0	5000	0.0	0.0
clust0036	clustered_cis_ohnolog	right_flank	45	1.275	0	5000	0.0	0.0
clust0036	clustered_cis_ohnolog	right_flank	46	1.325	0	5000	0.0	0.0
clust0036	clustered_cis_ohnolog	right_flank	47	1.375	0	5000	0.0	0.0
clust0036	clustered_cis_ohnolog	right_flank	48	1.425	0	5000	0.0	0.0
clust0036	clustered_cis_ohnolog	right_flank	49	1.475	0	5000	0.0	0.0
clust0036	clustered_cis_ohnolog	right_flank	50	1.525	0	5000	0.0	0.0
clust0036	clustered_cis_ohnolog	right_flank	51	1.575	0	5000	0.0	0.0
clust0036	clustered_cis_ohnolog	right_flank	52	1.625	0	5000	0.0	0.0
clust0036	clustered_cis_ohnolog	right_flank	53	1.675	0	5000	0.0	0.0
clust0036	clustered_cis_ohnolog	right_flank	54	1.725	0	5000	0.0	0.0
clust0036	clustered_cis_ohnolog	right_flank	55	1.775	0	5000	0.0	0.0
clust0036	clustered_cis_ohnolog	right_flank	56	1.825	0	5000	0.0	0.0
clust0036	clustered_cis_ohnolog	right_flank	57	1.875	0	5000	0.0	0.0
clust0036	clustered_cis_ohnolog	right_flank	58	1.925	0	5000	0.0	0.0
clust0036	clustered_cis_ohnolog	right_flank	59	1.975	0	5000	0.0	0.0
clust0001	clustered_cis_ohnolog	left_flank	0	-0.975	0	5000	0.0	0.0
clust0001	clustered_cis_ohnolog	left_flank	1	-0.925	0	5000	0.0	0.0
clust0001	clustered_cis_ohnolog	left_flank	2	-0.875	0	5000	0.0	0.0
clust0001	clustered_cis_ohnolog	left_flank	3	-0.825	0	5000	0.0	0.0
clust0001	clustered_cis_ohnolog	left_flank	4	-0.775	0	5000	0.0	0.0
clust0001	clustered_cis_ohnolog	left_flank	5	-0.725	0	5000	0.0	0.0
clust0001	clustered_cis_ohnolog	left_flank	6	-0.675	0	5000	0.0	0.0
clust0001	clustered_cis_ohnolog	left_flank	7	-0.625	2	5000	0.252	0.4
clust0001	clustered_cis_ohnolog	left_flank	8	-0.575	0	5000	0.0	0.0
clust0001	clustered_cis_ohnolog	left_flank	9	-0.525	0	5000	0.0	0.0
clust0001	clustered_cis_ohnolog	left_flank	10	-0.475	0	5000	0.0	0.0
clust0001	clustered_cis_ohnolog	left_flank	11	-0.425	0	5000	0.0	0.0
clust0001	clustered_cis_ohnolog	left_flank	12	-0.375	0	5000	0.0	0.0
clust0001	clustered_cis_ohnolog	left_flank	13	-0.325	0	5000	0.0	0.0
clust0001	clustered_cis_ohnolog	left_flank	14	-0.275	0	5000	0.0	0.0
clust0001	clustered_cis_ohnolog	left_flank	15	-0.225	0	5000	0.0	0.0
clust0001	clustered_cis_ohnolog	left_flank	16	-0.175	0	5000	0.0	0.0
clust0001	clustered_cis_ohnolog	left_flank	17	-0.125	0	5000	0.0	0.0
clust0001	clustered_cis_ohnolog	left_flank	18	-0.075	0	5000	0.0	0.0
clust0001	clustered_cis_ohnolog	left_flank	19	-0.025	0	5000	0.0	0.0
clust0001	clustered_cis_ohnolog	body	20	0.025	0	6704	0.0	0.0
clust0001	clustered_cis_ohnolog	body	21	0.075	0	6705	0.0	0.0
clust0001	clustered_cis_ohnolog	body	22	0.125	0	6704	0.0	0.0
clust0001	clustered_cis_ohnolog	body	23	0.175	0	6705	0.0	0.0
clust0001	clustered_cis_ohnolog	body	24	0.225	0	6705	0.0	0.0
clust0001	clustered_cis_ohnolog	body	25	0.275	0	6704	0.0	0.0
clust0001	clustered_cis_ohnolog	body	26	0.325	0	6705	0.0	0.0
clust0001	clustered_cis_ohnolog	body	27	0.375	0	6705	0.0	0.0
clust0001	clustered_cis_ohnolog	body	28	0.425	0	6704	0.0	0.0
clust0001	clustered_cis_ohnolog	body	29	0.475	0	6705	0.0	0.0
clust0001	clustered_cis_ohnolog	body	30	0.525	0	6705	0.0	0.0
clust0001	clustered_cis_ohnolog	body	31	0.575	1	6704	0.093974	0.149165
clust0001	clustered_cis_ohnolog	body	32	0.625	0	6705	0.0	0.0
clust0001	clustered_cis_ohnolog	body	33	0.675	0	6705	0.0	0.0
clust0001	clustered_cis_ohnolog	body	34	0.725	0	6704	0.0	0.0
clust0001	clustered_cis_ohnolog	body	35	0.775	1	6705	0.09396	0.149142
clust0001	clustered_cis_ohnolog	body	36	0.825	0	6705	0.0	0.0
clust0001	clustered_cis_ohnolog	body	37	0.875	0	6704	0.0	0.0
clust0001	clustered_cis_ohnolog	body	38	0.925	0	6705	0.0	0.0
clust0001	clustered_cis_ohnolog	body	39	0.975	0	6705	0.0	0.0
clust0001	clustered_cis_ohnolog	right_flank	40	1.025	0	5000	0.0	0.0
clust0001	clustered_cis_ohnolog	right_flank	41	1.075	0	5000	0.0	0.0
clust0001	clustered_cis_ohnolog	right_flank	42	1.125	0	5000	0.0	0.0
clust0001	clustered_cis_ohnolog	right_flank	43	1.175	0	5000	0.0	0.0
clust0001	clustered_cis_ohnolog	right_flank	44	1.225	0	5000	0.0	0.0
clust0001	clustered_cis_ohnolog	right_flank	45	1.275	0	5000	0.0	0.0
clust0001	clustered_cis_ohnolog	right_flank	46	1.325	0	5000	0.0	0.0
clust0001	clustered_cis_ohnolog	right_flank	47	1.375	0	5000	0.0	0.0
clust0001	clustered_cis_ohnolog	right_flank	48	1.425	0	5000	0.0	0.0
clust0001	clustered_cis_ohnolog	right_flank	49	1.475	0	5000	0.0	0.0
clust0001	clustered_cis_ohnolog	right_flank	50	1.525	0	5000	0.0	0.0
clust0001	clustered_cis_ohnolog	right_flank	51	1.575	0	5000	0.0	0.0
clust0001	clustered_cis_ohnolog	right_flank	52	1.625	0	5000	0.0	0.0
clust0001	clustered_cis_ohnolog	right_flank	53	1.675	0	5000	0.0	0.0
clust0001	clustered_cis_ohnolog	right_flank	54	1.725	0	5000	0.0	0.0
clust0001	clustered_cis_ohnolog	right_flank	55	1.775	0	5000	0.0	0.0
clust0001	clustered_cis_ohnolog	right_flank	56	1.825	0	5000	0.0	0.0
clust0001	clustered_cis_ohnolog	right_flank	57	1.875	0	5000	0.0	0.0
clust0001	clustered_cis_ohnolog	right_flank	58	1.925	0	5000	0.0	0.0
clust0001	clustered_cis_ohnolog	right_flank	59	1.975	0	5000	0.0	0.0
clust0025	clustered_cis_ohnolog	left_flank	0	-0.975	0	5000	0.0	0.0
clust0025	clustered_cis_ohnolog	left_flank	1	-0.925	0	5000	0.0	0.0
clust0025	clustered_cis_ohnolog	left_flank	2	-0.875	0	5000	0.0	0.0
clust0025	clustered_cis_ohnolog	left_flank	3	-0.825	0	5000	0.0	0.0
clust0025	clustered_cis_ohnolog	left_flank	4	-0.775	0	5000	0.0	0.0
clust0025	clustered_cis_ohnolog	left_flank	5	-0.725	0	5000	0.0	0.0
clust0025	clustered_cis_ohnolog	left_flank	6	-0.675	0	5000	0.0	0.0
clust0025	clustered_cis_ohnolog	left_flank	7	-0.625	0	5000	0.0	0.0
clust0025	clustered_cis_ohnolog	left_flank	8	-0.575	0	5000	0.0	0.0
clust0025	clustered_cis_ohnolog	left_flank	9	-0.525	0	5000	0.0	0.0
clust0025	clustered_cis_ohnolog	left_flank	10	-0.475	0	5000	0.0	0.0
clust0025	clustered_cis_ohnolog	left_flank	11	-0.425	0	5000	0.0	0.0
clust0025	clustered_cis_ohnolog	left_flank	12	-0.375	0	5000	0.0	0.0
clust0025	clustered_cis_ohnolog	left_flank	13	-0.325	0	5000	0.0	0.0
clust0025	clustered_cis_ohnolog	left_flank	14	-0.275	0	5000	0.0	0.0
clust0025	clustered_cis_ohnolog	left_flank	15	-0.225	0	5000	0.0	0.0
clust0025	clustered_cis_ohnolog	left_flank	16	-0.175	0	5000	0.0	0.0
clust0025	clustered_cis_ohnolog	left_flank	17	-0.125	0	5000	0.0	0.0
clust0025	clustered_cis_ohnolog	left_flank	18	-0.075	0	5000	0.0	0.0
clust0025	clustered_cis_ohnolog	left_flank	19	-0.025	0	5000	0.0	0.0
clust0025	clustered_cis_ohnolog	body	20	0.025	0	36627	0.0	0.0
clust0025	clustered_cis_ohnolog	body	21	0.075	0	36627	0.0	0.0
clust0025	clustered_cis_ohnolog	body	22	0.125	0	36627	0.0	0.0
clust0025	clustered_cis_ohnolog	body	23	0.175	0	36627	0.0	0.0
clust0025	clustered_cis_ohnolog	body	24	0.225	0	36627	0.0	0.0
clust0025	clustered_cis_ohnolog	body	25	0.275	0	36627	0.0	0.0
clust0025	clustered_cis_ohnolog	body	26	0.325	1	36628	0.0172	0.027302
clust0025	clustered_cis_ohnolog	body	27	0.375	0	36627	0.0	0.0
clust0025	clustered_cis_ohnolog	body	28	0.425	0	36627	0.0	0.0
clust0025	clustered_cis_ohnolog	body	29	0.475	0	36627	0.0	0.0
clust0025	clustered_cis_ohnolog	body	30	0.525	0	36627	0.0	0.0
clust0025	clustered_cis_ohnolog	body	31	0.575	0	36627	0.0	0.0
clust0025	clustered_cis_ohnolog	body	32	0.625	3	36627	0.051601	0.081907
clust0025	clustered_cis_ohnolog	body	33	0.675	2	36628	0.0344	0.054603
clust0025	clustered_cis_ohnolog	body	34	0.725	0	36627	0.0	0.0
clust0025	clustered_cis_ohnolog	body	35	0.775	0	36627	0.0	0.0
clust0025	clustered_cis_ohnolog	body	36	0.825	0	36627	0.0	0.0
clust0025	clustered_cis_ohnolog	body	37	0.875	0	36627	0.0	0.0
clust0025	clustered_cis_ohnolog	body	38	0.925	0	36627	0.0	0.0
clust0025	clustered_cis_ohnolog	body	39	0.975	2	36628	0.0344	0.054603
clust0025	clustered_cis_ohnolog	right_flank	40	1.025	0	5000	0.0	0.0
clust0025	clustered_cis_ohnolog	right_flank	41	1.075	0	5000	0.0	0.0
clust0025	clustered_cis_ohnolog	right_flank	42	1.125	2	5000	0.252	0.4
clust0025	clustered_cis_ohnolog	right_flank	43	1.175	0	5000	0.0	0.0
clust0025	clustered_cis_ohnolog	right_flank	44	1.225	0	5000	0.0	0.0
clust0025	clustered_cis_ohnolog	right_flank	45	1.275	0	5000	0.0	0.0
clust0025	clustered_cis_ohnolog	right_flank	46	1.325	0	5000	0.0	0.0
clust0025	clustered_cis_ohnolog	right_flank	47	1.375	0	5000	0.0	0.0
clust0025	clustered_cis_ohnolog	right_flank	48	1.425	0	5000	0.0	0.0
clust0025	clustered_cis_ohnolog	right_flank	49	1.475	0	5000	0.0	0.0
clust0025	clustered_cis_ohnolog	right_flank	50	1.525	0	5000	0.0	0.0
clust0025	clustered_cis_ohnolog	right_flank	51	1.575	0	5000	0.0	0.0
clust0025	clustered_cis_ohnolog	right_flank	52	1.625	0	5000	0.0	0.0
clust0025	clustered_cis_ohnolog	right_flank	53	1.675	0	5000	0.0	0.0
clust0025	clustered_cis_ohnolog	right_flank	54	1.725	0	5000	0.0	0.0
clust0025	clustered_cis_ohnolog	right_flank	55	1.775	0	5000	0.0	0.0
clust0025	clustered_cis_ohnolog	right_flank	56	1.825	0	5000	0.0	0.0
clust0025	clustered_cis_ohnolog	right_flank	57	1.875	0	5000	0.0	0.0
clust0025	clustered_cis_ohnolog	right_flank	58	1.925	0	5000	0.0	0.0
clust0025	clustered_cis_ohnolog	right_flank	59	1.975	0	5000	0.0	0.0
clust0053	clustered_cis_ohnolog	left_flank	0	-0.975	0	5000	0.0	0.0
clust0053	clustered_cis_ohnolog	left_flank	1	-0.925	0	5000	0.0	0.0
clust0053	clustered_cis_ohnolog	left_flank	2	-0.875	0	5000	0.0	0.0
clust0053	clustered_cis_ohnolog	left_flank	3	-0.825	0	5000	0.0	0.0
clust0053	clustered_cis_ohnolog	left_flank	4	-0.775	0	5000	0.0	0.0
clust0053	clustered_cis_ohnolog	left_flank	5	-0.725	0	5000	0.0	0.0
clust0053	clustered_cis_ohnolog	left_flank	6	-0.675	0	5000	0.0	0.0
clust0053	clustered_cis_ohnolog	left_flank	7	-0.625	0	5000	0.0	0.0
clust0053	clustered_cis_ohnolog	left_flank	8	-0.575	0	5000	0.0	0.0
clust0053	clustered_cis_ohnolog	left_flank	9	-0.525	0	5000	0.0	0.0
clust0053	clustered_cis_ohnolog	left_flank	10	-0.475	0	5000	0.0	0.0
clust0053	clustered_cis_ohnolog	left_flank	11	-0.425	0	5000	0.0	0.0
clust0053	clustered_cis_ohnolog	left_flank	12	-0.375	0	5000	0.0	0.0
clust0053	clustered_cis_ohnolog	left_flank	13	-0.325	0	5000	0.0	0.0
clust0053	clustered_cis_ohnolog	left_flank	14	-0.275	0	5000	0.0	0.0
clust0053	clustered_cis_ohnolog	left_flank	15	-0.225	0	5000	0.0	0.0
clust0053	clustered_cis_ohnolog	left_flank	16	-0.175	0	5000	0.0	0.0
clust0053	clustered_cis_ohnolog	left_flank	17	-0.125	0	5000	0.0	0.0
clust0053	clustered_cis_ohnolog	left_flank	18	-0.075	0	5000	0.0	0.0
clust0053	clustered_cis_ohnolog	left_flank	19	-0.025	0	5000	0.0	0.0
clust0053	clustered_cis_ohnolog	body	20	0.025	0	969	0.0	0.0
clust0053	clustered_cis_ohnolog	body	21	0.075	0	970	0.0	0.0
clust0053	clustered_cis_ohnolog	body	22	0.125	0	970	0.0	0.0
clust0053	clustered_cis_ohnolog	body	23	0.175	0	970	0.0	0.0
clust0053	clustered_cis_ohnolog	body	24	0.225	0	970	0.0	0.0
clust0053	clustered_cis_ohnolog	body	25	0.275	0	970	0.0	0.0
clust0053	clustered_cis_ohnolog	body	26	0.325	0	969	0.0	0.0
clust0053	clustered_cis_ohnolog	body	27	0.375	0	970	0.0	0.0
clust0053	clustered_cis_ohnolog	body	28	0.425	0	970	0.0	0.0
clust0053	clustered_cis_ohnolog	body	29	0.475	0	970	0.0	0.0
clust0053	clustered_cis_ohnolog	body	30	0.525	0	970	0.0	0.0
clust0053	clustered_cis_ohnolog	body	31	0.575	0	970	0.0	0.0
clust0053	clustered_cis_ohnolog	body	32	0.625	0	970	0.0	0.0
clust0053	clustered_cis_ohnolog	body	33	0.675	0	969	0.0	0.0
clust0053	clustered_cis_ohnolog	body	34	0.725	0	970	0.0	0.0
clust0053	clustered_cis_ohnolog	body	35	0.775	0	970	0.0	0.0
clust0053	clustered_cis_ohnolog	body	36	0.825	0	970	0.0	0.0
clust0053	clustered_cis_ohnolog	body	37	0.875	0	970	0.0	0.0
clust0053	clustered_cis_ohnolog	body	38	0.925	0	970	0.0	0.0
clust0053	clustered_cis_ohnolog	body	39	0.975	0	970	0.0	0.0
clust0053	clustered_cis_ohnolog	right_flank	40	1.025	1	5000	0.0318	0.2
clust0053	clustered_cis_ohnolog	right_flank	41	1.075	0	5000	0.0	0.0
clust0053	clustered_cis_ohnolog	right_flank	42	1.125	0	5000	0.0	0.0
clust0053	clustered_cis_ohnolog	right_flank	43	1.175	0	5000	0.0	0.0
clust0053	clustered_cis_ohnolog	right_flank	44	1.225	0	5000	0.0	0.0
clust0053	clustered_cis_ohnolog	right_flank	45	1.275	0	5000	0.0	0.0
clust0053	clustered_cis_ohnolog	right_flank	46	1.325	0	5000	0.0	0.0
clust0053	clustered_cis_ohnolog	right_flank	47	1.375	0	5000	0.0	0.0
clust0053	clustered_cis_ohnolog	right_flank	48	1.425	3	5000	0.284	0.6
clust0053	clustered_cis_ohnolog	right_flank	49	1.475	0	5000	0.0	0.0
clust0053	clustered_cis_ohnolog	right_flank	50	1.525	0	5000	0.0	0.0
clust0053	clustered_cis_ohnolog	right_flank	51	1.575	0	5000	0.0	0.0
clust0053	clustered_cis_ohnolog	right_flank	52	1.625	0	5000	0.0	0.0
clust0053	clustered_cis_ohnolog	right_flank	53	1.675	0	5000	0.0	0.0
clust0053	clustered_cis_ohnolog	right_flank	54	1.725	0	5000	0.0	0.0
clust0053	clustered_cis_ohnolog	right_flank	55	1.775	1	5000	0.1404	0.2
clust0053	clustered_cis_ohnolog	right_flank	56	1.825	1	5000	0.1116	0.2
clust0053	clustered_cis_ohnolog	right_flank	57	1.875	0	5000	0.0	0.0
clust0053	clustered_cis_ohnolog	right_flank	58	1.925	0	5000	0.0	0.0
clust0053	clustered_cis_ohnolog	right_flank	59	1.975	0	5000	0.0	0.0
clust0054	clustered_cis_ohnolog	left_flank	0	-0.975	0	5000	0.0	0.0
clust0054	clustered_cis_ohnolog	left_flank	1	-0.925	0	5000	0.0	0.0
clust0054	clustered_cis_ohnolog	left_flank	2	-0.875	2	5000	0.252	0.4
clust0054	clustered_cis_ohnolog	left_flank	3	-0.825	0	5000	0.0	0.0
clust0054	clustered_cis_ohnolog	left_flank	4	-0.775	0	5000	0.0	0.0
clust0054	clustered_cis_ohnolog	left_flank	5	-0.725	0	5000	0.0	0.0
clust0054	clustered_cis_ohnolog	left_flank	6	-0.675	0	5000	0.0	0.0
clust0054	clustered_cis_ohnolog	left_flank	7	-0.625	0	5000	0.0	0.0
clust0054	clustered_cis_ohnolog	left_flank	8	-0.575	0	5000	0.0	0.0
clust0054	clustered_cis_ohnolog	left_flank	9	-0.525	0	5000	0.0	0.0
clust0054	clustered_cis_ohnolog	left_flank	10	-0.475	0	5000	0.0	0.0
clust0054	clustered_cis_ohnolog	left_flank	11	-0.425	0	5000	0.0	0.0
clust0054	clustered_cis_ohnolog	left_flank	12	-0.375	0	5000	0.0	0.0
clust0054	clustered_cis_ohnolog	left_flank	13	-0.325	0	5000	0.0	0.0
clust0054	clustered_cis_ohnolog	left_flank	14	-0.275	0	5000	0.0	0.0
clust0054	clustered_cis_ohnolog	left_flank	15	-0.225	0	5000	0.0	0.0
clust0054	clustered_cis_ohnolog	left_flank	16	-0.175	0	5000	0.0	0.0
clust0054	clustered_cis_ohnolog	left_flank	17	-0.125	0	5000	0.0	0.0
clust0054	clustered_cis_ohnolog	left_flank	18	-0.075	0	5000	0.0	0.0
clust0054	clustered_cis_ohnolog	left_flank	19	-0.025	0	5000	0.0	0.0
clust0054	clustered_cis_ohnolog	body	20	0.025	0	1402	0.0	0.0
clust0054	clustered_cis_ohnolog	body	21	0.075	0	1403	0.0	0.0
clust0054	clustered_cis_ohnolog	body	22	0.125	0	1403	0.0	0.0
clust0054	clustered_cis_ohnolog	body	23	0.175	0	1403	0.0	0.0
clust0054	clustered_cis_ohnolog	body	24	0.225	0	1403	0.0	0.0
clust0054	clustered_cis_ohnolog	body	25	0.275	0	1403	0.0	0.0
clust0054	clustered_cis_ohnolog	body	26	0.325	0	1403	0.0	0.0
clust0054	clustered_cis_ohnolog	body	27	0.375	0	1403	0.0	0.0
clust0054	clustered_cis_ohnolog	body	28	0.425	0	1403	0.0	0.0
clust0054	clustered_cis_ohnolog	body	29	0.475	0	1403	0.052031	0.0
clust0054	clustered_cis_ohnolog	body	30	0.525	2	1403	0.585887	1.425517
clust0054	clustered_cis_ohnolog	body	31	0.575	0	1403	0.0	0.0
clust0054	clustered_cis_ohnolog	body	32	0.625	0	1403	0.0	0.0
clust0054	clustered_cis_ohnolog	body	33	0.675	0	1403	0.0	0.0
clust0054	clustered_cis_ohnolog	body	34	0.725	0	1403	0.0	0.0
clust0054	clustered_cis_ohnolog	body	35	0.775	0	1403	0.0	0.0
clust0054	clustered_cis_ohnolog	body	36	0.825	0	1403	0.0	0.0
clust0054	clustered_cis_ohnolog	body	37	0.875	0	1403	0.0	0.0
clust0054	clustered_cis_ohnolog	body	38	0.925	0	1403	0.0	0.0
clust0054	clustered_cis_ohnolog	body	39	0.975	0	1403	0.0	0.0
clust0054	clustered_cis_ohnolog	right_flank	40	1.025	0	5000	0.0	0.0
clust0054	clustered_cis_ohnolog	right_flank	41	1.075	0	5000	0.0	0.0
clust0054	clustered_cis_ohnolog	right_flank	42	1.125	0	5000	0.0	0.0
clust0054	clustered_cis_ohnolog	right_flank	43	1.175	0	5000	0.0	0.0
clust0054	clustered_cis_ohnolog	right_flank	44	1.225	0	5000	0.0	0.0
clust0054	clustered_cis_ohnolog	right_flank	45	1.275	0	5000	0.0	0.0
clust0054	clustered_cis_ohnolog	right_flank	46	1.325	0	5000	0.0	0.0
clust0054	clustered_cis_ohnolog	right_flank	47	1.375	0	5000	0.0	0.0
clust0054	clustered_cis_ohnolog	right_flank	48	1.425	0	5000	0.0	0.0
clust0054	clustered_cis_ohnolog	right_flank	49	1.475	1	5000	0.126	0.2
clust0054	clustered_cis_ohnolog	right_flank	50	1.525	0	5000	0.0	0.0
clust0054	clustered_cis_ohnolog	right_flank	51	1.575	0	5000	0.0	0.0
clust0054	clustered_cis_ohnolog	right_flank	52	1.625	0	5000	0.0	0.0
clust0054	clustered_cis_ohnolog	right_flank	53	1.675	0	5000	0.0	0.0
clust0054	clustered_cis_ohnolog	right_flank	54	1.725	0	5000	0.0	0.0
clust0054	clustered_cis_ohnolog	right_flank	55	1.775	0	5000	0.0	0.0
clust0054	clustered_cis_ohnolog	right_flank	56	1.825	0	5000	0.0	0.0
clust0054	clustered_cis_ohnolog	right_flank	57	1.875	0	5000	0.0	0.0
clust0054	clustered_cis_ohnolog	right_flank	58	1.925	0	5000	0.0	0.0
clust0054	clustered_cis_ohnolog	right_flank	59	1.975	0	5000	0.0	0.0
clust0028	clustered_cis_ohnolog	left_flank	0	-0.975	0	5000	0.0	0.0
clust0028	clustered_cis_ohnolog	left_flank	1	-0.925	0	5000	0.0	0.0
clust0028	clustered_cis_ohnolog	left_flank	2	-0.875	0	5000	0.0	0.0
clust0028	clustered_cis_ohnolog	left_flank	3	-0.825	0	5000	0.0	0.0
clust0028	clustered_cis_ohnolog	left_flank	4	-0.775	0	5000	0.0	0.0
clust0028	clustered_cis_ohnolog	left_flank	5	-0.725	0	5000	0.0	0.0
clust0028	clustered_cis_ohnolog	left_flank	6	-0.675	0	5000	0.0	0.0
clust0028	clustered_cis_ohnolog	left_flank	7	-0.625	0	5000	0.0	0.0
clust0028	clustered_cis_ohnolog	left_flank	8	-0.575	0	5000	0.0	0.0
clust0028	clustered_cis_ohnolog	left_flank	9	-0.525	0	5000	0.0	0.0
clust0028	clustered_cis_ohnolog	left_flank	10	-0.475	0	5000	0.0	0.0
clust0028	clustered_cis_ohnolog	left_flank	11	-0.425	0	5000	0.0	0.0
clust0028	clustered_cis_ohnolog	left_flank	12	-0.375	0	5000	0.0	0.0
clust0028	clustered_cis_ohnolog	left_flank	13	-0.325	0	5000	0.0	0.0
clust0028	clustered_cis_ohnolog	left_flank	14	-0.275	0	5000	0.0	0.0
clust0028	clustered_cis_ohnolog	left_flank	15	-0.225	0	5000	0.0	0.0
clust0028	clustered_cis_ohnolog	left_flank	16	-0.175	1	5000	0.1572	0.2
clust0028	clustered_cis_ohnolog	left_flank	17	-0.125	1	5000	0.0948	0.2
clust0028	clustered_cis_ohnolog	left_flank	18	-0.075	0	5000	0.0	0.0
clust0028	clustered_cis_ohnolog	left_flank	19	-0.025	0	5000	0.0	0.0
clust0028	clustered_cis_ohnolog	body	20	0.025	0	2656	0.0	0.0
clust0028	clustered_cis_ohnolog	body	21	0.075	0	2657	0.0	0.0
clust0028	clustered_cis_ohnolog	body	22	0.125	0	2656	0.0	0.0
clust0028	clustered_cis_ohnolog	body	23	0.175	0	2657	0.0	0.0
clust0028	clustered_cis_ohnolog	body	24	0.225	0	2656	0.0	0.0
clust0028	clustered_cis_ohnolog	body	25	0.275	0	2657	0.0	0.0
clust0028	clustered_cis_ohnolog	body	26	0.325	0	2656	0.0	0.0
clust0028	clustered_cis_ohnolog	body	27	0.375	0	2657	0.0	0.0
clust0028	clustered_cis_ohnolog	body	28	0.425	0	2656	0.0	0.0
clust0028	clustered_cis_ohnolog	body	29	0.475	0	2657	0.0	0.0
clust0028	clustered_cis_ohnolog	body	30	0.525	0	2657	0.0	0.0
clust0028	clustered_cis_ohnolog	body	31	0.575	2	2656	0.474398	0.753012
clust0028	clustered_cis_ohnolog	body	32	0.625	0	2657	0.0	0.0
clust0028	clustered_cis_ohnolog	body	33	0.675	2	2656	0.356175	0.753012
clust0028	clustered_cis_ohnolog	body	34	0.725	1	2657	0.23711	0.376364
clust0028	clustered_cis_ohnolog	body	35	0.775	0	2656	0.0	0.0
clust0028	clustered_cis_ohnolog	body	36	0.825	2	2657	0.474219	0.752729
clust0028	clustered_cis_ohnolog	body	37	0.875	0	2656	0.0	0.0
clust0028	clustered_cis_ohnolog	body	38	0.925	0	2657	0.0	0.0
clust0028	clustered_cis_ohnolog	body	39	0.975	0	2657	0.0	0.0
clust0028	clustered_cis_ohnolog	right_flank	40	1.025	0	5000	0.0	0.0
clust0028	clustered_cis_ohnolog	right_flank	41	1.075	0	5000	0.0	0.0
clust0028	clustered_cis_ohnolog	right_flank	42	1.125	0	5000	0.0608	0.0
clust0028	clustered_cis_ohnolog	right_flank	43	1.175	1	5000	0.0652	0.2
clust0028	clustered_cis_ohnolog	right_flank	44	1.225	0	5000	0.0	0.0
clust0028	clustered_cis_ohnolog	right_flank	45	1.275	0	5000	0.0	0.0
clust0028	clustered_cis_ohnolog	right_flank	46	1.325	0	5000	0.0	0.0
clust0028	clustered_cis_ohnolog	right_flank	47	1.375	0	5000	0.0	0.0
clust0028	clustered_cis_ohnolog	right_flank	48	1.425	0	5000	0.0	0.0
clust0028	clustered_cis_ohnolog	right_flank	49	1.475	0	5000	0.0	0.0
clust0028	clustered_cis_ohnolog	right_flank	50	1.525	0	5000	0.0	0.0
clust0028	clustered_cis_ohnolog	right_flank	51	1.575	0	5000	0.0	0.0
clust0028	clustered_cis_ohnolog	right_flank	52	1.625	0	5000	0.0	0.0
clust0028	clustered_cis_ohnolog	right_flank	53	1.675	0	5000	0.0	0.0
clust0028	clustered_cis_ohnolog	right_flank	54	1.725	0	5000	0.0	0.0
clust0028	clustered_cis_ohnolog	right_flank	55	1.775	0	5000	0.0	0.0
clust0028	clustered_cis_ohnolog	right_flank	56	1.825	1	5000	0.116	0.2
clust0028	clustered_cis_ohnolog	right_flank	57	1.875	1	5000	0.0774	0.2
clust0028	clustered_cis_ohnolog	right_flank	58	1.925	0	5000	0.0	0.0
clust0028	clustered_cis_ohnolog	right_flank	59	1.975	0	5000	0.0	0.0
clust0059	clustered_cis_ohnolog	left_flank	0	-0.975	0	5000	0.0	0.0
clust0059	clustered_cis_ohnolog	left_flank	1	-0.925	0	5000	0.0	0.0
clust0059	clustered_cis_ohnolog	left_flank	2	-0.875	0	5000	0.0	0.0
clust0059	clustered_cis_ohnolog	left_flank	3	-0.825	0	5000	0.0	0.0
clust0059	clustered_cis_ohnolog	left_flank	4	-0.775	0	5000	0.0	0.0
clust0059	clustered_cis_ohnolog	left_flank	5	-0.725	1	5000	0.126	0.2
clust0059	clustered_cis_ohnolog	left_flank	6	-0.675	2	5000	0.19	0.4
clust0059	clustered_cis_ohnolog	left_flank	7	-0.625	2	5000	0.252	0.4
clust0059	clustered_cis_ohnolog	left_flank	8	-0.575	0	5000	0.0	0.0
clust0059	clustered_cis_ohnolog	left_flank	9	-0.525	0	5000	0.0	0.0
clust0059	clustered_cis_ohnolog	left_flank	10	-0.475	0	5000	0.0	0.0
clust0059	clustered_cis_ohnolog	left_flank	11	-0.425	0	5000	0.0	0.0
clust0059	clustered_cis_ohnolog	left_flank	12	-0.375	0	5000	0.0	0.0
clust0059	clustered_cis_ohnolog	left_flank	13	-0.325	1	5000	0.126	0.2
clust0059	clustered_cis_ohnolog	left_flank	14	-0.275	0	5000	0.0	0.0
clust0059	clustered_cis_ohnolog	left_flank	15	-0.225	0	5000	0.0	0.0
clust0059	clustered_cis_ohnolog	left_flank	16	-0.175	0	5000	0.0	0.0
clust0059	clustered_cis_ohnolog	left_flank	17	-0.125	0	5000	0.0	0.0
clust0059	clustered_cis_ohnolog	left_flank	18	-0.075	0	5000	0.0	0.0
clust0059	clustered_cis_ohnolog	left_flank	19	-0.025	0	5000	0.0	0.0
clust0059	clustered_cis_ohnolog	body	20	0.025	0	14503	0.0	0.0
clust0059	clustered_cis_ohnolog	body	21	0.075	0	14504	0.0	0.0
clust0059	clustered_cis_ohnolog	body	22	0.125	0	14504	0.0	0.0
clust0059	clustered_cis_ohnolog	body	23	0.175	3	14504	0.107143	0.206839
clust0059	clustered_cis_ohnolog	body	24	0.225	2	14503	0.086879	0.137903
clust0059	clustered_cis_ohnolog	body	25	0.275	0	14504	0.0	0.0
clust0059	clustered_cis_ohnolog	body	26	0.325	0	14504	0.0	0.0
clust0059	clustered_cis_ohnolog	body	27	0.375	0	14504	0.0	0.0
clust0059	clustered_cis_ohnolog	body	28	0.425	0	14503	0.0	0.0
clust0059	clustered_cis_ohnolog	body	29	0.475	2	14504	0.086873	0.137893
clust0059	clustered_cis_ohnolog	body	30	0.525	0	14504	0.0	0.0
clust0059	clustered_cis_ohnolog	body	31	0.575	0	14504	0.0	0.0
clust0059	clustered_cis_ohnolog	body	32	0.625	0	14503	0.0	0.0
clust0059	clustered_cis_ohnolog	body	33	0.675	0	14504	0.0	0.0
clust0059	clustered_cis_ohnolog	body	34	0.725	0	14504	0.0	0.0
clust0059	clustered_cis_ohnolog	body	35	0.775	2	14504	0.075014	0.137893
clust0059	clustered_cis_ohnolog	body	36	0.825	0	14503	0.0	0.0
clust0059	clustered_cis_ohnolog	body	37	0.875	0	14504	0.0	0.0
clust0059	clustered_cis_ohnolog	body	38	0.925	0	14504	0.0	0.0
clust0059	clustered_cis_ohnolog	body	39	0.975	0	14504	0.0	0.0
clust0059	clustered_cis_ohnolog	right_flank	40	1.025	3	5000	0.3226	0.6
clust0059	clustered_cis_ohnolog	right_flank	41	1.075	0	5000	0.0	0.0
clust0059	clustered_cis_ohnolog	right_flank	42	1.125	0	5000	0.0	0.0
clust0059	clustered_cis_ohnolog	right_flank	43	1.175	0	5000	0.0	0.0
clust0059	clustered_cis_ohnolog	right_flank	44	1.225	0	5000	0.0	0.0
clust0059	clustered_cis_ohnolog	right_flank	45	1.275	0	5000	0.0	0.0
clust0059	clustered_cis_ohnolog	right_flank	46	1.325	0	5000	0.0	0.0
clust0059	clustered_cis_ohnolog	right_flank	47	1.375	0	5000	0.0	0.0
clust0059	clustered_cis_ohnolog	right_flank	48	1.425	0	5000	0.0	0.0
clust0059	clustered_cis_ohnolog	right_flank	49	1.475	0	5000	0.0	0.0
clust0059	clustered_cis_ohnolog	right_flank	50	1.525	0	5000	0.0	0.0
clust0059	clustered_cis_ohnolog	right_flank	51	1.575	0	5000	0.0	0.0
clust0059	clustered_cis_ohnolog	right_flank	52	1.625	0	5000	0.0	0.0
clust0059	clustered_cis_ohnolog	right_flank	53	1.675	0	5000	0.0	0.0
clust0059	clustered_cis_ohnolog	right_flank	54	1.725	0	5000	0.0	0.0
clust0059	clustered_cis_ohnolog	right_flank	55	1.775	0	5000	0.0	0.0
clust0059	clustered_cis_ohnolog	right_flank	56	1.825	2	5000	0.1994	0.4
clust0059	clustered_cis_ohnolog	right_flank	57	1.875	0	5000	0.0182	0.0
clust0059	clustered_cis_ohnolog	right_flank	58	1.925	2	5000	0.2338	0.4
clust0059	clustered_cis_ohnolog	right_flank	59	1.975	0	5000	0.0	0.0
