cluster_id	dup_class4	chrom	bin_index	bin_start	bin_end	n_summit	cov_frac
clust0006	clustered_SSD_tandem	chr1	0	248738210	248743210	0	0.0
clust0006	clustered_SSD_tandem	chr1	1	248743210	248748210	0	0.0
clust0006	clustered_SSD_tandem	chr1	2	248748210	248753210	0	0.0
clust0006	clustered_SSD_tandem	chr1	3	248753210	248758210	0	0.0
clust0006	clustered_SSD_tandem	chr1	4	248758210	248763210	0	0.0
clust0006	clustered_SSD_tandem	chr1	5	248763210	248768210	0	0.0
clust0006	clustered_SSD_tandem	chr1	6	248768210	248773210	0	0.0
clust0006	clustered_SSD_tandem	chr1	7	248773210	248778210	0	0.0
clust0006	clustered_SSD_tandem	chr1	8	248778210	248783210	0	0.0
clust0006	clustered_SSD_tandem	chr1	9	248783210	248788210	0	0.0
clust0006	clustered_SSD_tandem	chr1	10	248788210	248793210	0	0.0
clust0006	clustered_SSD_tandem	chr1	11	248793210	248798210	0	0.0
clust0006	clustered_SSD_tandem	chr1	12	248798210	248803210	0	0.0
clust0006	clustered_SSD_tandem	chr1	13	248803210	248808210	1	0.0544
clust0006	clustered_SSD_tandem	chr1	14	248808210	248813210	0	0.0
clust0006	clustered_SSD_tandem	chr1	15	248813210	248818210	0	0.0
clust0006	clustered_SSD_tandem	chr1	16	248818210	248823210	0	0.0
clust0006	clustered_SSD_tandem	chr1	17	248823210	248828210	1	0.126
clust0006	clustered_SSD_tandem	chr1	18	248828210	248833210	0	0.0
clust0006	clustered_SSD_tandem	chr1	19	248833210	248838210	0	0.0
clust0006	clustered_SSD_tandem	chr1	20	248838210	248843210	2	0.252
clust0006	clustered_SSD_tandem	chr1	21	248843210	248848210	0	0.0
clust0006	clustered_SSD_tandem	chr1	22	248848210	248853210	0	0.0
clust0006	clustered_SSD_tandem	chr1	23	248853210	248858210	0	0.0
clust0006	clustered_SSD_tandem	chr1	24	248858210	248863210	1	0.126
clust0006	clustered_SSD_tandem	chr1	25	248863210	248868210	0	0.0
clust0006	clustered_SSD_tandem	chr1	26	248868210	248873210	0	0.0
clust0006	clustered_SSD_tandem	chr1	27	248873210	248878210	0	0.0
clust0006	clustered_SSD_tandem	chr1	28	248878210	248883210	0	0.0
clust0006	clustered_SSD_tandem	chr1	29	248883210	248888210	0	0.0
clust0006	clustered_SSD_tandem	chr1	30	248888210	248893210	0	0.0
clust0006	clustered_SSD_tandem	chr1	31	248893210	248898210	0	0.0
clust0006	clustered_SSD_tandem	chr1	32	248898210	248903210	0	0.0
clust0006	clustered_SSD_tandem	chr1	33	248903210	248908210	2	0.252
clust0006	clustered_SSD_tandem	chr1	34	248908210	248913210	0	0.0
clust0006	clustered_SSD_tandem	chr1	35	248913210	248918210	0	0.0
clust0006	clustered_SSD_tandem	chr1	36	248918210	248923210	0	0.0
clust0006	clustered_SSD_tandem	chr1	37	248923210	248928210	2	0.252
clust0006	clustered_SSD_tandem	chr1	38	248928210	248933210	0	0.0
clust0006	clustered_SSD_tandem	chr1	39	248933210	248938210	0	0.0
clust0006	clustered_SSD_tandem	chr1	40	248938210	248943210	0	0.0
clust0006	clustered_SSD_tandem	chr1	41	248943210	248948210	0	0.0
clust0006	clustered_SSD_tandem	chr1	42	248948210	248953210	0	0.0
clust0006	clustered_SSD_tandem	chr1	43	248953210	248956422	0	0.0
clust0042	clustered_SSD_tandem	chr12	0	7665216	7670216	0	0.0
clust0042	clustered_SSD_tandem	chr12	1	7670216	7675216	0	0.0
clust0042	clustered_SSD_tandem	chr12	2	7675216	7680216	1	0.126
clust0042	clustered_SSD_tandem	chr12	3	7680216	7685216	0	0.0
clust0042	clustered_SSD_tandem	chr12	4	7685216	7690216	0	0.0
clust0042	clustered_SSD_tandem	chr12	5	7690216	7695216	0	0.0
clust0042	clustered_SSD_tandem	chr12	6	7695216	7700216	0	0.0
clust0042	clustered_SSD_tandem	chr12	7	7700216	7705216	0	0.0
clust0042	clustered_SSD_tandem	chr12	8	7705216	7710216	0	0.0
clust0042	clustered_SSD_tandem	chr12	9	7710216	7715216	0	0.0
clust0042	clustered_SSD_tandem	chr12	10	7715216	7720216	0	0.0
clust0042	clustered_SSD_tandem	chr12	11	7720216	7725216	0	0.0
clust0042	clustered_SSD_tandem	chr12	12	7725216	7730216	0	0.0
clust0042	clustered_SSD_tandem	chr12	13	7730216	7735216	0	0.0
clust0042	clustered_SSD_tandem	chr12	14	7735216	7740216	0	0.0
clust0042	clustered_SSD_tandem	chr12	15	7740216	7745216	0	0.0
clust0042	clustered_SSD_tandem	chr12	16	7745216	7750216	0	0.0
clust0042	clustered_SSD_tandem	chr12	17	7750216	7755216	0	0.0
clust0042	clustered_SSD_tandem	chr12	18	7755216	7760216	0	0.0
clust0042	clustered_SSD_tandem	chr12	19	7760216	7765216	0	0.0
clust0042	clustered_SSD_tandem	chr12	20	7765216	7770216	0	0.0
clust0042	clustered_SSD_tandem	chr12	21	7770216	7775216	0	0.0
clust0042	clustered_SSD_tandem	chr12	22	7775216	7780216	0	0.0
clust0042	clustered_SSD_tandem	chr12	23	7780216	7785216	0	0.0
clust0042	clustered_SSD_tandem	chr12	24	7785216	7790216	0	0.0
clust0042	clustered_SSD_tandem	chr12	25	7790216	7795216	0	0.0
clust0042	clustered_SSD_tandem	chr12	26	7795216	7800216	0	0.0
clust0042	clustered_SSD_tandem	chr12	27	7800216	7805216	0	0.0
clust0042	clustered_SSD_tandem	chr12	28	7805216	7810216	2	0.182
clust0042	clustered_SSD_tandem	chr12	29	7810216	7815216	0	0.0
clust0042	clustered_SSD_tandem	chr12	30	7815216	7820216	0	0.0
clust0042	clustered_SSD_tandem	chr12	31	7820216	7825216	0	0.0
clust0042	clustered_SSD_tandem	chr12	32	7825216	7830216	0	0.0
clust0042	clustered_SSD_tandem	chr12	33	7830216	7835216	2	0.252
clust0042	clustered_SSD_tandem	chr12	34	7835216	7840216	0	0.0
clust0042	clustered_SSD_tandem	chr12	35	7840216	7845216	0	0.0
clust0042	clustered_SSD_tandem	chr12	36	7845216	7850216	0	0.0
clust0042	clustered_SSD_tandem	chr12	37	7850216	7855216	0	0.0
clust0042	clustered_SSD_tandem	chr12	38	7855216	7860216	1	0.1194
clust0042	clustered_SSD_tandem	chr12	39	7860216	7865216	1	0.1326
clust0042	clustered_SSD_tandem	chr12	40	7865216	7870216	0	0.0
clust0042	clustered_SSD_tandem	chr12	41	7870216	7875216	0	0.0
clust0042	clustered_SSD_tandem	chr12	42	7875216	7880216	0	0.0
clust0042	clustered_SSD_tandem	chr12	43	7880216	7885216	0	0.0
clust0042	clustered_SSD_tandem	chr12	44	7885216	7890216	0	0.0
clust0042	clustered_SSD_tandem	chr12	45	7890216	7895216	0	0.0
clust0042	clustered_SSD_tandem	chr12	46	7895216	7899146	0	0.0
clust0072	clustered_SSD_tandem	chr13	0	36068217	36073217	0	0.0
clust0072	clustered_SSD_tandem	chr13	1	36073217	36078217	0	0.0
clust0072	clustered_SSD_tandem	chr13	2	36078217	36083217	0	0.0
clust0072	clustered_SSD_tandem	chr13	3	36083217	36088217	0	0.0
clust0072	clustered_SSD_tandem	chr13	4	36088217	36093217	0	0.0
clust0072	clustered_SSD_tandem	chr13	5	36093217	36098217	0	0.0
clust0072	clustered_SSD_tandem	chr13	6	36098217	36103217	0	0.0
clust0072	clustered_SSD_tandem	chr13	7	36103217	36108217	0	0.0
clust0072	clustered_SSD_tandem	chr13	8	36108217	36113217	0	0.0
clust0072	clustered_SSD_tandem	chr13	9	36113217	36118217	0	0.0
clust0072	clustered_SSD_tandem	chr13	10	36118217	36123217	0	0.0
clust0072	clustered_SSD_tandem	chr13	11	36123217	36128217	0	0.0
clust0072	clustered_SSD_tandem	chr13	12	36128217	36133217	0	0.0
clust0072	clustered_SSD_tandem	chr13	13	36133217	36138217	0	0.0
clust0072	clustered_SSD_tandem	chr13	14	36138217	36143217	0	0.0
clust0072	clustered_SSD_tandem	chr13	15	36143217	36148217	0	0.0
clust0072	clustered_SSD_tandem	chr13	16	36148217	36153217	0	0.0
clust0072	clustered_SSD_tandem	chr13	17	36153217	36158217	0	0.0
clust0072	clustered_SSD_tandem	chr13	18	36158217	36163217	0	0.0
clust0072	clustered_SSD_tandem	chr13	19	36163217	36168217	0	0.0
clust0072	clustered_SSD_tandem	chr13	20	36168217	36173217	0	0.0
clust0072	clustered_SSD_tandem	chr13	21	36173217	36178217	0	0.0
clust0072	clustered_SSD_tandem	chr13	22	36178217	36183217	0	0.0
clust0072	clustered_SSD_tandem	chr13	23	36183217	36188217	0	0.0
clust0072	clustered_SSD_tandem	chr13	24	36188217	36193217	0	0.0
clust0072	clustered_SSD_tandem	chr13	25	36193217	36198217	0	0.0
clust0072	clustered_SSD_tandem	chr13	26	36198217	36203217	0	0.0
clust0072	clustered_SSD_tandem	chr13	27	36203217	36208217	0	0.0
clust0072	clustered_SSD_tandem	chr13	28	36208217	36213217	0	0.0
clust0072	clustered_SSD_tandem	chr13	29	36213217	36218217	0	0.0
clust0072	clustered_SSD_tandem	chr13	30	36218217	36223217	0	0.0
clust0072	clustered_SSD_tandem	chr13	31	36223217	36228217	0	0.0
clust0072	clustered_SSD_tandem	chr13	32	36228217	36233217	0	0.0
clust0072	clustered_SSD_tandem	chr13	33	36233217	36238217	0	0.0
clust0072	clustered_SSD_tandem	chr13	34	36238217	36243217	0	0.0
clust0072	clustered_SSD_tandem	chr13	35	36243217	36248217	0	0.0
clust0072	clustered_SSD_tandem	chr13	36	36248217	36253217	0	0.0
clust0072	clustered_SSD_tandem	chr13	37	36253217	36258217	0	0.0
clust0072	clustered_SSD_tandem	chr13	38	36258217	36263217	0	0.0
clust0072	clustered_SSD_tandem	chr13	39	36263217	36268217	0	0.0
clust0072	clustered_SSD_tandem	chr13	40	36268217	36273217	0	0.0
clust0072	clustered_SSD_tandem	chr13	41	36273217	36278217	1	0.126
clust0072	clustered_SSD_tandem	chr13	42	36278217	36283217	1	0.0946
clust0072	clustered_SSD_tandem	chr13	43	36283217	36288217	1	0.0796
clust0072	clustered_SSD_tandem	chr13	44	36288217	36293217	0	0.0
clust0072	clustered_SSD_tandem	chr13	45	36293217	36298217	0	0.0
clust0072	clustered_SSD_tandem	chr13	46	36298217	36303217	0	0.0
clust0072	clustered_SSD_tandem	chr13	47	36303217	36308217	0	0.0
clust0072	clustered_SSD_tandem	chr13	48	36308217	36313217	0	0.0
clust0072	clustered_SSD_tandem	chr13	49	36313217	36318217	0	0.0
clust0072	clustered_SSD_tandem	chr13	50	36318217	36323217	0	0.0
clust0072	clustered_SSD_tandem	chr13	51	36323217	36328217	0	0.0
clust0072	clustered_SSD_tandem	chr13	52	36328217	36333217	0	0.0
clust0072	clustered_SSD_tandem	chr13	53	36333217	36338217	0	0.0
clust0072	clustered_SSD_tandem	chr13	54	36338217	36343217	0	0.0
clust0072	clustered_SSD_tandem	chr13	55	36343217	36348217	1	0.0556
clust0072	clustered_SSD_tandem	chr13	56	36348217	36353217	0	0.0
clust0072	clustered_SSD_tandem	chr13	57	36353217	36358217	0	0.0
clust0072	clustered_SSD_tandem	chr13	58	36358217	36363217	0	0.0
clust0072	clustered_SSD_tandem	chr13	59	36363217	36368217	0	0.0
clust0072	clustered_SSD_tandem	chr13	60	36368217	36373217	0	0.0
clust0072	clustered_SSD_tandem	chr13	61	36373217	36378217	0	0.0
clust0072	clustered_SSD_tandem	chr13	62	36378217	36383217	0	0.0
clust0072	clustered_SSD_tandem	chr13	63	36383217	36388217	0	0.0
clust0072	clustered_SSD_tandem	chr13	64	36388217	36393217	0	0.0
clust0072	clustered_SSD_tandem	chr13	65	36393217	36397842	0	0.0
clust0003	clustered_SSD_tandem	chr14	0	64349106	64354106	0	0.0
clust0003	clustered_SSD_tandem	chr14	1	64354106	64359106	0	0.0
clust0003	clustered_SSD_tandem	chr14	2	64359106	64364106	0	0.0
clust0003	clustered_SSD_tandem	chr14	3	64364106	64369106	0	0.0
clust0003	clustered_SSD_tandem	chr14	4	64369106	64374106	0	0.0
clust0003	clustered_SSD_tandem	chr14	5	64374106	64379106	0	0.0
clust0003	clustered_SSD_tandem	chr14	6	64379106	64384106	0	0.0
clust0003	clustered_SSD_tandem	chr14	7	64384106	64389106	0	0.0
clust0003	clustered_SSD_tandem	chr14	8	64389106	64394106	0	0.0
clust0003	clustered_SSD_tandem	chr14	9	64394106	64399106	0	0.0
clust0003	clustered_SSD_tandem	chr14	10	64399106	64404106	0	0.0
clust0003	clustered_SSD_tandem	chr14	11	64404106	64409106	0	0.0
clust0003	clustered_SSD_tandem	chr14	12	64409106	64414106	0	0.0
clust0003	clustered_SSD_tandem	chr14	13	64414106	64419106	0	0.0
clust0003	clustered_SSD_tandem	chr14	14	64419106	64424106	0	0.0
clust0003	clustered_SSD_tandem	chr14	15	64424106	64429106	0	0.0
clust0003	clustered_SSD_tandem	chr14	16	64429106	64434106	2	0.18
clust0003	clustered_SSD_tandem	chr14	17	64434106	64439106	0	0.0
clust0003	clustered_SSD_tandem	chr14	18	64439106	64444106	0	0.0
clust0003	clustered_SSD_tandem	chr14	19	64444106	64449106	0	0.0
clust0003	clustered_SSD_tandem	chr14	20	64449106	64454106	0	0.0
clust0003	clustered_SSD_tandem	chr14	21	64454106	64459106	0	0.0
clust0003	clustered_SSD_tandem	chr14	22	64459106	64464106	0	0.0
clust0003	clustered_SSD_tandem	chr14	23	64464106	64469106	0	0.0
clust0003	clustered_SSD_tandem	chr14	24	64469106	64474106	0	0.0
clust0003	clustered_SSD_tandem	chr14	25	64474106	64479106	2	0.186
clust0003	clustered_SSD_tandem	chr14	26	64479106	64484106	0	0.066
clust0003	clustered_SSD_tandem	chr14	27	64484106	64489106	0	0.0
clust0003	clustered_SSD_tandem	chr14	28	64489106	64494106	0	0.0
clust0003	clustered_SSD_tandem	chr14	29	64494106	64499106	0	0.0
clust0003	clustered_SSD_tandem	chr14	30	64499106	64504106	0	0.0
clust0003	clustered_SSD_tandem	chr14	31	64504106	64509106	0	0.0
clust0003	clustered_SSD_tandem	chr14	32	64509106	64514106	2	0.173
clust0003	clustered_SSD_tandem	chr14	33	64514106	64519106	0	0.0
clust0003	clustered_SSD_tandem	chr14	34	64519106	64524106	0	0.0
clust0003	clustered_SSD_tandem	chr14	35	64524106	64529106	0	0.0
clust0003	clustered_SSD_tandem	chr14	36	64529106	64534106	0	0.0
clust0003	clustered_SSD_tandem	chr14	37	64534106	64539106	0	0.0
clust0003	clustered_SSD_tandem	chr14	38	64539106	64544106	2	0.252
clust0003	clustered_SSD_tandem	chr14	39	64544106	64549106	0	0.0
clust0003	clustered_SSD_tandem	chr14	40	64549106	64554106	0	0.0
clust0003	clustered_SSD_tandem	chr14	41	64554106	64559106	0	0.0
clust0003	clustered_SSD_tandem	chr14	42	64559106	64564106	0	0.0
clust0003	clustered_SSD_tandem	chr14	43	64564106	64569106	0	0.0
clust0003	clustered_SSD_tandem	chr14	44	64569106	64574106	0	0.0
clust0003	clustered_SSD_tandem	chr14	45	64574106	64579106	0	0.0
clust0003	clustered_SSD_tandem	chr14	46	64579106	64584106	0	0.0
clust0003	clustered_SSD_tandem	chr14	47	64584106	64589106	0	0.0
clust0003	clustered_SSD_tandem	chr14	48	64589106	64594106	0	0.0
clust0003	clustered_SSD_tandem	chr14	49	64594106	64599106	0	0.0
clust0003	clustered_SSD_tandem	chr14	50	64599106	64604106	0	0.0
clust0003	clustered_SSD_tandem	chr14	51	64604106	64609106	0	0.0
clust0003	clustered_SSD_tandem	chr14	52	64609106	64614106	0	0.0
clust0003	clustered_SSD_tandem	chr14	53	64614106	64619106	0	0.0
clust0003	clustered_SSD_tandem	chr14	54	64619106	64624106	0	0.0
clust0003	clustered_SSD_tandem	chr14	55	64624106	64629106	0	0.0
clust0003	clustered_SSD_tandem	chr14	56	64629106	64633690	0	0.0
clust0073	clustered_SSD_tandem	chr15	0	89649875	89654875	0	0.0
clust0073	clustered_SSD_tandem	chr15	1	89654875	89659875	0	0.0
clust0073	clustered_SSD_tandem	chr15	2	89659875	89664875	0	0.0
clust0073	clustered_SSD_tandem	chr15	3	89664875	89669875	0	0.0
clust0073	clustered_SSD_tandem	chr15	4	89669875	89674875	0	0.0
clust0073	clustered_SSD_tandem	chr15	5	89674875	89679875	0	0.0
clust0073	clustered_SSD_tandem	chr15	6	89679875	89684875	0	0.0
clust0073	clustered_SSD_tandem	chr15	7	89684875	89689875	0	0.0
clust0073	clustered_SSD_tandem	chr15	8	89689875	89694875	0	0.0
clust0073	clustered_SSD_tandem	chr15	9	89694875	89699875	0	0.0
clust0073	clustered_SSD_tandem	chr15	10	89699875	89704875	0	0.0
clust0073	clustered_SSD_tandem	chr15	11	89704875	89709875	0	0.0
clust0073	clustered_SSD_tandem	chr15	12	89709875	89714875	0	0.0
clust0073	clustered_SSD_tandem	chr15	13	89714875	89719875	0	0.0
clust0073	clustered_SSD_tandem	chr15	14	89719875	89724875	0	0.0
clust0073	clustered_SSD_tandem	chr15	15	89724875	89729875	0	0.0
clust0073	clustered_SSD_tandem	chr15	16	89729875	89734875	0	0.0
clust0073	clustered_SSD_tandem	chr15	17	89734875	89739875	0	0.0
clust0073	clustered_SSD_tandem	chr15	18	89739875	89744875	2	0.1882
clust0073	clustered_SSD_tandem	chr15	19	89744875	89749875	0	0.0
clust0073	clustered_SSD_tandem	chr15	20	89749875	89754875	2	0.252
clust0073	clustered_SSD_tandem	chr15	21	89754875	89759875	0	0.0
clust0073	clustered_SSD_tandem	chr15	22	89759875	89764875	2	0.252
clust0073	clustered_SSD_tandem	chr15	23	89764875	89769875	0	0.0
clust0073	clustered_SSD_tandem	chr15	24	89769875	89774875	0	0.0
clust0073	clustered_SSD_tandem	chr15	25	89774875	89779875	0	0.0
clust0073	clustered_SSD_tandem	chr15	26	89779875	89784875	0	0.0
clust0073	clustered_SSD_tandem	chr15	27	89784875	89789875	0	0.0
clust0073	clustered_SSD_tandem	chr15	28	89789875	89794875	0	0.0
clust0073	clustered_SSD_tandem	chr15	29	89794875	89799875	0	0.0
clust0073	clustered_SSD_tandem	chr15	30	89799875	89804875	0	0.0
clust0073	clustered_SSD_tandem	chr15	31	89804875	89809875	0	0.0
clust0073	clustered_SSD_tandem	chr15	32	89809875	89814875	0	0.0
clust0073	clustered_SSD_tandem	chr15	33	89814875	89819875	0	0.0
clust0073	clustered_SSD_tandem	chr15	34	89819875	89824875	0	0.0
clust0073	clustered_SSD_tandem	chr15	35	89824875	89829875	0	0.0
clust0073	clustered_SSD_tandem	chr15	36	89829875	89834875	0	0.0
clust0073	clustered_SSD_tandem	chr15	37	89834875	89839875	0	0.0
clust0073	clustered_SSD_tandem	chr15	38	89839875	89844875	0	0.0
clust0073	clustered_SSD_tandem	chr15	39	89844875	89849875	0	0.0
clust0073	clustered_SSD_tandem	chr15	40	89849875	89854875	0	0.0
clust0073	clustered_SSD_tandem	chr15	41	89854875	89859875	0	0.0
clust0073	clustered_SSD_tandem	chr15	42	89859875	89864875	0	0.0
clust0073	clustered_SSD_tandem	chr15	43	89864875	89869875	0	0.0
clust0073	clustered_SSD_tandem	chr15	44	89869875	89874875	0	0.0
clust0073	clustered_SSD_tandem	chr15	45	89874875	89878754	1	0.089198
clust0061	clustered_SSD_tandem	chr16	0	3282081	3287081	0	0.0
clust0061	clustered_SSD_tandem	chr16	1	3287081	3292081	0	0.0
clust0061	clustered_SSD_tandem	chr16	2	3292081	3297081	0	0.0
clust0061	clustered_SSD_tandem	chr16	3	3297081	3302081	0	0.0
clust0061	clustered_SSD_tandem	chr16	4	3302081	3307081	0	0.0
clust0061	clustered_SSD_tandem	chr16	5	3307081	3312081	0	0.0
clust0061	clustered_SSD_tandem	chr16	6	3312081	3317081	0	0.0
clust0061	clustered_SSD_tandem	chr16	7	3317081	3322081	0	0.0
clust0061	clustered_SSD_tandem	chr16	8	3322081	3327081	0	0.0
clust0061	clustered_SSD_tandem	chr16	9	3327081	3332081	0	0.0
clust0061	clustered_SSD_tandem	chr16	10	3332081	3337081	0	0.0
clust0061	clustered_SSD_tandem	chr16	11	3337081	3342081	0	0.0
clust0061	clustered_SSD_tandem	chr16	12	3342081	3347081	0	0.0
clust0061	clustered_SSD_tandem	chr16	13	3347081	3352081	0	0.0
clust0061	clustered_SSD_tandem	chr16	14	3352081	3357081	0	0.0
clust0061	clustered_SSD_tandem	chr16	15	3357081	3362081	0	0.0
clust0061	clustered_SSD_tandem	chr16	16	3362081	3367081	0	0.0
clust0061	clustered_SSD_tandem	chr16	17	3367081	3372081	0	0.0
clust0061	clustered_SSD_tandem	chr16	18	3372081	3377081	0	0.0
clust0061	clustered_SSD_tandem	chr16	19	3377081	3382081	0	0.0
clust0061	clustered_SSD_tandem	chr16	20	3382081	3387081	0	0.0
clust0061	clustered_SSD_tandem	chr16	21	3387081	3392081	0	0.0
clust0061	clustered_SSD_tandem	chr16	22	3392081	3397081	0	0.0
clust0061	clustered_SSD_tandem	chr16	23	3397081	3402081	0	0.0
clust0061	clustered_SSD_tandem	chr16	24	3402081	3407081	0	0.0
clust0061	clustered_SSD_tandem	chr16	25	3407081	3412081	0	0.0
clust0061	clustered_SSD_tandem	chr16	26	3412081	3417081	0	0.0
clust0061	clustered_SSD_tandem	chr16	27	3417081	3422081	0	0.0
clust0061	clustered_SSD_tandem	chr16	28	3422081	3427081	0	0.0
clust0061	clustered_SSD_tandem	chr16	29	3427081	3432081	0	0.0
clust0061	clustered_SSD_tandem	chr16	30	3432081	3437081	0	0.0
clust0061	clustered_SSD_tandem	chr16	31	3437081	3442081	0	0.0
clust0061	clustered_SSD_tandem	chr16	32	3442081	3447081	0	0.0
clust0061	clustered_SSD_tandem	chr16	33	3447081	3452081	0	0.0
clust0061	clustered_SSD_tandem	chr16	34	3452081	3457081	0	0.0
clust0061	clustered_SSD_tandem	chr16	35	3457081	3462081	1	0.126
clust0061	clustered_SSD_tandem	chr16	36	3462081	3467081	0	0.0
clust0061	clustered_SSD_tandem	chr16	37	3467081	3472081	0	0.0
clust0061	clustered_SSD_tandem	chr16	38	3472081	3477081	0	0.0
clust0061	clustered_SSD_tandem	chr16	39	3477081	3482081	0	0.0
clust0061	clustered_SSD_tandem	chr16	40	3482081	3487081	0	0.0
clust0061	clustered_SSD_tandem	chr16	41	3487081	3492081	0	0.0
clust0061	clustered_SSD_tandem	chr16	42	3492081	3497081	0	0.0
clust0061	clustered_SSD_tandem	chr16	43	3497081	3502081	1	0.126
clust0061	clustered_SSD_tandem	chr16	44	3502081	3507081	0	0.0
clust0061	clustered_SSD_tandem	chr16	45	3507081	3509364	0	0.0
clust0010	clustered_SSD_tandem	chr16	0	30278106	30283106	0	0.0
clust0010	clustered_SSD_tandem	chr16	1	30283106	30288106	0	0.0
clust0010	clustered_SSD_tandem	chr16	2	30288106	30293106	0	0.0
clust0010	clustered_SSD_tandem	chr16	3	30293106	30298106	0	0.0
clust0010	clustered_SSD_tandem	chr16	4	30298106	30303106	0	0.0
clust0010	clustered_SSD_tandem	chr16	5	30303106	30308106	0	0.0
clust0010	clustered_SSD_tandem	chr16	6	30308106	30313106	0	0.0
clust0010	clustered_SSD_tandem	chr16	7	30313106	30318106	0	0.0
clust0010	clustered_SSD_tandem	chr16	8	30318106	30323106	0	0.0
clust0010	clustered_SSD_tandem	chr16	9	30323106	30328106	0	0.0
clust0010	clustered_SSD_tandem	chr16	10	30328106	30333106	0	0.0
clust0010	clustered_SSD_tandem	chr16	11	30333106	30338106	0	0.0
clust0010	clustered_SSD_tandem	chr16	12	30338106	30343106	0	0.0
clust0010	clustered_SSD_tandem	chr16	13	30343106	30348106	0	0.0
clust0010	clustered_SSD_tandem	chr16	14	30348106	30353106	0	0.0
clust0010	clustered_SSD_tandem	chr16	15	30353106	30358106	0	0.0
clust0010	clustered_SSD_tandem	chr16	16	30358106	30363106	0	0.0
clust0010	clustered_SSD_tandem	chr16	17	30363106	30368106	0	0.0
clust0010	clustered_SSD_tandem	chr16	18	30368106	30373106	1	0.126
clust0010	clustered_SSD_tandem	chr16	19	30373106	30378106	0	0.0
clust0010	clustered_SSD_tandem	chr16	20	30378106	30383106	0	0.0
clust0010	clustered_SSD_tandem	chr16	21	30383106	30388106	0	0.0
clust0010	clustered_SSD_tandem	chr16	22	30388106	30393106	0	0.0
clust0010	clustered_SSD_tandem	chr16	23	30393106	30398106	0	0.0
clust0010	clustered_SSD_tandem	chr16	24	30398106	30403106	0	0.0
clust0010	clustered_SSD_tandem	chr16	25	30403106	30408106	0	0.0
clust0010	clustered_SSD_tandem	chr16	26	30408106	30413106	2	0.186
clust0010	clustered_SSD_tandem	chr16	27	30413106	30418106	0	0.0
clust0010	clustered_SSD_tandem	chr16	28	30418106	30423106	0	0.0
clust0010	clustered_SSD_tandem	chr16	29	30423106	30428106	0	0.0
clust0010	clustered_SSD_tandem	chr16	30	30428106	30433106	2	0.252
clust0010	clustered_SSD_tandem	chr16	31	30433106	30438106	0	0.0
clust0010	clustered_SSD_tandem	chr16	32	30438106	30443106	0	0.0
clust0010	clustered_SSD_tandem	chr16	33	30443106	30448106	1	0.126
clust0010	clustered_SSD_tandem	chr16	34	30448106	30453106	2	0.1982
clust0010	clustered_SSD_tandem	chr16	35	30453106	30458106	0	0.0
clust0010	clustered_SSD_tandem	chr16	36	30458106	30463106	0	0.0
clust0010	clustered_SSD_tandem	chr16	37	30463106	30468106	0	0.0
clust0010	clustered_SSD_tandem	chr16	38	30468106	30473106	0	0.0
clust0010	clustered_SSD_tandem	chr16	39	30473106	30478106	0	0.0
clust0010	clustered_SSD_tandem	chr16	40	30478106	30483106	0	0.0
clust0010	clustered_SSD_tandem	chr16	41	30483106	30488106	0	0.0
clust0010	clustered_SSD_tandem	chr16	42	30488106	30493106	0	0.0
clust0010	clustered_SSD_tandem	chr16	43	30493106	30498106	0	0.0
clust0010	clustered_SSD_tandem	chr16	44	30498106	30503106	0	0.0
clust0010	clustered_SSD_tandem	chr16	45	30503106	30508106	0	0.0
clust0010	clustered_SSD_tandem	chr16	46	30508106	30513106	0	0.0
clust0010	clustered_SSD_tandem	chr16	47	30513106	30518106	0	0.0
clust0010	clustered_SSD_tandem	chr16	48	30518106	30523106	0	0.0
clust0010	clustered_SSD_tandem	chr16	49	30523106	30528106	1	0.126
clust0010	clustered_SSD_tandem	chr16	50	30528106	30531108	0	0.0
clust0011	clustered_SSD_tandem	chr16	0	30960843	30965843	0	0.0
clust0011	clustered_SSD_tandem	chr16	1	30965843	30970843	0	0.0
clust0011	clustered_SSD_tandem	chr16	2	30970843	30975843	0	0.0
clust0011	clustered_SSD_tandem	chr16	3	30975843	30980843	0	0.0
clust0011	clustered_SSD_tandem	chr16	4	30980843	30985843	2	0.1834
clust0011	clustered_SSD_tandem	chr16	5	30985843	30990843	0	0.0
clust0011	clustered_SSD_tandem	chr16	6	30990843	30995843	0	0.0
clust0011	clustered_SSD_tandem	chr16	7	30995843	31000843	0	0.0
clust0011	clustered_SSD_tandem	chr16	8	31000843	31005843	0	0.0
clust0011	clustered_SSD_tandem	chr16	9	31005843	31010843	0	0.0
clust0011	clustered_SSD_tandem	chr16	10	31010843	31015843	0	0.0
clust0011	clustered_SSD_tandem	chr16	11	31015843	31020843	0	0.0
clust0011	clustered_SSD_tandem	chr16	12	31020843	31025843	0	0.0
clust0011	clustered_SSD_tandem	chr16	13	31025843	31030843	0	0.0
clust0011	clustered_SSD_tandem	chr16	14	31030843	31035843	0	0.0
clust0011	clustered_SSD_tandem	chr16	15	31035843	31040843	0	0.0
clust0011	clustered_SSD_tandem	chr16	16	31040843	31045843	0	0.0
clust0011	clustered_SSD_tandem	chr16	17	31045843	31050843	0	0.0
clust0011	clustered_SSD_tandem	chr16	18	31050843	31055843	0	0.0
clust0011	clustered_SSD_tandem	chr16	19	31055843	31060843	0	0.0
clust0011	clustered_SSD_tandem	chr16	20	31060843	31065843	0	0.0
clust0011	clustered_SSD_tandem	chr16	21	31065843	31070843	0	0.0
clust0011	clustered_SSD_tandem	chr16	22	31070843	31075843	0	0.0
clust0011	clustered_SSD_tandem	chr16	23	31075843	31080843	0	0.0
clust0011	clustered_SSD_tandem	chr16	24	31080843	31085843	0	0.0
clust0011	clustered_SSD_tandem	chr16	25	31085843	31090843	0	0.0
clust0011	clustered_SSD_tandem	chr16	26	31090843	31095843	0	0.0236
clust0011	clustered_SSD_tandem	chr16	27	31095843	31100843	2	0.2284
clust0011	clustered_SSD_tandem	chr16	28	31100843	31105843	1	0.0216
clust0011	clustered_SSD_tandem	chr16	29	31105843	31110843	0	0.0224
clust0011	clustered_SSD_tandem	chr16	30	31110843	31115843	0	0.0
clust0011	clustered_SSD_tandem	chr16	31	31115843	31120843	0	0.0
clust0011	clustered_SSD_tandem	chr16	32	31120843	31125843	0	0.0
clust0011	clustered_SSD_tandem	chr16	33	31125843	31130843	0	0.0
clust0011	clustered_SSD_tandem	chr16	34	31130843	31135843	0	0.0
clust0011	clustered_SSD_tandem	chr16	35	31135843	31140843	0	0.0
clust0011	clustered_SSD_tandem	chr16	36	31140843	31145843	2	0.1706
clust0011	clustered_SSD_tandem	chr16	37	31145843	31150843	0	0.0
clust0011	clustered_SSD_tandem	chr16	38	31150843	31155843	0	0.0
clust0011	clustered_SSD_tandem	chr16	39	31155843	31160843	2	0.252
clust0011	clustered_SSD_tandem	chr16	40	31160843	31165843	0	0.0
clust0011	clustered_SSD_tandem	chr16	41	31165843	31170843	0	0.0
clust0011	clustered_SSD_tandem	chr16	42	31170843	31175843	0	0.0
clust0011	clustered_SSD_tandem	chr16	43	31175843	31180843	0	0.0
clust0011	clustered_SSD_tandem	chr16	44	31180843	31184196	0	0.0
clust0035	clustered_SSD_tandem	chr16	0	86466829	86471829	0	0.0
clust0035	clustered_SSD_tandem	chr16	1	86471829	86476829	0	0.0
clust0035	clustered_SSD_tandem	chr16	2	86476829	86481829	0	0.0
clust0035	clustered_SSD_tandem	chr16	3	86481829	86486829	0	0.0
clust0035	clustered_SSD_tandem	chr16	4	86486829	86491829	0	0.0
clust0035	clustered_SSD_tandem	chr16	5	86491829	86496829	0	0.0
clust0035	clustered_SSD_tandem	chr16	6	86496829	86501829	0	0.0
clust0035	clustered_SSD_tandem	chr16	7	86501829	86506829	0	0.0
clust0035	clustered_SSD_tandem	chr16	8	86506829	86511829	0	0.0
clust0035	clustered_SSD_tandem	chr16	9	86511829	86516829	0	0.0
clust0035	clustered_SSD_tandem	chr16	10	86516829	86521829	1	0.0552
clust0035	clustered_SSD_tandem	chr16	11	86521829	86526829	0	0.0
clust0035	clustered_SSD_tandem	chr16	12	86526829	86531829	0	0.0
clust0035	clustered_SSD_tandem	chr16	13	86531829	86536829	0	0.0
clust0035	clustered_SSD_tandem	chr16	14	86536829	86541829	0	0.0
clust0035	clustered_SSD_tandem	chr16	15	86541829	86546829	0	0.0
clust0035	clustered_SSD_tandem	chr16	16	86546829	86551829	0	0.0
clust0035	clustered_SSD_tandem	chr16	17	86551829	86556829	0	0.0
clust0035	clustered_SSD_tandem	chr16	18	86556829	86561829	0	0.0
clust0035	clustered_SSD_tandem	chr16	19	86561829	86566829	2	0.1152
clust0035	clustered_SSD_tandem	chr16	20	86566829	86571829	0	0.0
clust0035	clustered_SSD_tandem	chr16	21	86571829	86576829	0	0.0
clust0035	clustered_SSD_tandem	chr16	22	86576829	86581829	0	0.0
clust0035	clustered_SSD_tandem	chr16	23	86581829	86586829	0	0.0
clust0035	clustered_SSD_tandem	chr16	24	86586829	86591829	0	0.0
clust0035	clustered_SSD_tandem	chr16	25	86591829	86596829	0	0.0
clust0035	clustered_SSD_tandem	chr16	26	86596829	86601829	0	0.0
clust0035	clustered_SSD_tandem	chr16	27	86601829	86606829	0	0.0
clust0035	clustered_SSD_tandem	chr16	28	86606829	86611829	0	0.0
clust0035	clustered_SSD_tandem	chr16	29	86611829	86616829	0	0.0
clust0035	clustered_SSD_tandem	chr16	30	86616829	86621829	0	0.0
clust0035	clustered_SSD_tandem	chr16	31	86621829	86626829	0	0.0
clust0035	clustered_SSD_tandem	chr16	32	86626829	86631829	0	0.0
clust0035	clustered_SSD_tandem	chr16	33	86631829	86636829	0	0.0
clust0035	clustered_SSD_tandem	chr16	34	86636829	86641829	0	0.0
clust0035	clustered_SSD_tandem	chr16	35	86641829	86646829	0	0.0
clust0035	clustered_SSD_tandem	chr16	36	86646829	86651829	0	0.0
clust0035	clustered_SSD_tandem	chr16	37	86651829	86656829	0	0.0
clust0035	clustered_SSD_tandem	chr16	38	86656829	86661829	0	0.0
clust0035	clustered_SSD_tandem	chr16	39	86661829	86666829	0	0.0
clust0035	clustered_SSD_tandem	chr16	40	86666829	86671829	0	0.0
clust0035	clustered_SSD_tandem	chr16	41	86671829	86676829	0	0.0
clust0035	clustered_SSD_tandem	chr16	42	86676829	86681829	0	0.0
clust0035	clustered_SSD_tandem	chr16	43	86681829	86683478	0	0.0
clust0062	clustered_SSD_tandem	chr18	0	35141030	35146030	2	0.252
clust0062	clustered_SSD_tandem	chr18	1	35146030	35151030	0	0.0
clust0062	clustered_SSD_tandem	chr18	2	35151030	35156030	0	0.0
clust0062	clustered_SSD_tandem	chr18	3	35156030	35161030	0	0.0
clust0062	clustered_SSD_tandem	chr18	4	35161030	35166030	0	0.0
clust0062	clustered_SSD_tandem	chr18	5	35166030	35171030	0	0.0
clust0062	clustered_SSD_tandem	chr18	6	35171030	35176030	0	0.0
clust0062	clustered_SSD_tandem	chr18	7	35176030	35181030	0	0.0
clust0062	clustered_SSD_tandem	chr18	8	35181030	35186030	0	0.0
clust0062	clustered_SSD_tandem	chr18	9	35186030	35191030	0	0.0
clust0062	clustered_SSD_tandem	chr18	10	35191030	35196030	0	0.0
clust0062	clustered_SSD_tandem	chr18	11	35196030	35201030	0	0.0
clust0062	clustered_SSD_tandem	chr18	12	35201030	35206030	0	0.0
clust0062	clustered_SSD_tandem	chr18	13	35206030	35211030	0	0.0
clust0062	clustered_SSD_tandem	chr18	14	35211030	35216030	0	0.0
clust0062	clustered_SSD_tandem	chr18	15	35216030	35221030	0	0.0
clust0062	clustered_SSD_tandem	chr18	16	35221030	35226030	0	0.0
clust0062	clustered_SSD_tandem	chr18	17	35226030	35231030	0	0.0
clust0062	clustered_SSD_tandem	chr18	18	35231030	35236030	2	0.1798
clust0062	clustered_SSD_tandem	chr18	19	35236030	35241030	0	0.0
clust0062	clustered_SSD_tandem	chr18	20	35241030	35246030	0	0.0
clust0062	clustered_SSD_tandem	chr18	21	35246030	35251030	0	0.0
clust0062	clustered_SSD_tandem	chr18	22	35251030	35256030	0	0.0
clust0062	clustered_SSD_tandem	chr18	23	35256030	35261030	0	0.0
clust0062	clustered_SSD_tandem	chr18	24	35261030	35266030	0	0.0
clust0062	clustered_SSD_tandem	chr18	25	35266030	35271030	0	0.0
clust0062	clustered_SSD_tandem	chr18	26	35271030	35276030	0	0.0
clust0062	clustered_SSD_tandem	chr18	27	35276030	35281030	0	0.0
clust0062	clustered_SSD_tandem	chr18	28	35281030	35286030	0	0.0
clust0062	clustered_SSD_tandem	chr18	29	35286030	35291030	0	0.0
clust0062	clustered_SSD_tandem	chr18	30	35291030	35296030	0	0.0
clust0062	clustered_SSD_tandem	chr18	31	35296030	35301030	0	0.0
clust0062	clustered_SSD_tandem	chr18	32	35301030	35306030	0	0.0
clust0062	clustered_SSD_tandem	chr18	33	35306030	35311030	0	0.0
clust0062	clustered_SSD_tandem	chr18	34	35311030	35316030	0	0.0
clust0062	clustered_SSD_tandem	chr18	35	35316030	35321030	0	0.0
clust0062	clustered_SSD_tandem	chr18	36	35321030	35326030	0	0.0
clust0062	clustered_SSD_tandem	chr18	37	35326030	35331030	0	0.0
clust0062	clustered_SSD_tandem	chr18	38	35331030	35336030	0	0.0
clust0062	clustered_SSD_tandem	chr18	39	35336030	35341030	0	0.0
clust0062	clustered_SSD_tandem	chr18	40	35341030	35346030	0	0.0
clust0062	clustered_SSD_tandem	chr18	41	35346030	35351030	0	0.0
clust0062	clustered_SSD_tandem	chr18	42	35351030	35356030	1	0.126
clust0062	clustered_SSD_tandem	chr18	43	35356030	35361030	0	0.0
clust0062	clustered_SSD_tandem	chr18	44	35361030	35366030	0	0.0
clust0062	clustered_SSD_tandem	chr18	45	35366030	35371030	0	0.0
clust0062	clustered_SSD_tandem	chr18	46	35371030	35376030	0	0.0
clust0062	clustered_SSD_tandem	chr18	47	35376030	35381030	0	0.0
clust0062	clustered_SSD_tandem	chr18	48	35381030	35386030	0	0.0
clust0062	clustered_SSD_tandem	chr18	49	35386030	35391030	2	0.1008
clust0062	clustered_SSD_tandem	chr18	50	35391030	35396030	0	0.0
clust0062	clustered_SSD_tandem	chr18	51	35396030	35401030	0	0.0
clust0062	clustered_SSD_tandem	chr18	52	35401030	35406030	0	0.0
clust0062	clustered_SSD_tandem	chr18	53	35406030	35411030	2	0.192
clust0062	clustered_SSD_tandem	chr18	54	35411030	35416030	0	0.0
clust0062	clustered_SSD_tandem	chr18	55	35416030	35421030	0	0.0
clust0062	clustered_SSD_tandem	chr18	56	35421030	35426030	0	0.0
clust0062	clustered_SSD_tandem	chr18	57	35426030	35431030	0	0.0
clust0062	clustered_SSD_tandem	chr18	58	35431030	35436030	0	0.0
clust0062	clustered_SSD_tandem	chr18	59	35436030	35441030	0	0.0
clust0062	clustered_SSD_tandem	chr18	60	35441030	35446030	0	0.0
clust0062	clustered_SSD_tandem	chr18	61	35446030	35451030	0	0.0
clust0062	clustered_SSD_tandem	chr18	62	35451030	35456030	0	0.0
clust0062	clustered_SSD_tandem	chr18	63	35456030	35461030	0	0.0
clust0062	clustered_SSD_tandem	chr18	64	35461030	35466030	0	0.0
clust0062	clustered_SSD_tandem	chr18	65	35466030	35471030	0	0.0
clust0062	clustered_SSD_tandem	chr18	66	35471030	35476030	0	0.0
clust0062	clustered_SSD_tandem	chr18	67	35476030	35477337	0	0.0
clust0014	clustered_SSD_tandem	chr18	0	76257682	76262682	0	0.0
clust0014	clustered_SSD_tandem	chr18	1	76262682	76267682	0	0.0
clust0014	clustered_SSD_tandem	chr18	2	76267682	76272682	0	0.0
clust0014	clustered_SSD_tandem	chr18	3	76272682	76277682	0	0.0
clust0014	clustered_SSD_tandem	chr18	4	76277682	76282682	0	0.0
clust0014	clustered_SSD_tandem	chr18	5	76282682	76287682	0	0.0
clust0014	clustered_SSD_tandem	chr18	6	76287682	76292682	0	0.0
clust0014	clustered_SSD_tandem	chr18	7	76292682	76297682	0	0.0
clust0014	clustered_SSD_tandem	chr18	8	76297682	76302682	0	0.0
clust0014	clustered_SSD_tandem	chr18	9	76302682	76307682	0	0.0
clust0014	clustered_SSD_tandem	chr18	10	76307682	76312682	0	0.0
clust0014	clustered_SSD_tandem	chr18	11	76312682	76317682	0	0.0
clust0014	clustered_SSD_tandem	chr18	12	76317682	76322682	0	0.0
clust0014	clustered_SSD_tandem	chr18	13	76322682	76327682	0	0.0
clust0014	clustered_SSD_tandem	chr18	14	76327682	76332682	0	0.0
clust0014	clustered_SSD_tandem	chr18	15	76332682	76337682	0	0.0
clust0014	clustered_SSD_tandem	chr18	16	76337682	76342682	0	0.0
clust0014	clustered_SSD_tandem	chr18	17	76342682	76347682	0	0.0
clust0014	clustered_SSD_tandem	chr18	18	76347682	76352682	1	0.0636
clust0014	clustered_SSD_tandem	chr18	19	76352682	76357682	0	0.0
clust0014	clustered_SSD_tandem	chr18	20	76357682	76362682	0	0.0
clust0014	clustered_SSD_tandem	chr18	21	76362682	76367682	0	0.0
clust0014	clustered_SSD_tandem	chr18	22	76367682	76372682	0	0.0
clust0014	clustered_SSD_tandem	chr18	23	76372682	76377682	0	0.0
clust0014	clustered_SSD_tandem	chr18	24	76377682	76382682	0	0.0
clust0014	clustered_SSD_tandem	chr18	25	76382682	76387682	0	0.0
clust0014	clustered_SSD_tandem	chr18	26	76387682	76392682	0	0.0
clust0014	clustered_SSD_tandem	chr18	27	76392682	76397682	0	0.0
clust0014	clustered_SSD_tandem	chr18	28	76397682	76402682	2	0.1954
clust0014	clustered_SSD_tandem	chr18	29	76402682	76407682	1	0.126
clust0014	clustered_SSD_tandem	chr18	30	76407682	76412682	0	0.0
clust0014	clustered_SSD_tandem	chr18	31	76412682	76417682	0	0.0
clust0014	clustered_SSD_tandem	chr18	32	76417682	76422682	0	0.0
clust0014	clustered_SSD_tandem	chr18	33	76422682	76427682	0	0.0
clust0014	clustered_SSD_tandem	chr18	34	76427682	76432682	0	0.0
clust0014	clustered_SSD_tandem	chr18	35	76432682	76437682	0	0.0
clust0014	clustered_SSD_tandem	chr18	36	76437682	76442682	0	0.0
clust0014	clustered_SSD_tandem	chr18	37	76442682	76447682	0	0.0
clust0014	clustered_SSD_tandem	chr18	38	76447682	76452682	0	0.0
clust0014	clustered_SSD_tandem	chr18	39	76452682	76457682	0	0.0
clust0014	clustered_SSD_tandem	chr18	40	76457682	76462682	0	0.0
clust0014	clustered_SSD_tandem	chr18	41	76462682	76467682	0	0.0
clust0014	clustered_SSD_tandem	chr18	42	76467682	76472682	0	0.0
clust0014	clustered_SSD_tandem	chr18	43	76472682	76477682	0	0.0
clust0014	clustered_SSD_tandem	chr18	44	76477682	76482682	0	0.0
clust0014	clustered_SSD_tandem	chr18	45	76482682	76487682	0	0.0
clust0014	clustered_SSD_tandem	chr18	46	76487682	76492682	0	0.0
clust0014	clustered_SSD_tandem	chr18	47	76492682	76497682	0	0.0
clust0014	clustered_SSD_tandem	chr18	48	76497682	76502682	0	0.0
clust0014	clustered_SSD_tandem	chr18	49	76502682	76507682	0	0.0
clust0014	clustered_SSD_tandem	chr18	50	76507682	76512682	0	0.0
clust0014	clustered_SSD_tandem	chr18	51	76512682	76517682	0	0.0
clust0014	clustered_SSD_tandem	chr18	52	76517682	76522682	0	0.0
clust0014	clustered_SSD_tandem	chr18	53	76522682	76527682	0	0.0
clust0014	clustered_SSD_tandem	chr18	54	76527682	76532682	0	0.0
clust0014	clustered_SSD_tandem	chr18	55	76532682	76537682	0	0.0
clust0014	clustered_SSD_tandem	chr18	56	76537682	76542682	0	0.0
clust0014	clustered_SSD_tandem	chr18	57	76542682	76547682	0	0.0
clust0014	clustered_SSD_tandem	chr18	58	76547682	76552682	0	0.0
clust0014	clustered_SSD_tandem	chr18	59	76552682	76557682	0	0.0
clust0014	clustered_SSD_tandem	chr18	60	76557682	76562682	0	0.0
clust0014	clustered_SSD_tandem	chr18	61	76562682	76567682	0	0.0
clust0014	clustered_SSD_tandem	chr18	62	76567682	76572682	0	0.0
clust0014	clustered_SSD_tandem	chr18	63	76572682	76577682	0	0.0
clust0014	clustered_SSD_tandem	chr18	64	76577682	76582682	0	0.0
clust0014	clustered_SSD_tandem	chr18	65	76582682	76587682	0	0.0
clust0014	clustered_SSD_tandem	chr18	66	76587682	76592682	0	0.0
clust0014	clustered_SSD_tandem	chr18	67	76592682	76597682	0	0.0
clust0014	clustered_SSD_tandem	chr18	68	76597682	76602682	0	0.0
clust0014	clustered_SSD_tandem	chr18	69	76602682	76607682	0	0.0
clust0014	clustered_SSD_tandem	chr18	70	76607682	76612682	0	0.0
clust0014	clustered_SSD_tandem	chr18	71	76612682	76617682	0	0.0
clust0014	clustered_SSD_tandem	chr18	72	76617682	76622682	1	0.126
clust0014	clustered_SSD_tandem	chr18	73	76622682	76627682	0	0.0
clust0014	clustered_SSD_tandem	chr18	74	76627682	76632682	0	0.0
clust0014	clustered_SSD_tandem	chr18	75	76632682	76637682	0	0.0
clust0014	clustered_SSD_tandem	chr18	76	76637682	76642682	0	0.0
clust0014	clustered_SSD_tandem	chr18	77	76642682	76647682	0	0.0
clust0014	clustered_SSD_tandem	chr18	78	76647682	76652682	0	0.0
clust0014	clustered_SSD_tandem	chr18	79	76652682	76657682	0	0.0
clust0014	clustered_SSD_tandem	chr18	80	76657682	76662682	0	0.0
clust0014	clustered_SSD_tandem	chr18	81	76662682	76667682	0	0.0
clust0014	clustered_SSD_tandem	chr18	82	76667682	76672682	0	0.0
clust0014	clustered_SSD_tandem	chr18	83	76672682	76677682	0	0.0
clust0014	clustered_SSD_tandem	chr18	84	76677682	76682682	0	0.0
clust0014	clustered_SSD_tandem	chr18	85	76682682	76687682	1	0.126
clust0014	clustered_SSD_tandem	chr18	86	76687682	76692682	0	0.0
clust0014	clustered_SSD_tandem	chr18	87	76692682	76697682	0	0.0
clust0014	clustered_SSD_tandem	chr18	88	76697682	76702682	0	0.0
clust0014	clustered_SSD_tandem	chr18	89	76702682	76707682	0	0.0
clust0014	clustered_SSD_tandem	chr18	90	76707682	76712682	2	0.1714
clust0014	clustered_SSD_tandem	chr18	91	76712682	76717682	0	0.0
clust0014	clustered_SSD_tandem	chr18	92	76717682	76722682	0	0.0
clust0014	clustered_SSD_tandem	chr18	93	76722682	76727682	0	0.0
clust0014	clustered_SSD_tandem	chr18	94	76727682	76732682	0	0.0
clust0014	clustered_SSD_tandem	chr18	95	76732682	76737682	0	0.0
clust0014	clustered_SSD_tandem	chr18	96	76737682	76742682	0	0.0
clust0014	clustered_SSD_tandem	chr18	97	76742682	76747682	0	0.0
clust0014	clustered_SSD_tandem	chr18	98	76747682	76752682	0	0.0
clust0014	clustered_SSD_tandem	chr18	99	76752682	76757682	0	0.0
clust0014	clustered_SSD_tandem	chr18	100	76757682	76762682	0	0.0
clust0014	clustered_SSD_tandem	chr18	101	76762682	76767682	0	0.0
clust0014	clustered_SSD_tandem	chr18	102	76767682	76772682	0	0.0
clust0014	clustered_SSD_tandem	chr18	103	76772682	76777682	0	0.0
clust0014	clustered_SSD_tandem	chr18	104	76777682	76782682	0	0.0
clust0014	clustered_SSD_tandem	chr18	105	76782682	76787682	0	0.0
clust0014	clustered_SSD_tandem	chr18	106	76787682	76792682	1	0.126
clust0014	clustered_SSD_tandem	chr18	107	76792682	76797682	0	0.0
clust0014	clustered_SSD_tandem	chr18	108	76797682	76802682	2	0.1556
clust0014	clustered_SSD_tandem	chr18	109	76802682	76807682	2	0.181
clust0014	clustered_SSD_tandem	chr18	110	76807682	76812682	0	0.0
clust0014	clustered_SSD_tandem	chr18	111	76812682	76817682	0	0.0
clust0014	clustered_SSD_tandem	chr18	112	76817682	76822682	0	0.0
clust0014	clustered_SSD_tandem	chr18	113	76822682	76827682	0	0.0
clust0014	clustered_SSD_tandem	chr18	114	76827682	76832682	0	0.0
clust0014	clustered_SSD_tandem	chr18	115	76832682	76837682	0	0.0
clust0014	clustered_SSD_tandem	chr18	116	76837682	76842682	0	0.0
clust0014	clustered_SSD_tandem	chr18	117	76842682	76847682	0	0.0
clust0014	clustered_SSD_tandem	chr18	118	76847682	76852682	0	0.0
clust0014	clustered_SSD_tandem	chr18	119	76852682	76857682	0	0.0
clust0014	clustered_SSD_tandem	chr18	120	76857682	76862682	0	0.0
clust0014	clustered_SSD_tandem	chr18	121	76862682	76867682	0	0.0
clust0014	clustered_SSD_tandem	chr18	122	76867682	76872682	0	0.0
clust0014	clustered_SSD_tandem	chr18	123	76872682	76877682	1	0.126
clust0014	clustered_SSD_tandem	chr18	124	76877682	76882682	0	0.0
clust0014	clustered_SSD_tandem	chr18	125	76882682	76887682	0	0.0
clust0014	clustered_SSD_tandem	chr18	126	76887682	76892682	0	0.0
clust0014	clustered_SSD_tandem	chr18	127	76892682	76897682	0	0.0
clust0014	clustered_SSD_tandem	chr18	128	76897682	76902682	0	0.0
clust0014	clustered_SSD_tandem	chr18	129	76902682	76907682	0	0.0
clust0014	clustered_SSD_tandem	chr18	130	76907682	76912682	0	0.0
clust0014	clustered_SSD_tandem	chr18	131	76912682	76917682	0	0.0
clust0014	clustered_SSD_tandem	chr18	132	76917682	76922682	1	0.126
clust0014	clustered_SSD_tandem	chr18	133	76922682	76927682	0	0.0
clust0014	clustered_SSD_tandem	chr18	134	76927682	76932682	0	0.0
clust0014	clustered_SSD_tandem	chr18	135	76932682	76937682	0	0.0
clust0014	clustered_SSD_tandem	chr18	136	76937682	76942682	0	0.0
clust0014	clustered_SSD_tandem	chr18	137	76942682	76947682	0	0.0
clust0014	clustered_SSD_tandem	chr18	138	76947682	76952682	0	0.0
clust0014	clustered_SSD_tandem	chr18	139	76952682	76957682	0	0.0
clust0014	clustered_SSD_tandem	chr18	140	76957682	76962682	0	0.0
clust0014	clustered_SSD_tandem	chr18	141	76962682	76967682	0	0.0
clust0014	clustered_SSD_tandem	chr18	142	76967682	76972682	0	0.0
clust0014	clustered_SSD_tandem	chr18	143	76972682	76977682	0	0.0
clust0014	clustered_SSD_tandem	chr18	144	76977682	76982682	0	0.0
clust0014	clustered_SSD_tandem	chr18	145	76982682	76987682	2	0.185
clust0014	clustered_SSD_tandem	chr18	146	76987682	76992682	0	0.0
clust0014	clustered_SSD_tandem	chr18	147	76992682	76997682	0	0.0
clust0014	clustered_SSD_tandem	chr18	148	76997682	77002682	2	0.1528
clust0014	clustered_SSD_tandem	chr18	149	77002682	77007682	0	0.0
clust0014	clustered_SSD_tandem	chr18	150	77007682	77012682	0	0.0
clust0014	clustered_SSD_tandem	chr18	151	77012682	77017682	0	0.0
clust0014	clustered_SSD_tandem	chr18	152	77017682	77022682	0	0.0
clust0014	clustered_SSD_tandem	chr18	153	77022682	77027682	0	0.0
clust0014	clustered_SSD_tandem	chr18	154	77027682	77032682	0	0.0
clust0014	clustered_SSD_tandem	chr18	155	77032682	77037682	0	0.0
clust0014	clustered_SSD_tandem	chr18	156	77037682	77042682	0	0.0
clust0014	clustered_SSD_tandem	chr18	157	77042682	77047682	0	0.0
clust0014	clustered_SSD_tandem	chr18	158	77047682	77052682	0	0.0
clust0014	clustered_SSD_tandem	chr18	159	77052682	77057682	2	0.1576
clust0014	clustered_SSD_tandem	chr18	160	77057682	77062682	1	0.126
clust0014	clustered_SSD_tandem	chr18	161	77062682	77067682	0	0.0
clust0014	clustered_SSD_tandem	chr18	162	77067682	77072682	0	0.0
clust0014	clustered_SSD_tandem	chr18	163	77072682	77072901	0	0.0
clust0015	clustered_SSD_tandem	chr19	0	11992468	11997468	0	0.0
clust0015	clustered_SSD_tandem	chr19	1	11997468	12002468	0	0.0
clust0015	clustered_SSD_tandem	chr19	2	12002468	12007468	0	0.0
clust0015	clustered_SSD_tandem	chr19	3	12007468	12012468	0	0.0
clust0015	clustered_SSD_tandem	chr19	4	12012468	12017468	0	0.0
clust0015	clustered_SSD_tandem	chr19	5	12017468	12022468	0	0.0
clust0015	clustered_SSD_tandem	chr19	6	12022468	12027468	0	0.0
clust0015	clustered_SSD_tandem	chr19	7	12027468	12032468	0	0.0
clust0015	clustered_SSD_tandem	chr19	8	12032468	12037468	0	0.0
clust0015	clustered_SSD_tandem	chr19	9	12037468	12042468	0	0.0
clust0015	clustered_SSD_tandem	chr19	10	12042468	12047468	0	0.0
clust0015	clustered_SSD_tandem	chr19	11	12047468	12052468	0	0.0
clust0015	clustered_SSD_tandem	chr19	12	12052468	12057468	1	0.126
clust0015	clustered_SSD_tandem	chr19	13	12057468	12062468	2	0.181
clust0015	clustered_SSD_tandem	chr19	14	12062468	12067468	0	0.0
clust0015	clustered_SSD_tandem	chr19	15	12067468	12072468	0	0.0
clust0015	clustered_SSD_tandem	chr19	16	12072468	12077468	0	0.0
clust0015	clustered_SSD_tandem	chr19	17	12077468	12082468	0	0.0
clust0015	clustered_SSD_tandem	chr19	18	12082468	12087468	0	0.0
clust0015	clustered_SSD_tandem	chr19	19	12087468	12092468	1	0.126
clust0015	clustered_SSD_tandem	chr19	20	12092468	12097468	0	0.0
clust0015	clustered_SSD_tandem	chr19	21	12097468	12102468	0	0.0
clust0015	clustered_SSD_tandem	chr19	22	12102468	12107468	0	0.0
clust0015	clustered_SSD_tandem	chr19	23	12107468	12112468	0	0.0
clust0015	clustered_SSD_tandem	chr19	24	12112468	12117468	0	0.0
clust0015	clustered_SSD_tandem	chr19	25	12117468	12122468	0	0.0
clust0015	clustered_SSD_tandem	chr19	26	12122468	12127468	1	0.126
clust0015	clustered_SSD_tandem	chr19	27	12127468	12132468	0	0.0
clust0015	clustered_SSD_tandem	chr19	28	12132468	12137468	0	0.0112
clust0015	clustered_SSD_tandem	chr19	29	12137468	12142468	3	0.3156
clust0015	clustered_SSD_tandem	chr19	30	12142468	12147468	0	0.0
clust0015	clustered_SSD_tandem	chr19	31	12147468	12152468	0	0.0
clust0015	clustered_SSD_tandem	chr19	32	12152468	12157468	0	0.0
clust0015	clustered_SSD_tandem	chr19	33	12157468	12162468	0	0.0
clust0015	clustered_SSD_tandem	chr19	34	12162468	12167468	0	0.0
clust0015	clustered_SSD_tandem	chr19	35	12167468	12172468	0	0.0
clust0015	clustered_SSD_tandem	chr19	36	12172468	12177468	0	0.0
clust0015	clustered_SSD_tandem	chr19	37	12177468	12182468	0	0.0
clust0015	clustered_SSD_tandem	chr19	38	12182468	12187468	0	0.0
clust0015	clustered_SSD_tandem	chr19	39	12187468	12192468	0	0.0
clust0015	clustered_SSD_tandem	chr19	40	12192468	12197468	0	0.0
clust0015	clustered_SSD_tandem	chr19	41	12197468	12202468	1	0.0658
clust0015	clustered_SSD_tandem	chr19	42	12202468	12207468	0	0.0602
clust0015	clustered_SSD_tandem	chr19	43	12207468	12212468	0	0.0
clust0015	clustered_SSD_tandem	chr19	44	12212468	12217468	0	0.0
clust0015	clustered_SSD_tandem	chr19	45	12217468	12222468	0	0.0
clust0015	clustered_SSD_tandem	chr19	46	12222468	12227468	0	0.0
clust0015	clustered_SSD_tandem	chr19	47	12227468	12232468	0	0.0
clust0015	clustered_SSD_tandem	chr19	48	12232468	12237468	0	0.0
clust0015	clustered_SSD_tandem	chr19	49	12237468	12242468	0	0.0
clust0015	clustered_SSD_tandem	chr19	50	12242468	12247468	0	0.0
clust0015	clustered_SSD_tandem	chr19	51	12247468	12252468	0	0.0
clust0015	clustered_SSD_tandem	chr19	52	12252468	12256734	0	0.0
clust0016	clustered_SSD_tandem	chr19	0	15253385	15258385	0	0.0
clust0016	clustered_SSD_tandem	chr19	1	15258385	15263385	0	0.0
clust0016	clustered_SSD_tandem	chr19	2	15263385	15268385	2	0.252
clust0016	clustered_SSD_tandem	chr19	3	15268385	15273385	0	0.0
clust0016	clustered_SSD_tandem	chr19	4	15273385	15278385	0	0.0
clust0016	clustered_SSD_tandem	chr19	5	15278385	15283385	0	0.0
clust0016	clustered_SSD_tandem	chr19	6	15283385	15288385	0	0.0
clust0016	clustered_SSD_tandem	chr19	7	15288385	15293385	0	0.0
clust0016	clustered_SSD_tandem	chr19	8	15293385	15298385	0	0.0
clust0016	clustered_SSD_tandem	chr19	9	15298385	15303385	0	0.0
clust0016	clustered_SSD_tandem	chr19	10	15303385	15308385	0	0.0
clust0016	clustered_SSD_tandem	chr19	11	15308385	15313385	0	0.0
clust0016	clustered_SSD_tandem	chr19	12	15313385	15318385	0	0.0
clust0016	clustered_SSD_tandem	chr19	13	15318385	15323385	0	0.0
clust0016	clustered_SSD_tandem	chr19	14	15323385	15328385	0	0.0
clust0016	clustered_SSD_tandem	chr19	15	15328385	15333385	0	0.0
clust0016	clustered_SSD_tandem	chr19	16	15333385	15338385	0	0.0
clust0016	clustered_SSD_tandem	chr19	17	15338385	15343385	0	0.0
clust0016	clustered_SSD_tandem	chr19	18	15343385	15348385	0	0.0
clust0016	clustered_SSD_tandem	chr19	19	15348385	15353385	0	0.0
clust0016	clustered_SSD_tandem	chr19	20	15353385	15358385	0	0.0
clust0016	clustered_SSD_tandem	chr19	21	15358385	15363385	0	0.0
clust0016	clustered_SSD_tandem	chr19	22	15363385	15368385	0	0.0
clust0016	clustered_SSD_tandem	chr19	23	15368385	15373385	0	0.0
clust0016	clustered_SSD_tandem	chr19	24	15373385	15378385	0	0.0
clust0016	clustered_SSD_tandem	chr19	25	15378385	15383385	0	0.0
clust0016	clustered_SSD_tandem	chr19	26	15383385	15388385	0	0.0
clust0016	clustered_SSD_tandem	chr19	27	15388385	15393385	0	0.0
clust0016	clustered_SSD_tandem	chr19	28	15393385	15398385	0	0.0
clust0016	clustered_SSD_tandem	chr19	29	15398385	15403385	0	0.0
clust0016	clustered_SSD_tandem	chr19	30	15403385	15408385	0	0.0
clust0016	clustered_SSD_tandem	chr19	31	15408385	15413385	0	0.0
clust0016	clustered_SSD_tandem	chr19	32	15413385	15418385	0	0.0
clust0016	clustered_SSD_tandem	chr19	33	15418385	15423385	2	0.252
clust0016	clustered_SSD_tandem	chr19	34	15423385	15428385	0	0.0
clust0016	clustered_SSD_tandem	chr19	35	15428385	15433385	0	0.0
clust0016	clustered_SSD_tandem	chr19	36	15433385	15438385	0	0.0
clust0016	clustered_SSD_tandem	chr19	37	15438385	15443385	0	0.0
clust0016	clustered_SSD_tandem	chr19	38	15443385	15448385	0	0.0
clust0016	clustered_SSD_tandem	chr19	39	15448385	15453385	0	0.0
clust0016	clustered_SSD_tandem	chr19	40	15453385	15458385	0	0.0
clust0016	clustered_SSD_tandem	chr19	41	15458385	15463385	0	0.0
clust0016	clustered_SSD_tandem	chr19	42	15463385	15468385	0	0.0
clust0016	clustered_SSD_tandem	chr19	43	15468385	15473385	0	0.0
clust0016	clustered_SSD_tandem	chr19	44	15473385	15478385	0	0.0
clust0016	clustered_SSD_tandem	chr19	45	15478385	15483385	0	0.0
clust0016	clustered_SSD_tandem	chr19	46	15483385	15488385	0	0.0
clust0016	clustered_SSD_tandem	chr19	47	15488385	15493385	0	0.0
clust0016	clustered_SSD_tandem	chr19	48	15493385	15498385	0	0.0
clust0016	clustered_SSD_tandem	chr19	49	15498385	15503385	0	0.0
clust0016	clustered_SSD_tandem	chr19	50	15503385	15508385	0	0.0
clust0016	clustered_SSD_tandem	chr19	51	15508385	15513385	0	0.0
clust0016	clustered_SSD_tandem	chr19	52	15513385	15518385	0	0.0
clust0016	clustered_SSD_tandem	chr19	53	15518385	15523385	0	0.0
clust0016	clustered_SSD_tandem	chr19	54	15523385	15528385	0	0.0
clust0016	clustered_SSD_tandem	chr19	55	15528385	15533385	0	0.0
clust0016	clustered_SSD_tandem	chr19	56	15533385	15538385	0	0.0
clust0016	clustered_SSD_tandem	chr19	57	15538385	15543385	0	0.0
clust0016	clustered_SSD_tandem	chr19	58	15543385	15548385	0	0.0
clust0016	clustered_SSD_tandem	chr19	59	15548385	15549956	0	0.0
clust0018	clustered_SSD_tandem	chr19	0	43496392	43501392	0	0.0
clust0018	clustered_SSD_tandem	chr19	1	43501392	43506392	0	0.0
clust0018	clustered_SSD_tandem	chr19	2	43506392	43511392	0	0.0
clust0018	clustered_SSD_tandem	chr19	3	43511392	43516392	0	0.0
clust0018	clustered_SSD_tandem	chr19	4	43516392	43521392	2	0.1898
clust0018	clustered_SSD_tandem	chr19	5	43521392	43526392	0	0.0
clust0018	clustered_SSD_tandem	chr19	6	43526392	43531392	0	0.0
clust0018	clustered_SSD_tandem	chr19	7	43531392	43536392	2	0.252
clust0018	clustered_SSD_tandem	chr19	8	43536392	43541392	0	0.0
clust0018	clustered_SSD_tandem	chr19	9	43541392	43546392	0	0.0
clust0018	clustered_SSD_tandem	chr19	10	43546392	43551392	0	0.0
clust0018	clustered_SSD_tandem	chr19	11	43551392	43556392	1	0.126
clust0018	clustered_SSD_tandem	chr19	12	43556392	43561392	0	0.0
clust0018	clustered_SSD_tandem	chr19	13	43561392	43566392	0	0.0
clust0018	clustered_SSD_tandem	chr19	14	43566392	43571392	0	0.0
clust0018	clustered_SSD_tandem	chr19	15	43571392	43576392	0	0.0
clust0018	clustered_SSD_tandem	chr19	16	43576392	43581392	0	0.0
clust0018	clustered_SSD_tandem	chr19	17	43581392	43586392	0	0.0
clust0018	clustered_SSD_tandem	chr19	18	43586392	43591392	0	0.0
clust0018	clustered_SSD_tandem	chr19	19	43591392	43596392	2	0.1696
clust0018	clustered_SSD_tandem	chr19	20	43596392	43601392	0	0.0
clust0018	clustered_SSD_tandem	chr19	21	43601392	43606392	0	0.0
clust0018	clustered_SSD_tandem	chr19	22	43606392	43611392	0	0.0
clust0018	clustered_SSD_tandem	chr19	23	43611392	43616392	0	0.0
clust0018	clustered_SSD_tandem	chr19	24	43616392	43621392	0	0.0
clust0018	clustered_SSD_tandem	chr19	25	43621392	43626392	1	0.126
clust0018	clustered_SSD_tandem	chr19	26	43626392	43631392	0	0.0
clust0018	clustered_SSD_tandem	chr19	27	43631392	43636392	0	0.0
clust0018	clustered_SSD_tandem	chr19	28	43636392	43641392	0	0.0
clust0018	clustered_SSD_tandem	chr19	29	43641392	43646392	0	0.0
clust0018	clustered_SSD_tandem	chr19	30	43646392	43651392	0	0.0
clust0018	clustered_SSD_tandem	chr19	31	43651392	43656392	1	0.126
clust0018	clustered_SSD_tandem	chr19	32	43656392	43661392	0	0.0
clust0018	clustered_SSD_tandem	chr19	33	43661392	43666392	0	0.0
clust0018	clustered_SSD_tandem	chr19	34	43666392	43671392	1	0.126
clust0018	clustered_SSD_tandem	chr19	35	43671392	43676392	0	0.0
clust0018	clustered_SSD_tandem	chr19	36	43676392	43681392	0	0.0
clust0018	clustered_SSD_tandem	chr19	37	43681392	43686392	0	0.0
clust0018	clustered_SSD_tandem	chr19	38	43686392	43691392	0	0.0
clust0018	clustered_SSD_tandem	chr19	39	43691392	43696392	0	0.0
clust0018	clustered_SSD_tandem	chr19	40	43696392	43701392	0	0.0
clust0018	clustered_SSD_tandem	chr19	41	43701392	43706392	0	0.0
clust0018	clustered_SSD_tandem	chr19	42	43706392	43711392	0	0.0
clust0018	clustered_SSD_tandem	chr19	43	43711392	43716392	0	0.0
clust0018	clustered_SSD_tandem	chr19	44	43716392	43719629	0	0.0
clust0019	clustered_SSD_tandem	chr19	0	55476774	55481774	0	0.0
clust0019	clustered_SSD_tandem	chr19	1	55481774	55486774	0	0.0
clust0019	clustered_SSD_tandem	chr19	2	55486774	55491774	0	0.0
clust0019	clustered_SSD_tandem	chr19	3	55491774	55496774	0	0.0
clust0019	clustered_SSD_tandem	chr19	4	55496774	55501774	0	0.0
clust0019	clustered_SSD_tandem	chr19	5	55501774	55506774	2	0.191
clust0019	clustered_SSD_tandem	chr19	6	55506774	55511774	0	0.0
clust0019	clustered_SSD_tandem	chr19	7	55511774	55516774	0	0.0132
clust0019	clustered_SSD_tandem	chr19	8	55516774	55521774	1	0.1128
clust0019	clustered_SSD_tandem	chr19	9	55521774	55526774	0	0.0
clust0019	clustered_SSD_tandem	chr19	10	55526774	55531774	0	0.0
clust0019	clustered_SSD_tandem	chr19	11	55531774	55536774	0	0.0
clust0019	clustered_SSD_tandem	chr19	12	55536774	55541774	0	0.0
clust0019	clustered_SSD_tandem	chr19	13	55541774	55546774	0	0.0
clust0019	clustered_SSD_tandem	chr19	14	55546774	55551774	0	0.0
clust0019	clustered_SSD_tandem	chr19	15	55551774	55556774	0	0.0
clust0019	clustered_SSD_tandem	chr19	16	55556774	55561774	0	0.0
clust0019	clustered_SSD_tandem	chr19	17	55561774	55566774	0	0.0
clust0019	clustered_SSD_tandem	chr19	18	55566774	55571774	0	0.0
clust0019	clustered_SSD_tandem	chr19	19	55571774	55576774	0	0.0
clust0019	clustered_SSD_tandem	chr19	20	55576774	55581774	0	0.0
clust0019	clustered_SSD_tandem	chr19	21	55581774	55586774	0	0.0
clust0019	clustered_SSD_tandem	chr19	22	55586774	55591774	0	0.0
clust0019	clustered_SSD_tandem	chr19	23	55591774	55596774	0	0.0
clust0019	clustered_SSD_tandem	chr19	24	55596774	55601774	0	0.0
clust0019	clustered_SSD_tandem	chr19	25	55601774	55606774	1	0.035
clust0019	clustered_SSD_tandem	chr19	26	55606774	55611774	0	0.0
clust0019	clustered_SSD_tandem	chr19	27	55611774	55616774	0	0.0
clust0019	clustered_SSD_tandem	chr19	28	55616774	55621774	0	0.0
clust0019	clustered_SSD_tandem	chr19	29	55621774	55626774	0	0.0
clust0019	clustered_SSD_tandem	chr19	30	55626774	55631774	0	0.0058
clust0019	clustered_SSD_tandem	chr19	31	55631774	55636774	3	0.219
clust0019	clustered_SSD_tandem	chr19	32	55636774	55641774	2	0.252
clust0019	clustered_SSD_tandem	chr19	33	55641774	55646774	0	0.0
clust0019	clustered_SSD_tandem	chr19	34	55646774	55651774	0	0.0
clust0019	clustered_SSD_tandem	chr19	35	55651774	55656774	1	0.0902
clust0019	clustered_SSD_tandem	chr19	36	55656774	55661774	0	0.0
clust0019	clustered_SSD_tandem	chr19	37	55661774	55666774	0	0.0
clust0019	clustered_SSD_tandem	chr19	38	55666774	55671774	1	0.1032
clust0019	clustered_SSD_tandem	chr19	39	55671774	55676774	1	0.1488
clust0019	clustered_SSD_tandem	chr19	40	55676774	55681774	0	0.0
clust0019	clustered_SSD_tandem	chr19	41	55681774	55686774	0	0.0
clust0019	clustered_SSD_tandem	chr19	42	55686774	55691774	0	0.0
clust0019	clustered_SSD_tandem	chr19	43	55691774	55696774	0	0.0
clust0019	clustered_SSD_tandem	chr19	44	55696774	55701774	0	0.0
clust0019	clustered_SSD_tandem	chr19	45	55701774	55706774	1	0.126
clust0019	clustered_SSD_tandem	chr19	46	55706774	55711774	0	0.0
clust0019	clustered_SSD_tandem	chr19	47	55711774	55716774	0	0.0
clust0019	clustered_SSD_tandem	chr19	48	55716774	55721774	0	0.0
clust0019	clustered_SSD_tandem	chr19	49	55721774	55726774	0	0.0
clust0019	clustered_SSD_tandem	chr19	50	55726774	55731774	0	0.0
clust0019	clustered_SSD_tandem	chr19	51	55731774	55736774	0	0.0
clust0019	clustered_SSD_tandem	chr19	52	55736774	55741774	0	0.0
clust0019	clustered_SSD_tandem	chr19	53	55741774	55745623	0	0.0
clust0063	clustered_SSD_tandem	chr19	0	56089686	56094686	0	0.0
clust0063	clustered_SSD_tandem	chr19	1	56094686	56099686	0	0.0
clust0063	clustered_SSD_tandem	chr19	2	56099686	56104686	0	0.0
clust0063	clustered_SSD_tandem	chr19	3	56104686	56109686	1	0.126
clust0063	clustered_SSD_tandem	chr19	4	56109686	56114686	0	0.0
clust0063	clustered_SSD_tandem	chr19	5	56114686	56119686	0	0.0
clust0063	clustered_SSD_tandem	chr19	6	56119686	56124686	1	0.126
clust0063	clustered_SSD_tandem	chr19	7	56124686	56129686	0	0.0
clust0063	clustered_SSD_tandem	chr19	8	56129686	56134686	0	0.0
clust0063	clustered_SSD_tandem	chr19	9	56134686	56139686	0	0.0
clust0063	clustered_SSD_tandem	chr19	10	56139686	56144686	0	0.0
clust0063	clustered_SSD_tandem	chr19	11	56144686	56149686	0	0.0
clust0063	clustered_SSD_tandem	chr19	12	56149686	56154686	0	0.0
clust0063	clustered_SSD_tandem	chr19	13	56154686	56159686	0	0.0
clust0063	clustered_SSD_tandem	chr19	14	56159686	56164686	0	0.0
clust0063	clustered_SSD_tandem	chr19	15	56164686	56169686	0	0.0
clust0063	clustered_SSD_tandem	chr19	16	56169686	56174686	2	0.1888
clust0063	clustered_SSD_tandem	chr19	17	56174686	56179686	0	0.0
clust0063	clustered_SSD_tandem	chr19	18	56179686	56184686	0	0.0
clust0063	clustered_SSD_tandem	chr19	19	56184686	56189686	0	0.0
clust0063	clustered_SSD_tandem	chr19	20	56189686	56194686	0	0.0
clust0063	clustered_SSD_tandem	chr19	21	56194686	56199686	0	0.0
clust0063	clustered_SSD_tandem	chr19	22	56199686	56204686	0	0.0
clust0063	clustered_SSD_tandem	chr19	23	56204686	56209686	0	0.0
clust0063	clustered_SSD_tandem	chr19	24	56209686	56214686	0	0.0
clust0063	clustered_SSD_tandem	chr19	25	56214686	56219686	0	0.0
clust0063	clustered_SSD_tandem	chr19	26	56219686	56224686	0	0.0
clust0063	clustered_SSD_tandem	chr19	27	56224686	56229686	0	0.0
clust0063	clustered_SSD_tandem	chr19	28	56229686	56234686	0	0.0
clust0063	clustered_SSD_tandem	chr19	29	56234686	56239686	0	0.0
clust0063	clustered_SSD_tandem	chr19	30	56239686	56244686	0	0.0
clust0063	clustered_SSD_tandem	chr19	31	56244686	56249686	0	0.0
clust0063	clustered_SSD_tandem	chr19	32	56249686	56254686	3	0.378
clust0063	clustered_SSD_tandem	chr19	33	56254686	56259686	0	0.0
clust0063	clustered_SSD_tandem	chr19	34	56259686	56264686	0	0.0
clust0063	clustered_SSD_tandem	chr19	35	56264686	56269686	0	0.0
clust0063	clustered_SSD_tandem	chr19	36	56269686	56274686	0	0.0
clust0063	clustered_SSD_tandem	chr19	37	56274686	56279686	0	0.0
clust0063	clustered_SSD_tandem	chr19	38	56279686	56284686	0	0.0
clust0063	clustered_SSD_tandem	chr19	39	56284686	56289686	0	0.0
clust0063	clustered_SSD_tandem	chr19	40	56289686	56294686	0	0.0
clust0063	clustered_SSD_tandem	chr19	41	56294686	56299686	0	0.0
clust0063	clustered_SSD_tandem	chr19	42	56299686	56304686	0	0.0
clust0063	clustered_SSD_tandem	chr19	43	56304686	56309686	0	0.0444
clust0063	clustered_SSD_tandem	chr19	44	56309686	56314686	1	0.0816
clust0063	clustered_SSD_tandem	chr19	45	56314686	56319686	0	0.0
clust0063	clustered_SSD_tandem	chr19	46	56319686	56324686	0	0.0
clust0063	clustered_SSD_tandem	chr19	47	56324686	56329686	0	0.0
clust0063	clustered_SSD_tandem	chr19	48	56329686	56334686	2	0.252
clust0063	clustered_SSD_tandem	chr19	49	56334686	56339686	0	0.0
clust0063	clustered_SSD_tandem	chr19	50	56339686	56344686	0	0.0
clust0063	clustered_SSD_tandem	chr19	51	56344686	56349686	1	0.126
clust0063	clustered_SSD_tandem	chr19	52	56349686	56354686	2	0.1604
clust0063	clustered_SSD_tandem	chr19	53	56354686	56359686	0	0.0
clust0063	clustered_SSD_tandem	chr19	54	56359686	56364686	0	0.0
clust0063	clustered_SSD_tandem	chr19	55	56364686	56369686	0	0.0
clust0063	clustered_SSD_tandem	chr19	56	56369686	56374686	0	0.0
clust0063	clustered_SSD_tandem	chr19	57	56374686	56379686	0	0.0
clust0063	clustered_SSD_tandem	chr19	58	56379686	56384686	0	0.0
clust0063	clustered_SSD_tandem	chr19	59	56384686	56389686	0	0.0
clust0063	clustered_SSD_tandem	chr19	60	56389686	56394686	2	0.1594
clust0063	clustered_SSD_tandem	chr19	61	56394686	56399686	0	0.0
clust0063	clustered_SSD_tandem	chr19	62	56399686	56404686	0	0.0
clust0063	clustered_SSD_tandem	chr19	63	56404686	56409686	0	0.0
clust0063	clustered_SSD_tandem	chr19	64	56409686	56414686	0	0.0
clust0063	clustered_SSD_tandem	chr19	65	56414686	56419686	0	0.0
clust0063	clustered_SSD_tandem	chr19	66	56419686	56424686	0	0.0
clust0063	clustered_SSD_tandem	chr19	67	56424686	56429686	0	0.0
clust0063	clustered_SSD_tandem	chr19	68	56429686	56434686	0	0.0
clust0063	clustered_SSD_tandem	chr19	69	56434686	56439686	0	0.0
clust0063	clustered_SSD_tandem	chr19	70	56439686	56444686	0	0.0
clust0063	clustered_SSD_tandem	chr19	71	56444686	56449686	0	0.0
clust0063	clustered_SSD_tandem	chr19	72	56449686	56454686	0	0.0
clust0063	clustered_SSD_tandem	chr19	73	56454686	56459686	0	0.0
clust0063	clustered_SSD_tandem	chr19	74	56459686	56464686	0	0.0
clust0063	clustered_SSD_tandem	chr19	75	56464686	56468383	0	0.0
clust0064	clustered_SSD_tandem	chr19	0	57934025	57939025	0	0.0
clust0064	clustered_SSD_tandem	chr19	1	57939025	57944025	0	0.0
clust0064	clustered_SSD_tandem	chr19	2	57944025	57949025	1	0.126
clust0064	clustered_SSD_tandem	chr19	3	57949025	57954025	0	0.0
clust0064	clustered_SSD_tandem	chr19	4	57954025	57959025	0	0.0
clust0064	clustered_SSD_tandem	chr19	5	57959025	57964025	0	0.0
clust0064	clustered_SSD_tandem	chr19	6	57964025	57969025	0	0.0
clust0064	clustered_SSD_tandem	chr19	7	57969025	57974025	0	0.0
clust0064	clustered_SSD_tandem	chr19	8	57974025	57979025	0	0.0
clust0064	clustered_SSD_tandem	chr19	9	57979025	57984025	0	0.0
clust0064	clustered_SSD_tandem	chr19	10	57984025	57989025	0	0.0
clust0064	clustered_SSD_tandem	chr19	11	57989025	57994025	0	0.0
clust0064	clustered_SSD_tandem	chr19	12	57994025	57999025	0	0.0
clust0064	clustered_SSD_tandem	chr19	13	57999025	58004025	0	0.0
clust0064	clustered_SSD_tandem	chr19	14	58004025	58009025	0	0.0
clust0064	clustered_SSD_tandem	chr19	15	58009025	58014025	0	0.0
clust0064	clustered_SSD_tandem	chr19	16	58014025	58019025	0	0.0
clust0064	clustered_SSD_tandem	chr19	17	58019025	58024025	0	0.0
clust0064	clustered_SSD_tandem	chr19	18	58024025	58029025	0	0.0
clust0064	clustered_SSD_tandem	chr19	19	58029025	58034025	0	0.0
clust0064	clustered_SSD_tandem	chr19	20	58034025	58039025	0	0.0
clust0064	clustered_SSD_tandem	chr19	21	58039025	58044025	0	0.0
clust0064	clustered_SSD_tandem	chr19	22	58044025	58049025	0	0.0
clust0064	clustered_SSD_tandem	chr19	23	58049025	58054025	0	0.0
clust0064	clustered_SSD_tandem	chr19	24	58054025	58059025	0	0.0
clust0064	clustered_SSD_tandem	chr19	25	58059025	58064025	0	0.0
clust0064	clustered_SSD_tandem	chr19	26	58064025	58069025	0	0.0
clust0064	clustered_SSD_tandem	chr19	27	58069025	58074025	0	0.0
clust0064	clustered_SSD_tandem	chr19	28	58074025	58079025	0	0.0
clust0064	clustered_SSD_tandem	chr19	29	58079025	58084025	0	0.0
clust0064	clustered_SSD_tandem	chr19	30	58084025	58089025	0	0.0
clust0064	clustered_SSD_tandem	chr19	31	58089025	58094025	0	0.0
clust0064	clustered_SSD_tandem	chr19	32	58094025	58099025	0	0.0
clust0064	clustered_SSD_tandem	chr19	33	58099025	58104025	0	0.0
clust0064	clustered_SSD_tandem	chr19	34	58104025	58109025	0	0.0
clust0064	clustered_SSD_tandem	chr19	35	58109025	58114025	0	0.0
clust0064	clustered_SSD_tandem	chr19	36	58114025	58119025	0	0.0
clust0064	clustered_SSD_tandem	chr19	37	58119025	58124025	0	0.0
clust0064	clustered_SSD_tandem	chr19	38	58124025	58129025	0	0.0
clust0064	clustered_SSD_tandem	chr19	39	58129025	58134025	0	0.0
clust0064	clustered_SSD_tandem	chr19	40	58134025	58139025	0	0.0
clust0064	clustered_SSD_tandem	chr19	41	58139025	58144025	0	0.0
clust0064	clustered_SSD_tandem	chr19	42	58144025	58149025	0	0.0
clust0064	clustered_SSD_tandem	chr19	43	58149025	58154025	0	0.0
clust0064	clustered_SSD_tandem	chr19	44	58154025	58159025	1	0.0756
clust0064	clustered_SSD_tandem	chr19	45	58159025	58164025	0	0.0
clust0064	clustered_SSD_tandem	chr19	46	58164025	58169025	0	0.0
clust0064	clustered_SSD_tandem	chr19	47	58169025	58174025	0	0.0
clust0064	clustered_SSD_tandem	chr19	48	58174025	58179025	0	0.0
clust0064	clustered_SSD_tandem	chr19	49	58179025	58184025	2	0.252
clust0064	clustered_SSD_tandem	chr19	50	58184025	58189025	0	0.0
clust0064	clustered_SSD_tandem	chr19	51	58189025	58194025	0	0.0
clust0064	clustered_SSD_tandem	chr19	52	58194025	58199025	0	0.0
clust0064	clustered_SSD_tandem	chr19	53	58199025	58204025	0	0.0
clust0064	clustered_SSD_tandem	chr19	54	58204025	58209025	0	0.0
clust0064	clustered_SSD_tandem	chr19	55	58209025	58214025	0	0.0
clust0064	clustered_SSD_tandem	chr19	56	58214025	58218427	0	0.0
clust0020	clustered_SSD_tandem	chr19	0	58254357	58259357	0	0.0
clust0020	clustered_SSD_tandem	chr19	1	58259357	58264357	0	0.0
clust0020	clustered_SSD_tandem	chr19	2	58264357	58269357	0	0.0
clust0020	clustered_SSD_tandem	chr19	3	58269357	58274357	0	0.0
clust0020	clustered_SSD_tandem	chr19	4	58274357	58279357	0	0.0
clust0020	clustered_SSD_tandem	chr19	5	58279357	58284357	0	0.0
clust0020	clustered_SSD_tandem	chr19	6	58284357	58289357	0	0.0
clust0020	clustered_SSD_tandem	chr19	7	58289357	58294357	0	0.0
clust0020	clustered_SSD_tandem	chr19	8	58294357	58299357	0	0.0
clust0020	clustered_SSD_tandem	chr19	9	58299357	58304357	0	0.0
clust0020	clustered_SSD_tandem	chr19	10	58304357	58309357	0	0.0
clust0020	clustered_SSD_tandem	chr19	11	58309357	58314357	0	0.0
clust0020	clustered_SSD_tandem	chr19	12	58314357	58319357	0	0.0
clust0020	clustered_SSD_tandem	chr19	13	58319357	58324357	0	0.0
clust0020	clustered_SSD_tandem	chr19	14	58324357	58329357	0	0.0
clust0020	clustered_SSD_tandem	chr19	15	58329357	58334357	0	0.0
clust0020	clustered_SSD_tandem	chr19	16	58334357	58339357	0	0.0
clust0020	clustered_SSD_tandem	chr19	17	58339357	58344357	0	0.0
clust0020	clustered_SSD_tandem	chr19	18	58344357	58349357	0	0.0
clust0020	clustered_SSD_tandem	chr19	19	58349357	58354357	0	0.0
clust0020	clustered_SSD_tandem	chr19	20	58354357	58359357	0	0.0
clust0020	clustered_SSD_tandem	chr19	21	58359357	58364357	0	0.0
clust0020	clustered_SSD_tandem	chr19	22	58364357	58369357	0	0.0
clust0020	clustered_SSD_tandem	chr19	23	58369357	58374357	0	0.0
clust0020	clustered_SSD_tandem	chr19	24	58374357	58379357	0	0.0
clust0020	clustered_SSD_tandem	chr19	25	58379357	58384357	0	0.0
clust0020	clustered_SSD_tandem	chr19	26	58384357	58389357	0	0.0
clust0020	clustered_SSD_tandem	chr19	27	58389357	58394357	0	0.0
clust0020	clustered_SSD_tandem	chr19	28	58394357	58399357	0	0.0
clust0020	clustered_SSD_tandem	chr19	29	58399357	58404357	1	0.126
clust0020	clustered_SSD_tandem	chr19	30	58404357	58409357	0	0.0
clust0020	clustered_SSD_tandem	chr19	31	58409357	58414357	0	0.0
clust0020	clustered_SSD_tandem	chr19	32	58414357	58419357	0	0.0
clust0020	clustered_SSD_tandem	chr19	33	58419357	58424357	0	0.0
clust0020	clustered_SSD_tandem	chr19	34	58424357	58429357	0	0.0
clust0020	clustered_SSD_tandem	chr19	35	58429357	58434357	0	0.0
clust0020	clustered_SSD_tandem	chr19	36	58434357	58439357	0	0.0
clust0020	clustered_SSD_tandem	chr19	37	58439357	58444357	0	0.0
clust0020	clustered_SSD_tandem	chr19	38	58444357	58449357	0	0.0
clust0020	clustered_SSD_tandem	chr19	39	58449357	58454357	0	0.0
clust0020	clustered_SSD_tandem	chr19	40	58454357	58459357	0	0.0
clust0020	clustered_SSD_tandem	chr19	41	58459357	58464357	0	0.0
clust0020	clustered_SSD_tandem	chr19	42	58464357	58469357	0	0.0
clust0020	clustered_SSD_tandem	chr19	43	58469357	58474357	0	0.0
clust0020	clustered_SSD_tandem	chr19	44	58474357	58479357	0	0.0
clust0020	clustered_SSD_tandem	chr19	45	58479357	58481030	0	0.0
clust0060	clustered_SSD_tandem	chr2	0	230065186	230070186	2	0.252
clust0060	clustered_SSD_tandem	chr2	1	230070186	230075186	0	0.0
clust0060	clustered_SSD_tandem	chr2	2	230075186	230080186	0	0.0
clust0060	clustered_SSD_tandem	chr2	3	230080186	230085186	0	0.0
clust0060	clustered_SSD_tandem	chr2	4	230085186	230090186	0	0.0
clust0060	clustered_SSD_tandem	chr2	5	230090186	230095186	0	0.0
clust0060	clustered_SSD_tandem	chr2	6	230095186	230100186	0	0.0
clust0060	clustered_SSD_tandem	chr2	7	230100186	230105186	0	0.0
clust0060	clustered_SSD_tandem	chr2	8	230105186	230110186	0	0.0
clust0060	clustered_SSD_tandem	chr2	9	230110186	230115186	0	0.0
clust0060	clustered_SSD_tandem	chr2	10	230115186	230120186	0	0.0
clust0060	clustered_SSD_tandem	chr2	11	230120186	230125186	0	0.0
clust0060	clustered_SSD_tandem	chr2	12	230125186	230130186	0	0.0
clust0060	clustered_SSD_tandem	chr2	13	230130186	230135186	0	0.0
clust0060	clustered_SSD_tandem	chr2	14	230135186	230140186	0	0.0
clust0060	clustered_SSD_tandem	chr2	15	230140186	230145186	0	0.0
clust0060	clustered_SSD_tandem	chr2	16	230145186	230150186	0	0.0
clust0060	clustered_SSD_tandem	chr2	17	230150186	230155186	0	0.0
clust0060	clustered_SSD_tandem	chr2	18	230155186	230160186	0	0.0
clust0060	clustered_SSD_tandem	chr2	19	230160186	230165186	2	0.1778
clust0060	clustered_SSD_tandem	chr2	20	230165186	230170186	0	0.0
clust0060	clustered_SSD_tandem	chr2	21	230170186	230175186	0	0.0
clust0060	clustered_SSD_tandem	chr2	22	230175186	230180186	0	0.0
clust0060	clustered_SSD_tandem	chr2	23	230180186	230185186	0	0.0
clust0060	clustered_SSD_tandem	chr2	24	230185186	230190186	0	0.0
clust0060	clustered_SSD_tandem	chr2	25	230190186	230195186	0	0.0
clust0060	clustered_SSD_tandem	chr2	26	230195186	230200186	0	0.0
clust0060	clustered_SSD_tandem	chr2	27	230200186	230205186	0	0.0
clust0060	clustered_SSD_tandem	chr2	28	230205186	230210186	0	0.0
clust0060	clustered_SSD_tandem	chr2	29	230210186	230215186	0	0.0
clust0060	clustered_SSD_tandem	chr2	30	230215186	230220186	0	0.0
clust0060	clustered_SSD_tandem	chr2	31	230220186	230225186	0	0.0
clust0060	clustered_SSD_tandem	chr2	32	230225186	230230186	0	0.0
clust0060	clustered_SSD_tandem	chr2	33	230230186	230235186	0	0.0
clust0060	clustered_SSD_tandem	chr2	34	230235186	230240186	0	0.0
clust0060	clustered_SSD_tandem	chr2	35	230240186	230245186	0	0.0
clust0060	clustered_SSD_tandem	chr2	36	230245186	230250186	0	0.0
clust0060	clustered_SSD_tandem	chr2	37	230250186	230255186	0	0.0
clust0060	clustered_SSD_tandem	chr2	38	230255186	230260186	0	0.0
clust0060	clustered_SSD_tandem	chr2	39	230260186	230265186	0	0.0
clust0060	clustered_SSD_tandem	chr2	40	230265186	230270186	0	0.0
clust0060	clustered_SSD_tandem	chr2	41	230270186	230275186	0	0.0
clust0060	clustered_SSD_tandem	chr2	42	230275186	230280186	0	0.0
clust0060	clustered_SSD_tandem	chr2	43	230280186	230285186	0	0.0
clust0060	clustered_SSD_tandem	chr2	44	230285186	230290186	0	0.0
clust0060	clustered_SSD_tandem	chr2	45	230290186	230295186	0	0.0
clust0060	clustered_SSD_tandem	chr2	46	230295186	230300186	0	0.0
clust0060	clustered_SSD_tandem	chr2	47	230300186	230305186	0	0.0
clust0060	clustered_SSD_tandem	chr2	48	230305186	230310186	0	0.0
clust0060	clustered_SSD_tandem	chr2	49	230310186	230315186	0	0.0
clust0060	clustered_SSD_tandem	chr2	50	230315186	230320186	0	0.0
clust0060	clustered_SSD_tandem	chr2	51	230320186	230325186	0	0.0
clust0060	clustered_SSD_tandem	chr2	52	230325186	230330186	0	0.0
clust0060	clustered_SSD_tandem	chr2	53	230330186	230335186	0	0.0
clust0060	clustered_SSD_tandem	chr2	54	230335186	230340186	0	0.0
clust0060	clustered_SSD_tandem	chr2	55	230340186	230345186	0	0.0
clust0060	clustered_SSD_tandem	chr2	56	230345186	230350186	0	0.0
clust0060	clustered_SSD_tandem	chr2	57	230350186	230355186	0	0.0
clust0060	clustered_SSD_tandem	chr2	58	230355186	230360186	0	0.0
clust0060	clustered_SSD_tandem	chr2	59	230360186	230365186	0	0.0
clust0060	clustered_SSD_tandem	chr2	60	230365186	230370186	0	0.0
clust0060	clustered_SSD_tandem	chr2	61	230370186	230375186	0	0.0
clust0060	clustered_SSD_tandem	chr2	62	230375186	230380186	0	0.0
clust0060	clustered_SSD_tandem	chr2	63	230380186	230385186	0	0.0
clust0060	clustered_SSD_tandem	chr2	64	230385186	230390186	0	0.0
clust0060	clustered_SSD_tandem	chr2	65	230390186	230395186	0	0.0
clust0060	clustered_SSD_tandem	chr2	66	230395186	230400186	0	0.0
clust0060	clustered_SSD_tandem	chr2	67	230400186	230405186	0	0.0
clust0060	clustered_SSD_tandem	chr2	68	230405186	230410186	0	0.0
clust0060	clustered_SSD_tandem	chr2	69	230410186	230415186	0	0.0
clust0060	clustered_SSD_tandem	chr2	70	230415186	230420186	0	0.0
clust0060	clustered_SSD_tandem	chr2	71	230420186	230425186	0	0.0
clust0060	clustered_SSD_tandem	chr2	72	230425186	230430186	0	0.0
clust0060	clustered_SSD_tandem	chr2	73	230430186	230435186	0	0.0
clust0060	clustered_SSD_tandem	chr2	74	230435186	230440186	0	0.0
clust0060	clustered_SSD_tandem	chr2	75	230440186	230445186	0	0.0
clust0060	clustered_SSD_tandem	chr2	76	230445186	230450186	0	0.0
clust0060	clustered_SSD_tandem	chr2	77	230450186	230455186	0	0.0
clust0060	clustered_SSD_tandem	chr2	78	230455186	230460186	0	0.0
clust0060	clustered_SSD_tandem	chr2	79	230460186	230465186	0	0.0
clust0060	clustered_SSD_tandem	chr2	80	230465186	230470186	0	0.0
clust0060	clustered_SSD_tandem	chr2	81	230470186	230475186	0	0.0
clust0060	clustered_SSD_tandem	chr2	82	230475186	230480186	0	0.0
clust0060	clustered_SSD_tandem	chr2	83	230480186	230485186	0	0.0
clust0060	clustered_SSD_tandem	chr2	84	230485186	230490186	0	0.0
clust0060	clustered_SSD_tandem	chr2	85	230490186	230495186	0	0.0
clust0060	clustered_SSD_tandem	chr2	86	230495186	230500186	0	0.0
clust0060	clustered_SSD_tandem	chr2	87	230500186	230505186	0	0.0
clust0060	clustered_SSD_tandem	chr2	88	230505186	230510186	0	0.0
clust0060	clustered_SSD_tandem	chr2	89	230510186	230515186	0	0.0
clust0060	clustered_SSD_tandem	chr2	90	230515186	230520186	0	0.0
clust0060	clustered_SSD_tandem	chr2	91	230520186	230525186	0	0.0
clust0060	clustered_SSD_tandem	chr2	92	230525186	230530186	0	0.0
clust0060	clustered_SSD_tandem	chr2	93	230530186	230535186	0	0.0
clust0060	clustered_SSD_tandem	chr2	94	230535186	230540186	0	0.0
clust0060	clustered_SSD_tandem	chr2	95	230540186	230545186	0	0.0
clust0060	clustered_SSD_tandem	chr2	96	230545186	230550186	0	0.0
clust0060	clustered_SSD_tandem	chr2	97	230550186	230555186	0	0.0
clust0060	clustered_SSD_tandem	chr2	98	230555186	230560186	0	0.0
clust0060	clustered_SSD_tandem	chr2	99	230560186	230565186	0	0.0
clust0060	clustered_SSD_tandem	chr2	100	230565186	230570186	0	0.0
clust0060	clustered_SSD_tandem	chr2	101	230570186	230575186	0	0.0
clust0060	clustered_SSD_tandem	chr2	102	230575186	230580186	0	0.0
clust0060	clustered_SSD_tandem	chr2	103	230580186	230585186	0	0.0
clust0060	clustered_SSD_tandem	chr2	104	230585186	230590186	0	0.0
clust0060	clustered_SSD_tandem	chr2	105	230590186	230595186	0	0.0
clust0060	clustered_SSD_tandem	chr2	106	230595186	230600186	0	0.0
clust0060	clustered_SSD_tandem	chr2	107	230600186	230605186	0	0.0
clust0060	clustered_SSD_tandem	chr2	108	230605186	230610186	0	0.0
clust0060	clustered_SSD_tandem	chr2	109	230610186	230615186	2	0.1944
clust0060	clustered_SSD_tandem	chr2	110	230615186	230620186	0	0.0
clust0060	clustered_SSD_tandem	chr2	111	230620186	230625186	0	0.0
clust0060	clustered_SSD_tandem	chr2	112	230625186	230630186	0	0.0
clust0060	clustered_SSD_tandem	chr2	113	230630186	230635186	0	0.0
clust0060	clustered_SSD_tandem	chr2	114	230635186	230640186	0	0.0
clust0060	clustered_SSD_tandem	chr2	115	230640186	230645186	0	0.0
clust0060	clustered_SSD_tandem	chr2	116	230645186	230645606	0	0.0
clust0074	clustered_SSD_tandem	chr21	0	32925935	32930935	0	0.0
clust0074	clustered_SSD_tandem	chr21	1	32930935	32935935	0	0.0
clust0074	clustered_SSD_tandem	chr21	2	32935935	32940935	2	0.1276
clust0074	clustered_SSD_tandem	chr21	3	32940935	32945935	0	0.038
clust0074	clustered_SSD_tandem	chr21	4	32945935	32950935	0	0.0
clust0074	clustered_SSD_tandem	chr21	5	32950935	32955935	0	0.0
clust0074	clustered_SSD_tandem	chr21	6	32955935	32960935	0	0.0
clust0074	clustered_SSD_tandem	chr21	7	32960935	32965935	0	0.0
clust0074	clustered_SSD_tandem	chr21	8	32965935	32970935	0	0.0
clust0074	clustered_SSD_tandem	chr21	9	32970935	32975935	0	0.0
clust0074	clustered_SSD_tandem	chr21	10	32975935	32980935	1	0.126
clust0074	clustered_SSD_tandem	chr21	11	32980935	32985935	0	0.0
clust0074	clustered_SSD_tandem	chr21	12	32985935	32990935	0	0.0
clust0074	clustered_SSD_tandem	chr21	13	32990935	32995935	2	0.252
clust0074	clustered_SSD_tandem	chr21	14	32995935	33000935	0	0.0
clust0074	clustered_SSD_tandem	chr21	15	33000935	33005935	0	0.0
clust0074	clustered_SSD_tandem	chr21	16	33005935	33010935	0	0.0
clust0074	clustered_SSD_tandem	chr21	17	33010935	33015935	0	0.0
clust0074	clustered_SSD_tandem	chr21	18	33015935	33020935	0	0.0
clust0074	clustered_SSD_tandem	chr21	19	33020935	33025935	0	0.0
clust0074	clustered_SSD_tandem	chr21	20	33025935	33030935	0	0.0
clust0074	clustered_SSD_tandem	chr21	21	33030935	33035935	0	0.0
clust0074	clustered_SSD_tandem	chr21	22	33035935	33040935	0	0.0
clust0074	clustered_SSD_tandem	chr21	23	33040935	33045935	0	0.0
clust0074	clustered_SSD_tandem	chr21	24	33045935	33050935	0	0.0
clust0074	clustered_SSD_tandem	chr21	25	33050935	33055935	0	0.0
clust0074	clustered_SSD_tandem	chr21	26	33055935	33060935	0	0.0
clust0074	clustered_SSD_tandem	chr21	27	33060935	33065935	0	0.0
clust0074	clustered_SSD_tandem	chr21	28	33065935	33070935	0	0.0
clust0074	clustered_SSD_tandem	chr21	29	33070935	33075935	0	0.0
clust0074	clustered_SSD_tandem	chr21	30	33075935	33080935	0	0.0
clust0074	clustered_SSD_tandem	chr21	31	33080935	33085935	0	0.0
clust0074	clustered_SSD_tandem	chr21	32	33085935	33090935	0	0.0
clust0074	clustered_SSD_tandem	chr21	33	33090935	33095935	0	0.0
clust0074	clustered_SSD_tandem	chr21	34	33095935	33100935	0	0.0
clust0074	clustered_SSD_tandem	chr21	35	33100935	33105935	0	0.0
clust0074	clustered_SSD_tandem	chr21	36	33105935	33110935	0	0.0
clust0074	clustered_SSD_tandem	chr21	37	33110935	33115935	0	0.0
clust0074	clustered_SSD_tandem	chr21	38	33115935	33120935	0	0.0
clust0074	clustered_SSD_tandem	chr21	39	33120935	33125935	0	0.0
clust0074	clustered_SSD_tandem	chr21	40	33125935	33130935	2	0.252
clust0074	clustered_SSD_tandem	chr21	41	33130935	33135935	1	0.126
clust0074	clustered_SSD_tandem	chr21	42	33135935	33140935	0	0.0
clust0074	clustered_SSD_tandem	chr21	43	33140935	33145935	0	0.0
clust0074	clustered_SSD_tandem	chr21	44	33145935	33150935	0	0.0
clust0074	clustered_SSD_tandem	chr21	45	33150935	33155935	0	0.0
clust0074	clustered_SSD_tandem	chr21	46	33155935	33160935	0	0.0
clust0074	clustered_SSD_tandem	chr21	47	33160935	33165935	0	0.0
clust0074	clustered_SSD_tandem	chr21	48	33165935	33170935	0	0.0
clust0074	clustered_SSD_tandem	chr21	49	33170935	33172413	0	0.0
clust0065	clustered_SSD_tandem	chr6	0	27980568	27985568	0	0.0
clust0065	clustered_SSD_tandem	chr6	1	27985568	27990568	0	0.0
clust0065	clustered_SSD_tandem	chr6	2	27990568	27995568	0	0.0
clust0065	clustered_SSD_tandem	chr6	3	27995568	28000568	0	0.0
clust0065	clustered_SSD_tandem	chr6	4	28000568	28005568	0	0.0
clust0065	clustered_SSD_tandem	chr6	5	28005568	28010568	0	0.0
clust0065	clustered_SSD_tandem	chr6	6	28010568	28015568	0	0.0
clust0065	clustered_SSD_tandem	chr6	7	28015568	28020568	0	0.0
clust0065	clustered_SSD_tandem	chr6	8	28020568	28025568	0	0.0
clust0065	clustered_SSD_tandem	chr6	9	28025568	28030568	0	0.0
clust0065	clustered_SSD_tandem	chr6	10	28030568	28035568	0	0.0
clust0065	clustered_SSD_tandem	chr6	11	28035568	28040568	0	0.0
clust0065	clustered_SSD_tandem	chr6	12	28040568	28045568	0	0.0
clust0065	clustered_SSD_tandem	chr6	13	28045568	28050568	0	0.0
clust0065	clustered_SSD_tandem	chr6	14	28050568	28055568	0	0.0
clust0065	clustered_SSD_tandem	chr6	15	28055568	28060568	0	0.0
clust0065	clustered_SSD_tandem	chr6	16	28060568	28065568	0	0.0
clust0065	clustered_SSD_tandem	chr6	17	28065568	28070568	0	0.0
clust0065	clustered_SSD_tandem	chr6	18	28070568	28075568	0	0.0
clust0065	clustered_SSD_tandem	chr6	19	28075568	28080568	0	0.0
clust0065	clustered_SSD_tandem	chr6	20	28080568	28085568	0	0.0
clust0065	clustered_SSD_tandem	chr6	21	28085568	28090568	0	0.0
clust0065	clustered_SSD_tandem	chr6	22	28090568	28095568	0	0.0
clust0065	clustered_SSD_tandem	chr6	23	28095568	28100568	0	0.0
clust0065	clustered_SSD_tandem	chr6	24	28100568	28105568	2	0.252
clust0065	clustered_SSD_tandem	chr6	25	28105568	28110568	0	0.0
clust0065	clustered_SSD_tandem	chr6	26	28110568	28115568	0	0.0
clust0065	clustered_SSD_tandem	chr6	27	28115568	28120568	0	0.0
clust0065	clustered_SSD_tandem	chr6	28	28120568	28125568	0	0.0
clust0065	clustered_SSD_tandem	chr6	29	28125568	28130568	0	0.0
clust0065	clustered_SSD_tandem	chr6	30	28130568	28135568	1	0.126
clust0065	clustered_SSD_tandem	chr6	31	28135568	28140568	0	0.0
clust0065	clustered_SSD_tandem	chr6	32	28140568	28145568	0	0.0
clust0065	clustered_SSD_tandem	chr6	33	28145568	28150568	2	0.252
clust0065	clustered_SSD_tandem	chr6	34	28150568	28155568	0	0.0
clust0065	clustered_SSD_tandem	chr6	35	28155568	28160568	0	0.0
clust0065	clustered_SSD_tandem	chr6	36	28160568	28165568	0	0.0
clust0065	clustered_SSD_tandem	chr6	37	28165568	28170568	0	0.0
clust0065	clustered_SSD_tandem	chr6	38	28170568	28175568	0	0.0
clust0065	clustered_SSD_tandem	chr6	39	28175568	28180568	0	0.0
clust0065	clustered_SSD_tandem	chr6	40	28180568	28185568	0	0.0
clust0065	clustered_SSD_tandem	chr6	41	28185568	28190568	0	0.0
clust0065	clustered_SSD_tandem	chr6	42	28190568	28195568	0	0.0
clust0065	clustered_SSD_tandem	chr6	43	28195568	28200568	0	0.0
clust0065	clustered_SSD_tandem	chr6	44	28200568	28205568	0	0.0
clust0065	clustered_SSD_tandem	chr6	45	28205568	28210568	0	0.0
clust0065	clustered_SSD_tandem	chr6	46	28210568	28215568	0	0.0
clust0065	clustered_SSD_tandem	chr6	47	28215568	28220568	0	0.0
clust0065	clustered_SSD_tandem	chr6	48	28220568	28225568	0	0.0
clust0065	clustered_SSD_tandem	chr6	49	28225568	28230082	0	0.0
clust0066	clustered_SSD_tandem	chr6	0	28224693	28229693	0	0.0
clust0066	clustered_SSD_tandem	chr6	1	28229693	28234693	0	0.0
clust0066	clustered_SSD_tandem	chr6	2	28234693	28239693	0	0.0
clust0066	clustered_SSD_tandem	chr6	3	28239693	28244693	0	0.0
clust0066	clustered_SSD_tandem	chr6	4	28244693	28249693	0	0.0
clust0066	clustered_SSD_tandem	chr6	5	28249693	28254693	0	0.0
clust0066	clustered_SSD_tandem	chr6	6	28254693	28259693	0	0.0
clust0066	clustered_SSD_tandem	chr6	7	28259693	28264693	0	0.0
clust0066	clustered_SSD_tandem	chr6	8	28264693	28269693	0	0.0
clust0066	clustered_SSD_tandem	chr6	9	28269693	28274693	0	0.0
clust0066	clustered_SSD_tandem	chr6	10	28274693	28279693	0	0.0
clust0066	clustered_SSD_tandem	chr6	11	28279693	28284693	0	0.0
clust0066	clustered_SSD_tandem	chr6	12	28284693	28289693	0	0.0
clust0066	clustered_SSD_tandem	chr6	13	28289693	28294693	0	0.0
clust0066	clustered_SSD_tandem	chr6	14	28294693	28299693	0	0.0
clust0066	clustered_SSD_tandem	chr6	15	28299693	28304693	0	0.0
clust0066	clustered_SSD_tandem	chr6	16	28304693	28309693	0	0.0
clust0066	clustered_SSD_tandem	chr6	17	28309693	28314693	0	0.0
clust0066	clustered_SSD_tandem	chr6	18	28314693	28319693	0	0.0
clust0066	clustered_SSD_tandem	chr6	19	28319693	28324693	0	0.0
clust0066	clustered_SSD_tandem	chr6	20	28324693	28329693	0	0.0
clust0066	clustered_SSD_tandem	chr6	21	28329693	28334693	0	0.0
clust0066	clustered_SSD_tandem	chr6	22	28334693	28339693	0	0.0
clust0066	clustered_SSD_tandem	chr6	23	28339693	28344693	0	0.0
clust0066	clustered_SSD_tandem	chr6	24	28344693	28349693	0	0.0
clust0066	clustered_SSD_tandem	chr6	25	28349693	28354693	0	0.0
clust0066	clustered_SSD_tandem	chr6	26	28354693	28359693	2	0.1714
clust0066	clustered_SSD_tandem	chr6	27	28359693	28364693	0	0.0
clust0066	clustered_SSD_tandem	chr6	28	28364693	28369693	0	0.0
clust0066	clustered_SSD_tandem	chr6	29	28369693	28374693	0	0.0
clust0066	clustered_SSD_tandem	chr6	30	28374693	28379693	0	0.0
clust0066	clustered_SSD_tandem	chr6	31	28379693	28384693	0	0.0
clust0066	clustered_SSD_tandem	chr6	32	28384693	28389693	0	0.0
clust0066	clustered_SSD_tandem	chr6	33	28389693	28394693	1	0.126
clust0066	clustered_SSD_tandem	chr6	34	28394693	28399693	0	0.0462
clust0066	clustered_SSD_tandem	chr6	35	28399693	28404693	2	0.2058
clust0066	clustered_SSD_tandem	chr6	36	28404693	28409693	0	0.0
clust0066	clustered_SSD_tandem	chr6	37	28409693	28414693	0	0.0
clust0066	clustered_SSD_tandem	chr6	38	28414693	28419693	0	0.0
clust0066	clustered_SSD_tandem	chr6	39	28419693	28424693	0	0.0
clust0066	clustered_SSD_tandem	chr6	40	28424693	28429693	0	0.0
clust0066	clustered_SSD_tandem	chr6	41	28429693	28434693	0	0.0
clust0066	clustered_SSD_tandem	chr6	42	28434693	28439693	0	0.0
clust0066	clustered_SSD_tandem	chr6	43	28439693	28444693	0	0.0
clust0066	clustered_SSD_tandem	chr6	44	28444693	28449693	0	0.0
clust0066	clustered_SSD_tandem	chr6	45	28449693	28454693	0	0.0
clust0066	clustered_SSD_tandem	chr6	46	28454693	28459693	0	0.0
clust0066	clustered_SSD_tandem	chr6	47	28459693	28464693	0	0.0
clust0066	clustered_SSD_tandem	chr6	48	28464693	28469693	0	0.0
clust0066	clustered_SSD_tandem	chr6	49	28469693	28474693	0	0.0
clust0066	clustered_SSD_tandem	chr6	50	28474693	28479693	0	0.0
clust0066	clustered_SSD_tandem	chr6	51	28479693	28484693	0	0.0
clust0066	clustered_SSD_tandem	chr6	52	28484693	28489693	0	0.0
clust0066	clustered_SSD_tandem	chr6	53	28489693	28494693	0	0.0
clust0066	clustered_SSD_tandem	chr6	54	28494693	28499693	1	0.126
clust0066	clustered_SSD_tandem	chr6	55	28499693	28504693	0	0.0
clust0066	clustered_SSD_tandem	chr6	56	28504693	28509693	0	0.0
clust0066	clustered_SSD_tandem	chr6	57	28509693	28514693	0	0.0
clust0066	clustered_SSD_tandem	chr6	58	28514693	28519693	0	0.0
clust0066	clustered_SSD_tandem	chr6	59	28519693	28524693	0	0.0
clust0066	clustered_SSD_tandem	chr6	60	28524693	28529693	0	0.0
clust0066	clustered_SSD_tandem	chr6	61	28529693	28534693	0	0.0
clust0066	clustered_SSD_tandem	chr6	62	28534693	28539693	0	0.0
clust0066	clustered_SSD_tandem	chr6	63	28539693	28543502	2	0.330795
clust0075	clustered_SSD_tandem	chr7	0	18920991	18925991	0	0.0
clust0075	clustered_SSD_tandem	chr7	1	18925991	18930991	0	0.0
clust0075	clustered_SSD_tandem	chr7	2	18930991	18935991	0	0.0
clust0075	clustered_SSD_tandem	chr7	3	18935991	18940991	0	0.0
clust0075	clustered_SSD_tandem	chr7	4	18940991	18945991	0	0.0
clust0075	clustered_SSD_tandem	chr7	5	18945991	18950991	0	0.0
clust0075	clustered_SSD_tandem	chr7	6	18950991	18955991	0	0.0
clust0075	clustered_SSD_tandem	chr7	7	18955991	18960991	0	0.0
clust0075	clustered_SSD_tandem	chr7	8	18960991	18965991	0	0.0
clust0075	clustered_SSD_tandem	chr7	9	18965991	18970991	0	0.0
clust0075	clustered_SSD_tandem	chr7	10	18970991	18975991	0	0.0
clust0075	clustered_SSD_tandem	chr7	11	18975991	18980991	0	0.0
clust0075	clustered_SSD_tandem	chr7	12	18980991	18985991	0	0.0
clust0075	clustered_SSD_tandem	chr7	13	18985991	18990991	0	0.0
clust0075	clustered_SSD_tandem	chr7	14	18990991	18995991	0	0.0
clust0075	clustered_SSD_tandem	chr7	15	18995991	19000991	0	0.0
clust0075	clustered_SSD_tandem	chr7	16	19000991	19005991	0	0.0
clust0075	clustered_SSD_tandem	chr7	17	19005991	19010991	0	0.0
clust0075	clustered_SSD_tandem	chr7	18	19010991	19015991	0	0.0
clust0075	clustered_SSD_tandem	chr7	19	19015991	19020991	0	0.0
clust0075	clustered_SSD_tandem	chr7	20	19020991	19025991	0	0.0
clust0075	clustered_SSD_tandem	chr7	21	19025991	19030991	0	0.0
clust0075	clustered_SSD_tandem	chr7	22	19030991	19035991	0	0.0
clust0075	clustered_SSD_tandem	chr7	23	19035991	19040991	0	0.0
clust0075	clustered_SSD_tandem	chr7	24	19040991	19045991	0	0.0
clust0075	clustered_SSD_tandem	chr7	25	19045991	19050991	0	0.0
clust0075	clustered_SSD_tandem	chr7	26	19050991	19055991	1	0.126
clust0075	clustered_SSD_tandem	chr7	27	19055991	19060991	0	0.0
clust0075	clustered_SSD_tandem	chr7	28	19060991	19065991	0	0.0
clust0075	clustered_SSD_tandem	chr7	29	19065991	19070991	0	0.0
clust0075	clustered_SSD_tandem	chr7	30	19070991	19075991	0	0.0
clust0075	clustered_SSD_tandem	chr7	31	19075991	19080991	0	0.0
clust0075	clustered_SSD_tandem	chr7	32	19080991	19085991	0	0.0
clust0075	clustered_SSD_tandem	chr7	33	19085991	19090991	0	0.0
clust0075	clustered_SSD_tandem	chr7	34	19090991	19095991	0	0.0
clust0075	clustered_SSD_tandem	chr7	35	19095991	19100991	0	0.0
clust0075	clustered_SSD_tandem	chr7	36	19100991	19105991	0	0.0
clust0075	clustered_SSD_tandem	chr7	37	19105991	19110991	0	0.0
clust0075	clustered_SSD_tandem	chr7	38	19110991	19115991	0	0.0
clust0075	clustered_SSD_tandem	chr7	39	19115991	19120991	0	0.0
clust0075	clustered_SSD_tandem	chr7	40	19120991	19125991	0	0.0
clust0075	clustered_SSD_tandem	chr7	41	19125991	19130991	0	0.0
clust0075	clustered_SSD_tandem	chr7	42	19130991	19135991	0	0.0
clust0075	clustered_SSD_tandem	chr7	43	19135991	19140991	0	0.0
clust0075	clustered_SSD_tandem	chr7	44	19140991	19145991	0	0.0
clust0075	clustered_SSD_tandem	chr7	45	19145991	19150991	0	0.0
clust0075	clustered_SSD_tandem	chr7	46	19150991	19155991	0	0.0
clust0075	clustered_SSD_tandem	chr7	47	19155991	19160991	0	0.0
clust0075	clustered_SSD_tandem	chr7	48	19160991	19165991	0	0.0
clust0075	clustered_SSD_tandem	chr7	49	19165991	19170991	0	0.0
clust0075	clustered_SSD_tandem	chr7	50	19170991	19175991	0	0.0
clust0075	clustered_SSD_tandem	chr7	51	19175991	19180991	0	0.0
clust0075	clustered_SSD_tandem	chr7	52	19180991	19185991	0	0.0
clust0075	clustered_SSD_tandem	chr7	53	19185991	19190991	0	0.0
clust0075	clustered_SSD_tandem	chr7	54	19190991	19195991	0	0.0
clust0075	clustered_SSD_tandem	chr7	55	19195991	19200991	0	0.0
clust0075	clustered_SSD_tandem	chr7	56	19200991	19205991	0	0.0
clust0075	clustered_SSD_tandem	chr7	57	19205991	19210991	0	0.0
clust0075	clustered_SSD_tandem	chr7	58	19210991	19215991	0	0.0
clust0075	clustered_SSD_tandem	chr7	59	19215991	19220991	0	0.0
clust0075	clustered_SSD_tandem	chr7	60	19220991	19225991	0	0.0
clust0075	clustered_SSD_tandem	chr7	61	19225991	19230991	0	0.0
clust0075	clustered_SSD_tandem	chr7	62	19230991	19235991	0	0.0
clust0075	clustered_SSD_tandem	chr7	63	19235991	19240991	0	0.0
clust0075	clustered_SSD_tandem	chr7	64	19240991	19245421	0	0.0
clust0026	clustered_SSD_tandem	chr7	0	64566099	64571099	1	0.126
clust0026	clustered_SSD_tandem	chr7	1	64571099	64576099	0	0.0
clust0026	clustered_SSD_tandem	chr7	2	64576099	64581099	0	0.0
clust0026	clustered_SSD_tandem	chr7	3	64581099	64586099	0	0.0
clust0026	clustered_SSD_tandem	chr7	4	64586099	64591099	0	0.0
clust0026	clustered_SSD_tandem	chr7	5	64591099	64596099	0	0.0
clust0026	clustered_SSD_tandem	chr7	6	64596099	64601099	0	0.0
clust0026	clustered_SSD_tandem	chr7	7	64601099	64606099	0	0.0
clust0026	clustered_SSD_tandem	chr7	8	64606099	64611099	0	0.0
clust0026	clustered_SSD_tandem	chr7	9	64611099	64616099	0	0.0
clust0026	clustered_SSD_tandem	chr7	10	64616099	64621099	2	0.252
clust0026	clustered_SSD_tandem	chr7	11	64621099	64626099	2	0.1896
clust0026	clustered_SSD_tandem	chr7	12	64626099	64631099	2	0.2472
clust0026	clustered_SSD_tandem	chr7	13	64631099	64636099	0	0.0048
clust0026	clustered_SSD_tandem	chr7	14	64636099	64641099	0	0.0
clust0026	clustered_SSD_tandem	chr7	15	64641099	64646099	0	0.0
clust0026	clustered_SSD_tandem	chr7	16	64646099	64651099	0	0.0
clust0026	clustered_SSD_tandem	chr7	17	64651099	64656099	0	0.0
clust0026	clustered_SSD_tandem	chr7	18	64656099	64661099	0	0.0
clust0026	clustered_SSD_tandem	chr7	19	64661099	64666099	0	0.0
clust0026	clustered_SSD_tandem	chr7	20	64666099	64671099	0	0.0
clust0026	clustered_SSD_tandem	chr7	21	64671099	64676099	0	0.0
clust0026	clustered_SSD_tandem	chr7	22	64676099	64681099	0	0.0
clust0026	clustered_SSD_tandem	chr7	23	64681099	64686099	0	0.0
clust0026	clustered_SSD_tandem	chr7	24	64686099	64691099	0	0.0
clust0026	clustered_SSD_tandem	chr7	25	64691099	64696099	0	0.0
clust0026	clustered_SSD_tandem	chr7	26	64696099	64701099	0	0.0
clust0026	clustered_SSD_tandem	chr7	27	64701099	64706099	0	0.0
clust0026	clustered_SSD_tandem	chr7	28	64706099	64711099	0	0.0
clust0026	clustered_SSD_tandem	chr7	29	64711099	64716099	0	0.0
clust0026	clustered_SSD_tandem	chr7	30	64716099	64721099	0	0.0
clust0026	clustered_SSD_tandem	chr7	31	64721099	64726099	0	0.0
clust0026	clustered_SSD_tandem	chr7	32	64726099	64731099	0	0.0
clust0026	clustered_SSD_tandem	chr7	33	64731099	64736099	0	0.0
clust0026	clustered_SSD_tandem	chr7	34	64736099	64741099	0	0.0
clust0026	clustered_SSD_tandem	chr7	35	64741099	64746099	0	0.0
clust0026	clustered_SSD_tandem	chr7	36	64746099	64751099	0	0.0
clust0026	clustered_SSD_tandem	chr7	37	64751099	64756099	0	0.0
clust0026	clustered_SSD_tandem	chr7	38	64756099	64761099	0	0.0
clust0026	clustered_SSD_tandem	chr7	39	64761099	64766099	0	0.0
clust0026	clustered_SSD_tandem	chr7	40	64766099	64771099	0	0.0
clust0026	clustered_SSD_tandem	chr7	41	64771099	64776099	0	0.0
clust0026	clustered_SSD_tandem	chr7	42	64776099	64781099	0	0.0
clust0026	clustered_SSD_tandem	chr7	43	64781099	64786099	0	0.0
clust0026	clustered_SSD_tandem	chr7	44	64786099	64791099	0	0.0
clust0026	clustered_SSD_tandem	chr7	45	64791099	64796099	0	0.0
clust0026	clustered_SSD_tandem	chr7	46	64796099	64801099	0	0.0
clust0026	clustered_SSD_tandem	chr7	47	64801099	64806099	0	0.0
clust0026	clustered_SSD_tandem	chr7	48	64806099	64811099	0	0.0
clust0026	clustered_SSD_tandem	chr7	49	64811099	64816099	0	0.0
clust0026	clustered_SSD_tandem	chr7	50	64816099	64821099	0	0.0
clust0026	clustered_SSD_tandem	chr7	51	64821099	64826099	0	0.0
clust0026	clustered_SSD_tandem	chr7	52	64826099	64831099	0	0.0
clust0026	clustered_SSD_tandem	chr7	53	64831099	64836099	0	0.0
clust0026	clustered_SSD_tandem	chr7	54	64836099	64841099	0	0.0
clust0026	clustered_SSD_tandem	chr7	55	64841099	64846099	0	0.0
clust0026	clustered_SSD_tandem	chr7	56	64846099	64851099	0	0.0
clust0026	clustered_SSD_tandem	chr7	57	64851099	64856099	0	0.0
clust0026	clustered_SSD_tandem	chr7	58	64856099	64861099	0	0.0
clust0026	clustered_SSD_tandem	chr7	59	64861099	64866099	0	0.0
clust0026	clustered_SSD_tandem	chr7	60	64866099	64871099	0	0.0
clust0026	clustered_SSD_tandem	chr7	61	64871099	64876099	0	0.0
clust0026	clustered_SSD_tandem	chr7	62	64876099	64881099	0	0.0
clust0026	clustered_SSD_tandem	chr7	63	64881099	64886099	0	0.0
clust0026	clustered_SSD_tandem	chr7	64	64886099	64891099	2	0.252
clust0026	clustered_SSD_tandem	chr7	65	64891099	64896099	0	0.0
clust0026	clustered_SSD_tandem	chr7	66	64896099	64901099	0	0.0
clust0026	clustered_SSD_tandem	chr7	67	64901099	64906099	0	0.0
clust0026	clustered_SSD_tandem	chr7	68	64906099	64911099	0	0.0
clust0026	clustered_SSD_tandem	chr7	69	64911099	64916099	0	0.0
clust0026	clustered_SSD_tandem	chr7	70	64916099	64921099	0	0.0
clust0026	clustered_SSD_tandem	chr7	71	64921099	64926099	0	0.0
clust0026	clustered_SSD_tandem	chr7	72	64926099	64931099	0	0.0
clust0026	clustered_SSD_tandem	chr7	73	64931099	64933681	0	0.0
clust0037	clustered_SSD_tandem	chr7	0	74353790	74358790	0	0.0
clust0037	clustered_SSD_tandem	chr7	1	74358790	74363790	0	0.0
clust0037	clustered_SSD_tandem	chr7	2	74363790	74368790	0	0.0
clust0037	clustered_SSD_tandem	chr7	3	74368790	74373790	0	0.0
clust0037	clustered_SSD_tandem	chr7	4	74373790	74378790	0	0.0
clust0037	clustered_SSD_tandem	chr7	5	74378790	74383790	0	0.0
clust0037	clustered_SSD_tandem	chr7	6	74383790	74388790	0	0.0
clust0037	clustered_SSD_tandem	chr7	7	74388790	74393790	0	0.0
clust0037	clustered_SSD_tandem	chr7	8	74393790	74398790	0	0.0
clust0037	clustered_SSD_tandem	chr7	9	74398790	74403790	2	0.1892
clust0037	clustered_SSD_tandem	chr7	10	74403790	74408790	0	0.0
clust0037	clustered_SSD_tandem	chr7	11	74408790	74413790	0	0.0
clust0037	clustered_SSD_tandem	chr7	12	74413790	74418790	2	0.162
clust0037	clustered_SSD_tandem	chr7	13	74418790	74423790	0	0.0
clust0037	clustered_SSD_tandem	chr7	14	74423790	74428790	0	0.0
clust0037	clustered_SSD_tandem	chr7	15	74428790	74433790	0	0.0
clust0037	clustered_SSD_tandem	chr7	16	74433790	74438790	0	0.0
clust0037	clustered_SSD_tandem	chr7	17	74438790	74443790	0	0.0
clust0037	clustered_SSD_tandem	chr7	18	74443790	74448790	0	0.0
clust0037	clustered_SSD_tandem	chr7	19	74448790	74453790	1	0.0316
clust0037	clustered_SSD_tandem	chr7	20	74453790	74458790	0	0.0
clust0037	clustered_SSD_tandem	chr7	21	74458790	74463790	0	0.0
clust0037	clustered_SSD_tandem	chr7	22	74463790	74468790	0	0.0
clust0037	clustered_SSD_tandem	chr7	23	74468790	74473790	0	0.0
clust0037	clustered_SSD_tandem	chr7	24	74473790	74478790	0	0.0
clust0037	clustered_SSD_tandem	chr7	25	74478790	74483790	0	0.0
clust0037	clustered_SSD_tandem	chr7	26	74483790	74488790	0	0.0
clust0037	clustered_SSD_tandem	chr7	27	74488790	74493790	0	0.0
clust0037	clustered_SSD_tandem	chr7	28	74493790	74498790	0	0.0
clust0037	clustered_SSD_tandem	chr7	29	74498790	74503790	0	0.0
clust0037	clustered_SSD_tandem	chr7	30	74503790	74508790	0	0.0
clust0037	clustered_SSD_tandem	chr7	31	74508790	74513790	0	0.0
clust0037	clustered_SSD_tandem	chr7	32	74513790	74518790	0	0.0
clust0037	clustered_SSD_tandem	chr7	33	74518790	74523790	0	0.0
clust0037	clustered_SSD_tandem	chr7	34	74523790	74528790	0	0.0
clust0037	clustered_SSD_tandem	chr7	35	74528790	74533790	0	0.0
clust0037	clustered_SSD_tandem	chr7	36	74533790	74538790	0	0.0
clust0037	clustered_SSD_tandem	chr7	37	74538790	74543790	0	0.0
clust0037	clustered_SSD_tandem	chr7	38	74543790	74548790	1	0.126
clust0037	clustered_SSD_tandem	chr7	39	74548790	74553790	0	0.0
clust0037	clustered_SSD_tandem	chr7	40	74553790	74558790	0	0.0
clust0037	clustered_SSD_tandem	chr7	41	74558790	74563790	0	0.0
clust0037	clustered_SSD_tandem	chr7	42	74563790	74568790	2	0.1874
clust0037	clustered_SSD_tandem	chr7	43	74568790	74573790	0	0.0
clust0037	clustered_SSD_tandem	chr7	44	74573790	74578790	0	0.0
clust0037	clustered_SSD_tandem	chr7	45	74578790	74583790	0	0.0
clust0037	clustered_SSD_tandem	chr7	46	74583790	74588790	0	0.0
clust0037	clustered_SSD_tandem	chr7	47	74588790	74593790	0	0.0
clust0037	clustered_SSD_tandem	chr7	48	74593790	74598790	0	0.0
clust0037	clustered_SSD_tandem	chr7	49	74598790	74603790	0	0.0
clust0037	clustered_SSD_tandem	chr7	50	74603790	74608790	0	0.0
clust0037	clustered_SSD_tandem	chr7	51	74608790	74613790	0	0.0
clust0037	clustered_SSD_tandem	chr7	52	74613790	74618790	0	0.0
clust0037	clustered_SSD_tandem	chr7	53	74618790	74623790	0	0.0
clust0037	clustered_SSD_tandem	chr7	54	74623790	74628790	1	0.126
clust0037	clustered_SSD_tandem	chr7	55	74628790	74633790	0	0.0
clust0037	clustered_SSD_tandem	chr7	56	74633790	74638790	0	0.0
clust0037	clustered_SSD_tandem	chr7	57	74638790	74643790	0	0.0
clust0037	clustered_SSD_tandem	chr7	58	74643790	74648790	0	0.0
clust0037	clustered_SSD_tandem	chr7	59	74648790	74653790	0	0.0
clust0037	clustered_SSD_tandem	chr7	60	74653790	74658790	0	0.0
clust0037	clustered_SSD_tandem	chr7	61	74658790	74663790	0	0.0
clust0037	clustered_SSD_tandem	chr7	62	74663790	74668790	0	0.0
clust0037	clustered_SSD_tandem	chr7	63	74668790	74673790	0	0.0
clust0037	clustered_SSD_tandem	chr7	64	74673790	74678790	0	0.0
clust0037	clustered_SSD_tandem	chr7	65	74678790	74683790	0	0.0
clust0037	clustered_SSD_tandem	chr7	66	74683790	74688790	0	0.0
clust0037	clustered_SSD_tandem	chr7	67	74688790	74693790	0	0.0
clust0037	clustered_SSD_tandem	chr7	68	74693790	74698790	0	0.0
clust0037	clustered_SSD_tandem	chr7	69	74698790	74703790	0	0.0
clust0037	clustered_SSD_tandem	chr7	70	74703790	74708790	0	0.0
clust0037	clustered_SSD_tandem	chr7	71	74708790	74713790	0	0.0
clust0037	clustered_SSD_tandem	chr7	72	74713790	74718790	0	0.0
clust0037	clustered_SSD_tandem	chr7	73	74718790	74723790	0	0.0
clust0037	clustered_SSD_tandem	chr7	74	74723790	74728790	0	0.0
clust0037	clustered_SSD_tandem	chr7	75	74728790	74733790	0	0.0
clust0037	clustered_SSD_tandem	chr7	76	74733790	74738790	0	0.0
clust0037	clustered_SSD_tandem	chr7	77	74738790	74743790	0	0.0
clust0037	clustered_SSD_tandem	chr7	78	74743790	74748790	0	0.0
clust0037	clustered_SSD_tandem	chr7	79	74748790	74753790	0	0.0
clust0037	clustered_SSD_tandem	chr7	80	74753790	74758790	0	0.0
clust0037	clustered_SSD_tandem	chr7	81	74758790	74763790	0	0.0
clust0037	clustered_SSD_tandem	chr7	82	74763790	74768790	0	0.0
clust0037	clustered_SSD_tandem	chr7	83	74768790	74773790	0	0.0
clust0037	clustered_SSD_tandem	chr7	84	74773790	74778790	0	0.0
clust0037	clustered_SSD_tandem	chr7	85	74778790	74783790	0	0.0
clust0037	clustered_SSD_tandem	chr7	86	74783790	74788790	0	0.0
clust0037	clustered_SSD_tandem	chr7	87	74788790	74793790	0	0.0
clust0037	clustered_SSD_tandem	chr7	88	74793790	74798790	0	0.0
clust0037	clustered_SSD_tandem	chr7	89	74798790	74803790	0	0.0
clust0037	clustered_SSD_tandem	chr7	90	74803790	74808790	0	0.0
clust0037	clustered_SSD_tandem	chr7	91	74808790	74813790	0	0.0
clust0037	clustered_SSD_tandem	chr7	92	74813790	74818790	0	0.0
clust0037	clustered_SSD_tandem	chr7	93	74818790	74823790	0	0.0
clust0037	clustered_SSD_tandem	chr7	94	74823790	74828790	0	0.0
clust0037	clustered_SSD_tandem	chr7	95	74828790	74833790	0	0.0
clust0037	clustered_SSD_tandem	chr7	96	74833790	74838790	0	0.0
clust0037	clustered_SSD_tandem	chr7	97	74838790	74843790	0	0.0
clust0037	clustered_SSD_tandem	chr7	98	74843790	74848790	0	0.0
clust0037	clustered_SSD_tandem	chr7	99	74848790	74853790	0	0.0
clust0037	clustered_SSD_tandem	chr7	100	74853790	74858790	0	0.0
clust0037	clustered_SSD_tandem	chr7	101	74858790	74860692	0	0.0
clust0027	clustered_SSD_tandem	chr7	0	150268189	150273189	0	0.0
clust0027	clustered_SSD_tandem	chr7	1	150273189	150278189	2	0.169
clust0027	clustered_SSD_tandem	chr7	2	150278189	150283189	0	0.0
clust0027	clustered_SSD_tandem	chr7	3	150283189	150288189	1	0.126
clust0027	clustered_SSD_tandem	chr7	4	150288189	150293189	0	0.0
clust0027	clustered_SSD_tandem	chr7	5	150293189	150298189	0	0.0
clust0027	clustered_SSD_tandem	chr7	6	150298189	150303189	0	0.0
clust0027	clustered_SSD_tandem	chr7	7	150303189	150308189	0	0.0
clust0027	clustered_SSD_tandem	chr7	8	150308189	150313189	0	0.0
clust0027	clustered_SSD_tandem	chr7	9	150313189	150318189	0	0.0
clust0027	clustered_SSD_tandem	chr7	10	150318189	150323189	0	0.0388
clust0027	clustered_SSD_tandem	chr7	11	150323189	150328189	1	0.0872
clust0027	clustered_SSD_tandem	chr7	12	150328189	150333189	0	0.0
clust0027	clustered_SSD_tandem	chr7	13	150333189	150338189	0	0.0
clust0027	clustered_SSD_tandem	chr7	14	150338189	150343189	0	0.0
clust0027	clustered_SSD_tandem	chr7	15	150343189	150348189	0	0.0
clust0027	clustered_SSD_tandem	chr7	16	150348189	150353189	0	0.0
clust0027	clustered_SSD_tandem	chr7	17	150353189	150358189	1	0.126
clust0027	clustered_SSD_tandem	chr7	18	150358189	150363189	0	0.0
clust0027	clustered_SSD_tandem	chr7	19	150363189	150368189	0	0.0
clust0027	clustered_SSD_tandem	chr7	20	150368189	150373189	0	0.0
clust0027	clustered_SSD_tandem	chr7	21	150373189	150378189	0	0.0
clust0027	clustered_SSD_tandem	chr7	22	150378189	150383189	0	0.0
clust0027	clustered_SSD_tandem	chr7	23	150383189	150388189	0	0.0
clust0027	clustered_SSD_tandem	chr7	24	150388189	150393189	0	0.0
clust0027	clustered_SSD_tandem	chr7	25	150393189	150398189	0	0.0
clust0027	clustered_SSD_tandem	chr7	26	150398189	150403189	0	0.0
clust0027	clustered_SSD_tandem	chr7	27	150403189	150408189	0	0.0
clust0027	clustered_SSD_tandem	chr7	28	150408189	150413189	0	0.0
clust0027	clustered_SSD_tandem	chr7	29	150413189	150418189	0	0.0
clust0027	clustered_SSD_tandem	chr7	30	150418189	150423189	2	0.1894
clust0027	clustered_SSD_tandem	chr7	31	150423189	150428189	0	0.0
clust0027	clustered_SSD_tandem	chr7	32	150428189	150433189	0	0.0
clust0027	clustered_SSD_tandem	chr7	33	150433189	150438189	0	0.0
clust0027	clustered_SSD_tandem	chr7	34	150438189	150443189	0	0.0
clust0027	clustered_SSD_tandem	chr7	35	150443189	150448189	0	0.0
clust0027	clustered_SSD_tandem	chr7	36	150448189	150453189	2	0.1868
clust0027	clustered_SSD_tandem	chr7	37	150453189	150458189	0	0.0
clust0027	clustered_SSD_tandem	chr7	38	150458189	150463189	0	0.0
clust0027	clustered_SSD_tandem	chr7	39	150463189	150468189	0	0.0
clust0027	clustered_SSD_tandem	chr7	40	150468189	150473189	0	0.0
clust0027	clustered_SSD_tandem	chr7	41	150473189	150478189	0	0.0
clust0027	clustered_SSD_tandem	chr7	42	150478189	150483189	0	0.0
clust0027	clustered_SSD_tandem	chr7	43	150483189	150488189	0	0.0
clust0027	clustered_SSD_tandem	chr7	44	150488189	150493189	0	0.0
clust0027	clustered_SSD_tandem	chr7	45	150493189	150498189	0	0.0
clust0027	clustered_SSD_tandem	chr7	46	150498189	150498630	0	0.0
clust0029	clustered_SSD_tandem	chr9	0	741690	746690	0	0.0
clust0029	clustered_SSD_tandem	chr9	1	746690	751690	0	0.0
clust0029	clustered_SSD_tandem	chr9	2	751690	756690	0	0.0
clust0029	clustered_SSD_tandem	chr9	3	756690	761690	0	0.0
clust0029	clustered_SSD_tandem	chr9	4	761690	766690	1	0.126
clust0029	clustered_SSD_tandem	chr9	5	766690	771690	0	0.0
clust0029	clustered_SSD_tandem	chr9	6	771690	776690	0	0.0
clust0029	clustered_SSD_tandem	chr9	7	776690	781690	0	0.0
clust0029	clustered_SSD_tandem	chr9	8	781690	786690	0	0.0
clust0029	clustered_SSD_tandem	chr9	9	786690	791690	0	0.0
clust0029	clustered_SSD_tandem	chr9	10	791690	796690	0	0.0
clust0029	clustered_SSD_tandem	chr9	11	796690	801690	0	0.0
clust0029	clustered_SSD_tandem	chr9	12	801690	806690	0	0.0492
clust0029	clustered_SSD_tandem	chr9	13	806690	811690	1	0.0768
clust0029	clustered_SSD_tandem	chr9	14	811690	816690	0	0.0
clust0029	clustered_SSD_tandem	chr9	15	816690	821690	0	0.0
clust0029	clustered_SSD_tandem	chr9	16	821690	826690	0	0.0
clust0029	clustered_SSD_tandem	chr9	17	826690	831690	0	0.0
clust0029	clustered_SSD_tandem	chr9	18	831690	836690	0	0.0
clust0029	clustered_SSD_tandem	chr9	19	836690	841690	0	0.0
clust0029	clustered_SSD_tandem	chr9	20	841690	846690	0	0.0
clust0029	clustered_SSD_tandem	chr9	21	846690	851690	0	0.0
clust0029	clustered_SSD_tandem	chr9	22	851690	856690	0	0.0
clust0029	clustered_SSD_tandem	chr9	23	856690	861690	0	0.0
clust0029	clustered_SSD_tandem	chr9	24	861690	866690	0	0.0
clust0029	clustered_SSD_tandem	chr9	25	866690	871690	0	0.0
clust0029	clustered_SSD_tandem	chr9	26	871690	876690	0	0.0
clust0029	clustered_SSD_tandem	chr9	27	876690	881690	0	0.0
clust0029	clustered_SSD_tandem	chr9	28	881690	886690	0	0.0
clust0029	clustered_SSD_tandem	chr9	29	886690	891690	0	0.0
clust0029	clustered_SSD_tandem	chr9	30	891690	896690	2	0.252
clust0029	clustered_SSD_tandem	chr9	31	896690	901690	0	0.0
clust0029	clustered_SSD_tandem	chr9	32	901690	906690	0	0.0
clust0029	clustered_SSD_tandem	chr9	33	906690	911690	0	0.0
clust0029	clustered_SSD_tandem	chr9	34	911690	916690	0	0.0
clust0029	clustered_SSD_tandem	chr9	35	916690	921690	0	0.0
clust0029	clustered_SSD_tandem	chr9	36	921690	926690	0	0.0
clust0029	clustered_SSD_tandem	chr9	37	926690	931690	1	0.126
clust0029	clustered_SSD_tandem	chr9	38	931690	936690	0	0.0
clust0029	clustered_SSD_tandem	chr9	39	936690	941690	0	0.0
clust0029	clustered_SSD_tandem	chr9	40	941690	946690	0	0.0
clust0029	clustered_SSD_tandem	chr9	41	946690	951690	0	0.0
clust0029	clustered_SSD_tandem	chr9	42	951690	956690	0	0.0
clust0029	clustered_SSD_tandem	chr9	43	956690	961690	0	0.0
clust0029	clustered_SSD_tandem	chr9	44	961690	966690	0	0.0
clust0029	clustered_SSD_tandem	chr9	45	966690	971690	0	0.0
clust0029	clustered_SSD_tandem	chr9	46	971690	976690	0	0.0
clust0029	clustered_SSD_tandem	chr9	47	976690	981690	0	0.0
clust0029	clustered_SSD_tandem	chr9	48	981690	986690	0	0.0
clust0029	clustered_SSD_tandem	chr9	49	986690	991690	0	0.0
clust0029	clustered_SSD_tandem	chr9	50	991690	996690	0	0.0
clust0029	clustered_SSD_tandem	chr9	51	996690	1001690	2	0.252
clust0029	clustered_SSD_tandem	chr9	52	1001690	1006690	0	0.0
clust0029	clustered_SSD_tandem	chr9	53	1006690	1011690	1	0.126
clust0029	clustered_SSD_tandem	chr9	54	1011690	1016690	0	0.0
clust0029	clustered_SSD_tandem	chr9	55	1016690	1021690	0	0.0
clust0029	clustered_SSD_tandem	chr9	56	1021690	1026690	0	0.0
clust0029	clustered_SSD_tandem	chr9	57	1026690	1031690	0	0.0
clust0029	clustered_SSD_tandem	chr9	58	1031690	1036690	0	0.0
clust0029	clustered_SSD_tandem	chr9	59	1036690	1041690	0	0.0
clust0029	clustered_SSD_tandem	chr9	60	1041690	1046690	0	0.0
clust0029	clustered_SSD_tandem	chr9	61	1046690	1051690	0	0.0
clust0029	clustered_SSD_tandem	chr9	62	1051690	1056690	0	0.0
clust0029	clustered_SSD_tandem	chr9	63	1056690	1061690	0	0.0
clust0029	clustered_SSD_tandem	chr9	64	1061690	1066690	0	0.0
clust0029	clustered_SSD_tandem	chr9	65	1066690	1071690	0	0.0
clust0029	clustered_SSD_tandem	chr9	66	1071690	1076690	0	0.0
clust0029	clustered_SSD_tandem	chr9	67	1076690	1081690	0	0.0
clust0029	clustered_SSD_tandem	chr9	68	1081690	1086690	0	0.0
clust0029	clustered_SSD_tandem	chr9	69	1086690	1091690	0	0.0
clust0029	clustered_SSD_tandem	chr9	70	1091690	1096690	0	0.0
clust0029	clustered_SSD_tandem	chr9	71	1096690	1101690	0	0.0
clust0029	clustered_SSD_tandem	chr9	72	1101690	1106690	0	0.0
clust0029	clustered_SSD_tandem	chr9	73	1106690	1111690	0	0.0
clust0029	clustered_SSD_tandem	chr9	74	1111690	1116690	0	0.0
clust0029	clustered_SSD_tandem	chr9	75	1116690	1121690	0	0.0
clust0029	clustered_SSD_tandem	chr9	76	1121690	1126690	0	0.0
clust0029	clustered_SSD_tandem	chr9	77	1126690	1131690	0	0.0
clust0029	clustered_SSD_tandem	chr9	78	1131690	1136690	0	0.0
clust0029	clustered_SSD_tandem	chr9	79	1136690	1141690	0	0.0
clust0029	clustered_SSD_tandem	chr9	80	1141690	1146690	0	0.0
clust0029	clustered_SSD_tandem	chr9	81	1146690	1151690	0	0.0
clust0029	clustered_SSD_tandem	chr9	82	1151690	1156690	0	0.0
clust0029	clustered_SSD_tandem	chr9	83	1156690	1157552	0	0.0
clust0004	clustered_SSD_tandem	chr9	0	122808056	122813056	2	0.252
clust0004	clustered_SSD_tandem	chr9	1	122813056	122818056	0	0.0
clust0004	clustered_SSD_tandem	chr9	2	122818056	122823056	0	0.0
clust0004	clustered_SSD_tandem	chr9	3	122823056	122828056	0	0.0
clust0004	clustered_SSD_tandem	chr9	4	122828056	122833056	0	0.0
clust0004	clustered_SSD_tandem	chr9	5	122833056	122838056	2	0.252
clust0004	clustered_SSD_tandem	chr9	6	122838056	122843056	0	0.0
clust0004	clustered_SSD_tandem	chr9	7	122843056	122848056	0	0.0
clust0004	clustered_SSD_tandem	chr9	8	122848056	122853056	0	0.0
clust0004	clustered_SSD_tandem	chr9	9	122853056	122858056	0	0.0
clust0004	clustered_SSD_tandem	chr9	10	122858056	122863056	0	0.0
clust0004	clustered_SSD_tandem	chr9	11	122863056	122868056	0	0.0
clust0004	clustered_SSD_tandem	chr9	12	122868056	122873056	0	0.0
clust0004	clustered_SSD_tandem	chr9	13	122873056	122878056	0	0.0
clust0004	clustered_SSD_tandem	chr9	14	122878056	122883056	0	0.0
clust0004	clustered_SSD_tandem	chr9	15	122883056	122888056	0	0.0
clust0004	clustered_SSD_tandem	chr9	16	122888056	122893056	0	0.0
clust0004	clustered_SSD_tandem	chr9	17	122893056	122898056	0	0.0
clust0004	clustered_SSD_tandem	chr9	18	122898056	122903056	0	0.0
clust0004	clustered_SSD_tandem	chr9	19	122903056	122908056	0	0.0
clust0004	clustered_SSD_tandem	chr9	20	122908056	122913056	0	0.0
clust0004	clustered_SSD_tandem	chr9	21	122913056	122918056	0	0.0
clust0004	clustered_SSD_tandem	chr9	22	122918056	122923056	0	0.0
clust0004	clustered_SSD_tandem	chr9	23	122923056	122928056	0	0.0
clust0004	clustered_SSD_tandem	chr9	24	122928056	122933056	0	0.0
clust0004	clustered_SSD_tandem	chr9	25	122933056	122938056	0	0.0
clust0004	clustered_SSD_tandem	chr9	26	122938056	122943056	0	0.0
clust0004	clustered_SSD_tandem	chr9	27	122943056	122948056	0	0.0
clust0004	clustered_SSD_tandem	chr9	28	122948056	122953056	0	0.0
clust0004	clustered_SSD_tandem	chr9	29	122953056	122958056	0	0.0
clust0004	clustered_SSD_tandem	chr9	30	122958056	122963056	0	0.0
clust0004	clustered_SSD_tandem	chr9	31	122963056	122968056	0	0.0
clust0004	clustered_SSD_tandem	chr9	32	122968056	122973056	0	0.0
clust0004	clustered_SSD_tandem	chr9	33	122973056	122978056	0	0.0
clust0004	clustered_SSD_tandem	chr9	34	122978056	122983056	0	0.0
clust0004	clustered_SSD_tandem	chr9	35	122983056	122988056	0	0.0
clust0004	clustered_SSD_tandem	chr9	36	122988056	122993056	2	0.1576
clust0004	clustered_SSD_tandem	chr9	37	122993056	122998056	0	0.0
clust0004	clustered_SSD_tandem	chr9	38	122998056	123003056	0	0.0
clust0004	clustered_SSD_tandem	chr9	39	123003056	123008056	0	0.0
clust0004	clustered_SSD_tandem	chr9	40	123008056	123013056	0	0.0
clust0004	clustered_SSD_tandem	chr9	41	123013056	123018056	0	0.0
clust0004	clustered_SSD_tandem	chr9	42	123018056	123023056	0	0.0
clust0004	clustered_SSD_tandem	chr9	43	123023056	123028056	0	0.0
clust0004	clustered_SSD_tandem	chr9	44	123028056	123031512	0	0.0
clust0005	clustered_SSD_tandem	chr9	0	126705006	126710006	3	0.2908
clust0005	clustered_SSD_tandem	chr9	1	126710006	126715006	0	0.0
clust0005	clustered_SSD_tandem	chr9	2	126715006	126720006	0	0.0
clust0005	clustered_SSD_tandem	chr9	3	126720006	126725006	0	0.0
clust0005	clustered_SSD_tandem	chr9	4	126725006	126730006	0	0.0
clust0005	clustered_SSD_tandem	chr9	5	126730006	126735006	0	0.0
clust0005	clustered_SSD_tandem	chr9	6	126735006	126740006	0	0.0
clust0005	clustered_SSD_tandem	chr9	7	126740006	126745006	0	0.0
clust0005	clustered_SSD_tandem	chr9	8	126745006	126750006	0	0.0
clust0005	clustered_SSD_tandem	chr9	9	126750006	126755006	0	0.0
clust0005	clustered_SSD_tandem	chr9	10	126755006	126760006	0	0.0
clust0005	clustered_SSD_tandem	chr9	11	126760006	126765006	0	0.0
clust0005	clustered_SSD_tandem	chr9	12	126765006	126770006	0	0.0
clust0005	clustered_SSD_tandem	chr9	13	126770006	126775006	1	0.126
clust0005	clustered_SSD_tandem	chr9	14	126775006	126780006	0	0.0
clust0005	clustered_SSD_tandem	chr9	15	126780006	126785006	1	0.0692
clust0005	clustered_SSD_tandem	chr9	16	126785006	126790006	0	0.0
clust0005	clustered_SSD_tandem	chr9	17	126790006	126795006	0	0.0
clust0005	clustered_SSD_tandem	chr9	18	126795006	126800006	0	0.0
clust0005	clustered_SSD_tandem	chr9	19	126800006	126805006	0	0.0
clust0005	clustered_SSD_tandem	chr9	20	126805006	126810006	0	0.0
clust0005	clustered_SSD_tandem	chr9	21	126810006	126815006	0	0.0
clust0005	clustered_SSD_tandem	chr9	22	126815006	126820006	0	0.0
clust0005	clustered_SSD_tandem	chr9	23	126820006	126825006	0	0.0
clust0005	clustered_SSD_tandem	chr9	24	126825006	126830006	0	0.0
clust0005	clustered_SSD_tandem	chr9	25	126830006	126835006	0	0.0
clust0005	clustered_SSD_tandem	chr9	26	126835006	126840006	0	0.0
clust0005	clustered_SSD_tandem	chr9	27	126840006	126845006	0	0.0
clust0005	clustered_SSD_tandem	chr9	28	126845006	126850006	0	0.0
clust0005	clustered_SSD_tandem	chr9	29	126850006	126855006	0	0.0
clust0005	clustered_SSD_tandem	chr9	30	126855006	126860006	0	0.0
clust0005	clustered_SSD_tandem	chr9	31	126860006	126865006	2	0.1808
clust0005	clustered_SSD_tandem	chr9	32	126865006	126870006	0	0.0
clust0005	clustered_SSD_tandem	chr9	33	126870006	126875006	0	0.0
clust0005	clustered_SSD_tandem	chr9	34	126875006	126880006	0	0.0
clust0005	clustered_SSD_tandem	chr9	35	126880006	126885006	0	0.0
clust0005	clustered_SSD_tandem	chr9	36	126885006	126890006	0	0.0
clust0005	clustered_SSD_tandem	chr9	37	126890006	126895006	0	0.0
clust0005	clustered_SSD_tandem	chr9	38	126895006	126900006	0	0.0
clust0005	clustered_SSD_tandem	chr9	39	126900006	126905006	0	0.0
clust0005	clustered_SSD_tandem	chr9	40	126905006	126910006	0	0.0
clust0005	clustered_SSD_tandem	chr9	41	126910006	126915006	0	0.0
clust0005	clustered_SSD_tandem	chr9	42	126915006	126920006	0	0.0
clust0005	clustered_SSD_tandem	chr9	43	126920006	126925006	0	0.0
clust0005	clustered_SSD_tandem	chr9	44	126925006	126930006	0	0.0
clust0005	clustered_SSD_tandem	chr9	45	126930006	126935006	0	0.0
clust0005	clustered_SSD_tandem	chr9	46	126935006	126940006	0	0.0
clust0005	clustered_SSD_tandem	chr9	47	126940006	126945006	2	0.1818
clust0005	clustered_SSD_tandem	chr9	48	126945006	126950006	0	0.0
clust0005	clustered_SSD_tandem	chr9	49	126950006	126955006	0	0.0
clust0005	clustered_SSD_tandem	chr9	50	126955006	126960006	0	0.0
clust0005	clustered_SSD_tandem	chr9	51	126960006	126965006	0	0.0
clust0005	clustered_SSD_tandem	chr9	52	126965006	126970006	2	0.1662
clust0005	clustered_SSD_tandem	chr9	53	126970006	126975006	0	0.0
clust0005	clustered_SSD_tandem	chr9	54	126975006	126980006	0	0.0
clust0005	clustered_SSD_tandem	chr9	55	126980006	126985006	0	0.0
clust0005	clustered_SSD_tandem	chr9	56	126985006	126985878	0	0.243119
clust0055	clustered_SSD_tandem	chrX	0	119972264	119977264	0	0.0
clust0055	clustered_SSD_tandem	chrX	1	119977264	119982264	0	0.0
clust0055	clustered_SSD_tandem	chrX	2	119982264	119987264	0	0.0
clust0055	clustered_SSD_tandem	chrX	3	119987264	119992264	0	0.0
clust0055	clustered_SSD_tandem	chrX	4	119992264	119997264	0	0.0
clust0055	clustered_SSD_tandem	chrX	5	119997264	120002264	0	0.0
clust0055	clustered_SSD_tandem	chrX	6	120002264	120007264	0	0.0
clust0055	clustered_SSD_tandem	chrX	7	120007264	120012264	0	0.0
clust0055	clustered_SSD_tandem	chrX	8	120012264	120017264	0	0.0
clust0055	clustered_SSD_tandem	chrX	9	120017264	120022264	0	0.0
clust0055	clustered_SSD_tandem	chrX	10	120022264	120027264	0	0.0
clust0055	clustered_SSD_tandem	chrX	11	120027264	120032264	0	0.0
clust0055	clustered_SSD_tandem	chrX	12	120032264	120037264	0	0.0
clust0055	clustered_SSD_tandem	chrX	13	120037264	120042264	0	0.0
clust0055	clustered_SSD_tandem	chrX	14	120042264	120047264	0	0.0
clust0055	clustered_SSD_tandem	chrX	15	120047264	120052264	0	0.0
clust0055	clustered_SSD_tandem	chrX	16	120052264	120057264	0	0.0
clust0055	clustered_SSD_tandem	chrX	17	120057264	120062264	0	0.0
clust0055	clustered_SSD_tandem	chrX	18	120062264	120067264	0	0.0
clust0055	clustered_SSD_tandem	chrX	19	120067264	120072264	0	0.0
clust0055	clustered_SSD_tandem	chrX	20	120072264	120077264	0	0.0
clust0055	clustered_SSD_tandem	chrX	21	120077264	120082264	0	0.0
clust0055	clustered_SSD_tandem	chrX	22	120082264	120087264	0	0.0
clust0055	clustered_SSD_tandem	chrX	23	120087264	120092264	0	0.0
clust0055	clustered_SSD_tandem	chrX	24	120092264	120097264	0	0.0
clust0055	clustered_SSD_tandem	chrX	25	120097264	120102264	0	0.0
clust0055	clustered_SSD_tandem	chrX	26	120102264	120107264	0	0.0
clust0055	clustered_SSD_tandem	chrX	27	120107264	120112264	0	0.0
clust0055	clustered_SSD_tandem	chrX	28	120112264	120117264	0	0.0
clust0055	clustered_SSD_tandem	chrX	29	120117264	120122264	0	0.0
clust0055	clustered_SSD_tandem	chrX	30	120122264	120127264	0	0.0
clust0055	clustered_SSD_tandem	chrX	31	120127264	120132264	0	0.0
clust0055	clustered_SSD_tandem	chrX	32	120132264	120137264	0	0.0
clust0055	clustered_SSD_tandem	chrX	33	120137264	120142264	0	0.0
clust0055	clustered_SSD_tandem	chrX	34	120142264	120147264	0	0.0
clust0055	clustered_SSD_tandem	chrX	35	120147264	120152264	0	0.0
clust0055	clustered_SSD_tandem	chrX	36	120152264	120157264	0	0.0
clust0055	clustered_SSD_tandem	chrX	37	120157264	120162264	0	0.0
clust0055	clustered_SSD_tandem	chrX	38	120162264	120167264	0	0.0
clust0055	clustered_SSD_tandem	chrX	39	120167264	120172264	0	0.0
clust0055	clustered_SSD_tandem	chrX	40	120172264	120177264	0	0.0
clust0055	clustered_SSD_tandem	chrX	41	120177264	120182264	0	0.0
clust0055	clustered_SSD_tandem	chrX	42	120182264	120187264	0	0.0
clust0055	clustered_SSD_tandem	chrX	43	120187264	120192264	0	0.0
clust0055	clustered_SSD_tandem	chrX	44	120192264	120197264	0	0.0
clust0055	clustered_SSD_tandem	chrX	45	120197264	120202264	0	0.0
clust0055	clustered_SSD_tandem	chrX	46	120202264	120207264	0	0.0
clust0055	clustered_SSD_tandem	chrX	47	120207264	120212264	0	0.0
clust0055	clustered_SSD_tandem	chrX	48	120212264	120217264	1	0.126
clust0055	clustered_SSD_tandem	chrX	49	120217264	120222264	0	0.0
clust0055	clustered_SSD_tandem	chrX	50	120222264	120227264	0	0.0
clust0055	clustered_SSD_tandem	chrX	51	120227264	120232264	0	0.0
clust0055	clustered_SSD_tandem	chrX	52	120232264	120237264	0	0.0
clust0055	clustered_SSD_tandem	chrX	53	120237264	120242264	0	0.0
clust0055	clustered_SSD_tandem	chrX	54	120242264	120247264	0	0.0
clust0055	clustered_SSD_tandem	chrX	55	120247264	120252264	2	0.252
clust0055	clustered_SSD_tandem	chrX	56	120252264	120257264	0	0.0
clust0055	clustered_SSD_tandem	chrX	57	120257264	120262264	0	0.0
clust0055	clustered_SSD_tandem	chrX	58	120262264	120267264	0	0.0
clust0055	clustered_SSD_tandem	chrX	59	120267264	120272264	0	0.0
clust0055	clustered_SSD_tandem	chrX	60	120272264	120277264	0	0.0
clust0055	clustered_SSD_tandem	chrX	61	120277264	120282264	0	0.0
clust0055	clustered_SSD_tandem	chrX	62	120282264	120287264	0	0.0
clust0055	clustered_SSD_tandem	chrX	63	120287264	120292264	0	0.0
clust0055	clustered_SSD_tandem	chrX	64	120292264	120297264	0	0.0
clust0055	clustered_SSD_tandem	chrX	65	120297264	120302264	0	0.0
clust0055	clustered_SSD_tandem	chrX	66	120302264	120307264	0	0.0
clust0055	clustered_SSD_tandem	chrX	67	120307264	120312264	2	0.252
clust0055	clustered_SSD_tandem	chrX	68	120312264	120317264	0	0.0
clust0055	clustered_SSD_tandem	chrX	69	120317264	120322264	1	0.126
clust0055	clustered_SSD_tandem	chrX	70	120322264	120327264	0	0.0
clust0055	clustered_SSD_tandem	chrX	71	120327264	120332264	0	0.0
clust0055	clustered_SSD_tandem	chrX	72	120332264	120337264	0	0.0
clust0055	clustered_SSD_tandem	chrX	73	120337264	120342264	0	0.0
clust0055	clustered_SSD_tandem	chrX	74	120342264	120345267	0	0.0
clust0002	clustered_cis_ohnolog	chr1	0	32365072	32370072	0	0.0
clust0002	clustered_cis_ohnolog	chr1	1	32370072	32375072	2	0.252
clust0002	clustered_cis_ohnolog	chr1	2	32375072	32380072	0	0.0
clust0002	clustered_cis_ohnolog	chr1	3	32380072	32385072	0	0.0
clust0002	clustered_cis_ohnolog	chr1	4	32385072	32390072	0	0.0
clust0002	clustered_cis_ohnolog	chr1	5	32390072	32395072	0	0.0
clust0002	clustered_cis_ohnolog	chr1	6	32395072	32400072	0	0.0
clust0002	clustered_cis_ohnolog	chr1	7	32400072	32405072	2	0.1778
clust0002	clustered_cis_ohnolog	chr1	8	32405072	32410072	0	0.0
clust0002	clustered_cis_ohnolog	chr1	9	32410072	32415072	2	0.1758
clust0002	clustered_cis_ohnolog	chr1	10	32415072	32420072	0	0.0
clust0002	clustered_cis_ohnolog	chr1	11	32420072	32425072	0	0.0
clust0002	clustered_cis_ohnolog	chr1	12	32425072	32430072	0	0.0
clust0002	clustered_cis_ohnolog	chr1	13	32430072	32435072	0	0.0
clust0002	clustered_cis_ohnolog	chr1	14	32435072	32440072	0	0.0
clust0002	clustered_cis_ohnolog	chr1	15	32440072	32445072	0	0.0
clust0002	clustered_cis_ohnolog	chr1	16	32445072	32450072	1	0.126
clust0002	clustered_cis_ohnolog	chr1	17	32450072	32455072	0	0.0
clust0002	clustered_cis_ohnolog	chr1	18	32455072	32460072	0	0.0
clust0002	clustered_cis_ohnolog	chr1	19	32460072	32465072	0	0.0
clust0002	clustered_cis_ohnolog	chr1	20	32465072	32470072	0	0.0
clust0002	clustered_cis_ohnolog	chr1	21	32470072	32475072	0	0.0
clust0002	clustered_cis_ohnolog	chr1	22	32475072	32480072	0	0.0
clust0002	clustered_cis_ohnolog	chr1	23	32480072	32485072	0	0.0
clust0002	clustered_cis_ohnolog	chr1	24	32485072	32490072	0	0.0
clust0002	clustered_cis_ohnolog	chr1	25	32490072	32495072	0	0.0
clust0002	clustered_cis_ohnolog	chr1	26	32495072	32500072	0	0.0
clust0002	clustered_cis_ohnolog	chr1	27	32500072	32505072	0	0.0
clust0002	clustered_cis_ohnolog	chr1	28	32505072	32510072	0	0.0
clust0002	clustered_cis_ohnolog	chr1	29	32510072	32515072	0	0.0
clust0002	clustered_cis_ohnolog	chr1	30	32515072	32520072	0	0.0
clust0002	clustered_cis_ohnolog	chr1	31	32520072	32525072	2	0.185
clust0002	clustered_cis_ohnolog	chr1	32	32525072	32530072	0	0.0
clust0002	clustered_cis_ohnolog	chr1	33	32530072	32535072	0	0.0
clust0002	clustered_cis_ohnolog	chr1	34	32535072	32540072	0	0.0
clust0002	clustered_cis_ohnolog	chr1	35	32540072	32545072	0	0.0
clust0002	clustered_cis_ohnolog	chr1	36	32545072	32550072	0	0.0
clust0002	clustered_cis_ohnolog	chr1	37	32550072	32555072	0	0.0
clust0002	clustered_cis_ohnolog	chr1	38	32555072	32560072	0	0.0
clust0002	clustered_cis_ohnolog	chr1	39	32560072	32565072	0	0.0
clust0002	clustered_cis_ohnolog	chr1	40	32565072	32570072	0	0.0
clust0002	clustered_cis_ohnolog	chr1	41	32570072	32575072	0	0.0
clust0002	clustered_cis_ohnolog	chr1	42	32575072	32580072	0	0.0
clust0002	clustered_cis_ohnolog	chr1	43	32580072	32585072	0	0.0
clust0002	clustered_cis_ohnolog	chr1	44	32585072	32590072	0	0.0
clust0002	clustered_cis_ohnolog	chr1	45	32590072	32595072	0	0.0
clust0002	clustered_cis_ohnolog	chr1	46	32595072	32600072	0	0.0
clust0002	clustered_cis_ohnolog	chr1	47	32600072	32605072	0	0.0
clust0002	clustered_cis_ohnolog	chr1	48	32605072	32610072	0	0.0
clust0002	clustered_cis_ohnolog	chr1	49	32610072	32615072	0	0.0
clust0002	clustered_cis_ohnolog	chr1	50	32615072	32620072	0	0.0
clust0002	clustered_cis_ohnolog	chr1	51	32620072	32625072	0	0.0
clust0002	clustered_cis_ohnolog	chr1	52	32625072	32630072	0	0.0
clust0002	clustered_cis_ohnolog	chr1	53	32630072	32635072	0	0.0
clust0002	clustered_cis_ohnolog	chr1	54	32635072	32640072	0	0.0
clust0002	clustered_cis_ohnolog	chr1	55	32640072	32645072	0	0.0
clust0002	clustered_cis_ohnolog	chr1	56	32645072	32650072	0	0.0
clust0002	clustered_cis_ohnolog	chr1	57	32650072	32655072	0	0.0
clust0002	clustered_cis_ohnolog	chr1	58	32655072	32660072	0	0.0
clust0002	clustered_cis_ohnolog	chr1	59	32660072	32665072	0	0.0
clust0002	clustered_cis_ohnolog	chr1	60	32665072	32670072	0	0.0
clust0002	clustered_cis_ohnolog	chr1	61	32670072	32675072	0	0.0
clust0002	clustered_cis_ohnolog	chr1	62	32675072	32680072	0	0.0
clust0002	clustered_cis_ohnolog	chr1	63	32680072	32685072	0	0.0
clust0002	clustered_cis_ohnolog	chr1	64	32685072	32690072	0	0.0
clust0002	clustered_cis_ohnolog	chr1	65	32690072	32695072	0	0.0
clust0002	clustered_cis_ohnolog	chr1	66	32695072	32700072	0	0.0
clust0002	clustered_cis_ohnolog	chr1	67	32700072	32705072	0	0.0
clust0002	clustered_cis_ohnolog	chr1	68	32705072	32705941	0	0.0
clust0034	clustered_cis_ohnolog	chr1	0	47316285	47321285	0	0.0
clust0034	clustered_cis_ohnolog	chr1	1	47321285	47326285	0	0.0
clust0034	clustered_cis_ohnolog	chr1	2	47326285	47331285	0	0.0
clust0034	clustered_cis_ohnolog	chr1	3	47331285	47336285	0	0.0
clust0034	clustered_cis_ohnolog	chr1	4	47336285	47341285	1	0.126
clust0034	clustered_cis_ohnolog	chr1	5	47341285	47346285	0	0.0
clust0034	clustered_cis_ohnolog	chr1	6	47346285	47351285	0	0.0
clust0034	clustered_cis_ohnolog	chr1	7	47351285	47356285	0	0.0
clust0034	clustered_cis_ohnolog	chr1	8	47356285	47361285	0	0.0
clust0034	clustered_cis_ohnolog	chr1	9	47361285	47366285	0	0.0
clust0034	clustered_cis_ohnolog	chr1	10	47366285	47371285	0	0.0
clust0034	clustered_cis_ohnolog	chr1	11	47371285	47376285	0	0.0
clust0034	clustered_cis_ohnolog	chr1	12	47376285	47381285	0	0.0
clust0034	clustered_cis_ohnolog	chr1	13	47381285	47386285	0	0.0
clust0034	clustered_cis_ohnolog	chr1	14	47386285	47391285	2	0.252
clust0034	clustered_cis_ohnolog	chr1	15	47391285	47396285	0	0.0
clust0034	clustered_cis_ohnolog	chr1	16	47396285	47401285	0	0.0
clust0034	clustered_cis_ohnolog	chr1	17	47401285	47406285	0	0.0
clust0034	clustered_cis_ohnolog	chr1	18	47406285	47411285	0	0.0
clust0034	clustered_cis_ohnolog	chr1	19	47411285	47416285	0	0.0
clust0034	clustered_cis_ohnolog	chr1	20	47416285	47421285	0	0.0
clust0034	clustered_cis_ohnolog	chr1	21	47421285	47426285	2	0.252
clust0034	clustered_cis_ohnolog	chr1	22	47426285	47431285	0	0.0
clust0034	clustered_cis_ohnolog	chr1	23	47431285	47436285	3	0.378
clust0034	clustered_cis_ohnolog	chr1	24	47436285	47441285	2	0.102
clust0034	clustered_cis_ohnolog	chr1	25	47441285	47446285	0	0.0
clust0034	clustered_cis_ohnolog	chr1	26	47446285	47451285	0	0.0
clust0034	clustered_cis_ohnolog	chr1	27	47451285	47456285	0	0.0
clust0034	clustered_cis_ohnolog	chr1	28	47456285	47461285	0	0.0
clust0034	clustered_cis_ohnolog	chr1	29	47461285	47466285	0	0.0
clust0034	clustered_cis_ohnolog	chr1	30	47466285	47471285	0	0.0
clust0034	clustered_cis_ohnolog	chr1	31	47471285	47476285	0	0.0
clust0034	clustered_cis_ohnolog	chr1	32	47476285	47481285	0	0.0
clust0034	clustered_cis_ohnolog	chr1	33	47481285	47486285	0	0.0
clust0034	clustered_cis_ohnolog	chr1	34	47486285	47491285	0	0.0
clust0034	clustered_cis_ohnolog	chr1	35	47491285	47496285	0	0.0
clust0034	clustered_cis_ohnolog	chr1	36	47496285	47501285	0	0.0
clust0034	clustered_cis_ohnolog	chr1	37	47501285	47506285	0	0.0
clust0034	clustered_cis_ohnolog	chr1	38	47506285	47511285	0	0.0
clust0034	clustered_cis_ohnolog	chr1	39	47511285	47516285	0	0.0
clust0034	clustered_cis_ohnolog	chr1	40	47516285	47521285	0	0.0
clust0034	clustered_cis_ohnolog	chr1	41	47521285	47526285	0	0.0
clust0034	clustered_cis_ohnolog	chr1	42	47526285	47531285	0	0.0
clust0034	clustered_cis_ohnolog	chr1	43	47531285	47536285	0	0.0
clust0034	clustered_cis_ohnolog	chr1	44	47536285	47540691	0	0.0
clust0030	clustered_cis_ohnolog	chr1	0	156992043	156997043	0	0.0
clust0030	clustered_cis_ohnolog	chr1	1	156997043	157002043	0	0.0
clust0030	clustered_cis_ohnolog	chr1	2	157002043	157007043	0	0.0
clust0030	clustered_cis_ohnolog	chr1	3	157007043	157012043	0	0.0
clust0030	clustered_cis_ohnolog	chr1	4	157012043	157017043	0	0.0
clust0030	clustered_cis_ohnolog	chr1	5	157017043	157022043	0	0.0
clust0030	clustered_cis_ohnolog	chr1	6	157022043	157027043	0	0.0
clust0030	clustered_cis_ohnolog	chr1	7	157027043	157032043	0	0.0
clust0030	clustered_cis_ohnolog	chr1	8	157032043	157037043	0	0.0
clust0030	clustered_cis_ohnolog	chr1	9	157037043	157042043	0	0.0
clust0030	clustered_cis_ohnolog	chr1	10	157042043	157047043	0	0.0
clust0030	clustered_cis_ohnolog	chr1	11	157047043	157052043	0	0.0
clust0030	clustered_cis_ohnolog	chr1	12	157052043	157057043	0	0.0
clust0030	clustered_cis_ohnolog	chr1	13	157057043	157062043	0	0.0
clust0030	clustered_cis_ohnolog	chr1	14	157062043	157067043	0	0.0
clust0030	clustered_cis_ohnolog	chr1	15	157067043	157072043	0	0.0
clust0030	clustered_cis_ohnolog	chr1	16	157072043	157077043	0	0.0
clust0030	clustered_cis_ohnolog	chr1	17	157077043	157082043	0	0.0
clust0030	clustered_cis_ohnolog	chr1	18	157082043	157087043	0	0.0
clust0030	clustered_cis_ohnolog	chr1	19	157087043	157092043	2	0.1094
clust0030	clustered_cis_ohnolog	chr1	20	157092043	157097043	0	0.0
clust0030	clustered_cis_ohnolog	chr1	21	157097043	157102043	0	0.0
clust0030	clustered_cis_ohnolog	chr1	22	157102043	157107043	0	0.0
clust0030	clustered_cis_ohnolog	chr1	23	157107043	157112043	0	0.0
clust0030	clustered_cis_ohnolog	chr1	24	157112043	157117043	0	0.0
clust0030	clustered_cis_ohnolog	chr1	25	157117043	157122043	0	0.0
clust0030	clustered_cis_ohnolog	chr1	26	157122043	157127043	0	0.0
clust0030	clustered_cis_ohnolog	chr1	27	157127043	157132043	0	0.0
clust0030	clustered_cis_ohnolog	chr1	28	157132043	157137043	0	0.0
clust0030	clustered_cis_ohnolog	chr1	29	157137043	157142043	0	0.0
clust0030	clustered_cis_ohnolog	chr1	30	157142043	157147043	0	0.0
clust0030	clustered_cis_ohnolog	chr1	31	157147043	157152043	0	0.0
clust0030	clustered_cis_ohnolog	chr1	32	157152043	157157043	1	0.0732
clust0030	clustered_cis_ohnolog	chr1	33	157157043	157162043	0	0.0
clust0030	clustered_cis_ohnolog	chr1	34	157162043	157167043	2	0.0904
clust0030	clustered_cis_ohnolog	chr1	35	157167043	157172043	2	0.252
clust0030	clustered_cis_ohnolog	chr1	36	157172043	157177043	0	0.0
clust0030	clustered_cis_ohnolog	chr1	37	157177043	157182043	0	0.0
clust0030	clustered_cis_ohnolog	chr1	38	157182043	157187043	0	0.0
clust0030	clustered_cis_ohnolog	chr1	39	157187043	157192043	0	0.0
clust0030	clustered_cis_ohnolog	chr1	40	157192043	157197043	2	0.252
clust0030	clustered_cis_ohnolog	chr1	41	157197043	157202043	0	0.0
clust0030	clustered_cis_ohnolog	chr1	42	157202043	157207043	0	0.0
clust0030	clustered_cis_ohnolog	chr1	43	157207043	157212043	0	0.0
clust0030	clustered_cis_ohnolog	chr1	44	157212043	157217043	0	0.0
clust0030	clustered_cis_ohnolog	chr1	45	157217043	157222043	0	0.0
clust0030	clustered_cis_ohnolog	chr1	46	157222043	157227043	0	0.0
clust0030	clustered_cis_ohnolog	chr1	47	157227043	157232043	0	0.0
clust0030	clustered_cis_ohnolog	chr1	48	157232043	157237043	0	0.0
clust0030	clustered_cis_ohnolog	chr1	49	157237043	157238474	0	0.0
clust0039	clustered_cis_ohnolog	chr1	0	164455584	164460584	0	0.0
clust0039	clustered_cis_ohnolog	chr1	1	164460584	164465584	0	0.0
clust0039	clustered_cis_ohnolog	chr1	2	164465584	164470584	0	0.0
clust0039	clustered_cis_ohnolog	chr1	3	164470584	164475584	0	0.0
clust0039	clustered_cis_ohnolog	chr1	4	164475584	164480584	0	0.0
clust0039	clustered_cis_ohnolog	chr1	5	164480584	164485584	0	0.0
clust0039	clustered_cis_ohnolog	chr1	6	164485584	164490584	0	0.0
clust0039	clustered_cis_ohnolog	chr1	7	164490584	164495584	0	0.0
clust0039	clustered_cis_ohnolog	chr1	8	164495584	164500584	0	0.0
clust0039	clustered_cis_ohnolog	chr1	9	164500584	164505584	0	0.0
clust0039	clustered_cis_ohnolog	chr1	10	164505584	164510584	0	0.0
clust0039	clustered_cis_ohnolog	chr1	11	164510584	164515584	0	0.0
clust0039	clustered_cis_ohnolog	chr1	12	164515584	164520584	0	0.0
clust0039	clustered_cis_ohnolog	chr1	13	164520584	164525584	0	0.0
clust0039	clustered_cis_ohnolog	chr1	14	164525584	164530584	0	0.0
clust0039	clustered_cis_ohnolog	chr1	15	164530584	164535584	0	0.0
clust0039	clustered_cis_ohnolog	chr1	16	164535584	164540584	0	0.0
clust0039	clustered_cis_ohnolog	chr1	17	164540584	164545584	0	0.0
clust0039	clustered_cis_ohnolog	chr1	18	164545584	164550584	0	0.0
clust0039	clustered_cis_ohnolog	chr1	19	164550584	164555584	0	0.0
clust0039	clustered_cis_ohnolog	chr1	20	164555584	164560584	0	0.0
clust0039	clustered_cis_ohnolog	chr1	21	164560584	164565584	0	0.0
clust0039	clustered_cis_ohnolog	chr1	22	164565584	164570584	0	0.0
clust0039	clustered_cis_ohnolog	chr1	23	164570584	164575584	0	0.0
clust0039	clustered_cis_ohnolog	chr1	24	164575584	164580584	0	0.0
clust0039	clustered_cis_ohnolog	chr1	25	164580584	164585584	0	0.0
clust0039	clustered_cis_ohnolog	chr1	26	164585584	164590584	0	0.0
clust0039	clustered_cis_ohnolog	chr1	27	164590584	164595584	0	0.0
clust0039	clustered_cis_ohnolog	chr1	28	164595584	164600584	0	0.0
clust0039	clustered_cis_ohnolog	chr1	29	164600584	164605584	0	0.0
clust0039	clustered_cis_ohnolog	chr1	30	164605584	164610584	0	0.0
clust0039	clustered_cis_ohnolog	chr1	31	164610584	164615584	0	0.0
clust0039	clustered_cis_ohnolog	chr1	32	164615584	164620584	0	0.0
clust0039	clustered_cis_ohnolog	chr1	33	164620584	164625584	0	0.0
clust0039	clustered_cis_ohnolog	chr1	34	164625584	164630584	0	0.0
clust0039	clustered_cis_ohnolog	chr1	35	164630584	164635584	0	0.0
clust0039	clustered_cis_ohnolog	chr1	36	164635584	164640584	0	0.0
clust0039	clustered_cis_ohnolog	chr1	37	164640584	164645584	0	0.0
clust0039	clustered_cis_ohnolog	chr1	38	164645584	164650584	0	0.0
clust0039	clustered_cis_ohnolog	chr1	39	164650584	164655584	0	0.0
clust0039	clustered_cis_ohnolog	chr1	40	164655584	164660584	0	0.0
clust0039	clustered_cis_ohnolog	chr1	41	164660584	164665584	0	0.0
clust0039	clustered_cis_ohnolog	chr1	42	164665584	164670584	0	0.0
clust0039	clustered_cis_ohnolog	chr1	43	164670584	164675584	0	0.0
clust0039	clustered_cis_ohnolog	chr1	44	164675584	164680584	0	0.0
clust0039	clustered_cis_ohnolog	chr1	45	164680584	164685584	0	0.0
clust0039	clustered_cis_ohnolog	chr1	46	164685584	164690584	0	0.0
clust0039	clustered_cis_ohnolog	chr1	47	164690584	164695584	0	0.0
clust0039	clustered_cis_ohnolog	chr1	48	164695584	164700584	0	0.0
clust0039	clustered_cis_ohnolog	chr1	49	164700584	164705584	0	0.0
clust0039	clustered_cis_ohnolog	chr1	50	164705584	164710584	0	0.0
clust0039	clustered_cis_ohnolog	chr1	51	164710584	164715584	0	0.0
clust0039	clustered_cis_ohnolog	chr1	52	164715584	164720584	0	0.0
clust0039	clustered_cis_ohnolog	chr1	53	164720584	164725584	0	0.0
clust0039	clustered_cis_ohnolog	chr1	54	164725584	164730584	0	0.0
clust0039	clustered_cis_ohnolog	chr1	55	164730584	164735584	0	0.0
clust0039	clustered_cis_ohnolog	chr1	56	164735584	164740584	0	0.0
clust0039	clustered_cis_ohnolog	chr1	57	164740584	164745584	0	0.0
clust0039	clustered_cis_ohnolog	chr1	58	164745584	164750584	0	0.0
clust0039	clustered_cis_ohnolog	chr1	59	164750584	164755584	0	0.0
clust0039	clustered_cis_ohnolog	chr1	60	164755584	164760584	0	0.0
clust0039	clustered_cis_ohnolog	chr1	61	164760584	164765584	0	0.0
clust0039	clustered_cis_ohnolog	chr1	62	164765584	164770584	0	0.0
clust0039	clustered_cis_ohnolog	chr1	63	164770584	164775584	0	0.0
clust0039	clustered_cis_ohnolog	chr1	64	164775584	164780584	0	0.0
clust0039	clustered_cis_ohnolog	chr1	65	164780584	164785584	0	0.0
clust0039	clustered_cis_ohnolog	chr1	66	164785584	164790584	2	0.252
clust0039	clustered_cis_ohnolog	chr1	67	164790584	164795584	0	0.0
clust0039	clustered_cis_ohnolog	chr1	68	164795584	164800584	0	0.0
clust0039	clustered_cis_ohnolog	chr1	69	164800584	164805584	0	0.0
clust0039	clustered_cis_ohnolog	chr1	70	164805584	164810584	0	0.0
clust0039	clustered_cis_ohnolog	chr1	71	164810584	164815584	0	0.0
clust0039	clustered_cis_ohnolog	chr1	72	164815584	164820584	0	0.0
clust0039	clustered_cis_ohnolog	chr1	73	164820584	164825584	0	0.0
clust0039	clustered_cis_ohnolog	chr1	74	164825584	164830584	0	0.0
clust0039	clustered_cis_ohnolog	chr1	75	164830584	164835584	0	0.0
clust0039	clustered_cis_ohnolog	chr1	76	164835584	164840584	0	0.0
clust0039	clustered_cis_ohnolog	chr1	77	164840584	164845584	0	0.0
clust0039	clustered_cis_ohnolog	chr1	78	164845584	164850584	0	0.0
clust0039	clustered_cis_ohnolog	chr1	79	164850584	164855584	0	0.0
clust0039	clustered_cis_ohnolog	chr1	80	164855584	164860584	0	0.0
clust0039	clustered_cis_ohnolog	chr1	81	164860584	164865584	0	0.0
clust0039	clustered_cis_ohnolog	chr1	82	164865584	164870584	0	0.0
clust0039	clustered_cis_ohnolog	chr1	83	164870584	164875584	0	0.0
clust0039	clustered_cis_ohnolog	chr1	84	164875584	164880584	0	0.0
clust0039	clustered_cis_ohnolog	chr1	85	164880584	164885584	0	0.0
clust0039	clustered_cis_ohnolog	chr1	86	164885584	164890584	0	0.0
clust0039	clustered_cis_ohnolog	chr1	87	164890584	164895584	0	0.0
clust0039	clustered_cis_ohnolog	chr1	88	164895584	164900584	0	0.0
clust0039	clustered_cis_ohnolog	chr1	89	164900584	164905584	0	0.0
clust0039	clustered_cis_ohnolog	chr1	90	164905584	164910584	0	0.0
clust0039	clustered_cis_ohnolog	chr1	91	164910584	164915584	0	0.0
clust0039	clustered_cis_ohnolog	chr1	92	164915584	164920584	0	0.0
clust0039	clustered_cis_ohnolog	chr1	93	164920584	164925584	0	0.0
clust0039	clustered_cis_ohnolog	chr1	94	164925584	164930584	0	0.0
clust0039	clustered_cis_ohnolog	chr1	95	164930584	164935584	0	0.0
clust0039	clustered_cis_ohnolog	chr1	96	164935584	164940584	0	0.0
clust0039	clustered_cis_ohnolog	chr1	97	164940584	164945584	0	0.0
clust0039	clustered_cis_ohnolog	chr1	98	164945584	164950584	0	0.0
clust0039	clustered_cis_ohnolog	chr1	99	164950584	164955584	0	0.0
clust0039	clustered_cis_ohnolog	chr1	100	164955584	164960584	0	0.0
clust0039	clustered_cis_ohnolog	chr1	101	164960584	164965584	0	0.0
clust0039	clustered_cis_ohnolog	chr1	102	164965584	164970584	0	0.0
clust0039	clustered_cis_ohnolog	chr1	103	164970584	164975584	0	0.0
clust0039	clustered_cis_ohnolog	chr1	104	164975584	164980584	0	0.0
clust0039	clustered_cis_ohnolog	chr1	105	164980584	164985584	0	0.0
clust0039	clustered_cis_ohnolog	chr1	106	164985584	164990584	0	0.0
clust0039	clustered_cis_ohnolog	chr1	107	164990584	164995584	0	0.0
clust0039	clustered_cis_ohnolog	chr1	108	164995584	165000584	0	0.0
clust0039	clustered_cis_ohnolog	chr1	109	165000584	165005584	0	0.0
clust0039	clustered_cis_ohnolog	chr1	110	165005584	165010584	0	0.0
clust0039	clustered_cis_ohnolog	chr1	111	165010584	165015584	0	0.0
clust0039	clustered_cis_ohnolog	chr1	112	165015584	165020584	0	0.0
clust0039	clustered_cis_ohnolog	chr1	113	165020584	165025584	0	0.0
clust0039	clustered_cis_ohnolog	chr1	114	165025584	165030584	0	0.0
clust0039	clustered_cis_ohnolog	chr1	115	165030584	165035584	0	0.0
clust0039	clustered_cis_ohnolog	chr1	116	165035584	165040584	0	0.0
clust0039	clustered_cis_ohnolog	chr1	117	165040584	165045584	0	0.0
clust0039	clustered_cis_ohnolog	chr1	118	165045584	165050584	0	0.0
clust0039	clustered_cis_ohnolog	chr1	119	165050584	165055584	0	0.0
clust0039	clustered_cis_ohnolog	chr1	120	165055584	165060584	0	0.0
clust0039	clustered_cis_ohnolog	chr1	121	165060584	165065584	0	0.0
clust0039	clustered_cis_ohnolog	chr1	122	165065584	165070584	0	0.0
clust0039	clustered_cis_ohnolog	chr1	123	165070584	165075584	0	0.0
clust0039	clustered_cis_ohnolog	chr1	124	165075584	165080584	0	0.0
clust0039	clustered_cis_ohnolog	chr1	125	165080584	165085584	0	0.0
clust0039	clustered_cis_ohnolog	chr1	126	165085584	165090584	0	0.0
clust0039	clustered_cis_ohnolog	chr1	127	165090584	165095584	0	0.0
clust0039	clustered_cis_ohnolog	chr1	128	165095584	165100584	0	0.0
clust0039	clustered_cis_ohnolog	chr1	129	165100584	165105584	0	0.0
clust0039	clustered_cis_ohnolog	chr1	130	165105584	165110584	0	0.0
clust0039	clustered_cis_ohnolog	chr1	131	165110584	165115584	2	0.252
clust0039	clustered_cis_ohnolog	chr1	132	165115584	165120584	0	0.0
clust0039	clustered_cis_ohnolog	chr1	133	165120584	165125584	0	0.0
clust0039	clustered_cis_ohnolog	chr1	134	165125584	165130584	0	0.0
clust0039	clustered_cis_ohnolog	chr1	135	165130584	165135584	0	0.0
clust0039	clustered_cis_ohnolog	chr1	136	165135584	165140584	0	0.0
clust0039	clustered_cis_ohnolog	chr1	137	165140584	165145584	2	0.252
clust0039	clustered_cis_ohnolog	chr1	138	165145584	165150584	0	0.0
clust0039	clustered_cis_ohnolog	chr1	139	165150584	165155584	0	0.0
clust0039	clustered_cis_ohnolog	chr1	140	165155584	165160584	0	0.0
clust0039	clustered_cis_ohnolog	chr1	141	165160584	165165584	0	0.0
clust0039	clustered_cis_ohnolog	chr1	142	165165584	165170584	0	0.0
clust0039	clustered_cis_ohnolog	chr1	143	165170584	165175584	0	0.0
clust0039	clustered_cis_ohnolog	chr1	144	165175584	165180584	0	0.0
clust0039	clustered_cis_ohnolog	chr1	145	165180584	165185584	0	0.0
clust0039	clustered_cis_ohnolog	chr1	146	165185584	165190584	0	0.0
clust0039	clustered_cis_ohnolog	chr1	147	165190584	165195584	0	0.0
clust0039	clustered_cis_ohnolog	chr1	148	165195584	165200584	0	0.0
clust0039	clustered_cis_ohnolog	chr1	149	165200584	165205584	0	0.0
clust0039	clustered_cis_ohnolog	chr1	150	165205584	165210584	0	0.0
clust0039	clustered_cis_ohnolog	chr1	151	165210584	165215584	0	0.0
clust0039	clustered_cis_ohnolog	chr1	152	165215584	165220584	0	0.0
clust0039	clustered_cis_ohnolog	chr1	153	165220584	165225584	0	0.0
clust0039	clustered_cis_ohnolog	chr1	154	165225584	165230584	0	0.0
clust0039	clustered_cis_ohnolog	chr1	155	165230584	165235584	0	0.0
clust0039	clustered_cis_ohnolog	chr1	156	165235584	165240584	0	0.0
clust0039	clustered_cis_ohnolog	chr1	157	165240584	165245584	0	0.0
clust0039	clustered_cis_ohnolog	chr1	158	165245584	165250584	0	0.0
clust0039	clustered_cis_ohnolog	chr1	159	165250584	165255584	0	0.0
clust0039	clustered_cis_ohnolog	chr1	160	165255584	165260584	1	0.126
clust0039	clustered_cis_ohnolog	chr1	161	165260584	165265584	0	0.0
clust0039	clustered_cis_ohnolog	chr1	162	165265584	165270584	0	0.0
clust0039	clustered_cis_ohnolog	chr1	163	165270584	165275584	0	0.0
clust0039	clustered_cis_ohnolog	chr1	164	165275584	165280584	0	0.0
clust0039	clustered_cis_ohnolog	chr1	165	165280584	165285584	0	0.0
clust0039	clustered_cis_ohnolog	chr1	166	165285584	165290584	0	0.0
clust0039	clustered_cis_ohnolog	chr1	167	165290584	165295584	0	0.0
clust0039	clustered_cis_ohnolog	chr1	168	165295584	165300584	0	0.0
clust0039	clustered_cis_ohnolog	chr1	169	165300584	165305584	0	0.0
clust0039	clustered_cis_ohnolog	chr1	170	165305584	165310584	0	0.0
clust0039	clustered_cis_ohnolog	chr1	171	165310584	165315584	0	0.0
clust0039	clustered_cis_ohnolog	chr1	172	165315584	165320584	0	0.0
clust0039	clustered_cis_ohnolog	chr1	173	165320584	165325584	0	0.0
clust0039	clustered_cis_ohnolog	chr1	174	165325584	165330584	0	0.0
clust0039	clustered_cis_ohnolog	chr1	175	165330584	165335584	0	0.0
clust0039	clustered_cis_ohnolog	chr1	176	165335584	165340584	0	0.0
clust0039	clustered_cis_ohnolog	chr1	177	165340584	165345584	0	0.0
clust0039	clustered_cis_ohnolog	chr1	178	165345584	165350584	0	0.0
clust0039	clustered_cis_ohnolog	chr1	179	165350584	165355584	0	0.0
clust0039	clustered_cis_ohnolog	chr1	180	165355584	165360584	0	0.0
clust0039	clustered_cis_ohnolog	chr1	181	165360584	165365584	0	0.0
clust0039	clustered_cis_ohnolog	chr1	182	165365584	165370584	3	0.2728
clust0039	clustered_cis_ohnolog	chr1	183	165370584	165375584	0	0.0
clust0039	clustered_cis_ohnolog	chr1	184	165375584	165380584	0	0.0
clust0039	clustered_cis_ohnolog	chr1	185	165380584	165385584	0	0.0
clust0039	clustered_cis_ohnolog	chr1	186	165385584	165390584	0	0.0
clust0039	clustered_cis_ohnolog	chr1	187	165390584	165395584	2	0.195
clust0039	clustered_cis_ohnolog	chr1	188	165395584	165400584	0	0.0
clust0039	clustered_cis_ohnolog	chr1	189	165400584	165405584	0	0.0
clust0039	clustered_cis_ohnolog	chr1	190	165405584	165410584	0	0.0
clust0039	clustered_cis_ohnolog	chr1	191	165410584	165415584	0	0.0
clust0039	clustered_cis_ohnolog	chr1	192	165415584	165420584	0	0.0
clust0039	clustered_cis_ohnolog	chr1	193	165420584	165425584	0	0.0
clust0039	clustered_cis_ohnolog	chr1	194	165425584	165430584	0	0.0
clust0039	clustered_cis_ohnolog	chr1	195	165430584	165435584	0	0.0
clust0039	clustered_cis_ohnolog	chr1	196	165435584	165440584	0	0.0
clust0039	clustered_cis_ohnolog	chr1	197	165440584	165445584	0	0.0
clust0039	clustered_cis_ohnolog	chr1	198	165445584	165450584	0	0.0
clust0039	clustered_cis_ohnolog	chr1	199	165450584	165455584	0	0.0
clust0039	clustered_cis_ohnolog	chr1	200	165455584	165456715	0	0.0
clust0040	clustered_cis_ohnolog	chr10	0	101031300	101036300	0	0.0
clust0040	clustered_cis_ohnolog	chr10	1	101036300	101041300	0	0.022
clust0040	clustered_cis_ohnolog	chr10	2	101041300	101046300	2	0.1612
clust0040	clustered_cis_ohnolog	chr10	3	101046300	101051300	1	0.126
clust0040	clustered_cis_ohnolog	chr10	4	101051300	101056300	0	0.0
clust0040	clustered_cis_ohnolog	chr10	5	101056300	101061300	2	0.1934
clust0040	clustered_cis_ohnolog	chr10	6	101061300	101066300	2	0.252
clust0040	clustered_cis_ohnolog	chr10	7	101066300	101071300	4	0.426
clust0040	clustered_cis_ohnolog	chr10	8	101071300	101076300	0	0.0
clust0040	clustered_cis_ohnolog	chr10	9	101076300	101081300	0	0.0
clust0040	clustered_cis_ohnolog	chr10	10	101081300	101086300	0	0.0
clust0040	clustered_cis_ohnolog	chr10	11	101086300	101091300	0	0.0
clust0040	clustered_cis_ohnolog	chr10	12	101091300	101096300	2	0.1622
clust0040	clustered_cis_ohnolog	chr10	13	101096300	101101300	0	0.0
clust0040	clustered_cis_ohnolog	chr10	14	101101300	101106300	0	0.0
clust0040	clustered_cis_ohnolog	chr10	15	101106300	101111300	0	0.0
clust0040	clustered_cis_ohnolog	chr10	16	101111300	101116300	0	0.0
clust0040	clustered_cis_ohnolog	chr10	17	101116300	101121300	0	0.0
clust0040	clustered_cis_ohnolog	chr10	18	101121300	101126300	0	0.0
clust0040	clustered_cis_ohnolog	chr10	19	101126300	101131300	0	0.0
clust0040	clustered_cis_ohnolog	chr10	20	101131300	101136300	0	0.0
clust0040	clustered_cis_ohnolog	chr10	21	101136300	101141300	0	0.0
clust0040	clustered_cis_ohnolog	chr10	22	101141300	101146300	2	0.162
clust0040	clustered_cis_ohnolog	chr10	23	101146300	101151300	0	0.0
clust0040	clustered_cis_ohnolog	chr10	24	101151300	101156300	0	0.0
clust0040	clustered_cis_ohnolog	chr10	25	101156300	101161300	0	0.0
clust0040	clustered_cis_ohnolog	chr10	26	101161300	101166300	2	0.1736
clust0040	clustered_cis_ohnolog	chr10	27	101166300	101171300	0	0.0
clust0040	clustered_cis_ohnolog	chr10	28	101171300	101176300	0	0.0
clust0040	clustered_cis_ohnolog	chr10	29	101176300	101181300	0	0.0
clust0040	clustered_cis_ohnolog	chr10	30	101181300	101186300	0	0.0
clust0040	clustered_cis_ohnolog	chr10	31	101186300	101191300	0	0.0
clust0040	clustered_cis_ohnolog	chr10	32	101191300	101196300	0	0.0
clust0040	clustered_cis_ohnolog	chr10	33	101196300	101201300	0	0.0
clust0040	clustered_cis_ohnolog	chr10	34	101201300	101206300	0	0.0
clust0040	clustered_cis_ohnolog	chr10	35	101206300	101211300	0	0.0
clust0040	clustered_cis_ohnolog	chr10	36	101211300	101216300	3	0.248
clust0040	clustered_cis_ohnolog	chr10	37	101216300	101221300	0	0.0
clust0040	clustered_cis_ohnolog	chr10	38	101221300	101226300	0	0.0
clust0040	clustered_cis_ohnolog	chr10	39	101226300	101231300	0	0.0
clust0040	clustered_cis_ohnolog	chr10	40	101231300	101236300	0	0.0
clust0040	clustered_cis_ohnolog	chr10	41	101236300	101241300	1	0.126
clust0040	clustered_cis_ohnolog	chr10	42	101241300	101246300	0	0.0
clust0040	clustered_cis_ohnolog	chr10	43	101246300	101251300	0	0.0
clust0040	clustered_cis_ohnolog	chr10	44	101251300	101256300	0	0.0
clust0040	clustered_cis_ohnolog	chr10	45	101256300	101261300	0	0.0
clust0040	clustered_cis_ohnolog	chr10	46	101261300	101266300	0	0.0
clust0040	clustered_cis_ohnolog	chr10	47	101266300	101271300	0	0.0
clust0040	clustered_cis_ohnolog	chr10	48	101271300	101276300	1	0.126
clust0040	clustered_cis_ohnolog	chr10	49	101276300	101281300	0	0.0
clust0040	clustered_cis_ohnolog	chr10	50	101281300	101286300	0	0.0
clust0040	clustered_cis_ohnolog	chr10	51	101286300	101291300	0	0.0
clust0040	clustered_cis_ohnolog	chr10	52	101291300	101296300	2	0.252
clust0040	clustered_cis_ohnolog	chr10	53	101296300	101301300	2	0.1778
clust0040	clustered_cis_ohnolog	chr10	54	101301300	101306300	0	0.0
clust0040	clustered_cis_ohnolog	chr10	55	101306300	101311300	0	0.0
clust0040	clustered_cis_ohnolog	chr10	56	101311300	101316300	0	0.0
clust0040	clustered_cis_ohnolog	chr10	57	101316300	101321300	0	0.0
clust0040	clustered_cis_ohnolog	chr10	58	101321300	101326300	0	0.0
clust0040	clustered_cis_ohnolog	chr10	59	101326300	101329463	0	0.0
clust0041	clustered_cis_ohnolog	chr10	0	123035970	123040970	0	0.0
clust0041	clustered_cis_ohnolog	chr10	1	123040970	123045970	1	0.126
clust0041	clustered_cis_ohnolog	chr10	2	123045970	123050970	0	0.0
clust0041	clustered_cis_ohnolog	chr10	3	123050970	123055970	0	0.0
clust0041	clustered_cis_ohnolog	chr10	4	123055970	123060970	0	0.0
clust0041	clustered_cis_ohnolog	chr10	5	123060970	123065970	0	0.0
clust0041	clustered_cis_ohnolog	chr10	6	123065970	123070970	0	0.0
clust0041	clustered_cis_ohnolog	chr10	7	123070970	123075970	0	0.0
clust0041	clustered_cis_ohnolog	chr10	8	123075970	123080970	0	0.0
clust0041	clustered_cis_ohnolog	chr10	9	123080970	123085970	0	0.0
clust0041	clustered_cis_ohnolog	chr10	10	123085970	123090970	0	0.0
clust0041	clustered_cis_ohnolog	chr10	11	123090970	123095970	0	0.0
clust0041	clustered_cis_ohnolog	chr10	12	123095970	123100970	0	0.0
clust0041	clustered_cis_ohnolog	chr10	13	123100970	123105970	0	0.0
clust0041	clustered_cis_ohnolog	chr10	14	123105970	123110970	0	0.0
clust0041	clustered_cis_ohnolog	chr10	15	123110970	123115970	0	0.0
clust0041	clustered_cis_ohnolog	chr10	16	123115970	123120970	0	0.0
clust0041	clustered_cis_ohnolog	chr10	17	123120970	123125970	0	0.0
clust0041	clustered_cis_ohnolog	chr10	18	123125970	123130970	0	0.0
clust0041	clustered_cis_ohnolog	chr10	19	123130970	123135970	1	0.062
clust0041	clustered_cis_ohnolog	chr10	20	123135970	123140970	0	0.0
clust0041	clustered_cis_ohnolog	chr10	21	123140970	123145970	0	0.0
clust0041	clustered_cis_ohnolog	chr10	22	123145970	123150970	0	0.0
clust0041	clustered_cis_ohnolog	chr10	23	123150970	123155970	0	0.0
clust0041	clustered_cis_ohnolog	chr10	24	123155970	123160970	0	0.0
clust0041	clustered_cis_ohnolog	chr10	25	123160970	123165970	0	0.0
clust0041	clustered_cis_ohnolog	chr10	26	123165970	123170970	0	0.0
clust0041	clustered_cis_ohnolog	chr10	27	123170970	123175970	0	0.0
clust0041	clustered_cis_ohnolog	chr10	28	123175970	123180970	0	0.0
clust0041	clustered_cis_ohnolog	chr10	29	123180970	123185970	0	0.0
clust0041	clustered_cis_ohnolog	chr10	30	123185970	123190970	0	0.0
clust0041	clustered_cis_ohnolog	chr10	31	123190970	123195970	0	0.0
clust0041	clustered_cis_ohnolog	chr10	32	123195970	123200970	0	0.0
clust0041	clustered_cis_ohnolog	chr10	33	123200970	123205970	0	0.0
clust0041	clustered_cis_ohnolog	chr10	34	123205970	123210970	0	0.0
clust0041	clustered_cis_ohnolog	chr10	35	123210970	123215970	0	0.0
clust0041	clustered_cis_ohnolog	chr10	36	123215970	123220970	0	0.0
clust0041	clustered_cis_ohnolog	chr10	37	123220970	123225970	0	0.0
clust0041	clustered_cis_ohnolog	chr10	38	123225970	123230970	0	0.0
clust0041	clustered_cis_ohnolog	chr10	39	123230970	123235970	0	0.0
clust0041	clustered_cis_ohnolog	chr10	40	123235970	123240970	0	0.0
clust0041	clustered_cis_ohnolog	chr10	41	123240970	123245970	0	0.0
clust0041	clustered_cis_ohnolog	chr10	42	123245970	123250672	0	0.0
clust0031	clustered_cis_ohnolog	chr11	0	34378791	34383791	0	0.0
clust0031	clustered_cis_ohnolog	chr11	1	34383791	34388791	0	0.0
clust0031	clustered_cis_ohnolog	chr11	2	34388791	34393791	0	0.0
clust0031	clustered_cis_ohnolog	chr11	3	34393791	34398791	0	0.0
clust0031	clustered_cis_ohnolog	chr11	4	34398791	34403791	0	0.0
clust0031	clustered_cis_ohnolog	chr11	5	34403791	34408791	0	0.0
clust0031	clustered_cis_ohnolog	chr11	6	34408791	34413791	0	0.0
clust0031	clustered_cis_ohnolog	chr11	7	34413791	34418791	0	0.0
clust0031	clustered_cis_ohnolog	chr11	8	34418791	34423791	0	0.0
clust0031	clustered_cis_ohnolog	chr11	9	34423791	34428791	0	0.0
clust0031	clustered_cis_ohnolog	chr11	10	34428791	34433791	0	0.0
clust0031	clustered_cis_ohnolog	chr11	11	34433791	34438791	0	0.0
clust0031	clustered_cis_ohnolog	chr11	12	34438791	34443791	0	0.0
clust0031	clustered_cis_ohnolog	chr11	13	34443791	34448791	0	0.0
clust0031	clustered_cis_ohnolog	chr11	14	34448791	34453791	0	0.0
clust0031	clustered_cis_ohnolog	chr11	15	34453791	34458791	0	0.0
clust0031	clustered_cis_ohnolog	chr11	16	34458791	34463791	0	0.0
clust0031	clustered_cis_ohnolog	chr11	17	34463791	34468791	2	0.2122
clust0031	clustered_cis_ohnolog	chr11	18	34468791	34473791	0	0.0398
clust0031	clustered_cis_ohnolog	chr11	19	34473791	34478791	0	0.0
clust0031	clustered_cis_ohnolog	chr11	20	34478791	34483791	0	0.0
clust0031	clustered_cis_ohnolog	chr11	21	34483791	34488791	0	0.0
clust0031	clustered_cis_ohnolog	chr11	22	34488791	34493791	2	0.1588
clust0031	clustered_cis_ohnolog	chr11	23	34493791	34498791	0	0.0
clust0031	clustered_cis_ohnolog	chr11	24	34498791	34503791	0	0.0
clust0031	clustered_cis_ohnolog	chr11	25	34503791	34508791	0	0.0
clust0031	clustered_cis_ohnolog	chr11	26	34508791	34513791	2	0.252
clust0031	clustered_cis_ohnolog	chr11	27	34513791	34518791	0	0.0
clust0031	clustered_cis_ohnolog	chr11	28	34518791	34523791	0	0.0
clust0031	clustered_cis_ohnolog	chr11	29	34523791	34528791	0	0.0
clust0031	clustered_cis_ohnolog	chr11	30	34528791	34533791	0	0.0
clust0031	clustered_cis_ohnolog	chr11	31	34533791	34538791	0	0.0
clust0031	clustered_cis_ohnolog	chr11	32	34538791	34543791	0	0.0
clust0031	clustered_cis_ohnolog	chr11	33	34543791	34548791	0	0.0
clust0031	clustered_cis_ohnolog	chr11	34	34548791	34553791	0	0.0
clust0031	clustered_cis_ohnolog	chr11	35	34553791	34558791	0	0.0
clust0031	clustered_cis_ohnolog	chr11	36	34558791	34563791	0	0.0
clust0031	clustered_cis_ohnolog	chr11	37	34563791	34568791	0	0.0
clust0031	clustered_cis_ohnolog	chr11	38	34568791	34573791	0	0.0
clust0031	clustered_cis_ohnolog	chr11	39	34573791	34578791	0	0.0
clust0031	clustered_cis_ohnolog	chr11	40	34578791	34583791	0	0.0
clust0031	clustered_cis_ohnolog	chr11	41	34583791	34588791	1	0.126
clust0031	clustered_cis_ohnolog	chr11	42	34588791	34593791	0	0.0
clust0031	clustered_cis_ohnolog	chr11	43	34593791	34598791	0	0.0
clust0031	clustered_cis_ohnolog	chr11	44	34598791	34603791	0	0.0
clust0031	clustered_cis_ohnolog	chr11	45	34603791	34608791	0	0.0
clust0031	clustered_cis_ohnolog	chr11	46	34608791	34613791	0	0.0
clust0031	clustered_cis_ohnolog	chr11	47	34613791	34618791	0	0.0
clust0031	clustered_cis_ohnolog	chr11	48	34618791	34623791	0	0.0
clust0031	clustered_cis_ohnolog	chr11	49	34623791	34628791	0	0.0
clust0031	clustered_cis_ohnolog	chr11	50	34628791	34633791	0	0.0
clust0031	clustered_cis_ohnolog	chr11	51	34633791	34638791	0	0.0
clust0031	clustered_cis_ohnolog	chr11	52	34638791	34643791	0	0.0
clust0031	clustered_cis_ohnolog	chr11	53	34643791	34648791	0	0.0
clust0031	clustered_cis_ohnolog	chr11	54	34648791	34653791	0	0.0
clust0031	clustered_cis_ohnolog	chr11	55	34653791	34658791	0	0.0
clust0031	clustered_cis_ohnolog	chr11	56	34658791	34663791	0	0.0
clust0031	clustered_cis_ohnolog	chr11	57	34663791	34668791	0	0.0
clust0031	clustered_cis_ohnolog	chr11	58	34668791	34673791	0	0.0
clust0031	clustered_cis_ohnolog	chr11	59	34673791	34678791	0	0.0
clust0031	clustered_cis_ohnolog	chr11	60	34678791	34683791	0	0.0
clust0031	clustered_cis_ohnolog	chr11	61	34683791	34688791	0	0.0
clust0031	clustered_cis_ohnolog	chr11	62	34688791	34693791	0	0.0
clust0031	clustered_cis_ohnolog	chr11	63	34693791	34698791	0	0.0
clust0031	clustered_cis_ohnolog	chr11	64	34698791	34703791	0	0.0
clust0031	clustered_cis_ohnolog	chr11	65	34703791	34708791	0	0.0
clust0031	clustered_cis_ohnolog	chr11	66	34708791	34713791	0	0.0
clust0031	clustered_cis_ohnolog	chr11	67	34713791	34718791	0	0.0
clust0031	clustered_cis_ohnolog	chr11	68	34718791	34723791	0	0.0
clust0031	clustered_cis_ohnolog	chr11	69	34723791	34728791	0	0.0
clust0031	clustered_cis_ohnolog	chr11	70	34728791	34733791	0	0.0
clust0031	clustered_cis_ohnolog	chr11	71	34733791	34738791	0	0.0
clust0031	clustered_cis_ohnolog	chr11	72	34738791	34743791	0	0.0
clust0031	clustered_cis_ohnolog	chr11	73	34743791	34748791	0	0.0
clust0031	clustered_cis_ohnolog	chr11	74	34748791	34753791	0	0.0
clust0031	clustered_cis_ohnolog	chr11	75	34753791	34758791	0	0.0
clust0031	clustered_cis_ohnolog	chr11	76	34758791	34763288	0	0.0
clust0032	clustered_cis_ohnolog	chr11	0	128358761	128363761	0	0.0
clust0032	clustered_cis_ohnolog	chr11	1	128363761	128368761	0	0.0
clust0032	clustered_cis_ohnolog	chr11	2	128368761	128373761	0	0.0
clust0032	clustered_cis_ohnolog	chr11	3	128373761	128378761	0	0.0
clust0032	clustered_cis_ohnolog	chr11	4	128378761	128383761	0	0.0
clust0032	clustered_cis_ohnolog	chr11	5	128383761	128388761	0	0.0
clust0032	clustered_cis_ohnolog	chr11	6	128388761	128393761	0	0.0
clust0032	clustered_cis_ohnolog	chr11	7	128393761	128398761	0	0.0
clust0032	clustered_cis_ohnolog	chr11	8	128398761	128403761	0	0.0
clust0032	clustered_cis_ohnolog	chr11	9	128403761	128408761	0	0.0
clust0032	clustered_cis_ohnolog	chr11	10	128408761	128413761	0	0.0
clust0032	clustered_cis_ohnolog	chr11	11	128413761	128418761	0	0.0
clust0032	clustered_cis_ohnolog	chr11	12	128418761	128423761	0	0.0
clust0032	clustered_cis_ohnolog	chr11	13	128423761	128428761	0	0.0
clust0032	clustered_cis_ohnolog	chr11	14	128428761	128433761	0	0.0
clust0032	clustered_cis_ohnolog	chr11	15	128433761	128438761	0	0.0
clust0032	clustered_cis_ohnolog	chr11	16	128438761	128443761	0	0.0
clust0032	clustered_cis_ohnolog	chr11	17	128443761	128448761	0	0.0
clust0032	clustered_cis_ohnolog	chr11	18	128448761	128453761	0	0.0
clust0032	clustered_cis_ohnolog	chr11	19	128453761	128458761	0	0.0
clust0032	clustered_cis_ohnolog	chr11	20	128458761	128463761	0	0.0
clust0032	clustered_cis_ohnolog	chr11	21	128463761	128468761	0	0.0
clust0032	clustered_cis_ohnolog	chr11	22	128468761	128473761	0	0.0
clust0032	clustered_cis_ohnolog	chr11	23	128473761	128478761	0	0.0
clust0032	clustered_cis_ohnolog	chr11	24	128478761	128483761	0	0.0
clust0032	clustered_cis_ohnolog	chr11	25	128483761	128488761	0	0.0
clust0032	clustered_cis_ohnolog	chr11	26	128488761	128493761	0	0.0
clust0032	clustered_cis_ohnolog	chr11	27	128493761	128498761	0	0.0
clust0032	clustered_cis_ohnolog	chr11	28	128498761	128503761	0	0.0
clust0032	clustered_cis_ohnolog	chr11	29	128503761	128508761	0	0.0
clust0032	clustered_cis_ohnolog	chr11	30	128508761	128513761	0	0.0
clust0032	clustered_cis_ohnolog	chr11	31	128513761	128518761	0	0.0
clust0032	clustered_cis_ohnolog	chr11	32	128518761	128523761	1	0.126
clust0032	clustered_cis_ohnolog	chr11	33	128523761	128528761	0	0.0
clust0032	clustered_cis_ohnolog	chr11	34	128528761	128533761	0	0.0
clust0032	clustered_cis_ohnolog	chr11	35	128533761	128538761	0	0.0
clust0032	clustered_cis_ohnolog	chr11	36	128538761	128543761	0	0.0
clust0032	clustered_cis_ohnolog	chr11	37	128543761	128548761	0	0.0
clust0032	clustered_cis_ohnolog	chr11	38	128548761	128553761	0	0.0
clust0032	clustered_cis_ohnolog	chr11	39	128553761	128558761	0	0.0
clust0032	clustered_cis_ohnolog	chr11	40	128558761	128563761	0	0.0
clust0032	clustered_cis_ohnolog	chr11	41	128563761	128568761	0	0.0
clust0032	clustered_cis_ohnolog	chr11	42	128568761	128573761	0	0.0
clust0032	clustered_cis_ohnolog	chr11	43	128573761	128578761	0	0.0
clust0032	clustered_cis_ohnolog	chr11	44	128578761	128583761	0	0.0
clust0032	clustered_cis_ohnolog	chr11	45	128583761	128588761	0	0.0
clust0032	clustered_cis_ohnolog	chr11	46	128588761	128593761	0	0.0
clust0032	clustered_cis_ohnolog	chr11	47	128593761	128598761	0	0.0
clust0032	clustered_cis_ohnolog	chr11	48	128598761	128603761	0	0.0
clust0032	clustered_cis_ohnolog	chr11	49	128603761	128608761	1	0.126
clust0032	clustered_cis_ohnolog	chr11	50	128608761	128613761	0	0.0
clust0032	clustered_cis_ohnolog	chr11	51	128613761	128618761	0	0.0
clust0032	clustered_cis_ohnolog	chr11	52	128618761	128623761	0	0.0
clust0032	clustered_cis_ohnolog	chr11	53	128623761	128628761	0	0.0
clust0032	clustered_cis_ohnolog	chr11	54	128628761	128633761	3	0.2342
clust0032	clustered_cis_ohnolog	chr11	55	128633761	128638761	0	0.0
clust0032	clustered_cis_ohnolog	chr11	56	128638761	128643761	0	0.0
clust0032	clustered_cis_ohnolog	chr11	57	128643761	128648761	0	0.0
clust0032	clustered_cis_ohnolog	chr11	58	128648761	128653761	0	0.0
clust0032	clustered_cis_ohnolog	chr11	59	128653761	128658761	0	0.0
clust0032	clustered_cis_ohnolog	chr11	60	128658761	128663761	0	0.0
clust0032	clustered_cis_ohnolog	chr11	61	128663761	128668761	0	0.0
clust0032	clustered_cis_ohnolog	chr11	62	128668761	128673761	0	0.0
clust0032	clustered_cis_ohnolog	chr11	63	128673761	128678761	0	0.0
clust0032	clustered_cis_ohnolog	chr11	64	128678761	128683761	0	0.0
clust0032	clustered_cis_ohnolog	chr11	65	128683761	128688761	0	0.0
clust0032	clustered_cis_ohnolog	chr11	66	128688761	128693761	0	0.0
clust0032	clustered_cis_ohnolog	chr11	67	128693761	128698761	0	0.0
clust0032	clustered_cis_ohnolog	chr11	68	128698761	128703761	0	0.0
clust0032	clustered_cis_ohnolog	chr11	69	128703761	128708761	0	0.0
clust0032	clustered_cis_ohnolog	chr11	70	128708761	128713761	0	0.0
clust0032	clustered_cis_ohnolog	chr11	71	128713761	128718761	0	0.0
clust0032	clustered_cis_ohnolog	chr11	72	128718761	128723761	0	0.0
clust0032	clustered_cis_ohnolog	chr11	73	128723761	128728761	0	0.0
clust0032	clustered_cis_ohnolog	chr11	74	128728761	128733761	0	0.0
clust0032	clustered_cis_ohnolog	chr11	75	128733761	128738761	0	0.0
clust0032	clustered_cis_ohnolog	chr11	76	128738761	128743761	0	0.0
clust0032	clustered_cis_ohnolog	chr11	77	128743761	128748761	0	0.0
clust0032	clustered_cis_ohnolog	chr11	78	128748761	128753761	0	0.0
clust0032	clustered_cis_ohnolog	chr11	79	128753761	128758761	2	0.252
clust0032	clustered_cis_ohnolog	chr11	80	128758761	128763761	0	0.0
clust0032	clustered_cis_ohnolog	chr11	81	128763761	128768761	0	0.0
clust0032	clustered_cis_ohnolog	chr11	82	128768761	128773761	0	0.0
clust0032	clustered_cis_ohnolog	chr11	83	128773761	128778761	2	0.252
clust0032	clustered_cis_ohnolog	chr11	84	128778761	128783761	0	0.0
clust0032	clustered_cis_ohnolog	chr11	85	128783761	128788761	0	0.0
clust0032	clustered_cis_ohnolog	chr11	86	128788761	128793761	0	0.0
clust0032	clustered_cis_ohnolog	chr11	87	128793761	128798761	0	0.0
clust0032	clustered_cis_ohnolog	chr11	88	128798761	128803761	0	0.0
clust0032	clustered_cis_ohnolog	chr11	89	128803761	128808761	0	0.0
clust0032	clustered_cis_ohnolog	chr11	90	128808761	128813761	0	0.0
clust0032	clustered_cis_ohnolog	chr11	91	128813761	128818761	0	0.0
clust0032	clustered_cis_ohnolog	chr11	92	128818761	128823761	0	0.0
clust0032	clustered_cis_ohnolog	chr11	93	128823761	128828761	0	0.0
clust0032	clustered_cis_ohnolog	chr11	94	128828761	128833761	2	0.181
clust0032	clustered_cis_ohnolog	chr11	95	128833761	128838761	0	0.0
clust0032	clustered_cis_ohnolog	chr11	96	128838761	128843761	0	0.0
clust0032	clustered_cis_ohnolog	chr11	97	128843761	128848761	0	0.0142
clust0032	clustered_cis_ohnolog	chr11	98	128848761	128853761	1	0.1118
clust0032	clustered_cis_ohnolog	chr11	99	128853761	128858761	0	0.0
clust0032	clustered_cis_ohnolog	chr11	100	128858761	128863761	2	0.1802
clust0032	clustered_cis_ohnolog	chr11	101	128863761	128868761	0	0.0
clust0032	clustered_cis_ohnolog	chr11	102	128868761	128873761	0	0.0
clust0032	clustered_cis_ohnolog	chr11	103	128873761	128878761	0	0.0
clust0032	clustered_cis_ohnolog	chr11	104	128878761	128883761	0	0.0
clust0032	clustered_cis_ohnolog	chr11	105	128883761	128888761	2	0.1788
clust0032	clustered_cis_ohnolog	chr11	106	128888761	128893761	0	0.0
clust0032	clustered_cis_ohnolog	chr11	107	128893761	128898761	0	0.0
clust0032	clustered_cis_ohnolog	chr11	108	128898761	128903761	0	0.0
clust0032	clustered_cis_ohnolog	chr11	109	128903761	128908761	1	0.126
clust0032	clustered_cis_ohnolog	chr11	110	128908761	128913267	0	0.0
clust0007	clustered_cis_ohnolog	chr12	0	53226575	53231575	0	0.0
clust0007	clustered_cis_ohnolog	chr12	1	53231575	53236575	0	0.0
clust0007	clustered_cis_ohnolog	chr12	2	53236575	53241575	0	0.0
clust0007	clustered_cis_ohnolog	chr12	3	53241575	53246575	0	0.0
clust0007	clustered_cis_ohnolog	chr12	4	53246575	53251575	0	0.0198
clust0007	clustered_cis_ohnolog	chr12	5	53251575	53256575	3	0.3582
clust0007	clustered_cis_ohnolog	chr12	6	53256575	53261575	0	0.0
clust0007	clustered_cis_ohnolog	chr12	7	53261575	53266575	0	0.0
clust0007	clustered_cis_ohnolog	chr12	8	53266575	53271575	2	0.252
clust0007	clustered_cis_ohnolog	chr12	9	53271575	53276575	0	0.0
clust0007	clustered_cis_ohnolog	chr12	10	53276575	53281575	0	0.0
clust0007	clustered_cis_ohnolog	chr12	11	53281575	53286575	0	0.0
clust0007	clustered_cis_ohnolog	chr12	12	53286575	53291575	1	0.126
clust0007	clustered_cis_ohnolog	chr12	13	53291575	53296575	0	0.0
clust0007	clustered_cis_ohnolog	chr12	14	53296575	53301575	0	0.0
clust0007	clustered_cis_ohnolog	chr12	15	53301575	53306575	0	0.0
clust0007	clustered_cis_ohnolog	chr12	16	53306575	53311575	0	0.0
clust0007	clustered_cis_ohnolog	chr12	17	53311575	53316575	0	0.0
clust0007	clustered_cis_ohnolog	chr12	18	53316575	53321575	0	0.0196
clust0007	clustered_cis_ohnolog	chr12	19	53321575	53326575	4	0.3932
clust0007	clustered_cis_ohnolog	chr12	20	53326575	53331575	2	0.252
clust0007	clustered_cis_ohnolog	chr12	21	53331575	53336575	0	0.0
clust0007	clustered_cis_ohnolog	chr12	22	53336575	53341575	0	0.0
clust0007	clustered_cis_ohnolog	chr12	23	53341575	53346575	2	0.252
clust0007	clustered_cis_ohnolog	chr12	24	53346575	53351575	0	0.0
clust0007	clustered_cis_ohnolog	chr12	25	53351575	53356575	2	0.252
clust0007	clustered_cis_ohnolog	chr12	26	53356575	53361575	0	0.0
clust0007	clustered_cis_ohnolog	chr12	27	53361575	53366575	0	0.0
clust0007	clustered_cis_ohnolog	chr12	28	53366575	53371575	0	0.0
clust0007	clustered_cis_ohnolog	chr12	29	53371575	53376575	0	0.0
clust0007	clustered_cis_ohnolog	chr12	30	53376575	53381575	0	0.0
clust0007	clustered_cis_ohnolog	chr12	31	53381575	53386575	1	0.126
clust0007	clustered_cis_ohnolog	chr12	32	53386575	53391575	0	0.0
clust0007	clustered_cis_ohnolog	chr12	33	53391575	53396575	0	0.0
clust0007	clustered_cis_ohnolog	chr12	34	53396575	53401575	0	0.0
clust0007	clustered_cis_ohnolog	chr12	35	53401575	53406575	0	0.0
clust0007	clustered_cis_ohnolog	chr12	36	53406575	53411575	0	0.0
clust0007	clustered_cis_ohnolog	chr12	37	53411575	53416575	0	0.0
clust0007	clustered_cis_ohnolog	chr12	38	53416575	53421575	0	0.0
clust0007	clustered_cis_ohnolog	chr12	39	53421575	53426575	2	0.1936
clust0007	clustered_cis_ohnolog	chr12	40	53426575	53431575	0	0.0
clust0007	clustered_cis_ohnolog	chr12	41	53431575	53436575	0	0.0
clust0007	clustered_cis_ohnolog	chr12	42	53436575	53441575	0	0.0
clust0007	clustered_cis_ohnolog	chr12	43	53441575	53446575	0	0.0
clust0007	clustered_cis_ohnolog	chr12	44	53446575	53451575	0	0.0
clust0007	clustered_cis_ohnolog	chr12	45	53451575	53456575	3	0.3062
clust0007	clustered_cis_ohnolog	chr12	46	53456575	53461575	0	0.0
clust0007	clustered_cis_ohnolog	chr12	47	53461575	53466575	0	0.0
clust0007	clustered_cis_ohnolog	chr12	48	53466575	53471575	0	0.0
clust0007	clustered_cis_ohnolog	chr12	49	53471575	53476575	0	0.0
clust0007	clustered_cis_ohnolog	chr12	50	53476575	53481575	1	0.126
clust0007	clustered_cis_ohnolog	chr12	51	53481575	53486575	0	0.0
clust0007	clustered_cis_ohnolog	chr12	52	53486575	53491575	0	0.0
clust0007	clustered_cis_ohnolog	chr12	53	53491575	53496575	0	0.0
clust0007	clustered_cis_ohnolog	chr12	54	53496575	53501575	0	0.0
clust0007	clustered_cis_ohnolog	chr12	55	53501575	53506575	0	0.0
clust0007	clustered_cis_ohnolog	chr12	56	53506575	53511575	2	0.1392
clust0007	clustered_cis_ohnolog	chr12	57	53511575	53516446	0	0.0
clust0076	clustered_cis_ohnolog	chr12	0	53406691	53411691	0	0.0
clust0076	clustered_cis_ohnolog	chr12	1	53411691	53416691	0	0.0
clust0076	clustered_cis_ohnolog	chr12	2	53416691	53421691	0	0.0164
clust0076	clustered_cis_ohnolog	chr12	3	53421691	53426691	2	0.1772
clust0076	clustered_cis_ohnolog	chr12	4	53426691	53431691	0	0.0
clust0076	clustered_cis_ohnolog	chr12	5	53431691	53436691	0	0.0
clust0076	clustered_cis_ohnolog	chr12	6	53436691	53441691	0	0.0
clust0076	clustered_cis_ohnolog	chr12	7	53441691	53446691	0	0.0
clust0076	clustered_cis_ohnolog	chr12	8	53446691	53451691	0	0.0
clust0076	clustered_cis_ohnolog	chr12	9	53451691	53456691	3	0.3062
clust0076	clustered_cis_ohnolog	chr12	10	53456691	53461691	0	0.0
clust0076	clustered_cis_ohnolog	chr12	11	53461691	53466691	0	0.0
clust0076	clustered_cis_ohnolog	chr12	12	53466691	53471691	0	0.0
clust0076	clustered_cis_ohnolog	chr12	13	53471691	53476691	0	0.0
clust0076	clustered_cis_ohnolog	chr12	14	53476691	53481691	1	0.126
clust0076	clustered_cis_ohnolog	chr12	15	53481691	53486691	0	0.0
clust0076	clustered_cis_ohnolog	chr12	16	53486691	53491691	0	0.0
clust0076	clustered_cis_ohnolog	chr12	17	53491691	53496691	0	0.0
clust0076	clustered_cis_ohnolog	chr12	18	53496691	53501691	0	0.0
clust0076	clustered_cis_ohnolog	chr12	19	53501691	53506691	0	0.0
clust0076	clustered_cis_ohnolog	chr12	20	53506691	53511691	2	0.1392
clust0076	clustered_cis_ohnolog	chr12	21	53511691	53516691	0	0.0
clust0076	clustered_cis_ohnolog	chr12	22	53516691	53521691	0	0.0
clust0076	clustered_cis_ohnolog	chr12	23	53521691	53526691	0	0.0
clust0076	clustered_cis_ohnolog	chr12	24	53526691	53531691	0	0.0
clust0076	clustered_cis_ohnolog	chr12	25	53531691	53536691	0	0.0
clust0076	clustered_cis_ohnolog	chr12	26	53536691	53541691	0	0.0
clust0076	clustered_cis_ohnolog	chr12	27	53541691	53546691	1	0.0482
clust0076	clustered_cis_ohnolog	chr12	28	53546691	53551691	0	0.0
clust0076	clustered_cis_ohnolog	chr12	29	53551691	53556691	0	0.0
clust0076	clustered_cis_ohnolog	chr12	30	53556691	53561691	0	0.0
clust0076	clustered_cis_ohnolog	chr12	31	53561691	53566691	0	0.0
clust0076	clustered_cis_ohnolog	chr12	32	53566691	53571691	0	0.0
clust0076	clustered_cis_ohnolog	chr12	33	53571691	53576691	0	0.0
clust0076	clustered_cis_ohnolog	chr12	34	53576691	53581691	0	0.0
clust0076	clustered_cis_ohnolog	chr12	35	53581691	53586691	0	0.0
clust0076	clustered_cis_ohnolog	chr12	36	53586691	53591691	0	0.0
clust0076	clustered_cis_ohnolog	chr12	37	53591691	53596691	0	0.0
clust0076	clustered_cis_ohnolog	chr12	38	53596691	53601691	0	0.0
clust0076	clustered_cis_ohnolog	chr12	39	53601691	53606691	0	0.0
clust0076	clustered_cis_ohnolog	chr12	40	53606691	53611691	0	0.0
clust0076	clustered_cis_ohnolog	chr12	41	53611691	53616691	0	0.0
clust0076	clustered_cis_ohnolog	chr12	42	53616691	53621691	0	0.0
clust0076	clustered_cis_ohnolog	chr12	43	53621691	53626691	0	0.0
clust0076	clustered_cis_ohnolog	chr12	44	53626691	53631691	0	0.0
clust0076	clustered_cis_ohnolog	chr12	45	53631691	53636691	0	0.0
clust0076	clustered_cis_ohnolog	chr12	46	53636691	53641691	0	0.0
clust0076	clustered_cis_ohnolog	chr12	47	53641691	53646691	0	0.0
clust0076	clustered_cis_ohnolog	chr12	48	53646691	53651691	0	0.0
clust0076	clustered_cis_ohnolog	chr12	49	53651691	53656691	0	0.0
clust0076	clustered_cis_ohnolog	chr12	50	53656691	53661691	0	0.0
clust0076	clustered_cis_ohnolog	chr12	51	53661691	53666691	0	0.0
clust0076	clustered_cis_ohnolog	chr12	52	53666691	53671691	0	0.0
clust0076	clustered_cis_ohnolog	chr12	53	53671691	53676691	2	0.1676
clust0076	clustered_cis_ohnolog	chr12	54	53676691	53681691	0	0.0
clust0076	clustered_cis_ohnolog	chr12	55	53681691	53686691	0	0.0
clust0076	clustered_cis_ohnolog	chr12	56	53686691	53691691	0	0.0
clust0076	clustered_cis_ohnolog	chr12	57	53691691	53696691	0	0.0
clust0076	clustered_cis_ohnolog	chr12	58	53696691	53701691	0	0.0
clust0076	clustered_cis_ohnolog	chr12	59	53701691	53706691	2	0.183
clust0076	clustered_cis_ohnolog	chr12	60	53706691	53711691	0	0.0
clust0076	clustered_cis_ohnolog	chr12	61	53711691	53716691	0	0.0
clust0076	clustered_cis_ohnolog	chr12	62	53716691	53721691	0	0.0
clust0076	clustered_cis_ohnolog	chr12	63	53721691	53726410	0	0.0
clust0071	clustered_cis_ohnolog	chr12	0	80607634	80612634	0	0.0
clust0071	clustered_cis_ohnolog	chr12	1	80612634	80617634	0	0.0
clust0071	clustered_cis_ohnolog	chr12	2	80617634	80622634	0	0.0
clust0071	clustered_cis_ohnolog	chr12	3	80622634	80627634	0	0.0
clust0071	clustered_cis_ohnolog	chr12	4	80627634	80632634	0	0.0
clust0071	clustered_cis_ohnolog	chr12	5	80632634	80637634	0	0.0
clust0071	clustered_cis_ohnolog	chr12	6	80637634	80642634	0	0.0
clust0071	clustered_cis_ohnolog	chr12	7	80642634	80647634	0	0.0
clust0071	clustered_cis_ohnolog	chr12	8	80647634	80652634	0	0.0
clust0071	clustered_cis_ohnolog	chr12	9	80652634	80657634	0	0.0
clust0071	clustered_cis_ohnolog	chr12	10	80657634	80662634	0	0.0
clust0071	clustered_cis_ohnolog	chr12	11	80662634	80667634	0	0.0
clust0071	clustered_cis_ohnolog	chr12	12	80667634	80672634	0	0.0
clust0071	clustered_cis_ohnolog	chr12	13	80672634	80677634	0	0.0
clust0071	clustered_cis_ohnolog	chr12	14	80677634	80682634	0	0.0
clust0071	clustered_cis_ohnolog	chr12	15	80682634	80687634	0	0.0
clust0071	clustered_cis_ohnolog	chr12	16	80687634	80692634	0	0.0
clust0071	clustered_cis_ohnolog	chr12	17	80692634	80697634	0	0.0
clust0071	clustered_cis_ohnolog	chr12	18	80697634	80702634	0	0.0
clust0071	clustered_cis_ohnolog	chr12	19	80702634	80707634	0	0.0
clust0071	clustered_cis_ohnolog	chr12	20	80707634	80712634	0	0.0
clust0071	clustered_cis_ohnolog	chr12	21	80712634	80717634	0	0.0
clust0071	clustered_cis_ohnolog	chr12	22	80717634	80722634	0	0.0
clust0071	clustered_cis_ohnolog	chr12	23	80722634	80727634	0	0.0
clust0071	clustered_cis_ohnolog	chr12	24	80727634	80732634	0	0.0
clust0071	clustered_cis_ohnolog	chr12	25	80732634	80737634	0	0.0
clust0071	clustered_cis_ohnolog	chr12	26	80737634	80742634	0	0.0
clust0071	clustered_cis_ohnolog	chr12	27	80742634	80747634	0	0.0
clust0071	clustered_cis_ohnolog	chr12	28	80747634	80752634	0	0.0
clust0071	clustered_cis_ohnolog	chr12	29	80752634	80757634	0	0.0
clust0071	clustered_cis_ohnolog	chr12	30	80757634	80762634	0	0.0
clust0071	clustered_cis_ohnolog	chr12	31	80762634	80767634	0	0.0
clust0071	clustered_cis_ohnolog	chr12	32	80767634	80772634	0	0.0
clust0071	clustered_cis_ohnolog	chr12	33	80772634	80777634	0	0.0
clust0071	clustered_cis_ohnolog	chr12	34	80777634	80782634	0	0.0
clust0071	clustered_cis_ohnolog	chr12	35	80782634	80787634	0	0.0
clust0071	clustered_cis_ohnolog	chr12	36	80787634	80792634	0	0.0
clust0071	clustered_cis_ohnolog	chr12	37	80792634	80797634	0	0.0
clust0071	clustered_cis_ohnolog	chr12	38	80797634	80802634	0	0.0
clust0071	clustered_cis_ohnolog	chr12	39	80802634	80807634	0	0.0
clust0071	clustered_cis_ohnolog	chr12	40	80807634	80812634	0	0.0
clust0071	clustered_cis_ohnolog	chr12	41	80812634	80817634	0	0.0
clust0071	clustered_cis_ohnolog	chr12	42	80817634	80819671	0	0.0
clust0069	clustered_cis_ohnolog	chr12	0	114253911	114258911	0	0.0
clust0069	clustered_cis_ohnolog	chr12	1	114258911	114263911	0	0.0
clust0069	clustered_cis_ohnolog	chr12	2	114263911	114268911	0	0.0
clust0069	clustered_cis_ohnolog	chr12	3	114268911	114273911	0	0.0
clust0069	clustered_cis_ohnolog	chr12	4	114273911	114278911	0	0.0
clust0069	clustered_cis_ohnolog	chr12	5	114278911	114283911	0	0.0
clust0069	clustered_cis_ohnolog	chr12	6	114283911	114288911	0	0.0
clust0069	clustered_cis_ohnolog	chr12	7	114288911	114293911	0	0.0
clust0069	clustered_cis_ohnolog	chr12	8	114293911	114298911	0	0.0
clust0069	clustered_cis_ohnolog	chr12	9	114298911	114303911	0	0.0
clust0069	clustered_cis_ohnolog	chr12	10	114303911	114308911	0	0.0
clust0069	clustered_cis_ohnolog	chr12	11	114308911	114313911	0	0.0
clust0069	clustered_cis_ohnolog	chr12	12	114313911	114318911	0	0.0
clust0069	clustered_cis_ohnolog	chr12	13	114318911	114323911	0	0.0
clust0069	clustered_cis_ohnolog	chr12	14	114323911	114328911	0	0.0
clust0069	clustered_cis_ohnolog	chr12	15	114328911	114333911	0	0.0
clust0069	clustered_cis_ohnolog	chr12	16	114333911	114338911	0	0.0
clust0069	clustered_cis_ohnolog	chr12	17	114338911	114343911	0	0.0
clust0069	clustered_cis_ohnolog	chr12	18	114343911	114348911	0	0.0
clust0069	clustered_cis_ohnolog	chr12	19	114348911	114353911	0	0.0
clust0069	clustered_cis_ohnolog	chr12	20	114353911	114358911	0	0.0
clust0069	clustered_cis_ohnolog	chr12	21	114358911	114363911	0	0.0
clust0069	clustered_cis_ohnolog	chr12	22	114363911	114368911	0	0.0
clust0069	clustered_cis_ohnolog	chr12	23	114368911	114373911	0	0.0
clust0069	clustered_cis_ohnolog	chr12	24	114373911	114378911	0	0.0
clust0069	clustered_cis_ohnolog	chr12	25	114378911	114383911	0	0.0
clust0069	clustered_cis_ohnolog	chr12	26	114383911	114388911	0	0.0
clust0069	clustered_cis_ohnolog	chr12	27	114388911	114393911	0	0.0
clust0069	clustered_cis_ohnolog	chr12	28	114393911	114398911	0	0.0
clust0069	clustered_cis_ohnolog	chr12	29	114398911	114403911	0	0.0
clust0069	clustered_cis_ohnolog	chr12	30	114403911	114408911	0	0.0
clust0069	clustered_cis_ohnolog	chr12	31	114408911	114413911	0	0.0
clust0069	clustered_cis_ohnolog	chr12	32	114413911	114418911	0	0.0
clust0069	clustered_cis_ohnolog	chr12	33	114418911	114423911	0	0.0
clust0069	clustered_cis_ohnolog	chr12	34	114423911	114428911	0	0.0
clust0069	clustered_cis_ohnolog	chr12	35	114428911	114433911	0	0.0
clust0069	clustered_cis_ohnolog	chr12	36	114433911	114438911	0	0.0
clust0069	clustered_cis_ohnolog	chr12	37	114438911	114443911	0	0.0
clust0069	clustered_cis_ohnolog	chr12	38	114443911	114448911	0	0.0
clust0069	clustered_cis_ohnolog	chr12	39	114448911	114453911	0	0.0
clust0069	clustered_cis_ohnolog	chr12	40	114453911	114458911	0	0.0
clust0069	clustered_cis_ohnolog	chr12	41	114458911	114463911	0	0.0
clust0069	clustered_cis_ohnolog	chr12	42	114463911	114468911	0	0.0
clust0069	clustered_cis_ohnolog	chr12	43	114468911	114473911	0	0.0
clust0069	clustered_cis_ohnolog	chr12	44	114473911	114478911	0	0.0
clust0069	clustered_cis_ohnolog	chr12	45	114478911	114483911	0	0.0
clust0069	clustered_cis_ohnolog	chr12	46	114483911	114488911	0	0.0
clust0069	clustered_cis_ohnolog	chr12	47	114488911	114493911	0	0.0
clust0069	clustered_cis_ohnolog	chr12	48	114493911	114498911	0	0.0
clust0069	clustered_cis_ohnolog	chr12	49	114498911	114503911	0	0.0
clust0069	clustered_cis_ohnolog	chr12	50	114503911	114508911	1	0.0946
clust0069	clustered_cis_ohnolog	chr12	51	114508911	114513911	1	0.0638
clust0069	clustered_cis_ohnolog	chr12	52	114513911	114518911	0	0.0
clust0069	clustered_cis_ohnolog	chr12	53	114518911	114523911	0	0.0
clust0069	clustered_cis_ohnolog	chr12	54	114523911	114528911	0	0.0
clust0069	clustered_cis_ohnolog	chr12	55	114528911	114533911	0	0.0
clust0069	clustered_cis_ohnolog	chr12	56	114533911	114538911	0	0.0
clust0069	clustered_cis_ohnolog	chr12	57	114538911	114543911	0	0.0
clust0069	clustered_cis_ohnolog	chr12	58	114543911	114548911	0	0.0
clust0069	clustered_cis_ohnolog	chr12	59	114548911	114553911	0	0.0
clust0069	clustered_cis_ohnolog	chr12	60	114553911	114558911	0	0.0
clust0069	clustered_cis_ohnolog	chr12	61	114558911	114563911	0	0.0
clust0069	clustered_cis_ohnolog	chr12	62	114563911	114568911	0	0.0
clust0069	clustered_cis_ohnolog	chr12	63	114568911	114573911	0	0.0
clust0069	clustered_cis_ohnolog	chr12	64	114573911	114578911	0	0.0
clust0069	clustered_cis_ohnolog	chr12	65	114578911	114583911	0	0.0
clust0069	clustered_cis_ohnolog	chr12	66	114583911	114588911	0	0.0
clust0069	clustered_cis_ohnolog	chr12	67	114588911	114593911	0	0.0
clust0069	clustered_cis_ohnolog	chr12	68	114593911	114598911	0	0.0
clust0069	clustered_cis_ohnolog	chr12	69	114598911	114603911	0	0.0
clust0069	clustered_cis_ohnolog	chr12	70	114603911	114608911	0	0.0
clust0069	clustered_cis_ohnolog	chr12	71	114608911	114613911	0	0.0
clust0069	clustered_cis_ohnolog	chr12	72	114613911	114618911	0	0.0
clust0069	clustered_cis_ohnolog	chr12	73	114618911	114623911	0	0.0
clust0069	clustered_cis_ohnolog	chr12	74	114623911	114628911	1	0.126
clust0069	clustered_cis_ohnolog	chr12	75	114628911	114633911	0	0.0
clust0069	clustered_cis_ohnolog	chr12	76	114633911	114638911	0	0.0
clust0069	clustered_cis_ohnolog	chr12	77	114638911	114643911	0	0.0
clust0069	clustered_cis_ohnolog	chr12	78	114643911	114648911	0	0.0
clust0069	clustered_cis_ohnolog	chr12	79	114648911	114653911	0	0.0
clust0069	clustered_cis_ohnolog	chr12	80	114653911	114658911	0	0.0
clust0069	clustered_cis_ohnolog	chr12	81	114658911	114663911	2	0.1846
clust0069	clustered_cis_ohnolog	chr12	82	114663911	114668911	0	0.0
clust0069	clustered_cis_ohnolog	chr12	83	114668911	114673911	0	0.0
clust0069	clustered_cis_ohnolog	chr12	84	114673911	114678911	0	0.0
clust0069	clustered_cis_ohnolog	chr12	85	114678911	114683911	0	0.0
clust0069	clustered_cis_ohnolog	chr12	86	114683911	114688911	0	0.0
clust0069	clustered_cis_ohnolog	chr12	87	114688911	114693911	0	0.0
clust0069	clustered_cis_ohnolog	chr12	88	114693911	114698911	0	0.0
clust0069	clustered_cis_ohnolog	chr12	89	114698911	114703911	0	0.0
clust0069	clustered_cis_ohnolog	chr12	90	114703911	114708911	0	0.0
clust0069	clustered_cis_ohnolog	chr12	91	114708911	114713911	0	0.0
clust0069	clustered_cis_ohnolog	chr12	92	114713911	114718911	0	0.0
clust0069	clustered_cis_ohnolog	chr12	93	114718911	114723911	0	0.0
clust0069	clustered_cis_ohnolog	chr12	94	114723911	114728911	0	0.0
clust0069	clustered_cis_ohnolog	chr12	95	114728911	114733911	0	0.0
clust0069	clustered_cis_ohnolog	chr12	96	114733911	114738911	0	0.0
clust0069	clustered_cis_ohnolog	chr12	97	114738911	114743911	0	0.0
clust0069	clustered_cis_ohnolog	chr12	98	114743911	114748911	0	0.0
clust0069	clustered_cis_ohnolog	chr12	99	114748911	114753911	0	0.0
clust0069	clustered_cis_ohnolog	chr12	100	114753911	114758911	0	0.0
clust0069	clustered_cis_ohnolog	chr12	101	114758911	114763911	0	0.0
clust0069	clustered_cis_ohnolog	chr12	102	114763911	114768911	0	0.0
clust0069	clustered_cis_ohnolog	chr12	103	114768911	114773911	0	0.0
clust0069	clustered_cis_ohnolog	chr12	104	114773911	114778911	0	0.0
clust0069	clustered_cis_ohnolog	chr12	105	114778911	114783911	0	0.0
clust0069	clustered_cis_ohnolog	chr12	106	114783911	114784175	0	0.0
clust0043	clustered_cis_ohnolog	chr13	0	27692483	27697483	0	0.0
clust0043	clustered_cis_ohnolog	chr13	1	27697483	27702483	0	0.0
clust0043	clustered_cis_ohnolog	chr13	2	27702483	27707483	0	0.0
clust0043	clustered_cis_ohnolog	chr13	3	27707483	27712483	0	0.0282
clust0043	clustered_cis_ohnolog	chr13	4	27712483	27717483	2	0.2238
clust0043	clustered_cis_ohnolog	chr13	5	27717483	27722483	0	0.0
clust0043	clustered_cis_ohnolog	chr13	6	27722483	27727483	0	0.0
clust0043	clustered_cis_ohnolog	chr13	7	27727483	27732483	0	0.0
clust0043	clustered_cis_ohnolog	chr13	8	27732483	27737483	0	0.0
clust0043	clustered_cis_ohnolog	chr13	9	27737483	27742483	0	0.0
clust0043	clustered_cis_ohnolog	chr13	10	27742483	27747483	0	0.0
clust0043	clustered_cis_ohnolog	chr13	11	27747483	27752483	0	0.0
clust0043	clustered_cis_ohnolog	chr13	12	27752483	27757483	0	0.0
clust0043	clustered_cis_ohnolog	chr13	13	27757483	27762483	0	0.0
clust0043	clustered_cis_ohnolog	chr13	14	27762483	27767483	0	0.0
clust0043	clustered_cis_ohnolog	chr13	15	27767483	27772483	2	0.252
clust0043	clustered_cis_ohnolog	chr13	16	27772483	27777483	0	0.0
clust0043	clustered_cis_ohnolog	chr13	17	27777483	27782483	0	0.0
clust0043	clustered_cis_ohnolog	chr13	18	27782483	27787483	0	0.0
clust0043	clustered_cis_ohnolog	chr13	19	27787483	27792483	0	0.0
clust0043	clustered_cis_ohnolog	chr13	20	27792483	27797483	0	0.0
clust0043	clustered_cis_ohnolog	chr13	21	27797483	27802483	0	0.0
clust0043	clustered_cis_ohnolog	chr13	22	27802483	27807483	0	0.0
clust0043	clustered_cis_ohnolog	chr13	23	27807483	27812483	0	0.0
clust0043	clustered_cis_ohnolog	chr13	24	27812483	27817483	0	0.0
clust0043	clustered_cis_ohnolog	chr13	25	27817483	27822483	0	0.0
clust0043	clustered_cis_ohnolog	chr13	26	27822483	27827483	2	0.1984
clust0043	clustered_cis_ohnolog	chr13	27	27827483	27832483	2	0.1708
clust0043	clustered_cis_ohnolog	chr13	28	27832483	27837483	0	0.0
clust0043	clustered_cis_ohnolog	chr13	29	27837483	27842483	0	0.0
clust0043	clustered_cis_ohnolog	chr13	30	27842483	27847483	0	0.0
clust0043	clustered_cis_ohnolog	chr13	31	27847483	27852483	0	0.0
clust0043	clustered_cis_ohnolog	chr13	32	27852483	27857483	0	0.0
clust0043	clustered_cis_ohnolog	chr13	33	27857483	27862483	0	0.0
clust0043	clustered_cis_ohnolog	chr13	34	27862483	27867483	0	0.0
clust0043	clustered_cis_ohnolog	chr13	35	27867483	27872483	2	0.252
clust0043	clustered_cis_ohnolog	chr13	36	27872483	27877483	0	0.0
clust0043	clustered_cis_ohnolog	chr13	37	27877483	27882483	0	0.0
clust0043	clustered_cis_ohnolog	chr13	38	27882483	27887483	0	0.0
clust0043	clustered_cis_ohnolog	chr13	39	27887483	27892483	0	0.0
clust0043	clustered_cis_ohnolog	chr13	40	27892483	27897483	0	0.0
clust0043	clustered_cis_ohnolog	chr13	41	27897483	27902483	0	0.0
clust0043	clustered_cis_ohnolog	chr13	42	27902483	27907483	0	0.0
clust0043	clustered_cis_ohnolog	chr13	43	27907483	27912483	0	0.0
clust0043	clustered_cis_ohnolog	chr13	44	27912483	27917483	0	0.0
clust0043	clustered_cis_ohnolog	chr13	45	27917483	27922483	0	0.0
clust0043	clustered_cis_ohnolog	chr13	46	27922483	27927483	0	0.0
clust0043	clustered_cis_ohnolog	chr13	47	27927483	27932483	0	0.0
clust0043	clustered_cis_ohnolog	chr13	48	27932483	27937483	0	0.0
clust0043	clustered_cis_ohnolog	chr13	49	27937483	27942483	0	0.0
clust0043	clustered_cis_ohnolog	chr13	50	27942483	27947483	0	0.0
clust0043	clustered_cis_ohnolog	chr13	51	27947483	27952483	0	0.0
clust0043	clustered_cis_ohnolog	chr13	52	27952483	27957483	1	0.126
clust0043	clustered_cis_ohnolog	chr13	53	27957483	27962483	0	0.0
clust0043	clustered_cis_ohnolog	chr13	54	27962483	27967483	0	0.0
clust0043	clustered_cis_ohnolog	chr13	55	27967483	27972483	0	0.0
clust0043	clustered_cis_ohnolog	chr13	56	27972483	27977483	0	0.0
clust0043	clustered_cis_ohnolog	chr13	57	27977483	27982483	0	0.0
clust0043	clustered_cis_ohnolog	chr13	58	27982483	27987483	2	0.1748
clust0043	clustered_cis_ohnolog	chr13	59	27987483	27992483	0	0.0
clust0043	clustered_cis_ohnolog	chr13	60	27992483	27997483	0	0.0
clust0043	clustered_cis_ohnolog	chr13	61	27997483	28002483	0	0.0
clust0043	clustered_cis_ohnolog	chr13	62	28002483	28007483	0	0.0
clust0043	clustered_cis_ohnolog	chr13	63	28007483	28012483	0	0.0
clust0043	clustered_cis_ohnolog	chr13	64	28012483	28017483	0	0.0
clust0043	clustered_cis_ohnolog	chr13	65	28017483	28022483	0	0.0
clust0043	clustered_cis_ohnolog	chr13	66	28022483	28027483	0	0.0
clust0043	clustered_cis_ohnolog	chr13	67	28027483	28032483	0	0.0
clust0043	clustered_cis_ohnolog	chr13	68	28032483	28037483	0	0.0
clust0043	clustered_cis_ohnolog	chr13	69	28037483	28042483	0	0.0
clust0043	clustered_cis_ohnolog	chr13	70	28042483	28047483	0	0.0
clust0043	clustered_cis_ohnolog	chr13	71	28047483	28052483	0	0.0
clust0043	clustered_cis_ohnolog	chr13	72	28052483	28057483	0	0.0
clust0043	clustered_cis_ohnolog	chr13	73	28057483	28062483	1	0.126
clust0043	clustered_cis_ohnolog	chr13	74	28062483	28067483	0	0.0
clust0043	clustered_cis_ohnolog	chr13	75	28067483	28069315	0	0.0
clust0008	clustered_cis_ohnolog	chr13	0	72954976	72959976	0	0.0
clust0008	clustered_cis_ohnolog	chr13	1	72959976	72964976	0	0.0
clust0008	clustered_cis_ohnolog	chr13	2	72964976	72969976	0	0.0
clust0008	clustered_cis_ohnolog	chr13	3	72969976	72974976	0	0.0
clust0008	clustered_cis_ohnolog	chr13	4	72974976	72979976	0	0.0
clust0008	clustered_cis_ohnolog	chr13	5	72979976	72984976	0	0.0
clust0008	clustered_cis_ohnolog	chr13	6	72984976	72989976	0	0.0
clust0008	clustered_cis_ohnolog	chr13	7	72989976	72994976	0	0.0
clust0008	clustered_cis_ohnolog	chr13	8	72994976	72999976	0	0.0
clust0008	clustered_cis_ohnolog	chr13	9	72999976	73004976	0	0.0
clust0008	clustered_cis_ohnolog	chr13	10	73004976	73009976	0	0.0
clust0008	clustered_cis_ohnolog	chr13	11	73009976	73014976	0	0.0
clust0008	clustered_cis_ohnolog	chr13	12	73014976	73019976	0	0.0
clust0008	clustered_cis_ohnolog	chr13	13	73019976	73024976	0	0.0
clust0008	clustered_cis_ohnolog	chr13	14	73024976	73029976	0	0.0
clust0008	clustered_cis_ohnolog	chr13	15	73029976	73034976	0	0.0
clust0008	clustered_cis_ohnolog	chr13	16	73034976	73039976	0	0.0
clust0008	clustered_cis_ohnolog	chr13	17	73039976	73044976	0	0.0
clust0008	clustered_cis_ohnolog	chr13	18	73044976	73049976	0	0.0
clust0008	clustered_cis_ohnolog	chr13	19	73049976	73054976	0	0.0
clust0008	clustered_cis_ohnolog	chr13	20	73054976	73059976	0	0.0
clust0008	clustered_cis_ohnolog	chr13	21	73059976	73064976	0	0.0
clust0008	clustered_cis_ohnolog	chr13	22	73064976	73069976	0	0.0
clust0008	clustered_cis_ohnolog	chr13	23	73069976	73074976	0	0.0
clust0008	clustered_cis_ohnolog	chr13	24	73074976	73079976	0	0.0
clust0008	clustered_cis_ohnolog	chr13	25	73079976	73084976	0	0.0
clust0008	clustered_cis_ohnolog	chr13	26	73084976	73089976	0	0.0
clust0008	clustered_cis_ohnolog	chr13	27	73089976	73094976	0	0.0
clust0008	clustered_cis_ohnolog	chr13	28	73094976	73099976	0	0.0
clust0008	clustered_cis_ohnolog	chr13	29	73099976	73104976	0	0.0
clust0008	clustered_cis_ohnolog	chr13	30	73104976	73109976	0	0.0
clust0008	clustered_cis_ohnolog	chr13	31	73109976	73114976	0	0.0
clust0008	clustered_cis_ohnolog	chr13	32	73114976	73119976	0	0.0
clust0008	clustered_cis_ohnolog	chr13	33	73119976	73124976	0	0.0
clust0008	clustered_cis_ohnolog	chr13	34	73124976	73129976	0	0.0
clust0008	clustered_cis_ohnolog	chr13	35	73129976	73134976	0	0.0
clust0008	clustered_cis_ohnolog	chr13	36	73134976	73139976	0	0.0
clust0008	clustered_cis_ohnolog	chr13	37	73139976	73144976	0	0.0
clust0008	clustered_cis_ohnolog	chr13	38	73144976	73149976	0	0.0
clust0008	clustered_cis_ohnolog	chr13	39	73149976	73154976	0	0.0
clust0008	clustered_cis_ohnolog	chr13	40	73154976	73159976	0	0.0
clust0008	clustered_cis_ohnolog	chr13	41	73159976	73164976	0	0.0
clust0008	clustered_cis_ohnolog	chr13	42	73164976	73169976	0	0.0
clust0008	clustered_cis_ohnolog	chr13	43	73169976	73174976	0	0.0
clust0008	clustered_cis_ohnolog	chr13	44	73174976	73179976	0	0.0
clust0008	clustered_cis_ohnolog	chr13	45	73179976	73184976	0	0.0
clust0008	clustered_cis_ohnolog	chr13	46	73184976	73189976	0	0.0
clust0008	clustered_cis_ohnolog	chr13	47	73189976	73194976	0	0.0
clust0008	clustered_cis_ohnolog	chr13	48	73194976	73199976	0	0.0
clust0008	clustered_cis_ohnolog	chr13	49	73199976	73204976	0	0.0
clust0008	clustered_cis_ohnolog	chr13	50	73204976	73209976	0	0.0
clust0008	clustered_cis_ohnolog	chr13	51	73209976	73214976	0	0.0
clust0008	clustered_cis_ohnolog	chr13	52	73214976	73219976	0	0.0
clust0008	clustered_cis_ohnolog	chr13	53	73219976	73224976	0	0.0
clust0008	clustered_cis_ohnolog	chr13	54	73224976	73229976	1	0.126
clust0008	clustered_cis_ohnolog	chr13	55	73229976	73234976	0	0.0
clust0008	clustered_cis_ohnolog	chr13	56	73234976	73239976	0	0.0
clust0008	clustered_cis_ohnolog	chr13	57	73239976	73244976	0	0.0
clust0008	clustered_cis_ohnolog	chr13	58	73244976	73249976	0	0.0
clust0008	clustered_cis_ohnolog	chr13	59	73249976	73254976	0	0.0
clust0008	clustered_cis_ohnolog	chr13	60	73254976	73259976	0	0.0
clust0008	clustered_cis_ohnolog	chr13	61	73259976	73264976	0	0.0
clust0008	clustered_cis_ohnolog	chr13	62	73264976	73269976	0	0.0
clust0008	clustered_cis_ohnolog	chr13	63	73269976	73274976	0	0.0
clust0008	clustered_cis_ohnolog	chr13	64	73274976	73279976	0	0.0
clust0008	clustered_cis_ohnolog	chr13	65	73279976	73284976	0	0.0
clust0008	clustered_cis_ohnolog	chr13	66	73284976	73289976	0	0.0
clust0008	clustered_cis_ohnolog	chr13	67	73289976	73294976	0	0.0
clust0008	clustered_cis_ohnolog	chr13	68	73294976	73299976	0	0.0
clust0008	clustered_cis_ohnolog	chr13	69	73299976	73304976	0	0.0
clust0008	clustered_cis_ohnolog	chr13	70	73304976	73309976	0	0.0
clust0008	clustered_cis_ohnolog	chr13	71	73309976	73314976	0	0.0
clust0008	clustered_cis_ohnolog	chr13	72	73314976	73319976	0	0.0
clust0008	clustered_cis_ohnolog	chr13	73	73319976	73324976	0	0.0
clust0008	clustered_cis_ohnolog	chr13	74	73324976	73329976	0	0.0
clust0008	clustered_cis_ohnolog	chr13	75	73329976	73334976	0	0.0
clust0008	clustered_cis_ohnolog	chr13	76	73334976	73339976	0	0.0
clust0008	clustered_cis_ohnolog	chr13	77	73339976	73344976	0	0.0
clust0008	clustered_cis_ohnolog	chr13	78	73344976	73349976	0	0.0
clust0008	clustered_cis_ohnolog	chr13	79	73349976	73354976	0	0.0
clust0008	clustered_cis_ohnolog	chr13	80	73354976	73359976	0	0.0
clust0008	clustered_cis_ohnolog	chr13	81	73359976	73364976	0	0.0
clust0008	clustered_cis_ohnolog	chr13	82	73364976	73369976	0	0.0
clust0008	clustered_cis_ohnolog	chr13	83	73369976	73374976	0	0.0
clust0008	clustered_cis_ohnolog	chr13	84	73374976	73379976	0	0.0
clust0008	clustered_cis_ohnolog	chr13	85	73379976	73384976	0	0.0
clust0008	clustered_cis_ohnolog	chr13	86	73384976	73389976	0	0.0
clust0008	clustered_cis_ohnolog	chr13	87	73389976	73394976	0	0.0
clust0008	clustered_cis_ohnolog	chr13	88	73394976	73399976	0	0.0
clust0008	clustered_cis_ohnolog	chr13	89	73399976	73404976	0	0.0
clust0008	clustered_cis_ohnolog	chr13	90	73404976	73409976	0	0.0
clust0008	clustered_cis_ohnolog	chr13	91	73409976	73414976	0	0.0
clust0008	clustered_cis_ohnolog	chr13	92	73414976	73419976	0	0.0
clust0008	clustered_cis_ohnolog	chr13	93	73419976	73424976	0	0.0
clust0008	clustered_cis_ohnolog	chr13	94	73424976	73429976	0	0.0
clust0008	clustered_cis_ohnolog	chr13	95	73429976	73434976	0	0.0
clust0008	clustered_cis_ohnolog	chr13	96	73434976	73439976	0	0.0
clust0008	clustered_cis_ohnolog	chr13	97	73439976	73444976	0	0.0
clust0008	clustered_cis_ohnolog	chr13	98	73444976	73449976	0	0.0
clust0008	clustered_cis_ohnolog	chr13	99	73449976	73454976	0	0.0
clust0008	clustered_cis_ohnolog	chr13	100	73454976	73459976	0	0.0
clust0008	clustered_cis_ohnolog	chr13	101	73459976	73464976	0	0.0
clust0008	clustered_cis_ohnolog	chr13	102	73464976	73469976	0	0.0
clust0008	clustered_cis_ohnolog	chr13	103	73469976	73474976	0	0.0
clust0008	clustered_cis_ohnolog	chr13	104	73474976	73479976	0	0.0
clust0008	clustered_cis_ohnolog	chr13	105	73479976	73484976	0	0.0
clust0008	clustered_cis_ohnolog	chr13	106	73484976	73489976	0	0.0
clust0008	clustered_cis_ohnolog	chr13	107	73489976	73494976	0	0.0
clust0008	clustered_cis_ohnolog	chr13	108	73494976	73499976	0	0.0
clust0008	clustered_cis_ohnolog	chr13	109	73499976	73504976	0	0.0
clust0008	clustered_cis_ohnolog	chr13	110	73504976	73509976	0	0.0
clust0008	clustered_cis_ohnolog	chr13	111	73509976	73514976	0	0.0
clust0008	clustered_cis_ohnolog	chr13	112	73514976	73519976	0	0.0
clust0008	clustered_cis_ohnolog	chr13	113	73519976	73524976	0	0.0
clust0008	clustered_cis_ohnolog	chr13	114	73524976	73529976	0	0.0
clust0008	clustered_cis_ohnolog	chr13	115	73529976	73534976	0	0.0
clust0008	clustered_cis_ohnolog	chr13	116	73534976	73539976	0	0.0
clust0008	clustered_cis_ohnolog	chr13	117	73539976	73544976	0	0.0
clust0008	clustered_cis_ohnolog	chr13	118	73544976	73549976	0	0.0
clust0008	clustered_cis_ohnolog	chr13	119	73549976	73554976	0	0.0
clust0008	clustered_cis_ohnolog	chr13	120	73554976	73559976	0	0.0
clust0008	clustered_cis_ohnolog	chr13	121	73559976	73564976	0	0.0
clust0008	clustered_cis_ohnolog	chr13	122	73564976	73569976	0	0.0
clust0008	clustered_cis_ohnolog	chr13	123	73569976	73574976	0	0.0
clust0008	clustered_cis_ohnolog	chr13	124	73574976	73579976	0	0.0
clust0008	clustered_cis_ohnolog	chr13	125	73579976	73584976	0	0.0
clust0008	clustered_cis_ohnolog	chr13	126	73584976	73589976	0	0.0
clust0008	clustered_cis_ohnolog	chr13	127	73589976	73594976	0	0.0
clust0008	clustered_cis_ohnolog	chr13	128	73594976	73599976	0	0.0
clust0008	clustered_cis_ohnolog	chr13	129	73599976	73604976	0	0.0
clust0008	clustered_cis_ohnolog	chr13	130	73604976	73609976	0	0.0
clust0008	clustered_cis_ohnolog	chr13	131	73609976	73614976	0	0.0
clust0008	clustered_cis_ohnolog	chr13	132	73614976	73619976	0	0.0
clust0008	clustered_cis_ohnolog	chr13	133	73619976	73624976	0	0.0
clust0008	clustered_cis_ohnolog	chr13	134	73624976	73629976	0	0.0
clust0008	clustered_cis_ohnolog	chr13	135	73629976	73634976	0	0.0
clust0008	clustered_cis_ohnolog	chr13	136	73634976	73639976	0	0.0
clust0008	clustered_cis_ohnolog	chr13	137	73639976	73644976	0	0.0
clust0008	clustered_cis_ohnolog	chr13	138	73644976	73649976	0	0.0
clust0008	clustered_cis_ohnolog	chr13	139	73649976	73654976	0	0.0
clust0008	clustered_cis_ohnolog	chr13	140	73654976	73659976	0	0.0
clust0008	clustered_cis_ohnolog	chr13	141	73659976	73664976	0	0.0
clust0008	clustered_cis_ohnolog	chr13	142	73664976	73669976	0	0.0
clust0008	clustered_cis_ohnolog	chr13	143	73669976	73674976	0	0.0
clust0008	clustered_cis_ohnolog	chr13	144	73674976	73679976	0	0.0
clust0008	clustered_cis_ohnolog	chr13	145	73679976	73684976	0	0.0
clust0008	clustered_cis_ohnolog	chr13	146	73684976	73689976	0	0.0
clust0008	clustered_cis_ohnolog	chr13	147	73689976	73694976	0	0.0
clust0008	clustered_cis_ohnolog	chr13	148	73694976	73699976	0	0.0
clust0008	clustered_cis_ohnolog	chr13	149	73699976	73704976	0	0.0
clust0008	clustered_cis_ohnolog	chr13	150	73704976	73709976	2	0.1806
clust0008	clustered_cis_ohnolog	chr13	151	73709976	73714976	0	0.0
clust0008	clustered_cis_ohnolog	chr13	152	73714976	73719976	0	0.0
clust0008	clustered_cis_ohnolog	chr13	153	73719976	73724976	1	0.126
clust0008	clustered_cis_ohnolog	chr13	154	73724976	73729976	0	0.0
clust0008	clustered_cis_ohnolog	chr13	155	73729976	73734976	0	0.0
clust0008	clustered_cis_ohnolog	chr13	156	73734976	73739976	0	0.0
clust0008	clustered_cis_ohnolog	chr13	157	73739976	73744976	0	0.0
clust0008	clustered_cis_ohnolog	chr13	158	73744976	73749976	0	0.0
clust0008	clustered_cis_ohnolog	chr13	159	73749976	73754976	1	0.1112
clust0008	clustered_cis_ohnolog	chr13	160	73754976	73759976	1	0.1408
clust0008	clustered_cis_ohnolog	chr13	161	73759976	73764976	0	0.0
clust0008	clustered_cis_ohnolog	chr13	162	73764976	73769976	2	0.252
clust0008	clustered_cis_ohnolog	chr13	163	73769976	73774976	0	0.0
clust0008	clustered_cis_ohnolog	chr13	164	73774976	73779976	0	0.0
clust0008	clustered_cis_ohnolog	chr13	165	73779976	73784976	0	0.0
clust0008	clustered_cis_ohnolog	chr13	166	73784976	73789976	0	0.0
clust0008	clustered_cis_ohnolog	chr13	167	73789976	73794976	0	0.0
clust0008	clustered_cis_ohnolog	chr13	168	73794976	73799976	0	0.0
clust0008	clustered_cis_ohnolog	chr13	169	73799976	73804976	0	0.0
clust0008	clustered_cis_ohnolog	chr13	170	73804976	73809976	0	0.0
clust0008	clustered_cis_ohnolog	chr13	171	73809976	73814976	0	0.0
clust0008	clustered_cis_ohnolog	chr13	172	73814976	73819976	0	0.0
clust0008	clustered_cis_ohnolog	chr13	173	73819976	73824976	0	0.0
clust0008	clustered_cis_ohnolog	chr13	174	73824976	73829976	0	0.0
clust0008	clustered_cis_ohnolog	chr13	175	73829976	73834976	0	0.0
clust0008	clustered_cis_ohnolog	chr13	176	73834976	73839976	2	0.252
clust0008	clustered_cis_ohnolog	chr13	177	73839976	73844976	0	0.0
clust0008	clustered_cis_ohnolog	chr13	178	73844976	73849976	2	0.2328
clust0008	clustered_cis_ohnolog	chr13	179	73849976	73854976	0	0.0192
clust0008	clustered_cis_ohnolog	chr13	180	73854976	73859976	0	0.0
clust0008	clustered_cis_ohnolog	chr13	181	73859976	73864976	0	0.0
clust0008	clustered_cis_ohnolog	chr13	182	73864976	73869976	0	0.0
clust0008	clustered_cis_ohnolog	chr13	183	73869976	73874976	0	0.0
clust0008	clustered_cis_ohnolog	chr13	184	73874976	73879976	0	0.0
clust0008	clustered_cis_ohnolog	chr13	185	73879976	73884976	0	0.0
clust0008	clustered_cis_ohnolog	chr13	186	73884976	73889976	0	0.0
clust0008	clustered_cis_ohnolog	chr13	187	73889976	73894976	0	0.0
clust0008	clustered_cis_ohnolog	chr13	188	73894976	73899976	0	0.0
clust0008	clustered_cis_ohnolog	chr13	189	73899976	73904976	0	0.0
clust0008	clustered_cis_ohnolog	chr13	190	73904976	73909976	0	0.0
clust0008	clustered_cis_ohnolog	chr13	191	73909976	73914976	0	0.0
clust0008	clustered_cis_ohnolog	chr13	192	73914976	73919976	0	0.0
clust0008	clustered_cis_ohnolog	chr13	193	73919976	73924976	0	0.0
clust0008	clustered_cis_ohnolog	chr13	194	73924976	73929976	0	0.0
clust0008	clustered_cis_ohnolog	chr13	195	73929976	73934976	0	0.0
clust0008	clustered_cis_ohnolog	chr13	196	73934976	73939976	0	0.0
clust0008	clustered_cis_ohnolog	chr13	197	73939976	73944976	0	0.0
clust0008	clustered_cis_ohnolog	chr13	198	73944976	73949976	0	0.0
clust0008	clustered_cis_ohnolog	chr13	199	73949976	73954976	0	0.0
clust0008	clustered_cis_ohnolog	chr13	200	73954976	73959976	0	0.0
clust0008	clustered_cis_ohnolog	chr13	201	73959976	73964976	0	0.0
clust0008	clustered_cis_ohnolog	chr13	202	73964976	73969976	0	0.0
clust0008	clustered_cis_ohnolog	chr13	203	73969976	73974976	0	0.0
clust0008	clustered_cis_ohnolog	chr13	204	73974976	73979976	0	0.0
clust0008	clustered_cis_ohnolog	chr13	205	73979976	73984976	0	0.0
clust0008	clustered_cis_ohnolog	chr13	206	73984976	73989976	0	0.0
clust0008	clustered_cis_ohnolog	chr13	207	73989976	73994976	0	0.0
clust0008	clustered_cis_ohnolog	chr13	208	73994976	73999976	0	0.0
clust0008	clustered_cis_ohnolog	chr13	209	73999976	74004976	0	0.0
clust0008	clustered_cis_ohnolog	chr13	210	74004976	74009976	0	0.0
clust0008	clustered_cis_ohnolog	chr13	211	74009976	74014976	0	0.0
clust0008	clustered_cis_ohnolog	chr13	212	74014976	74019976	0	0.0
clust0008	clustered_cis_ohnolog	chr13	213	74019976	74024976	0	0.0
clust0008	clustered_cis_ohnolog	chr13	214	74024976	74029976	0	0.0
clust0008	clustered_cis_ohnolog	chr13	215	74029976	74034976	0	0.0
clust0008	clustered_cis_ohnolog	chr13	216	74034976	74039976	0	0.0
clust0008	clustered_cis_ohnolog	chr13	217	74039976	74044976	1	0.126
clust0008	clustered_cis_ohnolog	chr13	218	74044976	74049976	0	0.0
clust0008	clustered_cis_ohnolog	chr13	219	74049976	74054976	0	0.0
clust0008	clustered_cis_ohnolog	chr13	220	74054976	74059976	0	0.0
clust0008	clustered_cis_ohnolog	chr13	221	74059976	74064976	0	0.0
clust0008	clustered_cis_ohnolog	chr13	222	74064976	74069976	0	0.0
clust0008	clustered_cis_ohnolog	chr13	223	74069976	74074976	0	0.0
clust0008	clustered_cis_ohnolog	chr13	224	74074976	74079976	0	0.0
clust0008	clustered_cis_ohnolog	chr13	225	74079976	74084976	0	0.0
clust0008	clustered_cis_ohnolog	chr13	226	74084976	74089976	0	0.0
clust0008	clustered_cis_ohnolog	chr13	227	74089976	74094976	0	0.0
clust0008	clustered_cis_ohnolog	chr13	228	74094976	74099976	0	0.0
clust0008	clustered_cis_ohnolog	chr13	229	74099976	74104976	0	0.0
clust0008	clustered_cis_ohnolog	chr13	230	74104976	74109976	0	0.0
clust0008	clustered_cis_ohnolog	chr13	231	74109976	74114976	0	0.0
clust0008	clustered_cis_ohnolog	chr13	232	74114976	74119976	0	0.0
clust0008	clustered_cis_ohnolog	chr13	233	74119976	74124976	0	0.0
clust0008	clustered_cis_ohnolog	chr13	234	74124976	74129976	0	0.0
clust0008	clustered_cis_ohnolog	chr13	235	74129976	74134976	0	0.0
clust0008	clustered_cis_ohnolog	chr13	236	74134976	74139976	0	0.0
clust0008	clustered_cis_ohnolog	chr13	237	74139976	74144976	0	0.0
clust0008	clustered_cis_ohnolog	chr13	238	74144976	74149976	0	0.0
clust0008	clustered_cis_ohnolog	chr13	239	74149976	74154976	0	0.0
clust0008	clustered_cis_ohnolog	chr13	240	74154976	74159976	0	0.0
clust0008	clustered_cis_ohnolog	chr13	241	74159976	74164976	0	0.0
clust0008	clustered_cis_ohnolog	chr13	242	74164976	74169976	0	0.0
clust0008	clustered_cis_ohnolog	chr13	243	74169976	74174976	0	0.0
clust0008	clustered_cis_ohnolog	chr13	244	74174976	74179976	0	0.0
clust0008	clustered_cis_ohnolog	chr13	245	74179976	74184976	0	0.0
clust0008	clustered_cis_ohnolog	chr13	246	74184976	74189976	0	0.0
clust0008	clustered_cis_ohnolog	chr13	247	74189976	74194976	0	0.0
clust0008	clustered_cis_ohnolog	chr13	248	74194976	74199976	0	0.0
clust0008	clustered_cis_ohnolog	chr13	249	74199976	74204976	0	0.0
clust0008	clustered_cis_ohnolog	chr13	250	74204976	74209976	0	0.0
clust0008	clustered_cis_ohnolog	chr13	251	74209976	74214976	0	0.0
clust0008	clustered_cis_ohnolog	chr13	252	74214976	74219976	0	0.0
clust0008	clustered_cis_ohnolog	chr13	253	74219976	74224976	0	0.0
clust0008	clustered_cis_ohnolog	chr13	254	74224976	74229976	0	0.0
clust0008	clustered_cis_ohnolog	chr13	255	74229976	74234404	0	0.0
clust0009	clustered_cis_ohnolog	chr13	0	99862964	99867964	0	0.0
clust0009	clustered_cis_ohnolog	chr13	1	99867964	99872964	0	0.0
clust0009	clustered_cis_ohnolog	chr13	2	99872964	99877964	0	0.0
clust0009	clustered_cis_ohnolog	chr13	3	99877964	99882964	0	0.0
clust0009	clustered_cis_ohnolog	chr13	4	99882964	99887964	0	0.0
clust0009	clustered_cis_ohnolog	chr13	5	99887964	99892964	0	0.0
clust0009	clustered_cis_ohnolog	chr13	6	99892964	99897964	0	0.0
clust0009	clustered_cis_ohnolog	chr13	7	99897964	99902964	2	0.252
clust0009	clustered_cis_ohnolog	chr13	8	99902964	99907964	0	0.0
clust0009	clustered_cis_ohnolog	chr13	9	99907964	99912964	0	0.0
clust0009	clustered_cis_ohnolog	chr13	10	99912964	99917964	2	0.2038
clust0009	clustered_cis_ohnolog	chr13	11	99917964	99922964	0	0.0
clust0009	clustered_cis_ohnolog	chr13	12	99922964	99927964	0	0.0
clust0009	clustered_cis_ohnolog	chr13	13	99927964	99932964	0	0.0
clust0009	clustered_cis_ohnolog	chr13	14	99932964	99937964	0	0.0
clust0009	clustered_cis_ohnolog	chr13	15	99937964	99942964	0	0.0
clust0009	clustered_cis_ohnolog	chr13	16	99942964	99947964	0	0.0
clust0009	clustered_cis_ohnolog	chr13	17	99947964	99952964	0	0.0
clust0009	clustered_cis_ohnolog	chr13	18	99952964	99957964	0	0.0
clust0009	clustered_cis_ohnolog	chr13	19	99957964	99962964	0	0.0
clust0009	clustered_cis_ohnolog	chr13	20	99962964	99967964	0	0.0
clust0009	clustered_cis_ohnolog	chr13	21	99967964	99972964	0	0.0
clust0009	clustered_cis_ohnolog	chr13	22	99972964	99977964	0	0.0
clust0009	clustered_cis_ohnolog	chr13	23	99977964	99982964	0	0.0
clust0009	clustered_cis_ohnolog	chr13	24	99982964	99987964	0	0.0
clust0009	clustered_cis_ohnolog	chr13	25	99987964	99992964	0	0.0
clust0009	clustered_cis_ohnolog	chr13	26	99992964	99997964	0	0.0
clust0009	clustered_cis_ohnolog	chr13	27	99997964	100002964	0	0.0
clust0009	clustered_cis_ohnolog	chr13	28	100002964	100007964	0	0.0
clust0009	clustered_cis_ohnolog	chr13	29	100007964	100012964	0	0.0
clust0009	clustered_cis_ohnolog	chr13	30	100012964	100017964	0	0.0
clust0009	clustered_cis_ohnolog	chr13	31	100017964	100022964	0	0.0
clust0009	clustered_cis_ohnolog	chr13	32	100022964	100027964	0	0.0
clust0009	clustered_cis_ohnolog	chr13	33	100027964	100032964	0	0.0
clust0009	clustered_cis_ohnolog	chr13	34	100032964	100037964	0	0.0
clust0009	clustered_cis_ohnolog	chr13	35	100037964	100042964	0	0.0
clust0009	clustered_cis_ohnolog	chr13	36	100042964	100047964	0	0.0
clust0009	clustered_cis_ohnolog	chr13	37	100047964	100052964	0	0.0
clust0009	clustered_cis_ohnolog	chr13	38	100052964	100057964	0	0.0
clust0009	clustered_cis_ohnolog	chr13	39	100057964	100062964	0	0.0
clust0009	clustered_cis_ohnolog	chr13	40	100062964	100067964	0	0.0
clust0009	clustered_cis_ohnolog	chr13	41	100067964	100072964	0	0.0
clust0009	clustered_cis_ohnolog	chr13	42	100072964	100077964	0	0.0
clust0009	clustered_cis_ohnolog	chr13	43	100077964	100082964	0	0.0
clust0009	clustered_cis_ohnolog	chr13	44	100082964	100086765	0	0.0
clust0044	clustered_cis_ohnolog	chr14	0	36416392	36421392	0	0.0
clust0044	clustered_cis_ohnolog	chr14	1	36421392	36426392	0	0.0
clust0044	clustered_cis_ohnolog	chr14	2	36426392	36431392	0	0.0
clust0044	clustered_cis_ohnolog	chr14	3	36431392	36436392	0	0.0
clust0044	clustered_cis_ohnolog	chr14	4	36436392	36441392	0	0.0
clust0044	clustered_cis_ohnolog	chr14	5	36441392	36446392	0	0.0
clust0044	clustered_cis_ohnolog	chr14	6	36446392	36451392	0	0.0
clust0044	clustered_cis_ohnolog	chr14	7	36451392	36456392	0	0.0
clust0044	clustered_cis_ohnolog	chr14	8	36456392	36461392	0	0.0
clust0044	clustered_cis_ohnolog	chr14	9	36461392	36466392	0	0.0
clust0044	clustered_cis_ohnolog	chr14	10	36466392	36471392	0	0.0
clust0044	clustered_cis_ohnolog	chr14	11	36471392	36476392	0	0.0
clust0044	clustered_cis_ohnolog	chr14	12	36476392	36481392	0	0.0
clust0044	clustered_cis_ohnolog	chr14	13	36481392	36486392	0	0.0
clust0044	clustered_cis_ohnolog	chr14	14	36486392	36491392	0	0.0
clust0044	clustered_cis_ohnolog	chr14	15	36491392	36496392	0	0.0
clust0044	clustered_cis_ohnolog	chr14	16	36496392	36501392	0	0.0
clust0044	clustered_cis_ohnolog	chr14	17	36501392	36506392	0	0.0
clust0044	clustered_cis_ohnolog	chr14	18	36506392	36511392	0	0.0
clust0044	clustered_cis_ohnolog	chr14	19	36511392	36516392	0	0.0
clust0044	clustered_cis_ohnolog	chr14	20	36516392	36521392	0	0.0
clust0044	clustered_cis_ohnolog	chr14	21	36521392	36526392	0	0.0
clust0044	clustered_cis_ohnolog	chr14	22	36526392	36531392	0	0.0
clust0044	clustered_cis_ohnolog	chr14	23	36531392	36536392	0	0.0
clust0044	clustered_cis_ohnolog	chr14	24	36536392	36541392	0	0.0
clust0044	clustered_cis_ohnolog	chr14	25	36541392	36546392	0	0.0
clust0044	clustered_cis_ohnolog	chr14	26	36546392	36551392	0	0.0
clust0044	clustered_cis_ohnolog	chr14	27	36551392	36556392	1	0.126
clust0044	clustered_cis_ohnolog	chr14	28	36556392	36561392	2	0.252
clust0044	clustered_cis_ohnolog	chr14	29	36561392	36566392	0	0.0
clust0044	clustered_cis_ohnolog	chr14	30	36566392	36571392	0	0.0
clust0044	clustered_cis_ohnolog	chr14	31	36571392	36576392	0	0.0
clust0044	clustered_cis_ohnolog	chr14	32	36576392	36581392	0	0.0
clust0044	clustered_cis_ohnolog	chr14	33	36581392	36586392	0	0.0
clust0044	clustered_cis_ohnolog	chr14	34	36586392	36591392	0	0.0
clust0044	clustered_cis_ohnolog	chr14	35	36591392	36596392	0	0.0
clust0044	clustered_cis_ohnolog	chr14	36	36596392	36601392	0	0.0
clust0044	clustered_cis_ohnolog	chr14	37	36601392	36606392	2	0.252
clust0044	clustered_cis_ohnolog	chr14	38	36606392	36611392	0	0.0
clust0044	clustered_cis_ohnolog	chr14	39	36611392	36616392	0	0.0
clust0044	clustered_cis_ohnolog	chr14	40	36616392	36621392	0	0.0
clust0044	clustered_cis_ohnolog	chr14	41	36621392	36626392	0	0.0
clust0044	clustered_cis_ohnolog	chr14	42	36626392	36631392	0	0.0
clust0044	clustered_cis_ohnolog	chr14	43	36631392	36636392	0	0.0
clust0044	clustered_cis_ohnolog	chr14	44	36636392	36641392	0	0.0
clust0044	clustered_cis_ohnolog	chr14	45	36641392	36646392	0	0.0
clust0044	clustered_cis_ohnolog	chr14	46	36646392	36651392	0	0.0
clust0044	clustered_cis_ohnolog	chr14	47	36651392	36656392	0	0.0
clust0044	clustered_cis_ohnolog	chr14	48	36656392	36661392	0	0.0
clust0044	clustered_cis_ohnolog	chr14	49	36661392	36666392	0	0.0
clust0044	clustered_cis_ohnolog	chr14	50	36666392	36671392	0	0.0
clust0044	clustered_cis_ohnolog	chr14	51	36671392	36676392	0	0.0
clust0044	clustered_cis_ohnolog	chr14	52	36676392	36681392	0	0.0
clust0044	clustered_cis_ohnolog	chr14	53	36681392	36682614	0	0.0
clust0045	clustered_cis_ohnolog	chr14	0	60409146	60414146	0	0.0
clust0045	clustered_cis_ohnolog	chr14	1	60414146	60419146	0	0.0
clust0045	clustered_cis_ohnolog	chr14	2	60419146	60424146	0	0.0
clust0045	clustered_cis_ohnolog	chr14	3	60424146	60429146	0	0.0
clust0045	clustered_cis_ohnolog	chr14	4	60429146	60434146	0	0.0
clust0045	clustered_cis_ohnolog	chr14	5	60434146	60439146	0	0.0
clust0045	clustered_cis_ohnolog	chr14	6	60439146	60444146	0	0.0
clust0045	clustered_cis_ohnolog	chr14	7	60444146	60449146	0	0.0
clust0045	clustered_cis_ohnolog	chr14	8	60449146	60454146	0	0.0
clust0045	clustered_cis_ohnolog	chr14	9	60454146	60459146	0	0.0
clust0045	clustered_cis_ohnolog	chr14	10	60459146	60464146	0	0.0
clust0045	clustered_cis_ohnolog	chr14	11	60464146	60469146	0	0.0
clust0045	clustered_cis_ohnolog	chr14	12	60469146	60474146	0	0.0
clust0045	clustered_cis_ohnolog	chr14	13	60474146	60479146	0	0.0
clust0045	clustered_cis_ohnolog	chr14	14	60479146	60484146	0	0.0
clust0045	clustered_cis_ohnolog	chr14	15	60484146	60489146	0	0.0
clust0045	clustered_cis_ohnolog	chr14	16	60489146	60494146	0	0.0
clust0045	clustered_cis_ohnolog	chr14	17	60494146	60499146	0	0.0
clust0045	clustered_cis_ohnolog	chr14	18	60499146	60504146	0	0.0
clust0045	clustered_cis_ohnolog	chr14	19	60504146	60509146	0	0.0
clust0045	clustered_cis_ohnolog	chr14	20	60509146	60514146	0	0.0
clust0045	clustered_cis_ohnolog	chr14	21	60514146	60519146	0	0.0
clust0045	clustered_cis_ohnolog	chr14	22	60519146	60524146	0	0.0
clust0045	clustered_cis_ohnolog	chr14	23	60524146	60529146	0	0.0
clust0045	clustered_cis_ohnolog	chr14	24	60529146	60534146	0	0.0
clust0045	clustered_cis_ohnolog	chr14	25	60534146	60539146	0	0.0
clust0045	clustered_cis_ohnolog	chr14	26	60539146	60544146	0	0.0
clust0045	clustered_cis_ohnolog	chr14	27	60544146	60549146	0	0.0
clust0045	clustered_cis_ohnolog	chr14	28	60549146	60554146	0	0.0
clust0045	clustered_cis_ohnolog	chr14	29	60554146	60559146	0	0.0
clust0045	clustered_cis_ohnolog	chr14	30	60559146	60564146	1	0.126
clust0045	clustered_cis_ohnolog	chr14	31	60564146	60569146	0	0.0
clust0045	clustered_cis_ohnolog	chr14	32	60569146	60574146	0	0.0
clust0045	clustered_cis_ohnolog	chr14	33	60574146	60579146	0	0.0
clust0045	clustered_cis_ohnolog	chr14	34	60579146	60584146	0	0.0
clust0045	clustered_cis_ohnolog	chr14	35	60584146	60589146	0	0.0
clust0045	clustered_cis_ohnolog	chr14	36	60589146	60594146	0	0.0
clust0045	clustered_cis_ohnolog	chr14	37	60594146	60599146	0	0.0
clust0045	clustered_cis_ohnolog	chr14	38	60599146	60604146	0	0.0
clust0045	clustered_cis_ohnolog	chr14	39	60604146	60609146	0	0.0
clust0045	clustered_cis_ohnolog	chr14	40	60609146	60614146	0	0.0
clust0045	clustered_cis_ohnolog	chr14	41	60614146	60619146	0	0.0
clust0045	clustered_cis_ohnolog	chr14	42	60619146	60624146	0	0.0
clust0045	clustered_cis_ohnolog	chr14	43	60624146	60629146	1	0.126
clust0045	clustered_cis_ohnolog	chr14	44	60629146	60634146	0	0.0
clust0045	clustered_cis_ohnolog	chr14	45	60634146	60639146	0	0.0
clust0045	clustered_cis_ohnolog	chr14	46	60639146	60644146	0	0.0
clust0045	clustered_cis_ohnolog	chr14	47	60644146	60649146	0	0.0
clust0045	clustered_cis_ohnolog	chr14	48	60649146	60654146	0	0.0
clust0045	clustered_cis_ohnolog	chr14	49	60654146	60659146	0	0.0
clust0045	clustered_cis_ohnolog	chr14	50	60659146	60664146	0	0.0
clust0045	clustered_cis_ohnolog	chr14	51	60664146	60669146	0	0.0
clust0045	clustered_cis_ohnolog	chr14	52	60669146	60674146	0	0.0
clust0045	clustered_cis_ohnolog	chr14	53	60674146	60679146	0	0.0
clust0045	clustered_cis_ohnolog	chr14	54	60679146	60684146	0	0.0
clust0045	clustered_cis_ohnolog	chr14	55	60684146	60689146	0	0.0
clust0045	clustered_cis_ohnolog	chr14	56	60689146	60694146	0	0.0
clust0045	clustered_cis_ohnolog	chr14	57	60694146	60699146	0	0.0
clust0045	clustered_cis_ohnolog	chr14	58	60699146	60704146	0	0.0
clust0045	clustered_cis_ohnolog	chr14	59	60704146	60709146	0	0.0
clust0045	clustered_cis_ohnolog	chr14	60	60709146	60714146	0	0.0
clust0045	clustered_cis_ohnolog	chr14	61	60714146	60719146	0	0.0
clust0045	clustered_cis_ohnolog	chr14	62	60719146	60724146	0	0.0
clust0045	clustered_cis_ohnolog	chr14	63	60724146	60729146	0	0.0
clust0045	clustered_cis_ohnolog	chr14	64	60729146	60734146	0	0.0
clust0045	clustered_cis_ohnolog	chr14	65	60734146	60739146	0	0.0
clust0045	clustered_cis_ohnolog	chr14	66	60739146	60744146	0	0.0
clust0045	clustered_cis_ohnolog	chr14	67	60744146	60749146	0	0.0
clust0045	clustered_cis_ohnolog	chr14	68	60749146	60754146	0	0.0
clust0045	clustered_cis_ohnolog	chr14	69	60754146	60759146	0	0.0
clust0045	clustered_cis_ohnolog	chr14	70	60759146	60764146	0	0.0
clust0045	clustered_cis_ohnolog	chr14	71	60764146	60769146	0	0.0
clust0045	clustered_cis_ohnolog	chr14	72	60769146	60774146	0	0.0
clust0045	clustered_cis_ohnolog	chr14	73	60774146	60779146	0	0.0
clust0045	clustered_cis_ohnolog	chr14	74	60779146	60784146	0	0.0
clust0045	clustered_cis_ohnolog	chr14	75	60784146	60789146	0	0.0
clust0045	clustered_cis_ohnolog	chr14	76	60789146	60794146	0	0.0
clust0045	clustered_cis_ohnolog	chr14	77	60794146	60799146	0	0.0
clust0045	clustered_cis_ohnolog	chr14	78	60799146	60804146	0	0.0
clust0045	clustered_cis_ohnolog	chr14	79	60804146	60809146	0	0.0
clust0045	clustered_cis_ohnolog	chr14	80	60809146	60814146	0	0.0
clust0045	clustered_cis_ohnolog	chr14	81	60814146	60819146	0	0.0
clust0045	clustered_cis_ohnolog	chr14	82	60819146	60824146	0	0.0
clust0045	clustered_cis_ohnolog	chr14	83	60824146	60824351	0	0.0
clust0077	clustered_cis_ohnolog	chr14	0	75178826	75183826	0	0.0
clust0077	clustered_cis_ohnolog	chr14	1	75183826	75188826	0	0.0
clust0077	clustered_cis_ohnolog	chr14	2	75188826	75193826	0	0.0
clust0077	clustered_cis_ohnolog	chr14	3	75193826	75198826	0	0.0
clust0077	clustered_cis_ohnolog	chr14	4	75198826	75203826	0	0.0
clust0077	clustered_cis_ohnolog	chr14	5	75203826	75208826	0	0.0
clust0077	clustered_cis_ohnolog	chr14	6	75208826	75213826	0	0.0
clust0077	clustered_cis_ohnolog	chr14	7	75213826	75218826	0	0.0
clust0077	clustered_cis_ohnolog	chr14	8	75218826	75223826	0	0.0
clust0077	clustered_cis_ohnolog	chr14	9	75223826	75228826	0	0.0
clust0077	clustered_cis_ohnolog	chr14	10	75228826	75233826	2	0.252
clust0077	clustered_cis_ohnolog	chr14	11	75233826	75238826	0	0.0
clust0077	clustered_cis_ohnolog	chr14	12	75238826	75243826	0	0.0
clust0077	clustered_cis_ohnolog	chr14	13	75243826	75248826	0	0.0
clust0077	clustered_cis_ohnolog	chr14	14	75248826	75253826	0	0.0
clust0077	clustered_cis_ohnolog	chr14	15	75253826	75258826	0	0.0
clust0077	clustered_cis_ohnolog	chr14	16	75258826	75263826	0	0.0
clust0077	clustered_cis_ohnolog	chr14	17	75263826	75268826	0	0.0
clust0077	clustered_cis_ohnolog	chr14	18	75268826	75273826	0	0.0
clust0077	clustered_cis_ohnolog	chr14	19	75273826	75278826	0	0.0
clust0077	clustered_cis_ohnolog	chr14	20	75278826	75283826	0	0.0
clust0077	clustered_cis_ohnolog	chr14	21	75283826	75288826	0	0.0
clust0077	clustered_cis_ohnolog	chr14	22	75288826	75293826	0	0.0
clust0077	clustered_cis_ohnolog	chr14	23	75293826	75298826	1	0.066
clust0077	clustered_cis_ohnolog	chr14	24	75298826	75303826	1	0.0392
clust0077	clustered_cis_ohnolog	chr14	25	75303826	75308826	2	0.1904
clust0077	clustered_cis_ohnolog	chr14	26	75308826	75313826	0	0.0
clust0077	clustered_cis_ohnolog	chr14	27	75313826	75318826	0	0.0
clust0077	clustered_cis_ohnolog	chr14	28	75318826	75323826	0	0.0
clust0077	clustered_cis_ohnolog	chr14	29	75323826	75328826	0	0.0
clust0077	clustered_cis_ohnolog	chr14	30	75328826	75333826	0	0.0
clust0077	clustered_cis_ohnolog	chr14	31	75333826	75338826	0	0.0
clust0077	clustered_cis_ohnolog	chr14	32	75338826	75343826	0	0.0
clust0077	clustered_cis_ohnolog	chr14	33	75343826	75348826	0	0.0
clust0077	clustered_cis_ohnolog	chr14	34	75348826	75353826	0	0.0
clust0077	clustered_cis_ohnolog	chr14	35	75353826	75358826	0	0.0
clust0077	clustered_cis_ohnolog	chr14	36	75358826	75363826	0	0.0
clust0077	clustered_cis_ohnolog	chr14	37	75363826	75368826	0	0.0
clust0077	clustered_cis_ohnolog	chr14	38	75368826	75373826	0	0.0
clust0077	clustered_cis_ohnolog	chr14	39	75373826	75378826	0	0.0
clust0077	clustered_cis_ohnolog	chr14	40	75378826	75383826	0	0.0
clust0077	clustered_cis_ohnolog	chr14	41	75383826	75388826	0	0.0
clust0077	clustered_cis_ohnolog	chr14	42	75388826	75393826	0	0.0
clust0077	clustered_cis_ohnolog	chr14	43	75393826	75398826	0	0.0
clust0077	clustered_cis_ohnolog	chr14	44	75398826	75403826	0	0.0
clust0077	clustered_cis_ohnolog	chr14	45	75403826	75408826	0	0.0
clust0077	clustered_cis_ohnolog	chr14	46	75408826	75413826	0	0.0
clust0077	clustered_cis_ohnolog	chr14	47	75413826	75418826	0	0.0
clust0077	clustered_cis_ohnolog	chr14	48	75418826	75423826	0	0.0
clust0077	clustered_cis_ohnolog	chr14	49	75423826	75428826	0	0.0
clust0077	clustered_cis_ohnolog	chr14	50	75428826	75433826	0	0.0
clust0077	clustered_cis_ohnolog	chr14	51	75433826	75438826	0	0.0
clust0077	clustered_cis_ohnolog	chr14	52	75438826	75443826	0	0.0
clust0077	clustered_cis_ohnolog	chr14	53	75443826	75448826	0	0.0
clust0077	clustered_cis_ohnolog	chr14	54	75448826	75453826	0	0.0082
clust0077	clustered_cis_ohnolog	chr14	55	75453826	75458826	1	0.1178
clust0077	clustered_cis_ohnolog	chr14	56	75458826	75463826	0	0.0
clust0077	clustered_cis_ohnolog	chr14	57	75463826	75468826	0	0.0
clust0077	clustered_cis_ohnolog	chr14	58	75468826	75473826	0	0.0
clust0077	clustered_cis_ohnolog	chr14	59	75473826	75478826	0	0.0
clust0077	clustered_cis_ohnolog	chr14	60	75478826	75483826	0	0.0
clust0077	clustered_cis_ohnolog	chr14	61	75483826	75488826	0	0.0042
clust0077	clustered_cis_ohnolog	chr14	62	75488826	75493826	1	0.0576
clust0077	clustered_cis_ohnolog	chr14	63	75493826	75498826	0	0.0
clust0077	clustered_cis_ohnolog	chr14	64	75498826	75503826	0	0.0
clust0077	clustered_cis_ohnolog	chr14	65	75503826	75508826	0	0.0
clust0077	clustered_cis_ohnolog	chr14	66	75508826	75513826	0	0.0
clust0077	clustered_cis_ohnolog	chr14	67	75513826	75518826	0	0.0452
clust0077	clustered_cis_ohnolog	chr14	68	75518826	75523826	1	0.0808
clust0077	clustered_cis_ohnolog	chr14	69	75523826	75528826	0	0.0
clust0077	clustered_cis_ohnolog	chr14	70	75528826	75533826	0	0.0
clust0077	clustered_cis_ohnolog	chr14	71	75533826	75538826	0	0.0
clust0077	clustered_cis_ohnolog	chr14	72	75538826	75543826	0	0.0
clust0077	clustered_cis_ohnolog	chr14	73	75543826	75548826	0	0.0
clust0077	clustered_cis_ohnolog	chr14	74	75548826	75553826	0	0.0
clust0077	clustered_cis_ohnolog	chr14	75	75553826	75558826	0	0.0
clust0077	clustered_cis_ohnolog	chr14	76	75558826	75563826	2	0.1754
clust0077	clustered_cis_ohnolog	chr14	77	75563826	75568826	0	0.0
clust0077	clustered_cis_ohnolog	chr14	78	75568826	75573826	0	0.0
clust0077	clustered_cis_ohnolog	chr14	79	75573826	75578826	1	0.0436
clust0077	clustered_cis_ohnolog	chr14	80	75578826	75583826	0	0.0
clust0077	clustered_cis_ohnolog	chr14	81	75583826	75588826	0	0.0
clust0077	clustered_cis_ohnolog	chr14	82	75588826	75593826	0	0.0
clust0077	clustered_cis_ohnolog	chr14	83	75593826	75598826	0	0.0
clust0077	clustered_cis_ohnolog	chr14	84	75598826	75603826	0	0.0
clust0077	clustered_cis_ohnolog	chr14	85	75603826	75608826	0	0.0
clust0077	clustered_cis_ohnolog	chr14	86	75608826	75613826	0	0.0
clust0077	clustered_cis_ohnolog	chr14	87	75613826	75618826	0	0.0
clust0077	clustered_cis_ohnolog	chr14	88	75618826	75623826	0	0.0
clust0077	clustered_cis_ohnolog	chr14	89	75623826	75628826	0	0.0
clust0077	clustered_cis_ohnolog	chr14	90	75628826	75633826	0	0.0
clust0077	clustered_cis_ohnolog	chr14	91	75633826	75638826	0	0.0
clust0077	clustered_cis_ohnolog	chr14	92	75638826	75643826	0	0.0
clust0077	clustered_cis_ohnolog	chr14	93	75643826	75646993	0	0.0
clust0046	clustered_cis_ohnolog	chr16	0	54183304	54188304	0	0.0
clust0046	clustered_cis_ohnolog	chr16	1	54188304	54193304	0	0.0
clust0046	clustered_cis_ohnolog	chr16	2	54193304	54198304	0	0.0
clust0046	clustered_cis_ohnolog	chr16	3	54198304	54203304	0	0.0
clust0046	clustered_cis_ohnolog	chr16	4	54203304	54208304	0	0.0
clust0046	clustered_cis_ohnolog	chr16	5	54208304	54213304	0	0.0
clust0046	clustered_cis_ohnolog	chr16	6	54213304	54218304	0	0.0
clust0046	clustered_cis_ohnolog	chr16	7	54218304	54223304	0	0.0
clust0046	clustered_cis_ohnolog	chr16	8	54223304	54228304	0	0.0
clust0046	clustered_cis_ohnolog	chr16	9	54228304	54233304	0	0.0
clust0046	clustered_cis_ohnolog	chr16	10	54233304	54238304	0	0.0
clust0046	clustered_cis_ohnolog	chr16	11	54238304	54243304	0	0.0
clust0046	clustered_cis_ohnolog	chr16	12	54243304	54248304	0	0.0
clust0046	clustered_cis_ohnolog	chr16	13	54248304	54253304	0	0.0
clust0046	clustered_cis_ohnolog	chr16	14	54253304	54258304	0	0.0
clust0046	clustered_cis_ohnolog	chr16	15	54258304	54263304	0	0.0
clust0046	clustered_cis_ohnolog	chr16	16	54263304	54268304	0	0.0
clust0046	clustered_cis_ohnolog	chr16	17	54268304	54273304	0	0.0
clust0046	clustered_cis_ohnolog	chr16	18	54273304	54278304	0	0.0
clust0046	clustered_cis_ohnolog	chr16	19	54278304	54283304	0	0.0
clust0046	clustered_cis_ohnolog	chr16	20	54283304	54288304	0	0.0
clust0046	clustered_cis_ohnolog	chr16	21	54288304	54293304	0	0.0
clust0046	clustered_cis_ohnolog	chr16	22	54293304	54298304	0	0.0
clust0046	clustered_cis_ohnolog	chr16	23	54298304	54303304	0	0.0
clust0046	clustered_cis_ohnolog	chr16	24	54303304	54308304	0	0.0
clust0046	clustered_cis_ohnolog	chr16	25	54308304	54313304	0	0.0
clust0046	clustered_cis_ohnolog	chr16	26	54313304	54318304	0	0.0
clust0046	clustered_cis_ohnolog	chr16	27	54318304	54323304	0	0.0
clust0046	clustered_cis_ohnolog	chr16	28	54323304	54328304	0	0.0
clust0046	clustered_cis_ohnolog	chr16	29	54328304	54333304	0	0.0
clust0046	clustered_cis_ohnolog	chr16	30	54333304	54338304	0	0.0
clust0046	clustered_cis_ohnolog	chr16	31	54338304	54343304	0	0.0
clust0046	clustered_cis_ohnolog	chr16	32	54343304	54348304	0	0.0
clust0046	clustered_cis_ohnolog	chr16	33	54348304	54353304	0	0.0
clust0046	clustered_cis_ohnolog	chr16	34	54353304	54358304	0	0.0
clust0046	clustered_cis_ohnolog	chr16	35	54358304	54363304	0	0.0
clust0046	clustered_cis_ohnolog	chr16	36	54363304	54368304	0	0.0
clust0046	clustered_cis_ohnolog	chr16	37	54368304	54373304	0	0.0
clust0046	clustered_cis_ohnolog	chr16	38	54373304	54378304	0	0.0
clust0046	clustered_cis_ohnolog	chr16	39	54378304	54383304	0	0.0
clust0046	clustered_cis_ohnolog	chr16	40	54383304	54388304	0	0.0
clust0046	clustered_cis_ohnolog	chr16	41	54388304	54393304	0	0.0
clust0046	clustered_cis_ohnolog	chr16	42	54393304	54398304	0	0.0
clust0046	clustered_cis_ohnolog	chr16	43	54398304	54403304	0	0.0
clust0046	clustered_cis_ohnolog	chr16	44	54403304	54408304	0	0.0
clust0046	clustered_cis_ohnolog	chr16	45	54408304	54413304	0	0.0
clust0046	clustered_cis_ohnolog	chr16	46	54413304	54418304	0	0.0
clust0046	clustered_cis_ohnolog	chr16	47	54418304	54423304	0	0.0
clust0046	clustered_cis_ohnolog	chr16	48	54423304	54428304	0	0.0
clust0046	clustered_cis_ohnolog	chr16	49	54428304	54433304	0	0.0
clust0046	clustered_cis_ohnolog	chr16	50	54433304	54438304	0	0.0
clust0046	clustered_cis_ohnolog	chr16	51	54438304	54443304	0	0.0
clust0046	clustered_cis_ohnolog	chr16	52	54443304	54448304	0	0.0
clust0046	clustered_cis_ohnolog	chr16	53	54448304	54453304	0	0.0
clust0046	clustered_cis_ohnolog	chr16	54	54453304	54458304	0	0.0
clust0046	clustered_cis_ohnolog	chr16	55	54458304	54463304	0	0.0
clust0046	clustered_cis_ohnolog	chr16	56	54463304	54468304	0	0.0
clust0046	clustered_cis_ohnolog	chr16	57	54468304	54473304	0	0.0
clust0046	clustered_cis_ohnolog	chr16	58	54473304	54478304	0	0.0
clust0046	clustered_cis_ohnolog	chr16	59	54478304	54483304	0	0.0
clust0046	clustered_cis_ohnolog	chr16	60	54483304	54488304	0	0.0
clust0046	clustered_cis_ohnolog	chr16	61	54488304	54493304	0	0.0
clust0046	clustered_cis_ohnolog	chr16	62	54493304	54498304	0	0.0
clust0046	clustered_cis_ohnolog	chr16	63	54498304	54503304	0	0.0
clust0046	clustered_cis_ohnolog	chr16	64	54503304	54508304	0	0.0
clust0046	clustered_cis_ohnolog	chr16	65	54508304	54513304	0	0.0
clust0046	clustered_cis_ohnolog	chr16	66	54513304	54518304	0	0.0
clust0046	clustered_cis_ohnolog	chr16	67	54518304	54523304	0	0.0
clust0046	clustered_cis_ohnolog	chr16	68	54523304	54528304	0	0.0
clust0046	clustered_cis_ohnolog	chr16	69	54528304	54533304	0	0.0
clust0046	clustered_cis_ohnolog	chr16	70	54533304	54538304	0	0.0
clust0046	clustered_cis_ohnolog	chr16	71	54538304	54543304	0	0.0
clust0046	clustered_cis_ohnolog	chr16	72	54543304	54548304	0	0.0
clust0046	clustered_cis_ohnolog	chr16	73	54548304	54553304	0	0.0
clust0046	clustered_cis_ohnolog	chr16	74	54553304	54558304	0	0.0
clust0046	clustered_cis_ohnolog	chr16	75	54558304	54563304	0	0.0
clust0046	clustered_cis_ohnolog	chr16	76	54563304	54568304	0	0.0
clust0046	clustered_cis_ohnolog	chr16	77	54568304	54573304	0	0.0
clust0046	clustered_cis_ohnolog	chr16	78	54573304	54578304	0	0.0
clust0046	clustered_cis_ohnolog	chr16	79	54578304	54583304	0	0.0
clust0046	clustered_cis_ohnolog	chr16	80	54583304	54588304	0	0.0
clust0046	clustered_cis_ohnolog	chr16	81	54588304	54593304	0	0.0
clust0046	clustered_cis_ohnolog	chr16	82	54593304	54598304	0	0.0
clust0046	clustered_cis_ohnolog	chr16	83	54598304	54603304	0	0.0
clust0046	clustered_cis_ohnolog	chr16	84	54603304	54608304	0	0.0
clust0046	clustered_cis_ohnolog	chr16	85	54608304	54613304	0	0.0
clust0046	clustered_cis_ohnolog	chr16	86	54613304	54618304	0	0.0
clust0046	clustered_cis_ohnolog	chr16	87	54618304	54623304	0	0.0
clust0046	clustered_cis_ohnolog	chr16	88	54623304	54628304	0	0.0
clust0046	clustered_cis_ohnolog	chr16	89	54628304	54633304	0	0.0
clust0046	clustered_cis_ohnolog	chr16	90	54633304	54638304	0	0.0
clust0046	clustered_cis_ohnolog	chr16	91	54638304	54643304	0	0.0
clust0046	clustered_cis_ohnolog	chr16	92	54643304	54648304	0	0.0
clust0046	clustered_cis_ohnolog	chr16	93	54648304	54653304	0	0.0
clust0046	clustered_cis_ohnolog	chr16	94	54653304	54658304	0	0.0
clust0046	clustered_cis_ohnolog	chr16	95	54658304	54663304	0	0.0
clust0046	clustered_cis_ohnolog	chr16	96	54663304	54668304	0	0.0
clust0046	clustered_cis_ohnolog	chr16	97	54668304	54673304	0	0.0
clust0046	clustered_cis_ohnolog	chr16	98	54673304	54678304	0	0.0
clust0046	clustered_cis_ohnolog	chr16	99	54678304	54683304	0	0.0
clust0046	clustered_cis_ohnolog	chr16	100	54683304	54688304	0	0.0
clust0046	clustered_cis_ohnolog	chr16	101	54688304	54693304	0	0.0
clust0046	clustered_cis_ohnolog	chr16	102	54693304	54698304	0	0.0
clust0046	clustered_cis_ohnolog	chr16	103	54698304	54703304	0	0.0
clust0046	clustered_cis_ohnolog	chr16	104	54703304	54708304	0	0.0
clust0046	clustered_cis_ohnolog	chr16	105	54708304	54713304	0	0.0
clust0046	clustered_cis_ohnolog	chr16	106	54713304	54718304	0	0.0
clust0046	clustered_cis_ohnolog	chr16	107	54718304	54723304	0	0.0
clust0046	clustered_cis_ohnolog	chr16	108	54723304	54728304	0	0.0
clust0046	clustered_cis_ohnolog	chr16	109	54728304	54733304	0	0.0
clust0046	clustered_cis_ohnolog	chr16	110	54733304	54738304	0	0.0
clust0046	clustered_cis_ohnolog	chr16	111	54738304	54743304	0	0.0
clust0046	clustered_cis_ohnolog	chr16	112	54743304	54748304	0	0.0
clust0046	clustered_cis_ohnolog	chr16	113	54748304	54753304	0	0.0
clust0046	clustered_cis_ohnolog	chr16	114	54753304	54758304	0	0.0
clust0046	clustered_cis_ohnolog	chr16	115	54758304	54763304	0	0.0
clust0046	clustered_cis_ohnolog	chr16	116	54763304	54768304	0	0.0
clust0046	clustered_cis_ohnolog	chr16	117	54768304	54773304	0	0.0
clust0046	clustered_cis_ohnolog	chr16	118	54773304	54778304	0	0.0
clust0046	clustered_cis_ohnolog	chr16	119	54778304	54783304	0	0.0
clust0046	clustered_cis_ohnolog	chr16	120	54783304	54788304	0	0.0
clust0046	clustered_cis_ohnolog	chr16	121	54788304	54793304	0	0.0
clust0046	clustered_cis_ohnolog	chr16	122	54793304	54798304	0	0.0
clust0046	clustered_cis_ohnolog	chr16	123	54798304	54803304	0	0.0
clust0046	clustered_cis_ohnolog	chr16	124	54803304	54808304	0	0.0
clust0046	clustered_cis_ohnolog	chr16	125	54808304	54813304	0	0.0
clust0046	clustered_cis_ohnolog	chr16	126	54813304	54818304	0	0.0
clust0046	clustered_cis_ohnolog	chr16	127	54818304	54823304	0	0.0
clust0046	clustered_cis_ohnolog	chr16	128	54823304	54828304	0	0.0
clust0046	clustered_cis_ohnolog	chr16	129	54828304	54833304	0	0.0
clust0046	clustered_cis_ohnolog	chr16	130	54833304	54838304	0	0.0
clust0046	clustered_cis_ohnolog	chr16	131	54838304	54843304	0	0.0
clust0046	clustered_cis_ohnolog	chr16	132	54843304	54848304	0	0.0
clust0046	clustered_cis_ohnolog	chr16	133	54848304	54853304	0	0.0
clust0046	clustered_cis_ohnolog	chr16	134	54853304	54858304	0	0.0
clust0046	clustered_cis_ohnolog	chr16	135	54858304	54863304	0	0.0
clust0046	clustered_cis_ohnolog	chr16	136	54863304	54868304	0	0.0
clust0046	clustered_cis_ohnolog	chr16	137	54868304	54873304	0	0.0
clust0046	clustered_cis_ohnolog	chr16	138	54873304	54878304	0	0.0
clust0046	clustered_cis_ohnolog	chr16	139	54878304	54883304	0	0.0
clust0046	clustered_cis_ohnolog	chr16	140	54883304	54888304	0	0.0
clust0046	clustered_cis_ohnolog	chr16	141	54888304	54893304	0	0.0
clust0046	clustered_cis_ohnolog	chr16	142	54893304	54898304	0	0.0
clust0046	clustered_cis_ohnolog	chr16	143	54898304	54903304	0	0.0
clust0046	clustered_cis_ohnolog	chr16	144	54903304	54908304	0	0.0
clust0046	clustered_cis_ohnolog	chr16	145	54908304	54913304	0	0.0
clust0046	clustered_cis_ohnolog	chr16	146	54913304	54918304	0	0.0
clust0046	clustered_cis_ohnolog	chr16	147	54918304	54923304	0	0.0
clust0046	clustered_cis_ohnolog	chr16	148	54923304	54928304	0	0.0
clust0046	clustered_cis_ohnolog	chr16	149	54928304	54933304	0	0.0
clust0046	clustered_cis_ohnolog	chr16	150	54933304	54938304	0	0.0
clust0046	clustered_cis_ohnolog	chr16	151	54938304	54943304	0	0.0
clust0046	clustered_cis_ohnolog	chr16	152	54943304	54948304	0	0.0
clust0046	clustered_cis_ohnolog	chr16	153	54948304	54953304	0	0.0
clust0046	clustered_cis_ohnolog	chr16	154	54953304	54958304	0	0.0
clust0046	clustered_cis_ohnolog	chr16	155	54958304	54963304	0	0.0
clust0046	clustered_cis_ohnolog	chr16	156	54963304	54968304	0	0.0
clust0046	clustered_cis_ohnolog	chr16	157	54968304	54973304	0	0.0
clust0046	clustered_cis_ohnolog	chr16	158	54973304	54978304	0	0.0
clust0046	clustered_cis_ohnolog	chr16	159	54978304	54983304	0	0.0
clust0046	clustered_cis_ohnolog	chr16	160	54983304	54988304	0	0.0
clust0046	clustered_cis_ohnolog	chr16	161	54988304	54993304	0	0.0
clust0046	clustered_cis_ohnolog	chr16	162	54993304	54998304	0	0.0
clust0046	clustered_cis_ohnolog	chr16	163	54998304	55003304	0	0.0
clust0046	clustered_cis_ohnolog	chr16	164	55003304	55008304	0	0.0
clust0046	clustered_cis_ohnolog	chr16	165	55008304	55013304	0	0.0
clust0046	clustered_cis_ohnolog	chr16	166	55013304	55018304	0	0.0
clust0046	clustered_cis_ohnolog	chr16	167	55018304	55023304	0	0.0
clust0046	clustered_cis_ohnolog	chr16	168	55023304	55028304	0	0.0
clust0046	clustered_cis_ohnolog	chr16	169	55028304	55033304	0	0.0
clust0046	clustered_cis_ohnolog	chr16	170	55033304	55038304	0	0.0
clust0046	clustered_cis_ohnolog	chr16	171	55038304	55043304	0	0.0
clust0046	clustered_cis_ohnolog	chr16	172	55043304	55048304	0	0.0
clust0046	clustered_cis_ohnolog	chr16	173	55048304	55053304	0	0.0
clust0046	clustered_cis_ohnolog	chr16	174	55053304	55058304	0	0.0
clust0046	clustered_cis_ohnolog	chr16	175	55058304	55063304	0	0.0
clust0046	clustered_cis_ohnolog	chr16	176	55063304	55068304	0	0.0
clust0046	clustered_cis_ohnolog	chr16	177	55068304	55073304	0	0.0
clust0046	clustered_cis_ohnolog	chr16	178	55073304	55078304	0	0.0
clust0046	clustered_cis_ohnolog	chr16	179	55078304	55083304	0	0.0
clust0046	clustered_cis_ohnolog	chr16	180	55083304	55088304	0	0.0
clust0046	clustered_cis_ohnolog	chr16	181	55088304	55093304	0	0.0
clust0046	clustered_cis_ohnolog	chr16	182	55093304	55098304	0	0.0
clust0046	clustered_cis_ohnolog	chr16	183	55098304	55103304	0	0.0
clust0046	clustered_cis_ohnolog	chr16	184	55103304	55108304	0	0.0
clust0046	clustered_cis_ohnolog	chr16	185	55108304	55113304	0	0.0
clust0046	clustered_cis_ohnolog	chr16	186	55113304	55118304	0	0.0
clust0046	clustered_cis_ohnolog	chr16	187	55118304	55123304	0	0.0
clust0046	clustered_cis_ohnolog	chr16	188	55123304	55128304	0	0.0
clust0046	clustered_cis_ohnolog	chr16	189	55128304	55133304	0	0.0
clust0046	clustered_cis_ohnolog	chr16	190	55133304	55138304	0	0.0
clust0046	clustered_cis_ohnolog	chr16	191	55138304	55143304	0	0.0
clust0046	clustered_cis_ohnolog	chr16	192	55143304	55148304	0	0.0
clust0046	clustered_cis_ohnolog	chr16	193	55148304	55153304	0	0.0
clust0046	clustered_cis_ohnolog	chr16	194	55153304	55158304	0	0.0
clust0046	clustered_cis_ohnolog	chr16	195	55158304	55163304	0	0.0
clust0046	clustered_cis_ohnolog	chr16	196	55163304	55168304	0	0.0
clust0046	clustered_cis_ohnolog	chr16	197	55168304	55173304	0	0.0
clust0046	clustered_cis_ohnolog	chr16	198	55173304	55178304	0	0.0
clust0046	clustered_cis_ohnolog	chr16	199	55178304	55183304	0	0.0
clust0046	clustered_cis_ohnolog	chr16	200	55183304	55188304	0	0.0
clust0046	clustered_cis_ohnolog	chr16	201	55188304	55193304	0	0.0
clust0046	clustered_cis_ohnolog	chr16	202	55193304	55198304	0	0.0
clust0046	clustered_cis_ohnolog	chr16	203	55198304	55203304	0	0.0
clust0046	clustered_cis_ohnolog	chr16	204	55203304	55208304	0	0.0
clust0046	clustered_cis_ohnolog	chr16	205	55208304	55213304	0	0.0
clust0046	clustered_cis_ohnolog	chr16	206	55213304	55218304	0	0.0
clust0046	clustered_cis_ohnolog	chr16	207	55218304	55223304	0	0.0
clust0046	clustered_cis_ohnolog	chr16	208	55223304	55228304	0	0.0
clust0046	clustered_cis_ohnolog	chr16	209	55228304	55233304	0	0.0
clust0046	clustered_cis_ohnolog	chr16	210	55233304	55238304	0	0.0
clust0046	clustered_cis_ohnolog	chr16	211	55238304	55243304	0	0.0
clust0046	clustered_cis_ohnolog	chr16	212	55243304	55248304	0	0.0
clust0046	clustered_cis_ohnolog	chr16	213	55248304	55253304	0	0.0
clust0046	clustered_cis_ohnolog	chr16	214	55253304	55258304	0	0.0
clust0046	clustered_cis_ohnolog	chr16	215	55258304	55263304	0	0.0
clust0046	clustered_cis_ohnolog	chr16	216	55263304	55268304	0	0.0
clust0046	clustered_cis_ohnolog	chr16	217	55268304	55273304	0	0.0
clust0046	clustered_cis_ohnolog	chr16	218	55273304	55278304	0	0.0
clust0046	clustered_cis_ohnolog	chr16	219	55278304	55283304	0	0.0
clust0046	clustered_cis_ohnolog	chr16	220	55283304	55288304	0	0.0
clust0046	clustered_cis_ohnolog	chr16	221	55288304	55293304	0	0.0
clust0046	clustered_cis_ohnolog	chr16	222	55293304	55298304	0	0.0
clust0046	clustered_cis_ohnolog	chr16	223	55298304	55303304	0	0.0
clust0046	clustered_cis_ohnolog	chr16	224	55303304	55308304	0	0.0
clust0046	clustered_cis_ohnolog	chr16	225	55308304	55313304	0	0.0
clust0046	clustered_cis_ohnolog	chr16	226	55313304	55318304	0	0.0
clust0046	clustered_cis_ohnolog	chr16	227	55318304	55323304	0	0.0
clust0046	clustered_cis_ohnolog	chr16	228	55323304	55328304	0	0.0
clust0046	clustered_cis_ohnolog	chr16	229	55328304	55333304	0	0.0
clust0046	clustered_cis_ohnolog	chr16	230	55333304	55338304	0	0.0
clust0046	clustered_cis_ohnolog	chr16	231	55338304	55343304	0	0.0
clust0046	clustered_cis_ohnolog	chr16	232	55343304	55348304	0	0.0
clust0046	clustered_cis_ohnolog	chr16	233	55348304	55353304	0	0.0
clust0046	clustered_cis_ohnolog	chr16	234	55353304	55358304	0	0.0
clust0046	clustered_cis_ohnolog	chr16	235	55358304	55363304	0	0.0
clust0046	clustered_cis_ohnolog	chr16	236	55363304	55368304	0	0.0
clust0046	clustered_cis_ohnolog	chr16	237	55368304	55373304	0	0.0
clust0046	clustered_cis_ohnolog	chr16	238	55373304	55378304	0	0.0
clust0046	clustered_cis_ohnolog	chr16	239	55378304	55383304	0	0.0
clust0046	clustered_cis_ohnolog	chr16	240	55383304	55388304	0	0.0
clust0046	clustered_cis_ohnolog	chr16	241	55388304	55393304	0	0.0
clust0046	clustered_cis_ohnolog	chr16	242	55393304	55398304	0	0.0
clust0046	clustered_cis_ohnolog	chr16	243	55398304	55403304	0	0.0
clust0046	clustered_cis_ohnolog	chr16	244	55403304	55408304	0	0.0
clust0046	clustered_cis_ohnolog	chr16	245	55408304	55413304	0	0.0
clust0046	clustered_cis_ohnolog	chr16	246	55413304	55418304	0	0.0
clust0046	clustered_cis_ohnolog	chr16	247	55418304	55423304	0	0.0
clust0046	clustered_cis_ohnolog	chr16	248	55423304	55428304	0	0.0
clust0046	clustered_cis_ohnolog	chr16	249	55428304	55430756	0	0.0
clust0012	clustered_cis_ohnolog	chr16	0	88282959	88287959	0	0.0
clust0012	clustered_cis_ohnolog	chr16	1	88287959	88292959	0	0.0
clust0012	clustered_cis_ohnolog	chr16	2	88292959	88297959	0	0.0
clust0012	clustered_cis_ohnolog	chr16	3	88297959	88302959	0	0.0
clust0012	clustered_cis_ohnolog	chr16	4	88302959	88307959	0	0.0
clust0012	clustered_cis_ohnolog	chr16	5	88307959	88312959	0	0.0
clust0012	clustered_cis_ohnolog	chr16	6	88312959	88317959	0	0.0
clust0012	clustered_cis_ohnolog	chr16	7	88317959	88322959	0	0.0
clust0012	clustered_cis_ohnolog	chr16	8	88322959	88327959	0	0.0
clust0012	clustered_cis_ohnolog	chr16	9	88327959	88332959	0	0.0
clust0012	clustered_cis_ohnolog	chr16	10	88332959	88337959	0	0.0
clust0012	clustered_cis_ohnolog	chr16	11	88337959	88342959	0	0.0
clust0012	clustered_cis_ohnolog	chr16	12	88342959	88347959	0	0.0
clust0012	clustered_cis_ohnolog	chr16	13	88347959	88352959	0	0.0
clust0012	clustered_cis_ohnolog	chr16	14	88352959	88357959	0	0.0
clust0012	clustered_cis_ohnolog	chr16	15	88357959	88362959	0	0.0
clust0012	clustered_cis_ohnolog	chr16	16	88362959	88367959	0	0.0
clust0012	clustered_cis_ohnolog	chr16	17	88367959	88372959	0	0.0
clust0012	clustered_cis_ohnolog	chr16	18	88372959	88377959	0	0.0
clust0012	clustered_cis_ohnolog	chr16	19	88377959	88382959	0	0.0
clust0012	clustered_cis_ohnolog	chr16	20	88382959	88387959	0	0.0
clust0012	clustered_cis_ohnolog	chr16	21	88387959	88392959	0	0.0
clust0012	clustered_cis_ohnolog	chr16	22	88392959	88397959	0	0.0
clust0012	clustered_cis_ohnolog	chr16	23	88397959	88402959	0	0.0
clust0012	clustered_cis_ohnolog	chr16	24	88402959	88407959	0	0.0
clust0012	clustered_cis_ohnolog	chr16	25	88407959	88412959	0	0.0
clust0012	clustered_cis_ohnolog	chr16	26	88412959	88417959	0	0.0
clust0012	clustered_cis_ohnolog	chr16	27	88417959	88422959	0	0.0
clust0012	clustered_cis_ohnolog	chr16	28	88422959	88427959	0	0.0
clust0012	clustered_cis_ohnolog	chr16	29	88427959	88432959	0	0.0
clust0012	clustered_cis_ohnolog	chr16	30	88432959	88437959	1	0.0482
clust0012	clustered_cis_ohnolog	chr16	31	88437959	88442959	0	0.0
clust0012	clustered_cis_ohnolog	chr16	32	88442959	88447959	2	0.1894
clust0012	clustered_cis_ohnolog	chr16	33	88447959	88452959	0	0.0
clust0012	clustered_cis_ohnolog	chr16	34	88452959	88457959	2	0.252
clust0012	clustered_cis_ohnolog	chr16	35	88457959	88462959	0	0.0
clust0012	clustered_cis_ohnolog	chr16	36	88462959	88467959	0	0.0
clust0012	clustered_cis_ohnolog	chr16	37	88467959	88472959	0	0.0
clust0012	clustered_cis_ohnolog	chr16	38	88472959	88477959	0	0.0
clust0012	clustered_cis_ohnolog	chr16	39	88477959	88482959	0	0.0
clust0012	clustered_cis_ohnolog	chr16	40	88482959	88487959	0	0.0
clust0012	clustered_cis_ohnolog	chr16	41	88487959	88492959	0	0.0
clust0012	clustered_cis_ohnolog	chr16	42	88492959	88497959	0	0.0
clust0012	clustered_cis_ohnolog	chr16	43	88497959	88502959	0	0.0
clust0012	clustered_cis_ohnolog	chr16	44	88502959	88507959	1	0.126
clust0012	clustered_cis_ohnolog	chr16	45	88507959	88512959	0	0.0
clust0012	clustered_cis_ohnolog	chr16	46	88512959	88517959	0	0.0
clust0012	clustered_cis_ohnolog	chr16	47	88517959	88522959	0	0.0
clust0012	clustered_cis_ohnolog	chr16	48	88522959	88527959	2	0.2086
clust0012	clustered_cis_ohnolog	chr16	49	88527959	88532959	0	0.0434
clust0012	clustered_cis_ohnolog	chr16	50	88532959	88537959	0	0.0
clust0012	clustered_cis_ohnolog	chr16	51	88537959	88542959	0	0.0
clust0012	clustered_cis_ohnolog	chr16	52	88542959	88547959	0	0.0
clust0012	clustered_cis_ohnolog	chr16	53	88547959	88552959	0	0.0
clust0012	clustered_cis_ohnolog	chr16	54	88552959	88557959	0	0.0
clust0012	clustered_cis_ohnolog	chr16	55	88557959	88562959	1	0.126
clust0012	clustered_cis_ohnolog	chr16	56	88562959	88567959	0	0.0
clust0012	clustered_cis_ohnolog	chr16	57	88567959	88572959	0	0.0
clust0012	clustered_cis_ohnolog	chr16	58	88572959	88577959	0	0.0
clust0012	clustered_cis_ohnolog	chr16	59	88577959	88582959	0	0.0
clust0012	clustered_cis_ohnolog	chr16	60	88582959	88587959	0	0.0
clust0012	clustered_cis_ohnolog	chr16	61	88587959	88592959	0	0.0
clust0012	clustered_cis_ohnolog	chr16	62	88592959	88597959	0	0.0
clust0012	clustered_cis_ohnolog	chr16	63	88597959	88602959	0	0.0
clust0012	clustered_cis_ohnolog	chr16	64	88602959	88607959	0	0.0
clust0012	clustered_cis_ohnolog	chr16	65	88607959	88612959	0	0.0
clust0012	clustered_cis_ohnolog	chr16	66	88612959	88617959	0	0.0
clust0012	clustered_cis_ohnolog	chr16	67	88617959	88622959	0	0.0
clust0012	clustered_cis_ohnolog	chr16	68	88622959	88627959	0	0.0
clust0012	clustered_cis_ohnolog	chr16	69	88627959	88632959	2	0.252
clust0012	clustered_cis_ohnolog	chr16	70	88632959	88637031	0	0.0
clust0057	clustered_cis_ohnolog	chr17	0	39958290	39963290	2	0.252
clust0057	clustered_cis_ohnolog	chr17	1	39963290	39968290	0	0.0
clust0057	clustered_cis_ohnolog	chr17	2	39968290	39973290	0	0.0
clust0057	clustered_cis_ohnolog	chr17	3	39973290	39978290	0	0.0
clust0057	clustered_cis_ohnolog	chr17	4	39978290	39983290	2	0.252
clust0057	clustered_cis_ohnolog	chr17	5	39983290	39988290	0	0.0
clust0057	clustered_cis_ohnolog	chr17	6	39988290	39993290	0	0.0
clust0057	clustered_cis_ohnolog	chr17	7	39993290	39998290	0	0.0
clust0057	clustered_cis_ohnolog	chr17	8	39998290	40003290	0	0.0
clust0057	clustered_cis_ohnolog	chr17	9	40003290	40008290	0	0.0
clust0057	clustered_cis_ohnolog	chr17	10	40008290	40013290	0	0.0
clust0057	clustered_cis_ohnolog	chr17	11	40013290	40018290	2	0.1836
clust0057	clustered_cis_ohnolog	chr17	12	40018290	40023290	0	0.0
clust0057	clustered_cis_ohnolog	chr17	13	40023290	40028290	2	0.2006
clust0057	clustered_cis_ohnolog	chr17	14	40028290	40033290	0	0.0
clust0057	clustered_cis_ohnolog	chr17	15	40033290	40038290	2	0.252
clust0057	clustered_cis_ohnolog	chr17	16	40038290	40043290	1	0.126
clust0057	clustered_cis_ohnolog	chr17	17	40043290	40048290	0	0.0
clust0057	clustered_cis_ohnolog	chr17	18	40048290	40053290	0	0.0
clust0057	clustered_cis_ohnolog	chr17	19	40053290	40058290	0	0.0
clust0057	clustered_cis_ohnolog	chr17	20	40058290	40063290	0	0.0
clust0057	clustered_cis_ohnolog	chr17	21	40063290	40068290	0	0.0
clust0057	clustered_cis_ohnolog	chr17	22	40068290	40073290	2	0.252
clust0057	clustered_cis_ohnolog	chr17	23	40073290	40078290	2	0.1654
clust0057	clustered_cis_ohnolog	chr17	24	40078290	40083290	0	0.0
clust0057	clustered_cis_ohnolog	chr17	25	40083290	40088290	2	0.183
clust0057	clustered_cis_ohnolog	chr17	26	40088290	40093290	0	0.0
clust0057	clustered_cis_ohnolog	chr17	27	40093290	40098290	0	0.0
clust0057	clustered_cis_ohnolog	chr17	28	40098290	40103290	0	0.0
clust0057	clustered_cis_ohnolog	chr17	29	40103290	40108290	0	0.0
clust0057	clustered_cis_ohnolog	chr17	30	40108290	40113290	3	0.2796
clust0057	clustered_cis_ohnolog	chr17	31	40113290	40118290	1	0.1614
clust0057	clustered_cis_ohnolog	chr17	32	40118290	40123290	0	0.0
clust0057	clustered_cis_ohnolog	chr17	33	40123290	40128290	0	0.0
clust0057	clustered_cis_ohnolog	chr17	34	40128290	40133290	0	0.0
clust0057	clustered_cis_ohnolog	chr17	35	40133290	40138290	0	0.0
clust0057	clustered_cis_ohnolog	chr17	36	40138290	40143290	0	0.0
clust0057	clustered_cis_ohnolog	chr17	37	40143290	40148290	0	0.0
clust0057	clustered_cis_ohnolog	chr17	38	40148290	40153290	0	0.0
clust0057	clustered_cis_ohnolog	chr17	39	40153290	40158290	0	0.0
clust0057	clustered_cis_ohnolog	chr17	40	40158290	40163290	0	0.0
clust0057	clustered_cis_ohnolog	chr17	41	40163290	40168290	0	0.0074
clust0057	clustered_cis_ohnolog	chr17	42	40168290	40173290	2	0.2446
clust0057	clustered_cis_ohnolog	chr17	43	40173290	40178290	0	0.0
clust0057	clustered_cis_ohnolog	chr17	44	40178290	40183290	0	0.0
clust0057	clustered_cis_ohnolog	chr17	45	40183290	40188290	0	0.0
clust0057	clustered_cis_ohnolog	chr17	46	40188290	40193290	3	0.378
clust0057	clustered_cis_ohnolog	chr17	47	40193290	40198290	0	0.0
clust0057	clustered_cis_ohnolog	chr17	48	40198290	40200589	0	0.0
clust0067	clustered_cis_ohnolog	chr17	0	42099176	42104176	2	0.252
clust0067	clustered_cis_ohnolog	chr17	1	42104176	42109176	0	0.0
clust0067	clustered_cis_ohnolog	chr17	2	42109176	42114176	0	0.0
clust0067	clustered_cis_ohnolog	chr17	3	42114176	42119176	2	0.1788
clust0067	clustered_cis_ohnolog	chr17	4	42119176	42124176	0	0.0
clust0067	clustered_cis_ohnolog	chr17	5	42124176	42129176	0	0.0
clust0067	clustered_cis_ohnolog	chr17	6	42129176	42134176	0	0.0
clust0067	clustered_cis_ohnolog	chr17	7	42134176	42139176	0	0.0
clust0067	clustered_cis_ohnolog	chr17	8	42139176	42144176	0	0.0
clust0067	clustered_cis_ohnolog	chr17	9	42144176	42149176	0	0.0
clust0067	clustered_cis_ohnolog	chr17	10	42149176	42154176	0	0.0
clust0067	clustered_cis_ohnolog	chr17	11	42154176	42159176	0	0.0
clust0067	clustered_cis_ohnolog	chr17	12	42159176	42164176	0	0.0
clust0067	clustered_cis_ohnolog	chr17	13	42164176	42169176	0	0.0
clust0067	clustered_cis_ohnolog	chr17	14	42169176	42174176	0	0.0
clust0067	clustered_cis_ohnolog	chr17	15	42174176	42179176	0	0.0
clust0067	clustered_cis_ohnolog	chr17	16	42179176	42184176	0	0.022
clust0067	clustered_cis_ohnolog	chr17	17	42184176	42189176	1	0.104
clust0067	clustered_cis_ohnolog	chr17	18	42189176	42194176	0	0.0
clust0067	clustered_cis_ohnolog	chr17	19	42194176	42199176	0	0.0
clust0067	clustered_cis_ohnolog	chr17	20	42199176	42204176	0	0.0
clust0067	clustered_cis_ohnolog	chr17	21	42204176	42209176	0	0.0
clust0067	clustered_cis_ohnolog	chr17	22	42209176	42214176	0	0.0
clust0067	clustered_cis_ohnolog	chr17	23	42214176	42219176	0	0.0
clust0067	clustered_cis_ohnolog	chr17	24	42219176	42224176	1	0.126
clust0067	clustered_cis_ohnolog	chr17	25	42224176	42229176	0	0.0
clust0067	clustered_cis_ohnolog	chr17	26	42229176	42234176	0	0.0
clust0067	clustered_cis_ohnolog	chr17	27	42234176	42239176	0	0.0
clust0067	clustered_cis_ohnolog	chr17	28	42239176	42244176	0	0.0
clust0067	clustered_cis_ohnolog	chr17	29	42244176	42249176	0	0.0
clust0067	clustered_cis_ohnolog	chr17	30	42249176	42254176	0	0.0
clust0067	clustered_cis_ohnolog	chr17	31	42254176	42259176	0	0.0
clust0067	clustered_cis_ohnolog	chr17	32	42259176	42264176	0	0.0
clust0067	clustered_cis_ohnolog	chr17	33	42264176	42269176	0	0.0
clust0067	clustered_cis_ohnolog	chr17	34	42269176	42274176	0	0.0
clust0067	clustered_cis_ohnolog	chr17	35	42274176	42279176	0	0.0
clust0067	clustered_cis_ohnolog	chr17	36	42279176	42284176	0	0.0
clust0067	clustered_cis_ohnolog	chr17	37	42284176	42289176	0	0.0
clust0067	clustered_cis_ohnolog	chr17	38	42289176	42294176	0	0.0
clust0067	clustered_cis_ohnolog	chr17	39	42294176	42299176	0	0.0
clust0067	clustered_cis_ohnolog	chr17	40	42299176	42304176	0	0.0
clust0067	clustered_cis_ohnolog	chr17	41	42304176	42309176	1	0.126
clust0067	clustered_cis_ohnolog	chr17	42	42309176	42314176	2	0.252
clust0067	clustered_cis_ohnolog	chr17	43	42314176	42319176	0	0.0
clust0067	clustered_cis_ohnolog	chr17	44	42319176	42324176	2	0.1166
clust0067	clustered_cis_ohnolog	chr17	45	42324176	42329176	0	0.0
clust0067	clustered_cis_ohnolog	chr17	46	42329176	42334176	0	0.0
clust0067	clustered_cis_ohnolog	chr17	47	42334176	42339176	0	0.0
clust0067	clustered_cis_ohnolog	chr17	48	42339176	42344176	0	0.0
clust0067	clustered_cis_ohnolog	chr17	49	42344176	42349176	0	0.0
clust0067	clustered_cis_ohnolog	chr17	50	42349176	42354176	0	0.0
clust0067	clustered_cis_ohnolog	chr17	51	42354176	42359176	0	0.0
clust0067	clustered_cis_ohnolog	chr17	52	42359176	42364176	0	0.0
clust0067	clustered_cis_ohnolog	chr17	53	42364176	42369176	0	0.0
clust0067	clustered_cis_ohnolog	chr17	54	42369176	42374176	0	0.0
clust0067	clustered_cis_ohnolog	chr17	55	42374176	42379176	0	0.0
clust0067	clustered_cis_ohnolog	chr17	56	42379176	42384176	0	0.0
clust0067	clustered_cis_ohnolog	chr17	57	42384176	42389176	0	0.0
clust0067	clustered_cis_ohnolog	chr17	58	42389176	42394176	0	0.0
clust0067	clustered_cis_ohnolog	chr17	59	42394176	42399176	0	0.0
clust0067	clustered_cis_ohnolog	chr17	60	42399176	42404176	0	0.0
clust0067	clustered_cis_ohnolog	chr17	61	42404176	42409176	2	0.1792
clust0067	clustered_cis_ohnolog	chr17	62	42409176	42414176	0	0.0
clust0067	clustered_cis_ohnolog	chr17	63	42414176	42419176	0	0.0
clust0067	clustered_cis_ohnolog	chr17	64	42419176	42424176	0	0.0
clust0067	clustered_cis_ohnolog	chr17	65	42424176	42429176	2	0.252
clust0067	clustered_cis_ohnolog	chr17	66	42429176	42434176	0	0.0
clust0067	clustered_cis_ohnolog	chr17	67	42434176	42439176	0	0.0254
clust0067	clustered_cis_ohnolog	chr17	68	42439176	42444176	2	0.2266
clust0067	clustered_cis_ohnolog	chr17	69	42444176	42449176	0	0.0
clust0067	clustered_cis_ohnolog	chr17	70	42449176	42454176	0	0.0
clust0067	clustered_cis_ohnolog	chr17	71	42454176	42459176	0	0.0152
clust0067	clustered_cis_ohnolog	chr17	72	42459176	42464176	1	0.1108
clust0067	clustered_cis_ohnolog	chr17	73	42464176	42469176	0	0.0
clust0067	clustered_cis_ohnolog	chr17	74	42469176	42474176	0	0.0
clust0067	clustered_cis_ohnolog	chr17	75	42474176	42479176	0	0.0
clust0067	clustered_cis_ohnolog	chr17	76	42479176	42484176	0	0.0
clust0067	clustered_cis_ohnolog	chr17	77	42484176	42488568	0	0.0
clust0013	clustered_cis_ohnolog	chr17	0	47744908	47749908	0	0.0
clust0013	clustered_cis_ohnolog	chr17	1	47749908	47754908	0	0.0
clust0013	clustered_cis_ohnolog	chr17	2	47754908	47759908	0	0.0
clust0013	clustered_cis_ohnolog	chr17	3	47759908	47764908	0	0.0
clust0013	clustered_cis_ohnolog	chr17	4	47764908	47769908	0	0.0
clust0013	clustered_cis_ohnolog	chr17	5	47769908	47774908	0	0.0
clust0013	clustered_cis_ohnolog	chr17	6	47774908	47779908	2	0.1686
clust0013	clustered_cis_ohnolog	chr17	7	47779908	47784908	0	0.0
clust0013	clustered_cis_ohnolog	chr17	8	47784908	47789908	0	0.0
clust0013	clustered_cis_ohnolog	chr17	9	47789908	47794908	1	0.126
clust0013	clustered_cis_ohnolog	chr17	10	47794908	47799908	0	0.0
clust0013	clustered_cis_ohnolog	chr17	11	47799908	47804908	2	0.252
clust0013	clustered_cis_ohnolog	chr17	12	47804908	47809908	0	0.0
clust0013	clustered_cis_ohnolog	chr17	13	47809908	47814908	0	0.0
clust0013	clustered_cis_ohnolog	chr17	14	47814908	47819908	0	0.0
clust0013	clustered_cis_ohnolog	chr17	15	47819908	47824908	0	0.0
clust0013	clustered_cis_ohnolog	chr17	16	47824908	47829908	0	0.0
clust0013	clustered_cis_ohnolog	chr17	17	47829908	47834908	0	0.0
clust0013	clustered_cis_ohnolog	chr17	18	47834908	47839908	0	0.0
clust0013	clustered_cis_ohnolog	chr17	19	47839908	47844908	3	0.3154
clust0013	clustered_cis_ohnolog	chr17	20	47844908	47849908	2	0.252
clust0013	clustered_cis_ohnolog	chr17	21	47849908	47854908	0	0.0
clust0013	clustered_cis_ohnolog	chr17	22	47854908	47859908	0	0.0
clust0013	clustered_cis_ohnolog	chr17	23	47859908	47864908	0	0.0
clust0013	clustered_cis_ohnolog	chr17	24	47864908	47869908	0	0.0
clust0013	clustered_cis_ohnolog	chr17	25	47869908	47874908	0	0.0
clust0013	clustered_cis_ohnolog	chr17	26	47874908	47879908	0	0.0
clust0013	clustered_cis_ohnolog	chr17	27	47879908	47884908	0	0.0
clust0013	clustered_cis_ohnolog	chr17	28	47884908	47889908	0	0.0
clust0013	clustered_cis_ohnolog	chr17	29	47889908	47894908	2	0.1954
clust0013	clustered_cis_ohnolog	chr17	30	47894908	47899908	0	0.0
clust0013	clustered_cis_ohnolog	chr17	31	47899908	47904908	0	0.0
clust0013	clustered_cis_ohnolog	chr17	32	47904908	47909908	0	0.0
clust0013	clustered_cis_ohnolog	chr17	33	47909908	47914908	0	0.0
clust0013	clustered_cis_ohnolog	chr17	34	47914908	47919908	0	0.0
clust0013	clustered_cis_ohnolog	chr17	35	47919908	47924908	0	0.0
clust0013	clustered_cis_ohnolog	chr17	36	47924908	47929908	0	0.0
clust0013	clustered_cis_ohnolog	chr17	37	47929908	47934908	0	0.0
clust0013	clustered_cis_ohnolog	chr17	38	47934908	47939908	0	0.0
clust0013	clustered_cis_ohnolog	chr17	39	47939908	47944908	0	0.0
clust0013	clustered_cis_ohnolog	chr17	40	47944908	47949908	4	0.3758
clust0013	clustered_cis_ohnolog	chr17	41	47949908	47954908	0	0.0038
clust0013	clustered_cis_ohnolog	chr17	42	47954908	47959908	0	0.0
clust0013	clustered_cis_ohnolog	chr17	43	47959908	47964908	0	0.0
clust0013	clustered_cis_ohnolog	chr17	44	47964908	47969908	0	0.0
clust0013	clustered_cis_ohnolog	chr17	45	47969908	47974908	1	0.0586
clust0013	clustered_cis_ohnolog	chr17	46	47974908	47979908	1	0.126
clust0013	clustered_cis_ohnolog	chr17	47	47979908	47984908	0	0.0
clust0013	clustered_cis_ohnolog	chr17	48	47984908	47989908	0	0.0
clust0013	clustered_cis_ohnolog	chr17	49	47989908	47994908	0	0.0
clust0013	clustered_cis_ohnolog	chr17	50	47994908	47999908	0	0.0
clust0013	clustered_cis_ohnolog	chr17	51	47999908	48004908	0	0.0
clust0013	clustered_cis_ohnolog	chr17	52	48004908	48009908	0	0.0
clust0013	clustered_cis_ohnolog	chr17	53	48009908	48014908	1	0.126
clust0013	clustered_cis_ohnolog	chr17	54	48014908	48019908	0	0.0
clust0013	clustered_cis_ohnolog	chr17	55	48019908	48024908	2	0.252
clust0013	clustered_cis_ohnolog	chr17	56	48024908	48028957	3	0.35021
clust0047	clustered_cis_ohnolog	chr17	0	49868588	49873588	0	0.0
clust0047	clustered_cis_ohnolog	chr17	1	49873588	49878588	0	0.0
clust0047	clustered_cis_ohnolog	chr17	2	49878588	49883588	2	0.1826
clust0047	clustered_cis_ohnolog	chr17	3	49883588	49888588	0	0.0
clust0047	clustered_cis_ohnolog	chr17	4	49888588	49893588	0	0.0
clust0047	clustered_cis_ohnolog	chr17	5	49893588	49898588	0	0.0
clust0047	clustered_cis_ohnolog	chr17	6	49898588	49903588	0	0.0
clust0047	clustered_cis_ohnolog	chr17	7	49903588	49908588	0	0.0
clust0047	clustered_cis_ohnolog	chr17	8	49908588	49913588	0	0.0
clust0047	clustered_cis_ohnolog	chr17	9	49913588	49918588	0	0.0
clust0047	clustered_cis_ohnolog	chr17	10	49918588	49923588	0	0.0
clust0047	clustered_cis_ohnolog	chr17	11	49923588	49928588	0	0.0
clust0047	clustered_cis_ohnolog	chr17	12	49928588	49933588	0	0.0
clust0047	clustered_cis_ohnolog	chr17	13	49933588	49938588	0	0.0
clust0047	clustered_cis_ohnolog	chr17	14	49938588	49943588	0	0.0
clust0047	clustered_cis_ohnolog	chr17	15	49943588	49948588	0	0.0
clust0047	clustered_cis_ohnolog	chr17	16	49948588	49953588	2	0.1822
clust0047	clustered_cis_ohnolog	chr17	17	49953588	49958588	0	0.0
clust0047	clustered_cis_ohnolog	chr17	18	49958588	49963588	0	0.0
clust0047	clustered_cis_ohnolog	chr17	19	49963588	49968588	0	0.0
clust0047	clustered_cis_ohnolog	chr17	20	49968588	49973588	0	0.0
clust0047	clustered_cis_ohnolog	chr17	21	49973588	49978588	0	0.0
clust0047	clustered_cis_ohnolog	chr17	22	49978588	49983588	0	0.0
clust0047	clustered_cis_ohnolog	chr17	23	49983588	49988588	0	0.0
clust0047	clustered_cis_ohnolog	chr17	24	49988588	49993588	0	0.0
clust0047	clustered_cis_ohnolog	chr17	25	49993588	49998588	3	0.2742
clust0047	clustered_cis_ohnolog	chr17	26	49998588	50003588	0	0.0
clust0047	clustered_cis_ohnolog	chr17	27	50003588	50008588	0	0.0
clust0047	clustered_cis_ohnolog	chr17	28	50008588	50013588	0	0.0
clust0047	clustered_cis_ohnolog	chr17	29	50013588	50018588	0	0.0
clust0047	clustered_cis_ohnolog	chr17	30	50018588	50023588	0	0.0
clust0047	clustered_cis_ohnolog	chr17	31	50023588	50028588	2	0.1982
clust0047	clustered_cis_ohnolog	chr17	32	50028588	50033588	0	0.0
clust0047	clustered_cis_ohnolog	chr17	33	50033588	50038588	0	0.0
clust0047	clustered_cis_ohnolog	chr17	34	50038588	50043588	0	0.0
clust0047	clustered_cis_ohnolog	chr17	35	50043588	50048588	0	0.0
clust0047	clustered_cis_ohnolog	chr17	36	50048588	50053588	0	0.0
clust0047	clustered_cis_ohnolog	chr17	37	50053588	50058588	2	0.252
clust0047	clustered_cis_ohnolog	chr17	38	50058588	50063588	0	0.0
clust0047	clustered_cis_ohnolog	chr17	39	50063588	50068588	0	0.0
clust0047	clustered_cis_ohnolog	chr17	40	50068588	50073588	0	0.0
clust0047	clustered_cis_ohnolog	chr17	41	50073588	50078588	0	0.0
clust0047	clustered_cis_ohnolog	chr17	42	50078588	50083588	0	0.0
clust0047	clustered_cis_ohnolog	chr17	43	50083588	50088588	2	0.203
clust0047	clustered_cis_ohnolog	chr17	44	50088588	50093588	0	0.0
clust0047	clustered_cis_ohnolog	chr17	45	50093588	50095224	2	0.589242
clust0070	clustered_cis_ohnolog	chr17	0	61299843	61304843	0	0.0
clust0070	clustered_cis_ohnolog	chr17	1	61304843	61309843	0	0.0
clust0070	clustered_cis_ohnolog	chr17	2	61309843	61314843	0	0.0
clust0070	clustered_cis_ohnolog	chr17	3	61314843	61319843	0	0.0
clust0070	clustered_cis_ohnolog	chr17	4	61319843	61324843	0	0.0
clust0070	clustered_cis_ohnolog	chr17	5	61324843	61329843	0	0.0
clust0070	clustered_cis_ohnolog	chr17	6	61329843	61334843	0	0.0
clust0070	clustered_cis_ohnolog	chr17	7	61334843	61339843	0	0.0
clust0070	clustered_cis_ohnolog	chr17	8	61339843	61344843	0	0.0
clust0070	clustered_cis_ohnolog	chr17	9	61344843	61349843	0	0.0
clust0070	clustered_cis_ohnolog	chr17	10	61349843	61354843	0	0.0
clust0070	clustered_cis_ohnolog	chr17	11	61354843	61359843	1	0.126
clust0070	clustered_cis_ohnolog	chr17	12	61359843	61364843	0	0.0
clust0070	clustered_cis_ohnolog	chr17	13	61364843	61369843	0	0.0
clust0070	clustered_cis_ohnolog	chr17	14	61369843	61374843	0	0.0
clust0070	clustered_cis_ohnolog	chr17	15	61374843	61379843	0	0.0
clust0070	clustered_cis_ohnolog	chr17	16	61379843	61384843	0	0.0
clust0070	clustered_cis_ohnolog	chr17	17	61384843	61389843	0	0.005
clust0070	clustered_cis_ohnolog	chr17	18	61389843	61394843	1	0.121
clust0070	clustered_cis_ohnolog	chr17	19	61394843	61399843	0	0.0
clust0070	clustered_cis_ohnolog	chr17	20	61399843	61404843	0	0.0
clust0070	clustered_cis_ohnolog	chr17	21	61404843	61409843	1	0.0778
clust0070	clustered_cis_ohnolog	chr17	22	61409843	61414843	4	0.4856
clust0070	clustered_cis_ohnolog	chr17	23	61414843	61419843	2	0.252
clust0070	clustered_cis_ohnolog	chr17	24	61419843	61424843	0	0.0
clust0070	clustered_cis_ohnolog	chr17	25	61424843	61429843	0	0.0
clust0070	clustered_cis_ohnolog	chr17	26	61429843	61434843	0	0.0
clust0070	clustered_cis_ohnolog	chr17	27	61434843	61439843	0	0.0
clust0070	clustered_cis_ohnolog	chr17	28	61439843	61444843	0	0.0
clust0070	clustered_cis_ohnolog	chr17	29	61444843	61449843	0	0.0
clust0070	clustered_cis_ohnolog	chr17	30	61449843	61454843	0	0.0
clust0070	clustered_cis_ohnolog	chr17	31	61454843	61459843	0	0.0
clust0070	clustered_cis_ohnolog	chr17	32	61459843	61464843	0	0.0
clust0070	clustered_cis_ohnolog	chr17	33	61464843	61469843	0	0.0
clust0070	clustered_cis_ohnolog	chr17	34	61469843	61474843	0	0.0
clust0070	clustered_cis_ohnolog	chr17	35	61474843	61479843	0	0.0
clust0070	clustered_cis_ohnolog	chr17	36	61479843	61484843	0	0.0
clust0070	clustered_cis_ohnolog	chr17	37	61484843	61489843	0	0.0
clust0070	clustered_cis_ohnolog	chr17	38	61489843	61494843	0	0.0
clust0070	clustered_cis_ohnolog	chr17	39	61494843	61499843	0	0.0
clust0070	clustered_cis_ohnolog	chr17	40	61499843	61504843	0	0.0
clust0070	clustered_cis_ohnolog	chr17	41	61504843	61509843	0	0.0
clust0070	clustered_cis_ohnolog	chr17	42	61509843	61514843	0	0.0
clust0070	clustered_cis_ohnolog	chr17	43	61514843	61519843	0	0.0
clust0070	clustered_cis_ohnolog	chr17	44	61519843	61524843	0	0.0
clust0070	clustered_cis_ohnolog	chr17	45	61524843	61529843	0	0.0
clust0070	clustered_cis_ohnolog	chr17	46	61529843	61534843	0	0.0
clust0070	clustered_cis_ohnolog	chr17	47	61534843	61539843	0	0.0
clust0070	clustered_cis_ohnolog	chr17	48	61539843	61544843	0	0.0
clust0070	clustered_cis_ohnolog	chr17	49	61544843	61549843	0	0.0
clust0070	clustered_cis_ohnolog	chr17	50	61549843	61554843	0	0.0
clust0070	clustered_cis_ohnolog	chr17	51	61554843	61559843	0	0.0
clust0070	clustered_cis_ohnolog	chr17	52	61559843	61564843	0	0.0
clust0070	clustered_cis_ohnolog	chr17	53	61564843	61569843	0	0.0
clust0070	clustered_cis_ohnolog	chr17	54	61569843	61574843	0	0.0
clust0070	clustered_cis_ohnolog	chr17	55	61574843	61579843	0	0.0
clust0070	clustered_cis_ohnolog	chr17	56	61579843	61584843	0	0.0
clust0070	clustered_cis_ohnolog	chr17	57	61584843	61585110	0	0.0
clust0056	clustered_cis_ohnolog	chr19	0	19045567	19050567	0	0.0
clust0056	clustered_cis_ohnolog	chr19	1	19050567	19055567	1	0.0626
clust0056	clustered_cis_ohnolog	chr19	2	19055567	19060567	0	0.0
clust0056	clustered_cis_ohnolog	chr19	3	19060567	19065567	0	0.0
clust0056	clustered_cis_ohnolog	chr19	4	19065567	19070567	0	0.0
clust0056	clustered_cis_ohnolog	chr19	5	19070567	19075567	0	0.0
clust0056	clustered_cis_ohnolog	chr19	6	19075567	19080567	0	0.0
clust0056	clustered_cis_ohnolog	chr19	7	19080567	19085567	0	0.0
clust0056	clustered_cis_ohnolog	chr19	8	19085567	19090567	0	0.0
clust0056	clustered_cis_ohnolog	chr19	9	19090567	19095567	0	0.0
clust0056	clustered_cis_ohnolog	chr19	10	19095567	19100567	0	0.0
clust0056	clustered_cis_ohnolog	chr19	11	19100567	19105567	0	0.0
clust0056	clustered_cis_ohnolog	chr19	12	19105567	19110567	1	0.1166
clust0056	clustered_cis_ohnolog	chr19	13	19110567	19115567	1	0.1354
clust0056	clustered_cis_ohnolog	chr19	14	19115567	19120567	1	0.126
clust0056	clustered_cis_ohnolog	chr19	15	19120567	19125567	0	0.0
clust0056	clustered_cis_ohnolog	chr19	16	19125567	19130567	0	0.0
clust0056	clustered_cis_ohnolog	chr19	17	19130567	19135567	0	0.0
clust0056	clustered_cis_ohnolog	chr19	18	19135567	19140567	2	0.1882
clust0056	clustered_cis_ohnolog	chr19	19	19140567	19145567	0	0.0
clust0056	clustered_cis_ohnolog	chr19	20	19145567	19150567	1	0.0594
clust0056	clustered_cis_ohnolog	chr19	21	19150567	19155567	0	0.0
clust0056	clustered_cis_ohnolog	chr19	22	19155567	19160567	0	0.0
clust0056	clustered_cis_ohnolog	chr19	23	19160567	19165567	0	0.0
clust0056	clustered_cis_ohnolog	chr19	24	19165567	19170567	0	0.0
clust0056	clustered_cis_ohnolog	chr19	25	19170567	19175567	2	0.1992
clust0056	clustered_cis_ohnolog	chr19	26	19175567	19180567	0	0.0
clust0056	clustered_cis_ohnolog	chr19	27	19180567	19185567	0	0.0
clust0056	clustered_cis_ohnolog	chr19	28	19185567	19190567	2	0.252
clust0056	clustered_cis_ohnolog	chr19	29	19190567	19195567	0	0.0
clust0056	clustered_cis_ohnolog	chr19	30	19195567	19200567	0	0.0
clust0056	clustered_cis_ohnolog	chr19	31	19200567	19205567	0	0.0
clust0056	clustered_cis_ohnolog	chr19	32	19205567	19210567	0	0.0
clust0056	clustered_cis_ohnolog	chr19	33	19210567	19215567	0	0.0
clust0056	clustered_cis_ohnolog	chr19	34	19215567	19220567	0	0.0
clust0056	clustered_cis_ohnolog	chr19	35	19220567	19225567	2	0.1372
clust0056	clustered_cis_ohnolog	chr19	36	19225567	19230567	0	0.0436
clust0056	clustered_cis_ohnolog	chr19	37	19230567	19235567	0	0.0
clust0056	clustered_cis_ohnolog	chr19	38	19235567	19240567	0	0.0
clust0056	clustered_cis_ohnolog	chr19	39	19240567	19245567	0	0.0
clust0056	clustered_cis_ohnolog	chr19	40	19245567	19250567	0	0.0
clust0056	clustered_cis_ohnolog	chr19	41	19250567	19255567	0	0.0
clust0056	clustered_cis_ohnolog	chr19	42	19255567	19260567	0	0.0
clust0056	clustered_cis_ohnolog	chr19	43	19260567	19265567	0	0.0
clust0056	clustered_cis_ohnolog	chr19	44	19265567	19270567	0	0.0
clust0056	clustered_cis_ohnolog	chr19	45	19270567	19275567	0	0.0
clust0056	clustered_cis_ohnolog	chr19	46	19275567	19280567	0	0.0
clust0056	clustered_cis_ohnolog	chr19	47	19280567	19285567	0	0.0
clust0056	clustered_cis_ohnolog	chr19	48	19285567	19290567	0	0.0
clust0056	clustered_cis_ohnolog	chr19	49	19290567	19292158	0	0.0
clust0017	clustered_cis_ohnolog	chr19	0	30124891	30129891	0	0.0
clust0017	clustered_cis_ohnolog	chr19	1	30129891	30134891	0	0.0
clust0017	clustered_cis_ohnolog	chr19	2	30134891	30139891	0	0.0
clust0017	clustered_cis_ohnolog	chr19	3	30139891	30144891	0	0.0
clust0017	clustered_cis_ohnolog	chr19	4	30144891	30149891	0	0.0
clust0017	clustered_cis_ohnolog	chr19	5	30149891	30154891	0	0.0
clust0017	clustered_cis_ohnolog	chr19	6	30154891	30159891	0	0.0
clust0017	clustered_cis_ohnolog	chr19	7	30159891	30164891	0	0.0
clust0017	clustered_cis_ohnolog	chr19	8	30164891	30169891	0	0.0
clust0017	clustered_cis_ohnolog	chr19	9	30169891	30174891	0	0.0
clust0017	clustered_cis_ohnolog	chr19	10	30174891	30179891	0	0.0
clust0017	clustered_cis_ohnolog	chr19	11	30179891	30184891	0	0.0
clust0017	clustered_cis_ohnolog	chr19	12	30184891	30189891	0	0.0
clust0017	clustered_cis_ohnolog	chr19	13	30189891	30194891	0	0.0
clust0017	clustered_cis_ohnolog	chr19	14	30194891	30199891	0	0.0
clust0017	clustered_cis_ohnolog	chr19	15	30199891	30204891	0	0.0
clust0017	clustered_cis_ohnolog	chr19	16	30204891	30209891	0	0.0
clust0017	clustered_cis_ohnolog	chr19	17	30209891	30214891	0	0.0
clust0017	clustered_cis_ohnolog	chr19	18	30214891	30219891	0	0.0
clust0017	clustered_cis_ohnolog	chr19	19	30219891	30224891	2	0.252
clust0017	clustered_cis_ohnolog	chr19	20	30224891	30229891	0	0.0
clust0017	clustered_cis_ohnolog	chr19	21	30229891	30234891	0	0.0
clust0017	clustered_cis_ohnolog	chr19	22	30234891	30239891	0	0.0
clust0017	clustered_cis_ohnolog	chr19	23	30239891	30244891	0	0.0
clust0017	clustered_cis_ohnolog	chr19	24	30244891	30249891	0	0.0
clust0017	clustered_cis_ohnolog	chr19	25	30249891	30254891	0	0.0
clust0017	clustered_cis_ohnolog	chr19	26	30254891	30259891	0	0.0
clust0017	clustered_cis_ohnolog	chr19	27	30259891	30264891	0	0.0
clust0017	clustered_cis_ohnolog	chr19	28	30264891	30269891	0	0.0
clust0017	clustered_cis_ohnolog	chr19	29	30269891	30274891	0	0.0
clust0017	clustered_cis_ohnolog	chr19	30	30274891	30279891	0	0.0
clust0017	clustered_cis_ohnolog	chr19	31	30279891	30284891	0	0.0
clust0017	clustered_cis_ohnolog	chr19	32	30284891	30289891	0	0.0
clust0017	clustered_cis_ohnolog	chr19	33	30289891	30294891	0	0.0
clust0017	clustered_cis_ohnolog	chr19	34	30294891	30299891	0	0.0
clust0017	clustered_cis_ohnolog	chr19	35	30299891	30304891	0	0.0
clust0017	clustered_cis_ohnolog	chr19	36	30304891	30309891	0	0.0
clust0017	clustered_cis_ohnolog	chr19	37	30309891	30314891	0	0.0
clust0017	clustered_cis_ohnolog	chr19	38	30314891	30319891	0	0.0
clust0017	clustered_cis_ohnolog	chr19	39	30319891	30324891	0	0.0
clust0017	clustered_cis_ohnolog	chr19	40	30324891	30329891	0	0.0
clust0017	clustered_cis_ohnolog	chr19	41	30329891	30334891	0	0.0
clust0017	clustered_cis_ohnolog	chr19	42	30334891	30339891	0	0.0
clust0017	clustered_cis_ohnolog	chr19	43	30339891	30344891	0	0.0
clust0017	clustered_cis_ohnolog	chr19	44	30344891	30349891	0	0.0
clust0017	clustered_cis_ohnolog	chr19	45	30349891	30354891	0	0.0
clust0017	clustered_cis_ohnolog	chr19	46	30354891	30359891	0	0.0
clust0017	clustered_cis_ohnolog	chr19	47	30359891	30364891	0	0.0
clust0017	clustered_cis_ohnolog	chr19	48	30364891	30369891	0	0.0
clust0017	clustered_cis_ohnolog	chr19	49	30369891	30374891	0	0.0
clust0017	clustered_cis_ohnolog	chr19	50	30374891	30379891	0	0.0
clust0017	clustered_cis_ohnolog	chr19	51	30379891	30384891	0	0.0
clust0017	clustered_cis_ohnolog	chr19	52	30384891	30389891	0	0.0
clust0017	clustered_cis_ohnolog	chr19	53	30389891	30394891	0	0.0
clust0017	clustered_cis_ohnolog	chr19	54	30394891	30399891	0	0.0
clust0017	clustered_cis_ohnolog	chr19	55	30399891	30404891	0	0.0
clust0017	clustered_cis_ohnolog	chr19	56	30404891	30409891	0	0.0
clust0017	clustered_cis_ohnolog	chr19	57	30409891	30414891	0	0.0
clust0017	clustered_cis_ohnolog	chr19	58	30414891	30419891	0	0.0
clust0017	clustered_cis_ohnolog	chr19	59	30419891	30424891	0	0.0
clust0017	clustered_cis_ohnolog	chr19	60	30424891	30429891	0	0.0
clust0017	clustered_cis_ohnolog	chr19	61	30429891	30434891	0	0.0
clust0017	clustered_cis_ohnolog	chr19	62	30434891	30439891	0	0.0
clust0017	clustered_cis_ohnolog	chr19	63	30439891	30444891	0	0.0
clust0017	clustered_cis_ohnolog	chr19	64	30444891	30449891	0	0.0
clust0017	clustered_cis_ohnolog	chr19	65	30449891	30454891	0	0.0
clust0017	clustered_cis_ohnolog	chr19	66	30454891	30459891	0	0.0
clust0017	clustered_cis_ohnolog	chr19	67	30459891	30464891	0	0.0
clust0017	clustered_cis_ohnolog	chr19	68	30464891	30469891	0	0.0
clust0017	clustered_cis_ohnolog	chr19	69	30469891	30474891	0	0.0
clust0017	clustered_cis_ohnolog	chr19	70	30474891	30479891	0	0.0
clust0017	clustered_cis_ohnolog	chr19	71	30479891	30484891	0	0.0
clust0017	clustered_cis_ohnolog	chr19	72	30484891	30489891	0	0.0
clust0017	clustered_cis_ohnolog	chr19	73	30489891	30494891	0	0.0
clust0017	clustered_cis_ohnolog	chr19	74	30494891	30499891	0	0.0
clust0017	clustered_cis_ohnolog	chr19	75	30499891	30504891	0	0.0
clust0017	clustered_cis_ohnolog	chr19	76	30504891	30509891	0	0.0
clust0017	clustered_cis_ohnolog	chr19	77	30509891	30514891	0	0.0
clust0017	clustered_cis_ohnolog	chr19	78	30514891	30519891	0	0.0
clust0017	clustered_cis_ohnolog	chr19	79	30519891	30524891	0	0.0
clust0017	clustered_cis_ohnolog	chr19	80	30524891	30529891	0	0.0
clust0017	clustered_cis_ohnolog	chr19	81	30529891	30534891	0	0.0
clust0017	clustered_cis_ohnolog	chr19	82	30534891	30539891	0	0.0
clust0017	clustered_cis_ohnolog	chr19	83	30539891	30544891	0	0.0
clust0017	clustered_cis_ohnolog	chr19	84	30544891	30549891	0	0.0
clust0017	clustered_cis_ohnolog	chr19	85	30549891	30554891	0	0.0
clust0017	clustered_cis_ohnolog	chr19	86	30554891	30559891	0	0.0
clust0017	clustered_cis_ohnolog	chr19	87	30559891	30564891	0	0.0
clust0017	clustered_cis_ohnolog	chr19	88	30564891	30569891	0	0.0
clust0017	clustered_cis_ohnolog	chr19	89	30569891	30574891	0	0.0
clust0017	clustered_cis_ohnolog	chr19	90	30574891	30579891	0	0.0
clust0017	clustered_cis_ohnolog	chr19	91	30579891	30584891	0	0.0
clust0017	clustered_cis_ohnolog	chr19	92	30584891	30589891	0	0.0
clust0017	clustered_cis_ohnolog	chr19	93	30589891	30594891	0	0.0
clust0017	clustered_cis_ohnolog	chr19	94	30594891	30599891	0	0.0
clust0017	clustered_cis_ohnolog	chr19	95	30599891	30604891	0	0.0
clust0017	clustered_cis_ohnolog	chr19	96	30604891	30609891	0	0.0
clust0017	clustered_cis_ohnolog	chr19	97	30609891	30614891	0	0.0
clust0017	clustered_cis_ohnolog	chr19	98	30614891	30619891	0	0.0
clust0017	clustered_cis_ohnolog	chr19	99	30619891	30624891	0	0.0
clust0017	clustered_cis_ohnolog	chr19	100	30624891	30629891	0	0.0
clust0017	clustered_cis_ohnolog	chr19	101	30629891	30634891	0	0.0
clust0017	clustered_cis_ohnolog	chr19	102	30634891	30639891	0	0.0
clust0017	clustered_cis_ohnolog	chr19	103	30639891	30644891	0	0.0
clust0017	clustered_cis_ohnolog	chr19	104	30644891	30649891	0	0.0104
clust0017	clustered_cis_ohnolog	chr19	105	30649891	30654891	3	0.3676
clust0017	clustered_cis_ohnolog	chr19	106	30654891	30659891	0	0.0
clust0017	clustered_cis_ohnolog	chr19	107	30659891	30664891	0	0.0
clust0017	clustered_cis_ohnolog	chr19	108	30664891	30669891	4	0.3614
clust0017	clustered_cis_ohnolog	chr19	109	30669891	30674891	0	0.0488
clust0017	clustered_cis_ohnolog	chr19	110	30674891	30679891	0	0.0
clust0017	clustered_cis_ohnolog	chr19	111	30679891	30684891	1	0.126
clust0017	clustered_cis_ohnolog	chr19	112	30684891	30689891	0	0.0
clust0017	clustered_cis_ohnolog	chr19	113	30689891	30694891	0	0.0
clust0017	clustered_cis_ohnolog	chr19	114	30694891	30699891	0	0.0
clust0017	clustered_cis_ohnolog	chr19	115	30699891	30704891	0	0.0
clust0017	clustered_cis_ohnolog	chr19	116	30704891	30709891	0	0.0
clust0017	clustered_cis_ohnolog	chr19	117	30709891	30714891	0	0.0
clust0017	clustered_cis_ohnolog	chr19	118	30714891	30719891	0	0.0
clust0017	clustered_cis_ohnolog	chr19	119	30719891	30724891	0	0.0
clust0017	clustered_cis_ohnolog	chr19	120	30724891	30729891	0	0.0
clust0017	clustered_cis_ohnolog	chr19	121	30729891	30734891	0	0.0
clust0017	clustered_cis_ohnolog	chr19	122	30734891	30739891	0	0.0
clust0017	clustered_cis_ohnolog	chr19	123	30739891	30744891	0	0.0
clust0017	clustered_cis_ohnolog	chr19	124	30744891	30749891	0	0.0
clust0017	clustered_cis_ohnolog	chr19	125	30749891	30754891	0	0.0
clust0017	clustered_cis_ohnolog	chr19	126	30754891	30759891	0	0.0
clust0017	clustered_cis_ohnolog	chr19	127	30759891	30764891	0	0.0
clust0017	clustered_cis_ohnolog	chr19	128	30764891	30769891	0	0.0
clust0017	clustered_cis_ohnolog	chr19	129	30769891	30774891	0	0.0
clust0017	clustered_cis_ohnolog	chr19	130	30774891	30779891	0	0.0
clust0017	clustered_cis_ohnolog	chr19	131	30779891	30784891	0	0.0364
clust0017	clustered_cis_ohnolog	chr19	132	30784891	30789891	1	0.0896
clust0017	clustered_cis_ohnolog	chr19	133	30789891	30794891	0	0.0
clust0017	clustered_cis_ohnolog	chr19	134	30794891	30799891	0	0.0
clust0017	clustered_cis_ohnolog	chr19	135	30799891	30804891	1	0.126
clust0017	clustered_cis_ohnolog	chr19	136	30804891	30809891	0	0.0
clust0017	clustered_cis_ohnolog	chr19	137	30809891	30814891	0	0.0
clust0017	clustered_cis_ohnolog	chr19	138	30814891	30819891	0	0.0
clust0017	clustered_cis_ohnolog	chr19	139	30819891	30824891	0	0.0
clust0017	clustered_cis_ohnolog	chr19	140	30824891	30829891	0	0.0
clust0017	clustered_cis_ohnolog	chr19	141	30829891	30834891	0	0.0
clust0017	clustered_cis_ohnolog	chr19	142	30834891	30839891	0	0.0
clust0017	clustered_cis_ohnolog	chr19	143	30839891	30844891	0	0.0
clust0017	clustered_cis_ohnolog	chr19	144	30844891	30849891	0	0.0
clust0017	clustered_cis_ohnolog	chr19	145	30849891	30854891	0	0.0
clust0017	clustered_cis_ohnolog	chr19	146	30854891	30859891	0	0.0
clust0017	clustered_cis_ohnolog	chr19	147	30859891	30864891	0	0.0
clust0017	clustered_cis_ohnolog	chr19	148	30864891	30869891	0	0.0
clust0017	clustered_cis_ohnolog	chr19	149	30869891	30874891	0	0.0
clust0017	clustered_cis_ohnolog	chr19	150	30874891	30879891	0	0.0
clust0017	clustered_cis_ohnolog	chr19	151	30879891	30884891	0	0.0
clust0017	clustered_cis_ohnolog	chr19	152	30884891	30889891	0	0.0
clust0017	clustered_cis_ohnolog	chr19	153	30889891	30894891	0	0.0
clust0017	clustered_cis_ohnolog	chr19	154	30894891	30899891	0	0.0
clust0017	clustered_cis_ohnolog	chr19	155	30899891	30904891	0	0.0
clust0017	clustered_cis_ohnolog	chr19	156	30904891	30909891	0	0.0
clust0017	clustered_cis_ohnolog	chr19	157	30909891	30914891	0	0.0
clust0017	clustered_cis_ohnolog	chr19	158	30914891	30919891	0	0.0
clust0017	clustered_cis_ohnolog	chr19	159	30919891	30924891	0	0.0
clust0017	clustered_cis_ohnolog	chr19	160	30924891	30929891	0	0.0
clust0017	clustered_cis_ohnolog	chr19	161	30929891	30934891	0	0.0
clust0017	clustered_cis_ohnolog	chr19	162	30934891	30939891	0	0.0
clust0017	clustered_cis_ohnolog	chr19	163	30939891	30944891	0	0.0
clust0017	clustered_cis_ohnolog	chr19	164	30944891	30949891	0	0.0
clust0017	clustered_cis_ohnolog	chr19	165	30949891	30954891	0	0.0
clust0017	clustered_cis_ohnolog	chr19	166	30954891	30959891	0	0.0
clust0017	clustered_cis_ohnolog	chr19	167	30959891	30964891	0	0.0
clust0017	clustered_cis_ohnolog	chr19	168	30964891	30969891	0	0.0
clust0017	clustered_cis_ohnolog	chr19	169	30969891	30974891	0	0.0
clust0017	clustered_cis_ohnolog	chr19	170	30974891	30979891	0	0.0
clust0017	clustered_cis_ohnolog	chr19	171	30979891	30984891	0	0.0
clust0017	clustered_cis_ohnolog	chr19	172	30984891	30989891	0	0.0
clust0017	clustered_cis_ohnolog	chr19	173	30989891	30994891	0	0.0
clust0017	clustered_cis_ohnolog	chr19	174	30994891	30999891	0	0.0
clust0017	clustered_cis_ohnolog	chr19	175	30999891	31004891	0	0.0
clust0017	clustered_cis_ohnolog	chr19	176	31004891	31009891	0	0.0
clust0017	clustered_cis_ohnolog	chr19	177	31009891	31014891	0	0.0
clust0017	clustered_cis_ohnolog	chr19	178	31014891	31019891	0	0.0
clust0017	clustered_cis_ohnolog	chr19	179	31019891	31024891	0	0.0
clust0017	clustered_cis_ohnolog	chr19	180	31024891	31029891	0	0.0
clust0017	clustered_cis_ohnolog	chr19	181	31029891	31034891	0	0.0
clust0017	clustered_cis_ohnolog	chr19	182	31034891	31039891	0	0.0
clust0017	clustered_cis_ohnolog	chr19	183	31039891	31044891	0	0.0
clust0017	clustered_cis_ohnolog	chr19	184	31044891	31049891	0	0.0
clust0017	clustered_cis_ohnolog	chr19	185	31049891	31054891	0	0.0
clust0017	clustered_cis_ohnolog	chr19	186	31054891	31059891	0	0.0
clust0017	clustered_cis_ohnolog	chr19	187	31059891	31064891	0	0.0
clust0017	clustered_cis_ohnolog	chr19	188	31064891	31069891	0	0.0
clust0017	clustered_cis_ohnolog	chr19	189	31069891	31074891	0	0.0
clust0017	clustered_cis_ohnolog	chr19	190	31074891	31079891	0	0.0
clust0017	clustered_cis_ohnolog	chr19	191	31079891	31084891	0	0.0
clust0017	clustered_cis_ohnolog	chr19	192	31084891	31089891	0	0.0
clust0017	clustered_cis_ohnolog	chr19	193	31089891	31094891	0	0.0
clust0017	clustered_cis_ohnolog	chr19	194	31094891	31099891	0	0.0
clust0017	clustered_cis_ohnolog	chr19	195	31099891	31104891	0	0.0
clust0017	clustered_cis_ohnolog	chr19	196	31104891	31109891	0	0.0
clust0017	clustered_cis_ohnolog	chr19	197	31109891	31114891	0	0.0
clust0017	clustered_cis_ohnolog	chr19	198	31114891	31119891	0	0.0
clust0017	clustered_cis_ohnolog	chr19	199	31119891	31124891	0	0.0
clust0017	clustered_cis_ohnolog	chr19	200	31124891	31129891	0	0.0
clust0017	clustered_cis_ohnolog	chr19	201	31129891	31134891	0	0.0
clust0017	clustered_cis_ohnolog	chr19	202	31134891	31139891	0	0.0
clust0017	clustered_cis_ohnolog	chr19	203	31139891	31144891	0	0.0
clust0017	clustered_cis_ohnolog	chr19	204	31144891	31149891	0	0.0
clust0017	clustered_cis_ohnolog	chr19	205	31149891	31154891	0	0.0
clust0017	clustered_cis_ohnolog	chr19	206	31154891	31159891	0	0.0
clust0017	clustered_cis_ohnolog	chr19	207	31159891	31164891	0	0.0
clust0017	clustered_cis_ohnolog	chr19	208	31164891	31169891	0	0.0
clust0017	clustered_cis_ohnolog	chr19	209	31169891	31174891	0	0.0
clust0017	clustered_cis_ohnolog	chr19	210	31174891	31179891	0	0.0
clust0017	clustered_cis_ohnolog	chr19	211	31179891	31184891	0	0.0
clust0017	clustered_cis_ohnolog	chr19	212	31184891	31189891	0	0.0
clust0017	clustered_cis_ohnolog	chr19	213	31189891	31194891	0	0.0
clust0017	clustered_cis_ohnolog	chr19	214	31194891	31199891	0	0.0
clust0017	clustered_cis_ohnolog	chr19	215	31199891	31204891	0	0.0
clust0017	clustered_cis_ohnolog	chr19	216	31204891	31209891	0	0.0
clust0017	clustered_cis_ohnolog	chr19	217	31209891	31214891	0	0.0
clust0017	clustered_cis_ohnolog	chr19	218	31214891	31219891	0	0.0
clust0017	clustered_cis_ohnolog	chr19	219	31219891	31224891	0	0.0
clust0017	clustered_cis_ohnolog	chr19	220	31224891	31229891	0	0.0
clust0017	clustered_cis_ohnolog	chr19	221	31229891	31234891	0	0.0
clust0017	clustered_cis_ohnolog	chr19	222	31234891	31239891	0	0.0
clust0017	clustered_cis_ohnolog	chr19	223	31239891	31244891	0	0.0
clust0017	clustered_cis_ohnolog	chr19	224	31244891	31249891	0	0.0
clust0017	clustered_cis_ohnolog	chr19	225	31249891	31254891	0	0.0
clust0017	clustered_cis_ohnolog	chr19	226	31254891	31259891	0	0.0
clust0017	clustered_cis_ohnolog	chr19	227	31259891	31264891	0	0.0
clust0017	clustered_cis_ohnolog	chr19	228	31264891	31269891	0	0.0
clust0017	clustered_cis_ohnolog	chr19	229	31269891	31274891	0	0.0
clust0017	clustered_cis_ohnolog	chr19	230	31274891	31279891	0	0.0
clust0017	clustered_cis_ohnolog	chr19	231	31279891	31284891	0	0.0
clust0017	clustered_cis_ohnolog	chr19	232	31284891	31289891	0	0.0
clust0017	clustered_cis_ohnolog	chr19	233	31289891	31294891	0	0.0
clust0017	clustered_cis_ohnolog	chr19	234	31294891	31299891	0	0.0
clust0017	clustered_cis_ohnolog	chr19	235	31299891	31304891	0	0.0
clust0017	clustered_cis_ohnolog	chr19	236	31304891	31309891	0	0.0
clust0017	clustered_cis_ohnolog	chr19	237	31309891	31314891	0	0.0
clust0017	clustered_cis_ohnolog	chr19	238	31314891	31319891	0	0.0
clust0017	clustered_cis_ohnolog	chr19	239	31319891	31324891	0	0.0
clust0017	clustered_cis_ohnolog	chr19	240	31324891	31329891	0	0.0
clust0017	clustered_cis_ohnolog	chr19	241	31329891	31334891	0	0.0
clust0017	clustered_cis_ohnolog	chr19	242	31334891	31339891	0	0.0
clust0017	clustered_cis_ohnolog	chr19	243	31339891	31344891	0	0.0
clust0017	clustered_cis_ohnolog	chr19	244	31344891	31349891	0	0.0
clust0017	clustered_cis_ohnolog	chr19	245	31349891	31354891	0	0.0
clust0017	clustered_cis_ohnolog	chr19	246	31354891	31359891	1	0.126
clust0017	clustered_cis_ohnolog	chr19	247	31359891	31364891	0	0.0
clust0017	clustered_cis_ohnolog	chr19	248	31364891	31369891	0	0.0
clust0017	clustered_cis_ohnolog	chr19	249	31369891	31374891	0	0.0
clust0017	clustered_cis_ohnolog	chr19	250	31374891	31379891	0	0.0
clust0017	clustered_cis_ohnolog	chr19	251	31379891	31384891	0	0.0
clust0017	clustered_cis_ohnolog	chr19	252	31384891	31389891	0	0.0
clust0017	clustered_cis_ohnolog	chr19	253	31389891	31394891	0	0.0
clust0017	clustered_cis_ohnolog	chr19	254	31394891	31399891	0	0.0
clust0017	clustered_cis_ohnolog	chr19	255	31399891	31404891	0	0.0
clust0017	clustered_cis_ohnolog	chr19	256	31404891	31409891	0	0.0
clust0017	clustered_cis_ohnolog	chr19	257	31409891	31414891	0	0.0
clust0017	clustered_cis_ohnolog	chr19	258	31414891	31419891	0	0.0
clust0017	clustered_cis_ohnolog	chr19	259	31419891	31424891	0	0.0
clust0017	clustered_cis_ohnolog	chr19	260	31424891	31429891	0	0.0
clust0017	clustered_cis_ohnolog	chr19	261	31429891	31434891	0	0.0
clust0017	clustered_cis_ohnolog	chr19	262	31434891	31439891	0	0.0
clust0017	clustered_cis_ohnolog	chr19	263	31439891	31444891	0	0.0
clust0017	clustered_cis_ohnolog	chr19	264	31444891	31449891	0	0.0
clust0017	clustered_cis_ohnolog	chr19	265	31449891	31454891	0	0.0
clust0017	clustered_cis_ohnolog	chr19	266	31454891	31459891	0	0.0
clust0017	clustered_cis_ohnolog	chr19	267	31459891	31464891	0	0.0
clust0017	clustered_cis_ohnolog	chr19	268	31464891	31469891	0	0.0
clust0017	clustered_cis_ohnolog	chr19	269	31469891	31474891	0	0.0
clust0017	clustered_cis_ohnolog	chr19	270	31474891	31479891	0	0.0
clust0017	clustered_cis_ohnolog	chr19	271	31479891	31484891	0	0.0
clust0017	clustered_cis_ohnolog	chr19	272	31484891	31489891	0	0.0
clust0017	clustered_cis_ohnolog	chr19	273	31489891	31494891	0	0.0
clust0017	clustered_cis_ohnolog	chr19	274	31494891	31499891	0	0.0
clust0017	clustered_cis_ohnolog	chr19	275	31499891	31504891	0	0.0
clust0017	clustered_cis_ohnolog	chr19	276	31504891	31509891	0	0.0
clust0017	clustered_cis_ohnolog	chr19	277	31509891	31514891	0	0.0
clust0017	clustered_cis_ohnolog	chr19	278	31514891	31519891	0	0.0
clust0017	clustered_cis_ohnolog	chr19	279	31519891	31524891	0	0.0
clust0017	clustered_cis_ohnolog	chr19	280	31524891	31529891	0	0.0
clust0017	clustered_cis_ohnolog	chr19	281	31529891	31534891	0	0.0
clust0017	clustered_cis_ohnolog	chr19	282	31534891	31539891	0	0.0
clust0017	clustered_cis_ohnolog	chr19	283	31539891	31544891	0	0.0
clust0017	clustered_cis_ohnolog	chr19	284	31544891	31549891	0	0.0
clust0017	clustered_cis_ohnolog	chr19	285	31549891	31554891	0	0.0
clust0017	clustered_cis_ohnolog	chr19	286	31554891	31559891	0	0.0
clust0017	clustered_cis_ohnolog	chr19	287	31559891	31564891	0	0.0
clust0017	clustered_cis_ohnolog	chr19	288	31564891	31569891	0	0.0
clust0017	clustered_cis_ohnolog	chr19	289	31569891	31574891	0	0.0
clust0017	clustered_cis_ohnolog	chr19	290	31574891	31579891	0	0.0
clust0017	clustered_cis_ohnolog	chr19	291	31579891	31584891	0	0.0
clust0017	clustered_cis_ohnolog	chr19	292	31584891	31589891	0	0.0
clust0017	clustered_cis_ohnolog	chr19	293	31589891	31594891	0	0.0
clust0017	clustered_cis_ohnolog	chr19	294	31594891	31599891	0	0.0
clust0017	clustered_cis_ohnolog	chr19	295	31599891	31604891	0	0.0
clust0017	clustered_cis_ohnolog	chr19	296	31604891	31609891	0	0.0
clust0017	clustered_cis_ohnolog	chr19	297	31609891	31614891	1	0.126
clust0017	clustered_cis_ohnolog	chr19	298	31614891	31619891	0	0.0
clust0017	clustered_cis_ohnolog	chr19	299	31619891	31624891	0	0.0
clust0017	clustered_cis_ohnolog	chr19	300	31624891	31629891	0	0.0
clust0017	clustered_cis_ohnolog	chr19	301	31629891	31634891	0	0.0
clust0017	clustered_cis_ohnolog	chr19	302	31634891	31639891	0	0.0
clust0017	clustered_cis_ohnolog	chr19	303	31639891	31644891	0	0.0
clust0017	clustered_cis_ohnolog	chr19	304	31644891	31649891	0	0.0
clust0017	clustered_cis_ohnolog	chr19	305	31649891	31654891	0	0.0
clust0017	clustered_cis_ohnolog	chr19	306	31654891	31659891	0	0.0
clust0017	clustered_cis_ohnolog	chr19	307	31659891	31664891	0	0.0
clust0017	clustered_cis_ohnolog	chr19	308	31664891	31669891	0	0.0
clust0017	clustered_cis_ohnolog	chr19	309	31669891	31674891	0	0.0
clust0017	clustered_cis_ohnolog	chr19	310	31674891	31679891	0	0.0
clust0017	clustered_cis_ohnolog	chr19	311	31679891	31684891	0	0.0
clust0017	clustered_cis_ohnolog	chr19	312	31684891	31689891	0	0.0
clust0017	clustered_cis_ohnolog	chr19	313	31689891	31694891	0	0.0
clust0017	clustered_cis_ohnolog	chr19	314	31694891	31699891	0	0.0
clust0017	clustered_cis_ohnolog	chr19	315	31699891	31704891	0	0.0
clust0017	clustered_cis_ohnolog	chr19	316	31704891	31709891	0	0.0
clust0017	clustered_cis_ohnolog	chr19	317	31709891	31714891	0	0.0
clust0017	clustered_cis_ohnolog	chr19	318	31714891	31719891	0	0.0
clust0017	clustered_cis_ohnolog	chr19	319	31719891	31724891	0	0.0
clust0017	clustered_cis_ohnolog	chr19	320	31724891	31729891	0	0.0
clust0017	clustered_cis_ohnolog	chr19	321	31729891	31734891	0	0.0
clust0017	clustered_cis_ohnolog	chr19	322	31734891	31739891	0	0.0
clust0017	clustered_cis_ohnolog	chr19	323	31739891	31744891	0	0.0
clust0017	clustered_cis_ohnolog	chr19	324	31744891	31749891	0	0.0
clust0017	clustered_cis_ohnolog	chr19	325	31749891	31754891	0	0.0
clust0017	clustered_cis_ohnolog	chr19	326	31754891	31759891	0	0.0
clust0017	clustered_cis_ohnolog	chr19	327	31759891	31764891	0	0.0
clust0017	clustered_cis_ohnolog	chr19	328	31764891	31769891	0	0.0
clust0017	clustered_cis_ohnolog	chr19	329	31769891	31774891	0	0.0
clust0017	clustered_cis_ohnolog	chr19	330	31774891	31779891	0	0.0
clust0017	clustered_cis_ohnolog	chr19	331	31779891	31784891	0	0.0
clust0017	clustered_cis_ohnolog	chr19	332	31784891	31789891	0	0.0
clust0017	clustered_cis_ohnolog	chr19	333	31789891	31794891	0	0.0
clust0017	clustered_cis_ohnolog	chr19	334	31794891	31799891	0	0.0
clust0017	clustered_cis_ohnolog	chr19	335	31799891	31804891	0	0.0
clust0017	clustered_cis_ohnolog	chr19	336	31804891	31809891	0	0.0
clust0017	clustered_cis_ohnolog	chr19	337	31809891	31814891	0	0.0
clust0017	clustered_cis_ohnolog	chr19	338	31814891	31819891	0	0.0
clust0017	clustered_cis_ohnolog	chr19	339	31819891	31824891	0	0.0
clust0017	clustered_cis_ohnolog	chr19	340	31824891	31829891	0	0.0
clust0017	clustered_cis_ohnolog	chr19	341	31829891	31834891	0	0.0
clust0017	clustered_cis_ohnolog	chr19	342	31834891	31839891	0	0.0
clust0017	clustered_cis_ohnolog	chr19	343	31839891	31844891	0	0.0
clust0017	clustered_cis_ohnolog	chr19	344	31844891	31849891	0	0.0
clust0017	clustered_cis_ohnolog	chr19	345	31849891	31854891	0	0.0
clust0017	clustered_cis_ohnolog	chr19	346	31854891	31859891	0	0.0
clust0017	clustered_cis_ohnolog	chr19	347	31859891	31864891	0	0.0
clust0017	clustered_cis_ohnolog	chr19	348	31864891	31869891	0	0.0
clust0017	clustered_cis_ohnolog	chr19	349	31869891	31874891	0	0.0
clust0017	clustered_cis_ohnolog	chr19	350	31874891	31879891	0	0.0
clust0017	clustered_cis_ohnolog	chr19	351	31879891	31884891	0	0.0
clust0017	clustered_cis_ohnolog	chr19	352	31884891	31889891	0	0.0
clust0017	clustered_cis_ohnolog	chr19	353	31889891	31894891	0	0.0
clust0017	clustered_cis_ohnolog	chr19	354	31894891	31899891	0	0.0
clust0017	clustered_cis_ohnolog	chr19	355	31899891	31904891	0	0.0
clust0017	clustered_cis_ohnolog	chr19	356	31904891	31909891	0	0.0
clust0017	clustered_cis_ohnolog	chr19	357	31909891	31914891	0	0.0
clust0017	clustered_cis_ohnolog	chr19	358	31914891	31919891	0	0.0
clust0017	clustered_cis_ohnolog	chr19	359	31919891	31924891	0	0.0
clust0017	clustered_cis_ohnolog	chr19	360	31924891	31929891	0	0.0
clust0017	clustered_cis_ohnolog	chr19	361	31929891	31934891	0	0.0
clust0017	clustered_cis_ohnolog	chr19	362	31934891	31939891	0	0.0
clust0017	clustered_cis_ohnolog	chr19	363	31939891	31944891	0	0.0
clust0017	clustered_cis_ohnolog	chr19	364	31944891	31949891	0	0.0
clust0017	clustered_cis_ohnolog	chr19	365	31949891	31954891	0	0.0
clust0017	clustered_cis_ohnolog	chr19	366	31954891	31959891	0	0.0
clust0017	clustered_cis_ohnolog	chr19	367	31959891	31964891	0	0.0
clust0017	clustered_cis_ohnolog	chr19	368	31964891	31969891	0	0.0
clust0017	clustered_cis_ohnolog	chr19	369	31969891	31974891	0	0.0
clust0017	clustered_cis_ohnolog	chr19	370	31974891	31979891	0	0.0
clust0017	clustered_cis_ohnolog	chr19	371	31979891	31984891	0	0.0
clust0017	clustered_cis_ohnolog	chr19	372	31984891	31989891	0	0.0
clust0017	clustered_cis_ohnolog	chr19	373	31989891	31994891	0	0.0
clust0017	clustered_cis_ohnolog	chr19	374	31994891	31999891	0	0.0
clust0017	clustered_cis_ohnolog	chr19	375	31999891	32004891	0	0.0
clust0017	clustered_cis_ohnolog	chr19	376	32004891	32009891	0	0.0
clust0017	clustered_cis_ohnolog	chr19	377	32009891	32014891	0	0.0
clust0017	clustered_cis_ohnolog	chr19	378	32014891	32019891	0	0.0
clust0017	clustered_cis_ohnolog	chr19	379	32019891	32024891	0	0.0
clust0017	clustered_cis_ohnolog	chr19	380	32024891	32029891	0	0.0
clust0017	clustered_cis_ohnolog	chr19	381	32029891	32034891	0	0.0
clust0017	clustered_cis_ohnolog	chr19	382	32034891	32039891	0	0.0
clust0017	clustered_cis_ohnolog	chr19	383	32039891	32044891	0	0.0
clust0017	clustered_cis_ohnolog	chr19	384	32044891	32049891	0	0.0
clust0017	clustered_cis_ohnolog	chr19	385	32049891	32054891	0	0.0
clust0017	clustered_cis_ohnolog	chr19	386	32054891	32059891	0	0.0
clust0017	clustered_cis_ohnolog	chr19	387	32059891	32064891	0	0.0
clust0017	clustered_cis_ohnolog	chr19	388	32064891	32069891	0	0.0
clust0017	clustered_cis_ohnolog	chr19	389	32069891	32074891	0	0.0
clust0017	clustered_cis_ohnolog	chr19	390	32074891	32079891	0	0.0
clust0017	clustered_cis_ohnolog	chr19	391	32079891	32084891	0	0.0
clust0017	clustered_cis_ohnolog	chr19	392	32084891	32089891	0	0.0
clust0017	clustered_cis_ohnolog	chr19	393	32089891	32094891	0	0.0
clust0017	clustered_cis_ohnolog	chr19	394	32094891	32099891	0	0.0
clust0017	clustered_cis_ohnolog	chr19	395	32099891	32104891	0	0.0
clust0017	clustered_cis_ohnolog	chr19	396	32104891	32109891	0	0.0
clust0017	clustered_cis_ohnolog	chr19	397	32109891	32114891	0	0.0
clust0017	clustered_cis_ohnolog	chr19	398	32114891	32119891	0	0.0
clust0017	clustered_cis_ohnolog	chr19	399	32119891	32124891	0	0.0
clust0017	clustered_cis_ohnolog	chr19	400	32124891	32129891	0	0.0
clust0017	clustered_cis_ohnolog	chr19	401	32129891	32134891	0	0.0
clust0017	clustered_cis_ohnolog	chr19	402	32134891	32139891	0	0.0
clust0017	clustered_cis_ohnolog	chr19	403	32139891	32144891	0	0.0
clust0017	clustered_cis_ohnolog	chr19	404	32144891	32149891	0	0.0
clust0017	clustered_cis_ohnolog	chr19	405	32149891	32154891	0	0.0
clust0017	clustered_cis_ohnolog	chr19	406	32154891	32159891	0	0.0
clust0017	clustered_cis_ohnolog	chr19	407	32159891	32164891	0	0.0
clust0017	clustered_cis_ohnolog	chr19	408	32164891	32169891	0	0.0
clust0017	clustered_cis_ohnolog	chr19	409	32169891	32174891	0	0.0
clust0017	clustered_cis_ohnolog	chr19	410	32174891	32179891	0	0.0
clust0017	clustered_cis_ohnolog	chr19	411	32179891	32184891	0	0.0
clust0017	clustered_cis_ohnolog	chr19	412	32184891	32189891	0	0.0
clust0017	clustered_cis_ohnolog	chr19	413	32189891	32194891	0	0.0
clust0017	clustered_cis_ohnolog	chr19	414	32194891	32199891	0	0.0
clust0017	clustered_cis_ohnolog	chr19	415	32199891	32204891	0	0.0
clust0017	clustered_cis_ohnolog	chr19	416	32204891	32209891	0	0.0
clust0017	clustered_cis_ohnolog	chr19	417	32209891	32214891	0	0.0
clust0017	clustered_cis_ohnolog	chr19	418	32214891	32219891	0	0.0
clust0017	clustered_cis_ohnolog	chr19	419	32219891	32224891	1	0.0658
clust0017	clustered_cis_ohnolog	chr19	420	32224891	32229891	1	0.0482
clust0017	clustered_cis_ohnolog	chr19	421	32229891	32234891	0	0.0
clust0017	clustered_cis_ohnolog	chr19	422	32234891	32239891	0	0.0
clust0017	clustered_cis_ohnolog	chr19	423	32239891	32244891	0	0.0
clust0017	clustered_cis_ohnolog	chr19	424	32244891	32249891	0	0.0
clust0017	clustered_cis_ohnolog	chr19	425	32249891	32254891	0	0.0
clust0017	clustered_cis_ohnolog	chr19	426	32254891	32259891	0	0.0
clust0017	clustered_cis_ohnolog	chr19	427	32259891	32264891	0	0.0
clust0017	clustered_cis_ohnolog	chr19	428	32264891	32269891	0	0.0
clust0017	clustered_cis_ohnolog	chr19	429	32269891	32274891	0	0.0
clust0017	clustered_cis_ohnolog	chr19	430	32274891	32279891	0	0.0
clust0017	clustered_cis_ohnolog	chr19	431	32279891	32284891	0	0.0
clust0017	clustered_cis_ohnolog	chr19	432	32284891	32289891	0	0.0
clust0017	clustered_cis_ohnolog	chr19	433	32289891	32294891	0	0.0
clust0017	clustered_cis_ohnolog	chr19	434	32294891	32299891	0	0.0
clust0017	clustered_cis_ohnolog	chr19	435	32299891	32304891	0	0.0
clust0017	clustered_cis_ohnolog	chr19	436	32304891	32309891	0	0.0
clust0017	clustered_cis_ohnolog	chr19	437	32309891	32314891	0	0.0
clust0017	clustered_cis_ohnolog	chr19	438	32314891	32319891	0	0.0
clust0017	clustered_cis_ohnolog	chr19	439	32319891	32324891	0	0.0
clust0017	clustered_cis_ohnolog	chr19	440	32324891	32329891	0	0.0
clust0017	clustered_cis_ohnolog	chr19	441	32329891	32334891	0	0.0
clust0017	clustered_cis_ohnolog	chr19	442	32334891	32339891	0	0.0
clust0017	clustered_cis_ohnolog	chr19	443	32339891	32344891	2	0.252
clust0017	clustered_cis_ohnolog	chr19	444	32344891	32349891	0	0.0
clust0017	clustered_cis_ohnolog	chr19	445	32349891	32354891	0	0.0
clust0017	clustered_cis_ohnolog	chr19	446	32354891	32359891	1	0.126
clust0017	clustered_cis_ohnolog	chr19	447	32359891	32364891	0	0.0
clust0017	clustered_cis_ohnolog	chr19	448	32364891	32369891	0	0.0
clust0017	clustered_cis_ohnolog	chr19	449	32369891	32374891	0	0.0
clust0017	clustered_cis_ohnolog	chr19	450	32374891	32379891	0	0.0
clust0017	clustered_cis_ohnolog	chr19	451	32379891	32384891	0	0.0
clust0017	clustered_cis_ohnolog	chr19	452	32384891	32389891	0	0.0
clust0017	clustered_cis_ohnolog	chr19	453	32389891	32394891	0	0.0
clust0017	clustered_cis_ohnolog	chr19	454	32394891	32399891	0	0.0
clust0017	clustered_cis_ohnolog	chr19	455	32399891	32404891	0	0.0
clust0017	clustered_cis_ohnolog	chr19	456	32404891	32409891	0	0.0
clust0017	clustered_cis_ohnolog	chr19	457	32409891	32414891	0	0.0
clust0017	clustered_cis_ohnolog	chr19	458	32414891	32419891	0	0.0
clust0017	clustered_cis_ohnolog	chr19	459	32419891	32424891	0	0.0
clust0017	clustered_cis_ohnolog	chr19	460	32424891	32429891	0	0.0
clust0017	clustered_cis_ohnolog	chr19	461	32429891	32434891	0	0.0
clust0017	clustered_cis_ohnolog	chr19	462	32434891	32439891	0	0.0
clust0017	clustered_cis_ohnolog	chr19	463	32439891	32444891	0	0.0
clust0017	clustered_cis_ohnolog	chr19	464	32444891	32449891	0	0.0
clust0017	clustered_cis_ohnolog	chr19	465	32449891	32454891	0	0.0
clust0017	clustered_cis_ohnolog	chr19	466	32454891	32459891	0	0.0
clust0017	clustered_cis_ohnolog	chr19	467	32459891	32464891	2	0.2434
clust0017	clustered_cis_ohnolog	chr19	468	32464891	32469891	0	0.0086
clust0017	clustered_cis_ohnolog	chr19	469	32469891	32474891	0	0.0
clust0017	clustered_cis_ohnolog	chr19	470	32474891	32479891	0	0.0
clust0017	clustered_cis_ohnolog	chr19	471	32479891	32484891	0	0.0
clust0017	clustered_cis_ohnolog	chr19	472	32484891	32487667	0	0.0
clust0078	clustered_cis_ohnolog	chr19	0	33199934	33204934	0	0.0
clust0078	clustered_cis_ohnolog	chr19	1	33204934	33209934	0	0.0
clust0078	clustered_cis_ohnolog	chr19	2	33209934	33214934	0	0.0
clust0078	clustered_cis_ohnolog	chr19	3	33214934	33219934	0	0.0
clust0078	clustered_cis_ohnolog	chr19	4	33219934	33224934	0	0.0
clust0078	clustered_cis_ohnolog	chr19	5	33224934	33229934	0	0.0
clust0078	clustered_cis_ohnolog	chr19	6	33229934	33234934	0	0.0
clust0078	clustered_cis_ohnolog	chr19	7	33234934	33239934	1	0.0626
clust0078	clustered_cis_ohnolog	chr19	8	33239934	33244934	1	0.126
clust0078	clustered_cis_ohnolog	chr19	9	33244934	33249934	0	0.0
clust0078	clustered_cis_ohnolog	chr19	10	33249934	33254934	0	0.0
clust0078	clustered_cis_ohnolog	chr19	11	33254934	33259934	0	0.0
clust0078	clustered_cis_ohnolog	chr19	12	33259934	33264934	0	0.0
clust0078	clustered_cis_ohnolog	chr19	13	33264934	33269934	0	0.0
clust0078	clustered_cis_ohnolog	chr19	14	33269934	33274934	0	0.0
clust0078	clustered_cis_ohnolog	chr19	15	33274934	33279934	0	0.0
clust0078	clustered_cis_ohnolog	chr19	16	33279934	33284934	0	0.0
clust0078	clustered_cis_ohnolog	chr19	17	33284934	33289934	0	0.0
clust0078	clustered_cis_ohnolog	chr19	18	33289934	33294934	0	0.0
clust0078	clustered_cis_ohnolog	chr19	19	33294934	33299934	0	0.0
clust0078	clustered_cis_ohnolog	chr19	20	33299934	33304934	0	0.0
clust0078	clustered_cis_ohnolog	chr19	21	33304934	33309934	0	0.0
clust0078	clustered_cis_ohnolog	chr19	22	33309934	33314934	0	0.0
clust0078	clustered_cis_ohnolog	chr19	23	33314934	33319934	0	0.0
clust0078	clustered_cis_ohnolog	chr19	24	33319934	33324934	0	0.0
clust0078	clustered_cis_ohnolog	chr19	25	33324934	33329934	0	0.0
clust0078	clustered_cis_ohnolog	chr19	26	33329934	33334934	0	0.0
clust0078	clustered_cis_ohnolog	chr19	27	33334934	33339934	0	0.0
clust0078	clustered_cis_ohnolog	chr19	28	33339934	33344934	0	0.0
clust0078	clustered_cis_ohnolog	chr19	29	33344934	33349934	0	0.0
clust0078	clustered_cis_ohnolog	chr19	30	33349934	33354934	0	0.0
clust0078	clustered_cis_ohnolog	chr19	31	33354934	33359934	0	0.0
clust0078	clustered_cis_ohnolog	chr19	32	33359934	33364934	0	0.0
clust0078	clustered_cis_ohnolog	chr19	33	33364934	33369934	0	0.0
clust0078	clustered_cis_ohnolog	chr19	34	33369934	33374934	3	0.3606
clust0078	clustered_cis_ohnolog	chr19	35	33374934	33379934	0	0.0174
clust0078	clustered_cis_ohnolog	chr19	36	33379934	33384934	0	0.0
clust0078	clustered_cis_ohnolog	chr19	37	33384934	33389934	0	0.0
clust0078	clustered_cis_ohnolog	chr19	38	33389934	33394934	0	0.0
clust0078	clustered_cis_ohnolog	chr19	39	33394934	33399934	0	0.0
clust0078	clustered_cis_ohnolog	chr19	40	33399934	33404934	0	0.0
clust0078	clustered_cis_ohnolog	chr19	41	33404934	33409934	2	0.1876
clust0078	clustered_cis_ohnolog	chr19	42	33409934	33414934	0	0.0
clust0078	clustered_cis_ohnolog	chr19	43	33414934	33419934	1	0.0452
clust0078	clustered_cis_ohnolog	chr19	44	33419934	33424934	0	0.0
clust0078	clustered_cis_ohnolog	chr19	45	33424934	33429934	0	0.0
clust0078	clustered_cis_ohnolog	chr19	46	33429934	33434934	2	0.252
clust0078	clustered_cis_ohnolog	chr19	47	33434934	33439934	0	0.0
clust0078	clustered_cis_ohnolog	chr19	48	33439934	33444934	0	0.0
clust0078	clustered_cis_ohnolog	chr19	49	33444934	33449934	0	0.0
clust0078	clustered_cis_ohnolog	chr19	50	33449934	33454934	0	0.0
clust0078	clustered_cis_ohnolog	chr19	51	33454934	33459934	0	0.0
clust0078	clustered_cis_ohnolog	chr19	52	33459934	33464934	0	0.0
clust0078	clustered_cis_ohnolog	chr19	53	33464934	33469934	0	0.0
clust0078	clustered_cis_ohnolog	chr19	54	33469934	33474934	0	0.0
clust0078	clustered_cis_ohnolog	chr19	55	33474934	33479934	0	0.0
clust0078	clustered_cis_ohnolog	chr19	56	33479934	33482686	0	0.0
clust0048	clustered_cis_ohnolog	chr19	0	47701232	47706232	0	0.0
clust0048	clustered_cis_ohnolog	chr19	1	47706232	47711232	2	0.1622
clust0048	clustered_cis_ohnolog	chr19	2	47711232	47716232	1	0.0316
clust0048	clustered_cis_ohnolog	chr19	3	47716232	47721232	0	0.0
clust0048	clustered_cis_ohnolog	chr19	4	47721232	47726232	0	0.0
clust0048	clustered_cis_ohnolog	chr19	5	47726232	47731232	0	0.0
clust0048	clustered_cis_ohnolog	chr19	6	47731232	47736232	0	0.0
clust0048	clustered_cis_ohnolog	chr19	7	47736232	47741232	0	0.0
clust0048	clustered_cis_ohnolog	chr19	8	47741232	47746232	2	0.1988
clust0048	clustered_cis_ohnolog	chr19	9	47746232	47751232	0	0.0
clust0048	clustered_cis_ohnolog	chr19	10	47751232	47756232	0	0.0
clust0048	clustered_cis_ohnolog	chr19	11	47756232	47761232	0	0.0
clust0048	clustered_cis_ohnolog	chr19	12	47761232	47766232	1	0.1008
clust0048	clustered_cis_ohnolog	chr19	13	47766232	47771232	0	0.0252
clust0048	clustered_cis_ohnolog	chr19	14	47771232	47776232	0	0.0
clust0048	clustered_cis_ohnolog	chr19	15	47776232	47781232	0	0.0
clust0048	clustered_cis_ohnolog	chr19	16	47781232	47786232	0	0.0
clust0048	clustered_cis_ohnolog	chr19	17	47786232	47791232	3	0.2472
clust0048	clustered_cis_ohnolog	chr19	18	47791232	47796232	0	0.0
clust0048	clustered_cis_ohnolog	chr19	19	47796232	47801232	0	0.0
clust0048	clustered_cis_ohnolog	chr19	20	47801232	47806232	0	0.0
clust0048	clustered_cis_ohnolog	chr19	21	47806232	47811232	0	0.0
clust0048	clustered_cis_ohnolog	chr19	22	47811232	47816232	1	0.126
clust0048	clustered_cis_ohnolog	chr19	23	47816232	47821232	0	0.0
clust0048	clustered_cis_ohnolog	chr19	24	47821232	47826232	0	0.0
clust0048	clustered_cis_ohnolog	chr19	25	47826232	47831232	0	0.0
clust0048	clustered_cis_ohnolog	chr19	26	47831232	47836232	0	0.0
clust0048	clustered_cis_ohnolog	chr19	27	47836232	47841232	0	0.0
clust0048	clustered_cis_ohnolog	chr19	28	47841232	47846232	0	0.0
clust0048	clustered_cis_ohnolog	chr19	29	47846232	47851232	2	0.252
clust0048	clustered_cis_ohnolog	chr19	30	47851232	47856232	0	0.0
clust0048	clustered_cis_ohnolog	chr19	31	47856232	47861232	0	0.0
clust0048	clustered_cis_ohnolog	chr19	32	47861232	47866232	2	0.183
clust0048	clustered_cis_ohnolog	chr19	33	47866232	47871232	1	0.126
clust0048	clustered_cis_ohnolog	chr19	34	47871232	47876232	0	0.0
clust0048	clustered_cis_ohnolog	chr19	35	47876232	47881232	0	0.0
clust0048	clustered_cis_ohnolog	chr19	36	47881232	47886232	0	0.0
clust0048	clustered_cis_ohnolog	chr19	37	47886232	47891232	0	0.0
clust0048	clustered_cis_ohnolog	chr19	38	47891232	47896232	0	0.0
clust0048	clustered_cis_ohnolog	chr19	39	47896232	47901232	0	0.0
clust0048	clustered_cis_ohnolog	chr19	40	47901232	47906232	0	0.0
clust0048	clustered_cis_ohnolog	chr19	41	47906232	47911232	1	0.126
clust0048	clustered_cis_ohnolog	chr19	42	47911232	47916232	0	0.0
clust0048	clustered_cis_ohnolog	chr19	43	47916232	47921232	1	0.126
clust0048	clustered_cis_ohnolog	chr19	44	47921232	47926232	0	0.0
clust0048	clustered_cis_ohnolog	chr19	45	47926232	47931232	0	0.0
clust0048	clustered_cis_ohnolog	chr19	46	47931232	47936232	0	0.0
clust0048	clustered_cis_ohnolog	chr19	47	47936232	47941232	0	0.0
clust0048	clustered_cis_ohnolog	chr19	48	47941232	47943330	0	0.0
clust0049	clustered_cis_ohnolog	chr2	0	44841702	44846702	0	0.0
clust0049	clustered_cis_ohnolog	chr2	1	44846702	44851702	0	0.0
clust0049	clustered_cis_ohnolog	chr2	2	44851702	44856702	0	0.0
clust0049	clustered_cis_ohnolog	chr2	3	44856702	44861702	0	0.0
clust0049	clustered_cis_ohnolog	chr2	4	44861702	44866702	0	0.0
clust0049	clustered_cis_ohnolog	chr2	5	44866702	44871702	0	0.0
clust0049	clustered_cis_ohnolog	chr2	6	44871702	44876702	0	0.0
clust0049	clustered_cis_ohnolog	chr2	7	44876702	44881702	0	0.0
clust0049	clustered_cis_ohnolog	chr2	8	44881702	44886702	0	0.0
clust0049	clustered_cis_ohnolog	chr2	9	44886702	44891702	0	0.0
clust0049	clustered_cis_ohnolog	chr2	10	44891702	44896702	0	0.0
clust0049	clustered_cis_ohnolog	chr2	11	44896702	44901702	0	0.0
clust0049	clustered_cis_ohnolog	chr2	12	44901702	44906702	0	0.0
clust0049	clustered_cis_ohnolog	chr2	13	44906702	44911702	0	0.0
clust0049	clustered_cis_ohnolog	chr2	14	44911702	44916702	0	0.0
clust0049	clustered_cis_ohnolog	chr2	15	44916702	44921702	0	0.0
clust0049	clustered_cis_ohnolog	chr2	16	44921702	44926702	0	0.0
clust0049	clustered_cis_ohnolog	chr2	17	44926702	44931702	0	0.0
clust0049	clustered_cis_ohnolog	chr2	18	44931702	44936702	0	0.0
clust0049	clustered_cis_ohnolog	chr2	19	44936702	44941702	0	0.0
clust0049	clustered_cis_ohnolog	chr2	20	44941702	44946702	0	0.0
clust0049	clustered_cis_ohnolog	chr2	21	44946702	44951702	0	0.0
clust0049	clustered_cis_ohnolog	chr2	22	44951702	44956702	1	0.126
clust0049	clustered_cis_ohnolog	chr2	23	44956702	44961702	0	0.0
clust0049	clustered_cis_ohnolog	chr2	24	44961702	44966702	0	0.0
clust0049	clustered_cis_ohnolog	chr2	25	44966702	44971702	0	0.0
clust0049	clustered_cis_ohnolog	chr2	26	44971702	44976702	0	0.0
clust0049	clustered_cis_ohnolog	chr2	27	44976702	44981702	0	0.0234
clust0049	clustered_cis_ohnolog	chr2	28	44981702	44986702	2	0.1678
clust0049	clustered_cis_ohnolog	chr2	29	44986702	44991702	0	0.0
clust0049	clustered_cis_ohnolog	chr2	30	44991702	44996702	0	0.0
clust0049	clustered_cis_ohnolog	chr2	31	44996702	45001702	0	0.0
clust0049	clustered_cis_ohnolog	chr2	32	45001702	45006702	0	0.0
clust0049	clustered_cis_ohnolog	chr2	33	45006702	45011702	0	0.0
clust0049	clustered_cis_ohnolog	chr2	34	45011702	45016702	0	0.0
clust0049	clustered_cis_ohnolog	chr2	35	45016702	45021702	0	0.0
clust0049	clustered_cis_ohnolog	chr2	36	45021702	45026702	0	0.0
clust0049	clustered_cis_ohnolog	chr2	37	45026702	45031702	0	0.0
clust0049	clustered_cis_ohnolog	chr2	38	45031702	45036702	0	0.0
clust0049	clustered_cis_ohnolog	chr2	39	45036702	45041702	0	0.0
clust0049	clustered_cis_ohnolog	chr2	40	45041702	45046702	0	0.0
clust0049	clustered_cis_ohnolog	chr2	41	45046702	45051702	0	0.0
clust0049	clustered_cis_ohnolog	chr2	42	45051702	45056702	0	0.0
clust0049	clustered_cis_ohnolog	chr2	43	45056702	45061702	0	0.0
clust0049	clustered_cis_ohnolog	chr2	44	45061702	45066702	0	0.0
clust0049	clustered_cis_ohnolog	chr2	45	45066702	45071702	0	0.0
clust0049	clustered_cis_ohnolog	chr2	46	45071702	45076702	0	0.0
clust0049	clustered_cis_ohnolog	chr2	47	45076702	45081702	0	0.0
clust0049	clustered_cis_ohnolog	chr2	48	45081702	45086702	0	0.0
clust0049	clustered_cis_ohnolog	chr2	49	45086702	45091702	0	0.0
clust0049	clustered_cis_ohnolog	chr2	50	45091702	45096702	0	0.0
clust0049	clustered_cis_ohnolog	chr2	51	45096702	45101702	0	0.0
clust0049	clustered_cis_ohnolog	chr2	52	45101702	45106702	0	0.0
clust0049	clustered_cis_ohnolog	chr2	53	45106702	45109452	0	0.0
clust0050	clustered_cis_ohnolog	chr2	0	171984740	171989740	0	0.0
clust0050	clustered_cis_ohnolog	chr2	1	171989740	171994740	0	0.0
clust0050	clustered_cis_ohnolog	chr2	2	171994740	171999740	0	0.0
clust0050	clustered_cis_ohnolog	chr2	3	171999740	172004740	0	0.0
clust0050	clustered_cis_ohnolog	chr2	4	172004740	172009740	0	0.0
clust0050	clustered_cis_ohnolog	chr2	5	172009740	172014740	0	0.0
clust0050	clustered_cis_ohnolog	chr2	6	172014740	172019740	0	0.0
clust0050	clustered_cis_ohnolog	chr2	7	172019740	172024740	0	0.0
clust0050	clustered_cis_ohnolog	chr2	8	172024740	172029740	0	0.0
clust0050	clustered_cis_ohnolog	chr2	9	172029740	172034740	0	0.0
clust0050	clustered_cis_ohnolog	chr2	10	172034740	172039740	0	0.0
clust0050	clustered_cis_ohnolog	chr2	11	172039740	172044740	0	0.0
clust0050	clustered_cis_ohnolog	chr2	12	172044740	172049740	0	0.0
clust0050	clustered_cis_ohnolog	chr2	13	172049740	172054740	0	0.0
clust0050	clustered_cis_ohnolog	chr2	14	172054740	172059740	0	0.0
clust0050	clustered_cis_ohnolog	chr2	15	172059740	172064740	0	0.0
clust0050	clustered_cis_ohnolog	chr2	16	172064740	172069740	0	0.0
clust0050	clustered_cis_ohnolog	chr2	17	172069740	172074740	0	0.0
clust0050	clustered_cis_ohnolog	chr2	18	172074740	172079740	0	0.0
clust0050	clustered_cis_ohnolog	chr2	19	172079740	172084740	0	0.0
clust0050	clustered_cis_ohnolog	chr2	20	172084740	172089740	2	0.252
clust0050	clustered_cis_ohnolog	chr2	21	172089740	172094740	0	0.0
clust0050	clustered_cis_ohnolog	chr2	22	172094740	172099740	0	0.0
clust0050	clustered_cis_ohnolog	chr2	23	172099740	172104740	1	0.0346
clust0050	clustered_cis_ohnolog	chr2	24	172104740	172109740	2	0.252
clust0050	clustered_cis_ohnolog	chr2	25	172109740	172114740	1	0.126
clust0050	clustered_cis_ohnolog	chr2	26	172114740	172119740	0	0.0
clust0050	clustered_cis_ohnolog	chr2	27	172119740	172124740	0	0.0
clust0050	clustered_cis_ohnolog	chr2	28	172124740	172129740	2	0.252
clust0050	clustered_cis_ohnolog	chr2	29	172129740	172134740	0	0.0
clust0050	clustered_cis_ohnolog	chr2	30	172134740	172139740	0	0.0
clust0050	clustered_cis_ohnolog	chr2	31	172139740	172144740	0	0.0
clust0050	clustered_cis_ohnolog	chr2	32	172144740	172149740	0	0.0
clust0050	clustered_cis_ohnolog	chr2	33	172149740	172154740	0	0.0
clust0050	clustered_cis_ohnolog	chr2	34	172154740	172159740	0	0.0
clust0050	clustered_cis_ohnolog	chr2	35	172159740	172164740	0	0.0
clust0050	clustered_cis_ohnolog	chr2	36	172164740	172169740	0	0.0
clust0050	clustered_cis_ohnolog	chr2	37	172169740	172174740	1	0.126
clust0050	clustered_cis_ohnolog	chr2	38	172174740	172179740	0	0.0
clust0050	clustered_cis_ohnolog	chr2	39	172179740	172184740	0	0.0
clust0050	clustered_cis_ohnolog	chr2	40	172184740	172189740	0	0.0
clust0050	clustered_cis_ohnolog	chr2	41	172189740	172194740	0	0.0
clust0050	clustered_cis_ohnolog	chr2	42	172194740	172199740	0	0.0
clust0050	clustered_cis_ohnolog	chr2	43	172199740	172202900	0	0.0
clust0068	clustered_cis_ohnolog	chr2	0	190808460	190813460	0	0.0
clust0068	clustered_cis_ohnolog	chr2	1	190813460	190818460	0	0.0
clust0068	clustered_cis_ohnolog	chr2	2	190818460	190823460	0	0.0
clust0068	clustered_cis_ohnolog	chr2	3	190823460	190828460	0	0.0
clust0068	clustered_cis_ohnolog	chr2	4	190828460	190833460	0	0.0
clust0068	clustered_cis_ohnolog	chr2	5	190833460	190838460	0	0.0
clust0068	clustered_cis_ohnolog	chr2	6	190838460	190843460	0	0.0
clust0068	clustered_cis_ohnolog	chr2	7	190843460	190848460	0	0.0
clust0068	clustered_cis_ohnolog	chr2	8	190848460	190853460	2	0.1768
clust0068	clustered_cis_ohnolog	chr2	9	190853460	190858460	0	0.0
clust0068	clustered_cis_ohnolog	chr2	10	190858460	190863460	0	0.0
clust0068	clustered_cis_ohnolog	chr2	11	190863460	190868460	0	0.0
clust0068	clustered_cis_ohnolog	chr2	12	190868460	190873460	0	0.0
clust0068	clustered_cis_ohnolog	chr2	13	190873460	190878460	0	0.0
clust0068	clustered_cis_ohnolog	chr2	14	190878460	190883460	0	0.0
clust0068	clustered_cis_ohnolog	chr2	15	190883460	190888460	0	0.0
clust0068	clustered_cis_ohnolog	chr2	16	190888460	190893460	0	0.0
clust0068	clustered_cis_ohnolog	chr2	17	190893460	190898460	0	0.0
clust0068	clustered_cis_ohnolog	chr2	18	190898460	190903460	0	0.0
clust0068	clustered_cis_ohnolog	chr2	19	190903460	190908460	0	0.0
clust0068	clustered_cis_ohnolog	chr2	20	190908460	190913460	0	0.0
clust0068	clustered_cis_ohnolog	chr2	21	190913460	190918460	0	0.0
clust0068	clustered_cis_ohnolog	chr2	22	190918460	190923460	0	0.0
clust0068	clustered_cis_ohnolog	chr2	23	190923460	190928460	0	0.0
clust0068	clustered_cis_ohnolog	chr2	24	190928460	190933460	0	0.0
clust0068	clustered_cis_ohnolog	chr2	25	190933460	190938460	0	0.0
clust0068	clustered_cis_ohnolog	chr2	26	190938460	190943460	0	0.0
clust0068	clustered_cis_ohnolog	chr2	27	190943460	190948460	0	0.0
clust0068	clustered_cis_ohnolog	chr2	28	190948460	190953460	0	0.0
clust0068	clustered_cis_ohnolog	chr2	29	190953460	190958460	0	0.0
clust0068	clustered_cis_ohnolog	chr2	30	190958460	190963460	0	0.0
clust0068	clustered_cis_ohnolog	chr2	31	190963460	190968460	0	0.0
clust0068	clustered_cis_ohnolog	chr2	32	190968460	190973460	0	0.0
clust0068	clustered_cis_ohnolog	chr2	33	190973460	190978460	0	0.0
clust0068	clustered_cis_ohnolog	chr2	34	190978460	190983460	0	0.0
clust0068	clustered_cis_ohnolog	chr2	35	190983460	190988460	0	0.0
clust0068	clustered_cis_ohnolog	chr2	36	190988460	190993460	0	0.0
clust0068	clustered_cis_ohnolog	chr2	37	190993460	190998460	2	0.252
clust0068	clustered_cis_ohnolog	chr2	38	190998460	191003460	0	0.0
clust0068	clustered_cis_ohnolog	chr2	39	191003460	191008460	0	0.0
clust0068	clustered_cis_ohnolog	chr2	40	191008460	191013460	0	0.0
clust0068	clustered_cis_ohnolog	chr2	41	191013460	191018460	0	0.0
clust0068	clustered_cis_ohnolog	chr2	42	191018460	191023460	0	0.0
clust0068	clustered_cis_ohnolog	chr2	43	191023460	191028460	0	0.0
clust0068	clustered_cis_ohnolog	chr2	44	191028460	191033460	1	0.0582
clust0068	clustered_cis_ohnolog	chr2	45	191033460	191038460	0	0.0
clust0068	clustered_cis_ohnolog	chr2	46	191038460	191043460	0	0.0
clust0068	clustered_cis_ohnolog	chr2	47	191043460	191048460	0	0.0
clust0068	clustered_cis_ohnolog	chr2	48	191048460	191053460	2	0.1714
clust0068	clustered_cis_ohnolog	chr2	49	191053460	191058460	0	0.0
clust0068	clustered_cis_ohnolog	chr2	50	191058460	191063460	0	0.0
clust0068	clustered_cis_ohnolog	chr2	51	191063460	191068460	0	0.0
clust0068	clustered_cis_ohnolog	chr2	52	191068460	191073460	0	0.0
clust0068	clustered_cis_ohnolog	chr2	53	191073460	191078460	0	0.0
clust0068	clustered_cis_ohnolog	chr2	54	191078460	191083460	0	0.0
clust0068	clustered_cis_ohnolog	chr2	55	191083460	191088460	0	0.0
clust0068	clustered_cis_ohnolog	chr2	56	191088460	191093460	0	0.0
clust0068	clustered_cis_ohnolog	chr2	57	191093460	191098460	0	0.0
clust0068	clustered_cis_ohnolog	chr2	58	191098460	191103460	0	0.0
clust0068	clustered_cis_ohnolog	chr2	59	191103460	191108460	0	0.0
clust0068	clustered_cis_ohnolog	chr2	60	191108460	191113460	0	0.0
clust0068	clustered_cis_ohnolog	chr2	61	191113460	191118460	0	0.0
clust0068	clustered_cis_ohnolog	chr2	62	191118460	191123460	0	0.0
clust0068	clustered_cis_ohnolog	chr2	63	191123460	191128460	0	0.0
clust0068	clustered_cis_ohnolog	chr2	64	191128460	191133460	0	0.0
clust0068	clustered_cis_ohnolog	chr2	65	191133460	191138460	0	0.0
clust0068	clustered_cis_ohnolog	chr2	66	191138460	191143460	0	0.0
clust0068	clustered_cis_ohnolog	chr2	67	191143460	191148460	0	0.0
clust0068	clustered_cis_ohnolog	chr2	68	191148460	191153460	0	0.0
clust0068	clustered_cis_ohnolog	chr2	69	191153460	191158460	2	0.1706
clust0068	clustered_cis_ohnolog	chr2	70	191158460	191163460	0	0.0
clust0068	clustered_cis_ohnolog	chr2	71	191163460	191168460	2	0.1682
clust0068	clustered_cis_ohnolog	chr2	72	191168460	191173460	0	0.0
clust0068	clustered_cis_ohnolog	chr2	73	191173460	191178460	0	0.0
clust0068	clustered_cis_ohnolog	chr2	74	191178460	191183460	0	0.0
clust0068	clustered_cis_ohnolog	chr2	75	191183460	191188460	0	0.0
clust0068	clustered_cis_ohnolog	chr2	76	191188460	191193460	0	0.0
clust0068	clustered_cis_ohnolog	chr2	77	191193460	191198460	0	0.0
clust0068	clustered_cis_ohnolog	chr2	78	191198460	191203460	0	0.0
clust0068	clustered_cis_ohnolog	chr2	79	191203460	191208460	0	0.0
clust0068	clustered_cis_ohnolog	chr2	80	191208460	191213460	0	0.0
clust0068	clustered_cis_ohnolog	chr2	81	191213460	191218460	0	0.0
clust0068	clustered_cis_ohnolog	chr2	82	191218460	191223460	0	0.0
clust0068	clustered_cis_ohnolog	chr2	83	191223460	191228460	0	0.0
clust0068	clustered_cis_ohnolog	chr2	84	191228460	191233460	0	0.0
clust0068	clustered_cis_ohnolog	chr2	85	191233460	191238460	0	0.0
clust0068	clustered_cis_ohnolog	chr2	86	191238460	191243460	0	0.0
clust0068	clustered_cis_ohnolog	chr2	87	191243460	191248460	0	0.0
clust0068	clustered_cis_ohnolog	chr2	88	191248460	191251596	0	0.0
clust0051	clustered_cis_ohnolog	chr20	0	21295365	21300365	0	0.0
clust0051	clustered_cis_ohnolog	chr20	1	21300365	21305365	1	0.126
clust0051	clustered_cis_ohnolog	chr20	2	21305365	21310365	0	0.0
clust0051	clustered_cis_ohnolog	chr20	3	21310365	21315365	0	0.0
clust0051	clustered_cis_ohnolog	chr20	4	21315365	21320365	0	0.0
clust0051	clustered_cis_ohnolog	chr20	5	21320365	21325365	0	0.0
clust0051	clustered_cis_ohnolog	chr20	6	21325365	21330365	0	0.0
clust0051	clustered_cis_ohnolog	chr20	7	21330365	21335365	0	0.0
clust0051	clustered_cis_ohnolog	chr20	8	21335365	21340365	0	0.0
clust0051	clustered_cis_ohnolog	chr20	9	21340365	21345365	0	0.0
clust0051	clustered_cis_ohnolog	chr20	10	21345365	21350365	0	0.0
clust0051	clustered_cis_ohnolog	chr20	11	21350365	21355365	0	0.0
clust0051	clustered_cis_ohnolog	chr20	12	21355365	21360365	0	0.0
clust0051	clustered_cis_ohnolog	chr20	13	21360365	21365365	0	0.0
clust0051	clustered_cis_ohnolog	chr20	14	21365365	21370365	0	0.0
clust0051	clustered_cis_ohnolog	chr20	15	21370365	21375365	0	0.0
clust0051	clustered_cis_ohnolog	chr20	16	21375365	21380365	0	0.0
clust0051	clustered_cis_ohnolog	chr20	17	21380365	21385365	0	0.0
clust0051	clustered_cis_ohnolog	chr20	18	21385365	21390365	0	0.0
clust0051	clustered_cis_ohnolog	chr20	19	21390365	21395365	0	0.0
clust0051	clustered_cis_ohnolog	chr20	20	21395365	21400365	0	0.0
clust0051	clustered_cis_ohnolog	chr20	21	21400365	21405365	0	0.0
clust0051	clustered_cis_ohnolog	chr20	22	21405365	21410365	0	0.0
clust0051	clustered_cis_ohnolog	chr20	23	21410365	21415365	0	0.0
clust0051	clustered_cis_ohnolog	chr20	24	21415365	21420365	0	0.0
clust0051	clustered_cis_ohnolog	chr20	25	21420365	21425365	0	0.0
clust0051	clustered_cis_ohnolog	chr20	26	21425365	21430365	0	0.0
clust0051	clustered_cis_ohnolog	chr20	27	21430365	21435365	0	0.0
clust0051	clustered_cis_ohnolog	chr20	28	21435365	21440365	0	0.0
clust0051	clustered_cis_ohnolog	chr20	29	21440365	21445365	0	0.0
clust0051	clustered_cis_ohnolog	chr20	30	21445365	21450365	0	0.0
clust0051	clustered_cis_ohnolog	chr20	31	21450365	21455365	0	0.0
clust0051	clustered_cis_ohnolog	chr20	32	21455365	21460365	0	0.0
clust0051	clustered_cis_ohnolog	chr20	33	21460365	21465365	0	0.0
clust0051	clustered_cis_ohnolog	chr20	34	21465365	21470365	0	0.0
clust0051	clustered_cis_ohnolog	chr20	35	21470365	21475365	0	0.0
clust0051	clustered_cis_ohnolog	chr20	36	21475365	21480365	0	0.0
clust0051	clustered_cis_ohnolog	chr20	37	21480365	21485365	0	0.0
clust0051	clustered_cis_ohnolog	chr20	38	21485365	21490365	0	0.0
clust0051	clustered_cis_ohnolog	chr20	39	21490365	21495365	0	0.0
clust0051	clustered_cis_ohnolog	chr20	40	21495365	21500365	0	0.0
clust0051	clustered_cis_ohnolog	chr20	41	21500365	21505365	0	0.0328
clust0051	clustered_cis_ohnolog	chr20	42	21505365	21510365	3	0.294
clust0051	clustered_cis_ohnolog	chr20	43	21510365	21515365	0	0.0
clust0051	clustered_cis_ohnolog	chr20	44	21515365	21520365	0	0.0
clust0051	clustered_cis_ohnolog	chr20	45	21520365	21525365	0	0.0
clust0051	clustered_cis_ohnolog	chr20	46	21525365	21530365	2	0.1334
clust0051	clustered_cis_ohnolog	chr20	47	21530365	21535365	0	0.031
clust0051	clustered_cis_ohnolog	chr20	48	21535365	21540365	0	0.0
clust0051	clustered_cis_ohnolog	chr20	49	21540365	21545365	0	0.0
clust0051	clustered_cis_ohnolog	chr20	50	21545365	21550365	0	0.0
clust0051	clustered_cis_ohnolog	chr20	51	21550365	21555365	0	0.0
clust0051	clustered_cis_ohnolog	chr20	52	21555365	21560365	0	0.0
clust0051	clustered_cis_ohnolog	chr20	53	21560365	21565365	0	0.0
clust0051	clustered_cis_ohnolog	chr20	54	21565365	21570365	0	0.0
clust0051	clustered_cis_ohnolog	chr20	55	21570365	21575365	2	0.1782
clust0051	clustered_cis_ohnolog	chr20	56	21575365	21580365	0	0.0
clust0051	clustered_cis_ohnolog	chr20	57	21580365	21585365	0	0.0
clust0051	clustered_cis_ohnolog	chr20	58	21585365	21590365	0	0.0
clust0051	clustered_cis_ohnolog	chr20	59	21590365	21595365	0	0.0
clust0051	clustered_cis_ohnolog	chr20	60	21595365	21600365	0	0.0
clust0051	clustered_cis_ohnolog	chr20	61	21600365	21605365	0	0.0
clust0051	clustered_cis_ohnolog	chr20	62	21605365	21610365	0	0.0
clust0051	clustered_cis_ohnolog	chr20	63	21610365	21614064	0	0.0
clust0021	clustered_cis_ohnolog	chr20	0	51682331	51687331	0	0.0
clust0021	clustered_cis_ohnolog	chr20	1	51687331	51692331	0	0.0
clust0021	clustered_cis_ohnolog	chr20	2	51692331	51697331	0	0.0
clust0021	clustered_cis_ohnolog	chr20	3	51697331	51702331	2	0.252
clust0021	clustered_cis_ohnolog	chr20	4	51702331	51707331	0	0.0
clust0021	clustered_cis_ohnolog	chr20	5	51707331	51712331	0	0.0
clust0021	clustered_cis_ohnolog	chr20	6	51712331	51717331	0	0.0
clust0021	clustered_cis_ohnolog	chr20	7	51717331	51722331	0	0.0
clust0021	clustered_cis_ohnolog	chr20	8	51722331	51727331	0	0.0
clust0021	clustered_cis_ohnolog	chr20	9	51727331	51732331	0	0.0
clust0021	clustered_cis_ohnolog	chr20	10	51732331	51737331	0	0.0
clust0021	clustered_cis_ohnolog	chr20	11	51737331	51742331	0	0.0
clust0021	clustered_cis_ohnolog	chr20	12	51742331	51747331	0	0.0
clust0021	clustered_cis_ohnolog	chr20	13	51747331	51752331	0	0.0
clust0021	clustered_cis_ohnolog	chr20	14	51752331	51757331	0	0.0
clust0021	clustered_cis_ohnolog	chr20	15	51757331	51762331	0	0.0
clust0021	clustered_cis_ohnolog	chr20	16	51762331	51767331	0	0.0
clust0021	clustered_cis_ohnolog	chr20	17	51767331	51772331	0	0.0
clust0021	clustered_cis_ohnolog	chr20	18	51772331	51777331	0	0.0
clust0021	clustered_cis_ohnolog	chr20	19	51777331	51782331	0	0.0
clust0021	clustered_cis_ohnolog	chr20	20	51782331	51787331	0	0.0
clust0021	clustered_cis_ohnolog	chr20	21	51787331	51792331	0	0.0
clust0021	clustered_cis_ohnolog	chr20	22	51792331	51797331	0	0.0
clust0021	clustered_cis_ohnolog	chr20	23	51797331	51802331	1	0.126
clust0021	clustered_cis_ohnolog	chr20	24	51802331	51807331	0	0.0
clust0021	clustered_cis_ohnolog	chr20	25	51807331	51812331	0	0.0
clust0021	clustered_cis_ohnolog	chr20	26	51812331	51817331	0	0.0
clust0021	clustered_cis_ohnolog	chr20	27	51817331	51822331	0	0.0
clust0021	clustered_cis_ohnolog	chr20	28	51822331	51827331	0	0.0
clust0021	clustered_cis_ohnolog	chr20	29	51827331	51832331	0	0.0
clust0021	clustered_cis_ohnolog	chr20	30	51832331	51837331	0	0.0
clust0021	clustered_cis_ohnolog	chr20	31	51837331	51842331	0	0.0
clust0021	clustered_cis_ohnolog	chr20	32	51842331	51847331	0	0.0
clust0021	clustered_cis_ohnolog	chr20	33	51847331	51852331	0	0.0
clust0021	clustered_cis_ohnolog	chr20	34	51852331	51857331	0	0.0
clust0021	clustered_cis_ohnolog	chr20	35	51857331	51862331	0	0.0
clust0021	clustered_cis_ohnolog	chr20	36	51862331	51867331	0	0.0
clust0021	clustered_cis_ohnolog	chr20	37	51867331	51872331	0	0.0
clust0021	clustered_cis_ohnolog	chr20	38	51872331	51877331	0	0.0
clust0021	clustered_cis_ohnolog	chr20	39	51877331	51882331	0	0.0
clust0021	clustered_cis_ohnolog	chr20	40	51882331	51887331	0	0.0
clust0021	clustered_cis_ohnolog	chr20	41	51887331	51892331	0	0.0
clust0021	clustered_cis_ohnolog	chr20	42	51892331	51897331	0	0.0
clust0021	clustered_cis_ohnolog	chr20	43	51897331	51902331	0	0.0
clust0021	clustered_cis_ohnolog	chr20	44	51902331	51907331	0	0.0
clust0021	clustered_cis_ohnolog	chr20	45	51907331	51912331	0	0.0
clust0021	clustered_cis_ohnolog	chr20	46	51912331	51917331	0	0.0
clust0021	clustered_cis_ohnolog	chr20	47	51917331	51922331	0	0.0
clust0021	clustered_cis_ohnolog	chr20	48	51922331	51927331	0	0.0
clust0021	clustered_cis_ohnolog	chr20	49	51927331	51932331	0	0.0
clust0021	clustered_cis_ohnolog	chr20	50	51932331	51937331	0	0.0
clust0021	clustered_cis_ohnolog	chr20	51	51937331	51942331	0	0.0
clust0021	clustered_cis_ohnolog	chr20	52	51942331	51947331	0	0.0
clust0021	clustered_cis_ohnolog	chr20	53	51947331	51952331	0	0.0
clust0021	clustered_cis_ohnolog	chr20	54	51952331	51957331	0	0.0
clust0021	clustered_cis_ohnolog	chr20	55	51957331	51962331	0	0.0
clust0021	clustered_cis_ohnolog	chr20	56	51962331	51967331	0	0.0
clust0021	clustered_cis_ohnolog	chr20	57	51967331	51972331	0	0.0
clust0021	clustered_cis_ohnolog	chr20	58	51972331	51977331	0	0.0
clust0021	clustered_cis_ohnolog	chr20	59	51977331	51982331	0	0.0
clust0021	clustered_cis_ohnolog	chr20	60	51982331	51987331	0	0.0
clust0021	clustered_cis_ohnolog	chr20	61	51987331	51992331	0	0.0
clust0021	clustered_cis_ohnolog	chr20	62	51992331	51997331	0	0.0
clust0021	clustered_cis_ohnolog	chr20	63	51997331	52002331	0	0.0
clust0021	clustered_cis_ohnolog	chr20	64	52002331	52007331	0	0.0
clust0021	clustered_cis_ohnolog	chr20	65	52007331	52012331	0	0.0
clust0021	clustered_cis_ohnolog	chr20	66	52012331	52017331	0	0.0
clust0021	clustered_cis_ohnolog	chr20	67	52017331	52022331	0	0.0
clust0021	clustered_cis_ohnolog	chr20	68	52022331	52027331	0	0.0
clust0021	clustered_cis_ohnolog	chr20	69	52027331	52032331	0	0.0
clust0021	clustered_cis_ohnolog	chr20	70	52032331	52037331	0	0.0
clust0021	clustered_cis_ohnolog	chr20	71	52037331	52042331	0	0.0
clust0021	clustered_cis_ohnolog	chr20	72	52042331	52047331	0	0.0
clust0021	clustered_cis_ohnolog	chr20	73	52047331	52052331	0	0.0
clust0021	clustered_cis_ohnolog	chr20	74	52052331	52057331	0	0.0
clust0021	clustered_cis_ohnolog	chr20	75	52057331	52062331	0	0.0
clust0021	clustered_cis_ohnolog	chr20	76	52062331	52067331	0	0.0
clust0021	clustered_cis_ohnolog	chr20	77	52067331	52072331	0	0.0
clust0021	clustered_cis_ohnolog	chr20	78	52072331	52077331	0	0.0
clust0021	clustered_cis_ohnolog	chr20	79	52077331	52082331	0	0.0
clust0021	clustered_cis_ohnolog	chr20	80	52082331	52087331	1	0.126
clust0021	clustered_cis_ohnolog	chr20	81	52087331	52092331	0	0.0
clust0021	clustered_cis_ohnolog	chr20	82	52092331	52097331	0	0.0
clust0021	clustered_cis_ohnolog	chr20	83	52097331	52102331	0	0.0
clust0021	clustered_cis_ohnolog	chr20	84	52102331	52107331	0	0.0
clust0021	clustered_cis_ohnolog	chr20	85	52107331	52112331	0	0.0
clust0021	clustered_cis_ohnolog	chr20	86	52112331	52117331	0	0.0
clust0021	clustered_cis_ohnolog	chr20	87	52117331	52122331	0	0.0
clust0021	clustered_cis_ohnolog	chr20	88	52122331	52127331	0	0.0
clust0021	clustered_cis_ohnolog	chr20	89	52127331	52132331	2	0.1842
clust0021	clustered_cis_ohnolog	chr20	90	52132331	52137331	0	0.0
clust0021	clustered_cis_ohnolog	chr20	91	52137331	52142331	0	0.0
clust0021	clustered_cis_ohnolog	chr20	92	52142331	52147331	0	0.0
clust0021	clustered_cis_ohnolog	chr20	93	52147331	52152331	2	0.1458
clust0021	clustered_cis_ohnolog	chr20	94	52152331	52157331	0	0.0
clust0021	clustered_cis_ohnolog	chr20	95	52157331	52162331	0	0.0
clust0021	clustered_cis_ohnolog	chr20	96	52162331	52167331	0	0.0
clust0021	clustered_cis_ohnolog	chr20	97	52167331	52172331	0	0.0
clust0021	clustered_cis_ohnolog	chr20	98	52172331	52177331	0	0.0
clust0021	clustered_cis_ohnolog	chr20	99	52177331	52182331	0	0.0
clust0021	clustered_cis_ohnolog	chr20	100	52182331	52187331	0	0.0
clust0021	clustered_cis_ohnolog	chr20	101	52187331	52192331	2	0.249
clust0021	clustered_cis_ohnolog	chr20	102	52192331	52197331	0	0.003
clust0021	clustered_cis_ohnolog	chr20	103	52197331	52202331	0	0.0
clust0021	clustered_cis_ohnolog	chr20	104	52202331	52207331	0	0.0
clust0021	clustered_cis_ohnolog	chr20	105	52207331	52212331	0	0.0
clust0021	clustered_cis_ohnolog	chr20	106	52212331	52217331	0	0.0
clust0021	clustered_cis_ohnolog	chr20	107	52217331	52222331	0	0.0
clust0021	clustered_cis_ohnolog	chr20	108	52222331	52227331	0	0.0
clust0021	clustered_cis_ohnolog	chr20	109	52227331	52232331	0	0.0
clust0021	clustered_cis_ohnolog	chr20	110	52232331	52237331	0	0.0
clust0021	clustered_cis_ohnolog	chr20	111	52237331	52242331	0	0.0
clust0021	clustered_cis_ohnolog	chr20	112	52242331	52247331	2	0.252
clust0021	clustered_cis_ohnolog	chr20	113	52247331	52252331	0	0.0
clust0021	clustered_cis_ohnolog	chr20	114	52252331	52257331	0	0.0
clust0021	clustered_cis_ohnolog	chr20	115	52257331	52262331	0	0.0
clust0021	clustered_cis_ohnolog	chr20	116	52262331	52267331	0	0.0
clust0021	clustered_cis_ohnolog	chr20	117	52267331	52272331	0	0.0
clust0021	clustered_cis_ohnolog	chr20	118	52272331	52277331	0	0.0
clust0021	clustered_cis_ohnolog	chr20	119	52277331	52282331	0	0.0
clust0021	clustered_cis_ohnolog	chr20	120	52282331	52287331	0	0.0
clust0021	clustered_cis_ohnolog	chr20	121	52287331	52292331	0	0.0
clust0021	clustered_cis_ohnolog	chr20	122	52292331	52297331	0	0.0
clust0021	clustered_cis_ohnolog	chr20	123	52297331	52302331	0	0.0
clust0021	clustered_cis_ohnolog	chr20	124	52302331	52307331	0	0.0
clust0021	clustered_cis_ohnolog	chr20	125	52307331	52312331	1	0.023
clust0021	clustered_cis_ohnolog	chr20	126	52312331	52317331	0	0.0212
clust0021	clustered_cis_ohnolog	chr20	127	52317331	52322331	0	0.0
clust0021	clustered_cis_ohnolog	chr20	128	52322331	52327331	0	0.0
clust0021	clustered_cis_ohnolog	chr20	129	52327331	52332331	0	0.0
clust0021	clustered_cis_ohnolog	chr20	130	52332331	52337331	0	0.0
clust0021	clustered_cis_ohnolog	chr20	131	52337331	52342331	0	0.0
clust0021	clustered_cis_ohnolog	chr20	132	52342331	52347331	0	0.0
clust0021	clustered_cis_ohnolog	chr20	133	52347331	52352331	0	0.0
clust0021	clustered_cis_ohnolog	chr20	134	52352331	52357331	0	0.0
clust0021	clustered_cis_ohnolog	chr20	135	52357331	52362331	0	0.0
clust0021	clustered_cis_ohnolog	chr20	136	52362331	52367331	0	0.0
clust0021	clustered_cis_ohnolog	chr20	137	52367331	52372331	0	0.0
clust0021	clustered_cis_ohnolog	chr20	138	52372331	52377331	0	0.0
clust0021	clustered_cis_ohnolog	chr20	139	52377331	52382331	2	0.1954
clust0021	clustered_cis_ohnolog	chr20	140	52382331	52387331	0	0.0
clust0021	clustered_cis_ohnolog	chr20	141	52387331	52392331	0	0.0
clust0021	clustered_cis_ohnolog	chr20	142	52392331	52397331	0	0.0
clust0021	clustered_cis_ohnolog	chr20	143	52397331	52402331	0	0.0
clust0021	clustered_cis_ohnolog	chr20	144	52402331	52407331	0	0.0
clust0021	clustered_cis_ohnolog	chr20	145	52407331	52412331	0	0.0
clust0021	clustered_cis_ohnolog	chr20	146	52412331	52417331	0	0.0
clust0021	clustered_cis_ohnolog	chr20	147	52417331	52422331	0	0.0
clust0021	clustered_cis_ohnolog	chr20	148	52422331	52427331	0	0.0
clust0021	clustered_cis_ohnolog	chr20	149	52427331	52432331	0	0.0
clust0021	clustered_cis_ohnolog	chr20	150	52432331	52437331	0	0.0
clust0021	clustered_cis_ohnolog	chr20	151	52437331	52442331	0	0.0
clust0021	clustered_cis_ohnolog	chr20	152	52442331	52447331	0	0.0
clust0021	clustered_cis_ohnolog	chr20	153	52447331	52452331	0	0.0
clust0021	clustered_cis_ohnolog	chr20	154	52452331	52457331	0	0.0
clust0021	clustered_cis_ohnolog	chr20	155	52457331	52462331	0	0.0
clust0021	clustered_cis_ohnolog	chr20	156	52462331	52467331	0	0.0
clust0021	clustered_cis_ohnolog	chr20	157	52467331	52472331	0	0.0
clust0021	clustered_cis_ohnolog	chr20	158	52472331	52477331	0	0.0
clust0021	clustered_cis_ohnolog	chr20	159	52477331	52482331	0	0.0
clust0021	clustered_cis_ohnolog	chr20	160	52482331	52487331	0	0.0
clust0021	clustered_cis_ohnolog	chr20	161	52487331	52492331	0	0.0
clust0021	clustered_cis_ohnolog	chr20	162	52492331	52497331	0	0.0
clust0021	clustered_cis_ohnolog	chr20	163	52497331	52502331	0	0.0
clust0021	clustered_cis_ohnolog	chr20	164	52502331	52507331	0	0.0
clust0021	clustered_cis_ohnolog	chr20	165	52507331	52512331	0	0.0
clust0021	clustered_cis_ohnolog	chr20	166	52512331	52517331	0	0.0
clust0021	clustered_cis_ohnolog	chr20	167	52517331	52522331	0	0.0
clust0021	clustered_cis_ohnolog	chr20	168	52522331	52527331	0	0.0
clust0021	clustered_cis_ohnolog	chr20	169	52527331	52532331	0	0.0
clust0021	clustered_cis_ohnolog	chr20	170	52532331	52537331	0	0.0
clust0021	clustered_cis_ohnolog	chr20	171	52537331	52542331	0	0.0
clust0021	clustered_cis_ohnolog	chr20	172	52542331	52547331	0	0.0
clust0021	clustered_cis_ohnolog	chr20	173	52547331	52552331	0	0.0
clust0021	clustered_cis_ohnolog	chr20	174	52552331	52557331	0	0.0
clust0021	clustered_cis_ohnolog	chr20	175	52557331	52562331	0	0.0
clust0021	clustered_cis_ohnolog	chr20	176	52562331	52567331	0	0.0
clust0021	clustered_cis_ohnolog	chr20	177	52567331	52572331	0	0.0
clust0021	clustered_cis_ohnolog	chr20	178	52572331	52577331	0	0.0
clust0021	clustered_cis_ohnolog	chr20	179	52577331	52582331	0	0.0
clust0021	clustered_cis_ohnolog	chr20	180	52582331	52587331	0	0.0
clust0021	clustered_cis_ohnolog	chr20	181	52587331	52592331	0	0.0
clust0021	clustered_cis_ohnolog	chr20	182	52592331	52597331	0	0.0
clust0021	clustered_cis_ohnolog	chr20	183	52597331	52602331	0	0.0
clust0021	clustered_cis_ohnolog	chr20	184	52602331	52607331	0	0.0
clust0021	clustered_cis_ohnolog	chr20	185	52607331	52612331	0	0.0
clust0021	clustered_cis_ohnolog	chr20	186	52612331	52617331	0	0.0
clust0021	clustered_cis_ohnolog	chr20	187	52617331	52622331	0	0.0
clust0021	clustered_cis_ohnolog	chr20	188	52622331	52627331	0	0.0
clust0021	clustered_cis_ohnolog	chr20	189	52627331	52632331	0	0.0
clust0021	clustered_cis_ohnolog	chr20	190	52632331	52637331	0	0.0
clust0021	clustered_cis_ohnolog	chr20	191	52637331	52642331	0	0.0
clust0021	clustered_cis_ohnolog	chr20	192	52642331	52647331	0	0.0
clust0021	clustered_cis_ohnolog	chr20	193	52647331	52652331	0	0.0
clust0021	clustered_cis_ohnolog	chr20	194	52652331	52657331	0	0.0
clust0021	clustered_cis_ohnolog	chr20	195	52657331	52662331	0	0.0
clust0021	clustered_cis_ohnolog	chr20	196	52662331	52667331	0	0.0
clust0021	clustered_cis_ohnolog	chr20	197	52667331	52672331	0	0.0
clust0021	clustered_cis_ohnolog	chr20	198	52672331	52677331	0	0.0
clust0021	clustered_cis_ohnolog	chr20	199	52677331	52682331	0	0.0
clust0021	clustered_cis_ohnolog	chr20	200	52682331	52687331	0	0.0
clust0021	clustered_cis_ohnolog	chr20	201	52687331	52692331	0	0.0
clust0021	clustered_cis_ohnolog	chr20	202	52692331	52697331	0	0.0
clust0021	clustered_cis_ohnolog	chr20	203	52697331	52702331	0	0.0
clust0021	clustered_cis_ohnolog	chr20	204	52702331	52707331	0	0.0
clust0021	clustered_cis_ohnolog	chr20	205	52707331	52712331	0	0.0
clust0021	clustered_cis_ohnolog	chr20	206	52712331	52717331	0	0.0
clust0021	clustered_cis_ohnolog	chr20	207	52717331	52722331	0	0.0
clust0021	clustered_cis_ohnolog	chr20	208	52722331	52727331	0	0.0
clust0021	clustered_cis_ohnolog	chr20	209	52727331	52732331	0	0.0
clust0021	clustered_cis_ohnolog	chr20	210	52732331	52737331	0	0.0
clust0021	clustered_cis_ohnolog	chr20	211	52737331	52742331	0	0.0
clust0021	clustered_cis_ohnolog	chr20	212	52742331	52747331	0	0.0
clust0021	clustered_cis_ohnolog	chr20	213	52747331	52752331	0	0.0
clust0021	clustered_cis_ohnolog	chr20	214	52752331	52757331	0	0.0
clust0021	clustered_cis_ohnolog	chr20	215	52757331	52762331	0	0.0
clust0021	clustered_cis_ohnolog	chr20	216	52762331	52767331	0	0.0
clust0021	clustered_cis_ohnolog	chr20	217	52767331	52772331	0	0.0
clust0021	clustered_cis_ohnolog	chr20	218	52772331	52777331	0	0.0
clust0021	clustered_cis_ohnolog	chr20	219	52777331	52782331	0	0.0
clust0021	clustered_cis_ohnolog	chr20	220	52782331	52787331	0	0.0
clust0021	clustered_cis_ohnolog	chr20	221	52787331	52792331	0	0.0
clust0021	clustered_cis_ohnolog	chr20	222	52792331	52797331	0	0.0
clust0021	clustered_cis_ohnolog	chr20	223	52797331	52802331	0	0.0
clust0021	clustered_cis_ohnolog	chr20	224	52802331	52807331	0	0.0
clust0021	clustered_cis_ohnolog	chr20	225	52807331	52812331	0	0.0
clust0021	clustered_cis_ohnolog	chr20	226	52812331	52817331	0	0.0
clust0021	clustered_cis_ohnolog	chr20	227	52817331	52822331	0	0.0
clust0021	clustered_cis_ohnolog	chr20	228	52822331	52827331	0	0.0
clust0021	clustered_cis_ohnolog	chr20	229	52827331	52832331	0	0.0
clust0021	clustered_cis_ohnolog	chr20	230	52832331	52837331	0	0.0
clust0021	clustered_cis_ohnolog	chr20	231	52837331	52842331	0	0.0
clust0021	clustered_cis_ohnolog	chr20	232	52842331	52847331	0	0.0
clust0021	clustered_cis_ohnolog	chr20	233	52847331	52852331	0	0.0
clust0021	clustered_cis_ohnolog	chr20	234	52852331	52857331	0	0.0
clust0021	clustered_cis_ohnolog	chr20	235	52857331	52862331	0	0.0
clust0021	clustered_cis_ohnolog	chr20	236	52862331	52867331	0	0.0
clust0021	clustered_cis_ohnolog	chr20	237	52867331	52872331	0	0.0
clust0021	clustered_cis_ohnolog	chr20	238	52872331	52877331	0	0.0
clust0021	clustered_cis_ohnolog	chr20	239	52877331	52882331	0	0.0
clust0021	clustered_cis_ohnolog	chr20	240	52882331	52887331	0	0.0
clust0021	clustered_cis_ohnolog	chr20	241	52887331	52892331	0	0.0
clust0021	clustered_cis_ohnolog	chr20	242	52892331	52897331	0	0.0
clust0021	clustered_cis_ohnolog	chr20	243	52897331	52902331	0	0.0
clust0021	clustered_cis_ohnolog	chr20	244	52902331	52907331	0	0.0
clust0021	clustered_cis_ohnolog	chr20	245	52907331	52912331	0	0.0
clust0021	clustered_cis_ohnolog	chr20	246	52912331	52917331	0	0.0
clust0021	clustered_cis_ohnolog	chr20	247	52917331	52922331	0	0.0
clust0021	clustered_cis_ohnolog	chr20	248	52922331	52927331	0	0.0
clust0021	clustered_cis_ohnolog	chr20	249	52927331	52932331	0	0.0
clust0021	clustered_cis_ohnolog	chr20	250	52932331	52937331	0	0.0
clust0021	clustered_cis_ohnolog	chr20	251	52937331	52942331	0	0.0
clust0021	clustered_cis_ohnolog	chr20	252	52942331	52947331	0	0.0
clust0021	clustered_cis_ohnolog	chr20	253	52947331	52952331	0	0.0
clust0021	clustered_cis_ohnolog	chr20	254	52952331	52957331	0	0.0
clust0021	clustered_cis_ohnolog	chr20	255	52957331	52962331	0	0.0
clust0021	clustered_cis_ohnolog	chr20	256	52962331	52967331	0	0.0
clust0021	clustered_cis_ohnolog	chr20	257	52967331	52972331	0	0.0
clust0021	clustered_cis_ohnolog	chr20	258	52972331	52977331	0	0.0
clust0021	clustered_cis_ohnolog	chr20	259	52977331	52982331	0	0.0
clust0021	clustered_cis_ohnolog	chr20	260	52982331	52987331	0	0.0
clust0021	clustered_cis_ohnolog	chr20	261	52987331	52992331	0	0.0
clust0021	clustered_cis_ohnolog	chr20	262	52992331	52997331	0	0.0
clust0021	clustered_cis_ohnolog	chr20	263	52997331	53002331	0	0.0
clust0021	clustered_cis_ohnolog	chr20	264	53002331	53007331	0	0.0
clust0021	clustered_cis_ohnolog	chr20	265	53007331	53012331	0	0.0
clust0021	clustered_cis_ohnolog	chr20	266	53012331	53017331	0	0.0
clust0021	clustered_cis_ohnolog	chr20	267	53017331	53022331	0	0.0
clust0021	clustered_cis_ohnolog	chr20	268	53022331	53027331	0	0.0
clust0021	clustered_cis_ohnolog	chr20	269	53027331	53032331	1	0.126
clust0021	clustered_cis_ohnolog	chr20	270	53032331	53037331	0	0.0
clust0021	clustered_cis_ohnolog	chr20	271	53037331	53042331	0	0.0
clust0021	clustered_cis_ohnolog	chr20	272	53042331	53047331	0	0.0
clust0021	clustered_cis_ohnolog	chr20	273	53047331	53052331	0	0.0
clust0021	clustered_cis_ohnolog	chr20	274	53052331	53057331	0	0.0
clust0021	clustered_cis_ohnolog	chr20	275	53057331	53062331	0	0.0
clust0021	clustered_cis_ohnolog	chr20	276	53062331	53067331	0	0.0
clust0021	clustered_cis_ohnolog	chr20	277	53067331	53072331	0	0.0
clust0021	clustered_cis_ohnolog	chr20	278	53072331	53077331	0	0.0
clust0021	clustered_cis_ohnolog	chr20	279	53077331	53082331	0	0.0
clust0021	clustered_cis_ohnolog	chr20	280	53082331	53087331	0	0.0
clust0021	clustered_cis_ohnolog	chr20	281	53087331	53092331	0	0.0
clust0021	clustered_cis_ohnolog	chr20	282	53092331	53097331	0	0.0
clust0021	clustered_cis_ohnolog	chr20	283	53097331	53102331	0	0.0
clust0021	clustered_cis_ohnolog	chr20	284	53102331	53107331	0	0.0
clust0021	clustered_cis_ohnolog	chr20	285	53107331	53112331	0	0.0
clust0021	clustered_cis_ohnolog	chr20	286	53112331	53117331	1	0.126
clust0021	clustered_cis_ohnolog	chr20	287	53117331	53122331	0	0.0
clust0021	clustered_cis_ohnolog	chr20	288	53122331	53127331	0	0.0
clust0021	clustered_cis_ohnolog	chr20	289	53127331	53132331	0	0.0
clust0021	clustered_cis_ohnolog	chr20	290	53132331	53137331	0	0.0
clust0021	clustered_cis_ohnolog	chr20	291	53137331	53142331	0	0.0
clust0021	clustered_cis_ohnolog	chr20	292	53142331	53147331	0	0.0
clust0021	clustered_cis_ohnolog	chr20	293	53147331	53152331	0	0.0
clust0021	clustered_cis_ohnolog	chr20	294	53152331	53157331	0	0.0
clust0021	clustered_cis_ohnolog	chr20	295	53157331	53162331	2	0.252
clust0021	clustered_cis_ohnolog	chr20	296	53162331	53167331	0	0.0
clust0021	clustered_cis_ohnolog	chr20	297	53167331	53172331	0	0.0
clust0021	clustered_cis_ohnolog	chr20	298	53172331	53177331	0	0.0
clust0021	clustered_cis_ohnolog	chr20	299	53177331	53182331	0	0.0
clust0021	clustered_cis_ohnolog	chr20	300	53182331	53187331	0	0.0
clust0021	clustered_cis_ohnolog	chr20	301	53187331	53192331	0	0.0
clust0021	clustered_cis_ohnolog	chr20	302	53192331	53197331	0	0.0
clust0021	clustered_cis_ohnolog	chr20	303	53197331	53202331	0	0.0
clust0021	clustered_cis_ohnolog	chr20	304	53202331	53207331	0	0.0
clust0021	clustered_cis_ohnolog	chr20	305	53207331	53212331	0	0.0
clust0021	clustered_cis_ohnolog	chr20	306	53212331	53217331	1	0.0984
clust0021	clustered_cis_ohnolog	chr20	307	53217331	53222331	1	0.0616
clust0021	clustered_cis_ohnolog	chr20	308	53222331	53227331	0	0.0
clust0021	clustered_cis_ohnolog	chr20	309	53227331	53232331	0	0.0
clust0021	clustered_cis_ohnolog	chr20	310	53232331	53237331	0	0.0
clust0021	clustered_cis_ohnolog	chr20	311	53237331	53242331	0	0.0
clust0021	clustered_cis_ohnolog	chr20	312	53242331	53247331	0	0.0
clust0021	clustered_cis_ohnolog	chr20	313	53247331	53252331	0	0.0
clust0021	clustered_cis_ohnolog	chr20	314	53252331	53257331	0	0.0
clust0021	clustered_cis_ohnolog	chr20	315	53257331	53262331	0	0.0
clust0021	clustered_cis_ohnolog	chr20	316	53262331	53267331	0	0.0
clust0021	clustered_cis_ohnolog	chr20	317	53267331	53272331	0	0.0
clust0021	clustered_cis_ohnolog	chr20	318	53272331	53277331	0	0.0
clust0021	clustered_cis_ohnolog	chr20	319	53277331	53282331	0	0.0
clust0021	clustered_cis_ohnolog	chr20	320	53282331	53287331	0	0.0
clust0021	clustered_cis_ohnolog	chr20	321	53287331	53292331	0	0.0
clust0021	clustered_cis_ohnolog	chr20	322	53292331	53297331	0	0.0
clust0021	clustered_cis_ohnolog	chr20	323	53297331	53302331	0	0.0
clust0021	clustered_cis_ohnolog	chr20	324	53302331	53307331	0	0.0
clust0021	clustered_cis_ohnolog	chr20	325	53307331	53312331	0	0.0
clust0021	clustered_cis_ohnolog	chr20	326	53312331	53317331	0	0.0
clust0021	clustered_cis_ohnolog	chr20	327	53317331	53322331	0	0.0
clust0021	clustered_cis_ohnolog	chr20	328	53322331	53327331	0	0.0
clust0021	clustered_cis_ohnolog	chr20	329	53327331	53332331	0	0.0
clust0021	clustered_cis_ohnolog	chr20	330	53332331	53337331	0	0.0
clust0021	clustered_cis_ohnolog	chr20	331	53337331	53342331	0	0.0
clust0021	clustered_cis_ohnolog	chr20	332	53342331	53347331	0	0.0
clust0021	clustered_cis_ohnolog	chr20	333	53347331	53352331	0	0.0
clust0021	clustered_cis_ohnolog	chr20	334	53352331	53357331	0	0.0
clust0021	clustered_cis_ohnolog	chr20	335	53357331	53362331	0	0.0
clust0021	clustered_cis_ohnolog	chr20	336	53362331	53367331	0	0.0
clust0021	clustered_cis_ohnolog	chr20	337	53367331	53372331	0	0.0
clust0021	clustered_cis_ohnolog	chr20	338	53372331	53377331	0	0.0
clust0021	clustered_cis_ohnolog	chr20	339	53377331	53382331	0	0.0
clust0021	clustered_cis_ohnolog	chr20	340	53382331	53387331	0	0.0
clust0021	clustered_cis_ohnolog	chr20	341	53387331	53392331	0	0.0
clust0021	clustered_cis_ohnolog	chr20	342	53392331	53397331	0	0.0
clust0021	clustered_cis_ohnolog	chr20	343	53397331	53402331	0	0.0
clust0021	clustered_cis_ohnolog	chr20	344	53402331	53407331	0	0.0
clust0021	clustered_cis_ohnolog	chr20	345	53407331	53412331	0	0.0
clust0021	clustered_cis_ohnolog	chr20	346	53412331	53417331	2	0.252
clust0021	clustered_cis_ohnolog	chr20	347	53417331	53422331	0	0.0
clust0021	clustered_cis_ohnolog	chr20	348	53422331	53427331	0	0.0
clust0021	clustered_cis_ohnolog	chr20	349	53427331	53432331	0	0.0
clust0021	clustered_cis_ohnolog	chr20	350	53432331	53437331	0	0.0
clust0021	clustered_cis_ohnolog	chr20	351	53437331	53442331	0	0.0
clust0021	clustered_cis_ohnolog	chr20	352	53442331	53447331	0	0.0
clust0021	clustered_cis_ohnolog	chr20	353	53447331	53452331	0	0.0
clust0021	clustered_cis_ohnolog	chr20	354	53452331	53457331	0	0.0
clust0021	clustered_cis_ohnolog	chr20	355	53457331	53462331	0	0.0
clust0021	clustered_cis_ohnolog	chr20	356	53462331	53467331	0	0.0
clust0021	clustered_cis_ohnolog	chr20	357	53467331	53472331	0	0.0
clust0021	clustered_cis_ohnolog	chr20	358	53472331	53477331	0	0.0
clust0021	clustered_cis_ohnolog	chr20	359	53477331	53482331	0	0.0
clust0021	clustered_cis_ohnolog	chr20	360	53482331	53487331	0	0.0
clust0021	clustered_cis_ohnolog	chr20	361	53487331	53492331	0	0.0
clust0021	clustered_cis_ohnolog	chr20	362	53492331	53497331	0	0.0
clust0021	clustered_cis_ohnolog	chr20	363	53497331	53502331	0	0.0
clust0021	clustered_cis_ohnolog	chr20	364	53502331	53507331	0	0.0
clust0021	clustered_cis_ohnolog	chr20	365	53507331	53512331	0	0.0
clust0021	clustered_cis_ohnolog	chr20	366	53512331	53517331	0	0.0
clust0021	clustered_cis_ohnolog	chr20	367	53517331	53522331	0	0.0
clust0021	clustered_cis_ohnolog	chr20	368	53522331	53527331	0	0.0
clust0021	clustered_cis_ohnolog	chr20	369	53527331	53532331	0	0.0
clust0021	clustered_cis_ohnolog	chr20	370	53532331	53537331	0	0.0
clust0021	clustered_cis_ohnolog	chr20	371	53537331	53542331	0	0.0
clust0021	clustered_cis_ohnolog	chr20	372	53542331	53547331	0	0.0
clust0021	clustered_cis_ohnolog	chr20	373	53547331	53552331	2	0.252
clust0021	clustered_cis_ohnolog	chr20	374	53552331	53557331	0	0.0
clust0021	clustered_cis_ohnolog	chr20	375	53557331	53562331	0	0.0
clust0021	clustered_cis_ohnolog	chr20	376	53562331	53567331	0	0.0
clust0021	clustered_cis_ohnolog	chr20	377	53567331	53572331	0	0.0
clust0021	clustered_cis_ohnolog	chr20	378	53572331	53577331	0	0.0
clust0021	clustered_cis_ohnolog	chr20	379	53577331	53582331	2	0.1902
clust0021	clustered_cis_ohnolog	chr20	380	53582331	53587331	0	0.0
clust0021	clustered_cis_ohnolog	chr20	381	53587331	53592331	0	0.0
clust0021	clustered_cis_ohnolog	chr20	382	53592331	53597331	0	0.0
clust0021	clustered_cis_ohnolog	chr20	383	53597331	53602331	0	0.0
clust0021	clustered_cis_ohnolog	chr20	384	53602331	53607331	0	0.0
clust0021	clustered_cis_ohnolog	chr20	385	53607331	53612331	0	0.0
clust0021	clustered_cis_ohnolog	chr20	386	53612331	53617331	0	0.0
clust0021	clustered_cis_ohnolog	chr20	387	53617331	53622331	0	0.0
clust0021	clustered_cis_ohnolog	chr20	388	53622331	53627331	0	0.0
clust0021	clustered_cis_ohnolog	chr20	389	53627331	53632331	0	0.0
clust0021	clustered_cis_ohnolog	chr20	390	53632331	53637331	0	0.0
clust0021	clustered_cis_ohnolog	chr20	391	53637331	53642331	0	0.0
clust0021	clustered_cis_ohnolog	chr20	392	53642331	53647331	0	0.0
clust0021	clustered_cis_ohnolog	chr20	393	53647331	53652331	0	0.0
clust0021	clustered_cis_ohnolog	chr20	394	53652331	53657331	0	0.0
clust0021	clustered_cis_ohnolog	chr20	395	53657331	53662331	0	0.0
clust0021	clustered_cis_ohnolog	chr20	396	53662331	53667331	0	0.0
clust0021	clustered_cis_ohnolog	chr20	397	53667331	53672331	0	0.0
clust0021	clustered_cis_ohnolog	chr20	398	53672331	53677331	0	0.0
clust0021	clustered_cis_ohnolog	chr20	399	53677331	53682331	0	0.0
clust0021	clustered_cis_ohnolog	chr20	400	53682331	53687331	0	0.0
clust0021	clustered_cis_ohnolog	chr20	401	53687331	53692331	0	0.0
clust0021	clustered_cis_ohnolog	chr20	402	53692331	53697331	0	0.0
clust0021	clustered_cis_ohnolog	chr20	403	53697331	53702331	0	0.0
clust0021	clustered_cis_ohnolog	chr20	404	53702331	53707331	0	0.0
clust0021	clustered_cis_ohnolog	chr20	405	53707331	53709907	0	0.0
clust0033	clustered_cis_ohnolog	chr21	0	38280027	38285027	0	0.0
clust0033	clustered_cis_ohnolog	chr21	1	38285027	38290027	0	0.0
clust0033	clustered_cis_ohnolog	chr21	2	38290027	38295027	0	0.0
clust0033	clustered_cis_ohnolog	chr21	3	38295027	38300027	0	0.0
clust0033	clustered_cis_ohnolog	chr21	4	38300027	38305027	0	0.0
clust0033	clustered_cis_ohnolog	chr21	5	38305027	38310027	0	0.0
clust0033	clustered_cis_ohnolog	chr21	6	38310027	38315027	0	0.0
clust0033	clustered_cis_ohnolog	chr21	7	38315027	38320027	0	0.0
clust0033	clustered_cis_ohnolog	chr21	8	38320027	38325027	0	0.0
clust0033	clustered_cis_ohnolog	chr21	9	38325027	38330027	0	0.0
clust0033	clustered_cis_ohnolog	chr21	10	38330027	38335027	2	0.252
clust0033	clustered_cis_ohnolog	chr21	11	38335027	38340027	0	0.0
clust0033	clustered_cis_ohnolog	chr21	12	38340027	38345027	0	0.0
clust0033	clustered_cis_ohnolog	chr21	13	38345027	38350027	0	0.0
clust0033	clustered_cis_ohnolog	chr21	14	38350027	38355027	2	0.252
clust0033	clustered_cis_ohnolog	chr21	15	38355027	38360027	1	0.126
clust0033	clustered_cis_ohnolog	chr21	16	38360027	38365027	0	0.0
clust0033	clustered_cis_ohnolog	chr21	17	38365027	38370027	0	0.0
clust0033	clustered_cis_ohnolog	chr21	18	38370027	38375027	0	0.0
clust0033	clustered_cis_ohnolog	chr21	19	38375027	38380027	0	0.0
clust0033	clustered_cis_ohnolog	chr21	20	38380027	38385027	0	0.0
clust0033	clustered_cis_ohnolog	chr21	21	38385027	38390027	0	0.0
clust0033	clustered_cis_ohnolog	chr21	22	38390027	38395027	0	0.0
clust0033	clustered_cis_ohnolog	chr21	23	38395027	38400027	0	0.0
clust0033	clustered_cis_ohnolog	chr21	24	38400027	38405027	0	0.0
clust0033	clustered_cis_ohnolog	chr21	25	38405027	38410027	0	0.0
clust0033	clustered_cis_ohnolog	chr21	26	38410027	38415027	0	0.0
clust0033	clustered_cis_ohnolog	chr21	27	38415027	38420027	0	0.0
clust0033	clustered_cis_ohnolog	chr21	28	38420027	38425027	0	0.0
clust0033	clustered_cis_ohnolog	chr21	29	38425027	38430027	0	0.0
clust0033	clustered_cis_ohnolog	chr21	30	38430027	38435027	0	0.0
clust0033	clustered_cis_ohnolog	chr21	31	38435027	38440027	0	0.0
clust0033	clustered_cis_ohnolog	chr21	32	38440027	38445027	0	0.0
clust0033	clustered_cis_ohnolog	chr21	33	38445027	38450027	0	0.0
clust0033	clustered_cis_ohnolog	chr21	34	38450027	38455027	0	0.0
clust0033	clustered_cis_ohnolog	chr21	35	38455027	38460027	0	0.0
clust0033	clustered_cis_ohnolog	chr21	36	38460027	38465027	0	0.0
clust0033	clustered_cis_ohnolog	chr21	37	38465027	38470027	0	0.0
clust0033	clustered_cis_ohnolog	chr21	38	38470027	38475027	0	0.0
clust0033	clustered_cis_ohnolog	chr21	39	38475027	38480027	0	0.0
clust0033	clustered_cis_ohnolog	chr21	40	38480027	38485027	0	0.0
clust0033	clustered_cis_ohnolog	chr21	41	38485027	38490027	0	0.0
clust0033	clustered_cis_ohnolog	chr21	42	38490027	38495027	0	0.0
clust0033	clustered_cis_ohnolog	chr21	43	38495027	38500027	0	0.0
clust0033	clustered_cis_ohnolog	chr21	44	38500027	38505027	0	0.0
clust0033	clustered_cis_ohnolog	chr21	45	38505027	38510027	1	0.126
clust0033	clustered_cis_ohnolog	chr21	46	38510027	38515027	0	0.0
clust0033	clustered_cis_ohnolog	chr21	47	38515027	38520027	0	0.0
clust0033	clustered_cis_ohnolog	chr21	48	38520027	38525027	0	0.0
clust0033	clustered_cis_ohnolog	chr21	49	38525027	38530027	0	0.0
clust0033	clustered_cis_ohnolog	chr21	50	38530027	38535027	0	0.0
clust0033	clustered_cis_ohnolog	chr21	51	38535027	38540027	0	0.0
clust0033	clustered_cis_ohnolog	chr21	52	38540027	38545027	0	0.0
clust0033	clustered_cis_ohnolog	chr21	53	38545027	38550027	0	0.0
clust0033	clustered_cis_ohnolog	chr21	54	38550027	38555027	0	0.0
clust0033	clustered_cis_ohnolog	chr21	55	38555027	38560027	0	0.0
clust0033	clustered_cis_ohnolog	chr21	56	38560027	38565027	0	0.0
clust0033	clustered_cis_ohnolog	chr21	57	38565027	38570027	0	0.0
clust0033	clustered_cis_ohnolog	chr21	58	38570027	38575027	0	0.0
clust0033	clustered_cis_ohnolog	chr21	59	38575027	38580027	0	0.0
clust0033	clustered_cis_ohnolog	chr21	60	38580027	38585027	0	0.0
clust0033	clustered_cis_ohnolog	chr21	61	38585027	38590027	0	0.0
clust0033	clustered_cis_ohnolog	chr21	62	38590027	38595027	0	0.0
clust0033	clustered_cis_ohnolog	chr21	63	38595027	38600027	0	0.0
clust0033	clustered_cis_ohnolog	chr21	64	38600027	38605027	0	0.0
clust0033	clustered_cis_ohnolog	chr21	65	38605027	38610027	0	0.0
clust0033	clustered_cis_ohnolog	chr21	66	38610027	38615027	0	0.0
clust0033	clustered_cis_ohnolog	chr21	67	38615027	38620027	0	0.0
clust0033	clustered_cis_ohnolog	chr21	68	38620027	38625027	0	0.0
clust0033	clustered_cis_ohnolog	chr21	69	38625027	38630027	0	0.0
clust0033	clustered_cis_ohnolog	chr21	70	38630027	38635027	0	0.0
clust0033	clustered_cis_ohnolog	chr21	71	38635027	38640027	0	0.0
clust0033	clustered_cis_ohnolog	chr21	72	38640027	38645027	0	0.0
clust0033	clustered_cis_ohnolog	chr21	73	38645027	38650027	0	0.0
clust0033	clustered_cis_ohnolog	chr21	74	38650027	38655027	0	0.0
clust0033	clustered_cis_ohnolog	chr21	75	38655027	38660027	0	0.0
clust0033	clustered_cis_ohnolog	chr21	76	38660027	38665027	0	0.0
clust0033	clustered_cis_ohnolog	chr21	77	38665027	38670027	1	0.126
clust0033	clustered_cis_ohnolog	chr21	78	38670027	38675027	0	0.0
clust0033	clustered_cis_ohnolog	chr21	79	38675027	38680027	0	0.0
clust0033	clustered_cis_ohnolog	chr21	80	38680027	38685027	0	0.0
clust0033	clustered_cis_ohnolog	chr21	81	38685027	38690027	0	0.0
clust0033	clustered_cis_ohnolog	chr21	82	38690027	38695027	0	0.0
clust0033	clustered_cis_ohnolog	chr21	83	38695027	38700027	0	0.0
clust0033	clustered_cis_ohnolog	chr21	84	38700027	38705027	0	0.0
clust0033	clustered_cis_ohnolog	chr21	85	38705027	38710027	0	0.0
clust0033	clustered_cis_ohnolog	chr21	86	38710027	38715027	0	0.0
clust0033	clustered_cis_ohnolog	chr21	87	38715027	38720027	0	0.0
clust0033	clustered_cis_ohnolog	chr21	88	38720027	38725027	0	0.0
clust0033	clustered_cis_ohnolog	chr21	89	38725027	38730027	0	0.0
clust0033	clustered_cis_ohnolog	chr21	90	38730027	38735027	2	0.2024
clust0033	clustered_cis_ohnolog	chr21	91	38735027	38740027	0	0.0
clust0033	clustered_cis_ohnolog	chr21	92	38740027	38745027	0	0.0
clust0033	clustered_cis_ohnolog	chr21	93	38745027	38750027	0	0.0
clust0033	clustered_cis_ohnolog	chr21	94	38750027	38755027	0	0.0
clust0033	clustered_cis_ohnolog	chr21	95	38755027	38760027	0	0.0
clust0033	clustered_cis_ohnolog	chr21	96	38760027	38765027	0	0.0
clust0033	clustered_cis_ohnolog	chr21	97	38765027	38770027	2	0.252
clust0033	clustered_cis_ohnolog	chr21	98	38770027	38775027	0	0.0
clust0033	clustered_cis_ohnolog	chr21	99	38775027	38780027	0	0.0
clust0033	clustered_cis_ohnolog	chr21	100	38780027	38785027	0	0.0
clust0033	clustered_cis_ohnolog	chr21	101	38785027	38790027	0	0.0
clust0033	clustered_cis_ohnolog	chr21	102	38790027	38795027	0	0.0
clust0033	clustered_cis_ohnolog	chr21	103	38795027	38800027	0	0.0
clust0033	clustered_cis_ohnolog	chr21	104	38800027	38805027	0	0.033
clust0033	clustered_cis_ohnolog	chr21	105	38805027	38810027	2	0.219
clust0033	clustered_cis_ohnolog	chr21	106	38810027	38815027	0	0.0
clust0033	clustered_cis_ohnolog	chr21	107	38815027	38820027	0	0.0
clust0033	clustered_cis_ohnolog	chr21	108	38820027	38825027	0	0.0
clust0033	clustered_cis_ohnolog	chr21	109	38825027	38830027	0	0.0
clust0033	clustered_cis_ohnolog	chr21	110	38830027	38835027	0	0.0
clust0033	clustered_cis_ohnolog	chr21	111	38835027	38840027	0	0.0
clust0033	clustered_cis_ohnolog	chr21	112	38840027	38845027	0	0.0
clust0033	clustered_cis_ohnolog	chr21	113	38845027	38850027	0	0.0
clust0033	clustered_cis_ohnolog	chr21	114	38850027	38855027	0	0.0
clust0033	clustered_cis_ohnolog	chr21	115	38855027	38860027	0	0.0
clust0033	clustered_cis_ohnolog	chr21	116	38860027	38865027	0	0.0
clust0033	clustered_cis_ohnolog	chr21	117	38865027	38870027	0	0.0
clust0033	clustered_cis_ohnolog	chr21	118	38870027	38875027	0	0.0
clust0033	clustered_cis_ohnolog	chr21	119	38875027	38880027	0	0.0
clust0033	clustered_cis_ohnolog	chr21	120	38880027	38885027	0	0.0
clust0033	clustered_cis_ohnolog	chr21	121	38885027	38890027	0	0.0
clust0033	clustered_cis_ohnolog	chr21	122	38890027	38895027	0	0.0
clust0033	clustered_cis_ohnolog	chr21	123	38895027	38900027	0	0.0
clust0033	clustered_cis_ohnolog	chr21	124	38900027	38905027	0	0.0
clust0033	clustered_cis_ohnolog	chr21	125	38905027	38910027	0	0.0
clust0033	clustered_cis_ohnolog	chr21	126	38910027	38915027	0	0.0
clust0033	clustered_cis_ohnolog	chr21	127	38915027	38920027	0	0.0
clust0033	clustered_cis_ohnolog	chr21	128	38920027	38924955	0	0.0
clust0022	clustered_cis_ohnolog	chr22	0	22384421	22389421	0	0.0
clust0022	clustered_cis_ohnolog	chr22	1	22389421	22394421	0	0.0
clust0022	clustered_cis_ohnolog	chr22	2	22394421	22399421	0	0.0
clust0022	clustered_cis_ohnolog	chr22	3	22399421	22404421	0	0.0
clust0022	clustered_cis_ohnolog	chr22	4	22404421	22409421	0	0.0
clust0022	clustered_cis_ohnolog	chr22	5	22409421	22414421	0	0.0
clust0022	clustered_cis_ohnolog	chr22	6	22414421	22419421	0	0.0
clust0022	clustered_cis_ohnolog	chr22	7	22419421	22424421	2	0.1792
clust0022	clustered_cis_ohnolog	chr22	8	22424421	22429421	0	0.0
clust0022	clustered_cis_ohnolog	chr22	9	22429421	22434421	1	0.126
clust0022	clustered_cis_ohnolog	chr22	10	22434421	22439421	0	0.0
clust0022	clustered_cis_ohnolog	chr22	11	22439421	22444421	0	0.0
clust0022	clustered_cis_ohnolog	chr22	12	22444421	22449421	0	0.0
clust0022	clustered_cis_ohnolog	chr22	13	22449421	22454421	0	0.0
clust0022	clustered_cis_ohnolog	chr22	14	22454421	22459421	0	0.0
clust0022	clustered_cis_ohnolog	chr22	15	22459421	22464421	2	0.2536
clust0022	clustered_cis_ohnolog	chr22	16	22464421	22469421	1	0.0646
clust0022	clustered_cis_ohnolog	chr22	17	22469421	22474421	0	0.0
clust0022	clustered_cis_ohnolog	chr22	18	22474421	22479421	0	0.0
clust0022	clustered_cis_ohnolog	chr22	19	22479421	22484421	0	0.0
clust0022	clustered_cis_ohnolog	chr22	20	22484421	22489421	0	0.0
clust0022	clustered_cis_ohnolog	chr22	21	22489421	22494421	0	0.0
clust0022	clustered_cis_ohnolog	chr22	22	22494421	22499421	0	0.0
clust0022	clustered_cis_ohnolog	chr22	23	22499421	22504421	0	0.0
clust0022	clustered_cis_ohnolog	chr22	24	22504421	22509421	1	0.126
clust0022	clustered_cis_ohnolog	chr22	25	22509421	22514421	0	0.0
clust0022	clustered_cis_ohnolog	chr22	26	22514421	22519421	0	0.0
clust0022	clustered_cis_ohnolog	chr22	27	22519421	22524421	0	0.0
clust0022	clustered_cis_ohnolog	chr22	28	22524421	22529421	0	0.0
clust0022	clustered_cis_ohnolog	chr22	29	22529421	22534421	0	0.0
clust0022	clustered_cis_ohnolog	chr22	30	22534421	22539421	0	0.0
clust0022	clustered_cis_ohnolog	chr22	31	22539421	22544421	0	0.0
clust0022	clustered_cis_ohnolog	chr22	32	22544421	22549421	0	0.0
clust0022	clustered_cis_ohnolog	chr22	33	22549421	22554421	0	0.0
clust0022	clustered_cis_ohnolog	chr22	34	22554421	22559421	1	0.076
clust0022	clustered_cis_ohnolog	chr22	35	22559421	22564421	0	0.05
clust0022	clustered_cis_ohnolog	chr22	36	22564421	22569421	0	0.0
clust0022	clustered_cis_ohnolog	chr22	37	22569421	22574421	0	0.0
clust0022	clustered_cis_ohnolog	chr22	38	22574421	22579421	1	0.126
clust0022	clustered_cis_ohnolog	chr22	39	22579421	22584421	0	0.0
clust0022	clustered_cis_ohnolog	chr22	40	22584421	22589421	2	0.187
clust0022	clustered_cis_ohnolog	chr22	41	22589421	22594421	2	0.113
clust0022	clustered_cis_ohnolog	chr22	42	22594421	22599421	0	0.0594
clust0022	clustered_cis_ohnolog	chr22	43	22599421	22604421	0	0.0
clust0022	clustered_cis_ohnolog	chr22	44	22604421	22609421	0	0.0
clust0022	clustered_cis_ohnolog	chr22	45	22609421	22614421	0	0.0
clust0022	clustered_cis_ohnolog	chr22	46	22614421	22619421	0	0.0
clust0022	clustered_cis_ohnolog	chr22	47	22619421	22620270	0	0.0
clust0058	clustered_cis_ohnolog	chr3	0	23845286	23850286	0	0.0
clust0058	clustered_cis_ohnolog	chr3	1	23850286	23855286	0	0.0
clust0058	clustered_cis_ohnolog	chr3	2	23855286	23860286	0	0.0
clust0058	clustered_cis_ohnolog	chr3	3	23860286	23865286	0	0.0
clust0058	clustered_cis_ohnolog	chr3	4	23865286	23870286	0	0.0
clust0058	clustered_cis_ohnolog	chr3	5	23870286	23875286	0	0.0
clust0058	clustered_cis_ohnolog	chr3	6	23875286	23880286	0	0.0
clust0058	clustered_cis_ohnolog	chr3	7	23880286	23885286	0	0.0
clust0058	clustered_cis_ohnolog	chr3	8	23885286	23890286	2	0.169
clust0058	clustered_cis_ohnolog	chr3	9	23890286	23895286	0	0.0
clust0058	clustered_cis_ohnolog	chr3	10	23895286	23900286	0	0.0
clust0058	clustered_cis_ohnolog	chr3	11	23900286	23905286	0	0.0
clust0058	clustered_cis_ohnolog	chr3	12	23905286	23910286	0	0.0
clust0058	clustered_cis_ohnolog	chr3	13	23910286	23915286	0	0.0
clust0058	clustered_cis_ohnolog	chr3	14	23915286	23920286	1	0.126
clust0058	clustered_cis_ohnolog	chr3	15	23920286	23925286	0	0.0
clust0058	clustered_cis_ohnolog	chr3	16	23925286	23930286	0	0.0
clust0058	clustered_cis_ohnolog	chr3	17	23930286	23935286	0	0.0
clust0058	clustered_cis_ohnolog	chr3	18	23935286	23940286	0	0.0
clust0058	clustered_cis_ohnolog	chr3	19	23940286	23945286	0	0.0
clust0058	clustered_cis_ohnolog	chr3	20	23945286	23950286	0	0.0
clust0058	clustered_cis_ohnolog	chr3	21	23950286	23955286	0	0.0
clust0058	clustered_cis_ohnolog	chr3	22	23955286	23960286	0	0.0
clust0058	clustered_cis_ohnolog	chr3	23	23960286	23965286	0	0.0
clust0058	clustered_cis_ohnolog	chr3	24	23965286	23970286	0	0.0
clust0058	clustered_cis_ohnolog	chr3	25	23970286	23975286	0	0.0
clust0058	clustered_cis_ohnolog	chr3	26	23975286	23980286	0	0.0
clust0058	clustered_cis_ohnolog	chr3	27	23980286	23985286	0	0.0
clust0058	clustered_cis_ohnolog	chr3	28	23985286	23990286	0	0.0
clust0058	clustered_cis_ohnolog	chr3	29	23990286	23995286	0	0.0
clust0058	clustered_cis_ohnolog	chr3	30	23995286	24000286	1	0.0388
clust0058	clustered_cis_ohnolog	chr3	31	24000286	24005286	0	0.0
clust0058	clustered_cis_ohnolog	chr3	32	24005286	24010286	0	0.0
clust0058	clustered_cis_ohnolog	chr3	33	24010286	24015286	0	0.0
clust0058	clustered_cis_ohnolog	chr3	34	24015286	24020286	0	0.0
clust0058	clustered_cis_ohnolog	chr3	35	24020286	24025286	0	0.0
clust0058	clustered_cis_ohnolog	chr3	36	24025286	24030286	0	0.0
clust0058	clustered_cis_ohnolog	chr3	37	24030286	24035286	0	0.0
clust0058	clustered_cis_ohnolog	chr3	38	24035286	24040286	0	0.0
clust0058	clustered_cis_ohnolog	chr3	39	24040286	24045286	0	0.0
clust0058	clustered_cis_ohnolog	chr3	40	24045286	24050286	0	0.0
clust0058	clustered_cis_ohnolog	chr3	41	24050286	24055286	0	0.0
clust0058	clustered_cis_ohnolog	chr3	42	24055286	24060286	0	0.0
clust0058	clustered_cis_ohnolog	chr3	43	24060286	24065286	0	0.0
clust0058	clustered_cis_ohnolog	chr3	44	24065286	24070286	0	0.0
clust0058	clustered_cis_ohnolog	chr3	45	24070286	24075286	0	0.0
clust0058	clustered_cis_ohnolog	chr3	46	24075286	24080286	0	0.0
clust0058	clustered_cis_ohnolog	chr3	47	24080286	24085286	0	0.0
clust0058	clustered_cis_ohnolog	chr3	48	24085286	24090286	0	0.0
clust0058	clustered_cis_ohnolog	chr3	49	24090286	24095286	0	0.0
clust0058	clustered_cis_ohnolog	chr3	50	24095286	24100286	0	0.0
clust0058	clustered_cis_ohnolog	chr3	51	24100286	24105286	0	0.0
clust0058	clustered_cis_ohnolog	chr3	52	24105286	24110286	0	0.0
clust0058	clustered_cis_ohnolog	chr3	53	24110286	24115286	0	0.0
clust0058	clustered_cis_ohnolog	chr3	54	24115286	24120286	0	0.0
clust0058	clustered_cis_ohnolog	chr3	55	24120286	24125286	0	0.0
clust0058	clustered_cis_ohnolog	chr3	56	24125286	24130286	0	0.0
clust0058	clustered_cis_ohnolog	chr3	57	24130286	24135286	0	0.0
clust0058	clustered_cis_ohnolog	chr3	58	24135286	24140286	0	0.0
clust0058	clustered_cis_ohnolog	chr3	59	24140286	24145286	0	0.0
clust0058	clustered_cis_ohnolog	chr3	60	24145286	24150286	0	0.0
clust0058	clustered_cis_ohnolog	chr3	61	24150286	24155286	0	0.0
clust0058	clustered_cis_ohnolog	chr3	62	24155286	24160286	0	0.0
clust0058	clustered_cis_ohnolog	chr3	63	24160286	24165286	0	0.0
clust0058	clustered_cis_ohnolog	chr3	64	24165286	24170286	0	0.0
clust0058	clustered_cis_ohnolog	chr3	65	24170286	24175286	0	0.0
clust0058	clustered_cis_ohnolog	chr3	66	24175286	24180286	0	0.0
clust0058	clustered_cis_ohnolog	chr3	67	24180286	24185286	0	0.0
clust0058	clustered_cis_ohnolog	chr3	68	24185286	24190286	1	0.126
clust0058	clustered_cis_ohnolog	chr3	69	24190286	24195286	0	0.0
clust0058	clustered_cis_ohnolog	chr3	70	24195286	24200286	0	0.0
clust0058	clustered_cis_ohnolog	chr3	71	24200286	24205286	0	0.0
clust0058	clustered_cis_ohnolog	chr3	72	24205286	24210286	0	0.0
clust0058	clustered_cis_ohnolog	chr3	73	24210286	24215286	0	0.0
clust0058	clustered_cis_ohnolog	chr3	74	24215286	24220286	0	0.0
clust0058	clustered_cis_ohnolog	chr3	75	24220286	24225286	0	0.0
clust0058	clustered_cis_ohnolog	chr3	76	24225286	24230286	0	0.0
clust0058	clustered_cis_ohnolog	chr3	77	24230286	24235286	0	0.0
clust0058	clustered_cis_ohnolog	chr3	78	24235286	24240286	2	0.252
clust0058	clustered_cis_ohnolog	chr3	79	24240286	24245286	0	0.0
clust0058	clustered_cis_ohnolog	chr3	80	24245286	24250286	0	0.0
clust0058	clustered_cis_ohnolog	chr3	81	24250286	24255286	0	0.0
clust0058	clustered_cis_ohnolog	chr3	82	24255286	24260286	0	0.0
clust0058	clustered_cis_ohnolog	chr3	83	24260286	24265286	1	0.126
clust0058	clustered_cis_ohnolog	chr3	84	24265286	24270286	0	0.0
clust0058	clustered_cis_ohnolog	chr3	85	24270286	24275286	0	0.0
clust0058	clustered_cis_ohnolog	chr3	86	24275286	24280286	0	0.0
clust0058	clustered_cis_ohnolog	chr3	87	24280286	24285286	0	0.0
clust0058	clustered_cis_ohnolog	chr3	88	24285286	24290286	0	0.0
clust0058	clustered_cis_ohnolog	chr3	89	24290286	24295286	0	0.0
clust0058	clustered_cis_ohnolog	chr3	90	24295286	24300286	0	0.0
clust0058	clustered_cis_ohnolog	chr3	91	24300286	24305286	0	0.0
clust0058	clustered_cis_ohnolog	chr3	92	24305286	24310286	0	0.0
clust0058	clustered_cis_ohnolog	chr3	93	24310286	24315286	0	0.0
clust0058	clustered_cis_ohnolog	chr3	94	24315286	24320286	0	0.0
clust0058	clustered_cis_ohnolog	chr3	95	24320286	24325286	0	0.0
clust0058	clustered_cis_ohnolog	chr3	96	24325286	24330286	0	0.0
clust0058	clustered_cis_ohnolog	chr3	97	24330286	24335286	0	0.0
clust0058	clustered_cis_ohnolog	chr3	98	24335286	24340286	0	0.0
clust0058	clustered_cis_ohnolog	chr3	99	24340286	24345286	0	0.0
clust0058	clustered_cis_ohnolog	chr3	100	24345286	24350286	0	0.0
clust0058	clustered_cis_ohnolog	chr3	101	24350286	24355286	0	0.0
clust0058	clustered_cis_ohnolog	chr3	102	24355286	24360286	0	0.0
clust0058	clustered_cis_ohnolog	chr3	103	24360286	24365286	0	0.0
clust0058	clustered_cis_ohnolog	chr3	104	24365286	24370286	0	0.0
clust0058	clustered_cis_ohnolog	chr3	105	24370286	24375286	0	0.0
clust0058	clustered_cis_ohnolog	chr3	106	24375286	24380286	0	0.0
clust0058	clustered_cis_ohnolog	chr3	107	24380286	24385286	0	0.0
clust0058	clustered_cis_ohnolog	chr3	108	24385286	24390286	0	0.0
clust0058	clustered_cis_ohnolog	chr3	109	24390286	24395286	0	0.0
clust0058	clustered_cis_ohnolog	chr3	110	24395286	24400286	0	0.0
clust0058	clustered_cis_ohnolog	chr3	111	24400286	24405286	0	0.0
clust0058	clustered_cis_ohnolog	chr3	112	24405286	24410286	0	0.0
clust0058	clustered_cis_ohnolog	chr3	113	24410286	24415286	0	0.0
clust0058	clustered_cis_ohnolog	chr3	114	24415286	24420286	0	0.0
clust0058	clustered_cis_ohnolog	chr3	115	24420286	24425286	0	0.0
clust0058	clustered_cis_ohnolog	chr3	116	24425286	24430286	0	0.0
clust0058	clustered_cis_ohnolog	chr3	117	24430286	24435286	0	0.0
clust0058	clustered_cis_ohnolog	chr3	118	24435286	24440286	0	0.0
clust0058	clustered_cis_ohnolog	chr3	119	24440286	24445286	0	0.0
clust0058	clustered_cis_ohnolog	chr3	120	24445286	24450286	0	0.0
clust0058	clustered_cis_ohnolog	chr3	121	24450286	24455286	0	0.0
clust0058	clustered_cis_ohnolog	chr3	122	24455286	24460286	0	0.0
clust0058	clustered_cis_ohnolog	chr3	123	24460286	24465286	0	0.0
clust0058	clustered_cis_ohnolog	chr3	124	24465286	24470286	0	0.0
clust0058	clustered_cis_ohnolog	chr3	125	24470286	24475286	0	0.0
clust0058	clustered_cis_ohnolog	chr3	126	24475286	24480286	0	0.0
clust0058	clustered_cis_ohnolog	chr3	127	24480286	24485286	0	0.0
clust0058	clustered_cis_ohnolog	chr3	128	24485286	24490286	0	0.0
clust0058	clustered_cis_ohnolog	chr3	129	24490286	24495286	0	0.0
clust0058	clustered_cis_ohnolog	chr3	130	24495286	24500286	0	0.0
clust0058	clustered_cis_ohnolog	chr3	131	24500286	24505286	0	0.0
clust0058	clustered_cis_ohnolog	chr3	132	24505286	24510286	0	0.0
clust0058	clustered_cis_ohnolog	chr3	133	24510286	24515286	0	0.0
clust0058	clustered_cis_ohnolog	chr3	134	24515286	24520286	0	0.0
clust0058	clustered_cis_ohnolog	chr3	135	24520286	24525286	0	0.0
clust0058	clustered_cis_ohnolog	chr3	136	24525286	24530286	0	0.0
clust0058	clustered_cis_ohnolog	chr3	137	24530286	24535286	0	0.0
clust0058	clustered_cis_ohnolog	chr3	138	24535286	24540286	0	0.0
clust0058	clustered_cis_ohnolog	chr3	139	24540286	24545286	0	0.0
clust0058	clustered_cis_ohnolog	chr3	140	24545286	24550286	0	0.0
clust0058	clustered_cis_ohnolog	chr3	141	24550286	24555286	0	0.0
clust0058	clustered_cis_ohnolog	chr3	142	24555286	24560286	0	0.0
clust0058	clustered_cis_ohnolog	chr3	143	24560286	24565286	0	0.0
clust0058	clustered_cis_ohnolog	chr3	144	24565286	24570286	0	0.0
clust0058	clustered_cis_ohnolog	chr3	145	24570286	24575286	0	0.0
clust0058	clustered_cis_ohnolog	chr3	146	24575286	24580286	0	0.0
clust0058	clustered_cis_ohnolog	chr3	147	24580286	24585286	0	0.0
clust0058	clustered_cis_ohnolog	chr3	148	24585286	24590286	0	0.0
clust0058	clustered_cis_ohnolog	chr3	149	24590286	24595286	0	0.0
clust0058	clustered_cis_ohnolog	chr3	150	24595286	24600286	0	0.0
clust0058	clustered_cis_ohnolog	chr3	151	24600286	24605286	0	0.0
clust0058	clustered_cis_ohnolog	chr3	152	24605286	24610286	0	0.0
clust0058	clustered_cis_ohnolog	chr3	153	24610286	24615286	0	0.0
clust0058	clustered_cis_ohnolog	chr3	154	24615286	24620286	0	0.0
clust0058	clustered_cis_ohnolog	chr3	155	24620286	24625286	0	0.0
clust0058	clustered_cis_ohnolog	chr3	156	24625286	24630286	0	0.0
clust0058	clustered_cis_ohnolog	chr3	157	24630286	24635286	0	0.0
clust0058	clustered_cis_ohnolog	chr3	158	24635286	24640286	0	0.0
clust0058	clustered_cis_ohnolog	chr3	159	24640286	24645286	0	0.0
clust0058	clustered_cis_ohnolog	chr3	160	24645286	24650286	0	0.0
clust0058	clustered_cis_ohnolog	chr3	161	24650286	24655286	0	0.0
clust0058	clustered_cis_ohnolog	chr3	162	24655286	24660286	0	0.0
clust0058	clustered_cis_ohnolog	chr3	163	24660286	24665286	0	0.0
clust0058	clustered_cis_ohnolog	chr3	164	24665286	24670286	0	0.0
clust0058	clustered_cis_ohnolog	chr3	165	24670286	24675286	0	0.0
clust0058	clustered_cis_ohnolog	chr3	166	24675286	24680286	0	0.0
clust0058	clustered_cis_ohnolog	chr3	167	24680286	24685286	1	0.126
clust0058	clustered_cis_ohnolog	chr3	168	24685286	24690286	0	0.0
clust0058	clustered_cis_ohnolog	chr3	169	24690286	24695286	0	0.0
clust0058	clustered_cis_ohnolog	chr3	170	24695286	24700286	0	0.0
clust0058	clustered_cis_ohnolog	chr3	171	24700286	24705286	0	0.0
clust0058	clustered_cis_ohnolog	chr3	172	24705286	24710286	0	0.0
clust0058	clustered_cis_ohnolog	chr3	173	24710286	24715286	0	0.0
clust0058	clustered_cis_ohnolog	chr3	174	24715286	24720286	0	0.0
clust0058	clustered_cis_ohnolog	chr3	175	24720286	24725286	0	0.0
clust0058	clustered_cis_ohnolog	chr3	176	24725286	24730286	0	0.0
clust0058	clustered_cis_ohnolog	chr3	177	24730286	24735286	0	0.0
clust0058	clustered_cis_ohnolog	chr3	178	24735286	24740286	0	0.0
clust0058	clustered_cis_ohnolog	chr3	179	24740286	24745286	0	0.0
clust0058	clustered_cis_ohnolog	chr3	180	24745286	24750286	0	0.0
clust0058	clustered_cis_ohnolog	chr3	181	24750286	24755286	0	0.0
clust0058	clustered_cis_ohnolog	chr3	182	24755286	24760286	0	0.0
clust0058	clustered_cis_ohnolog	chr3	183	24760286	24765286	0	0.0
clust0058	clustered_cis_ohnolog	chr3	184	24765286	24770286	0	0.0
clust0058	clustered_cis_ohnolog	chr3	185	24770286	24775286	0	0.0
clust0058	clustered_cis_ohnolog	chr3	186	24775286	24780286	0	0.0
clust0058	clustered_cis_ohnolog	chr3	187	24780286	24785286	0	0.0
clust0058	clustered_cis_ohnolog	chr3	188	24785286	24790286	0	0.0
clust0058	clustered_cis_ohnolog	chr3	189	24790286	24795286	0	0.0
clust0058	clustered_cis_ohnolog	chr3	190	24795286	24800286	0	0.0
clust0058	clustered_cis_ohnolog	chr3	191	24800286	24805286	0	0.0
clust0058	clustered_cis_ohnolog	chr3	192	24805286	24810286	0	0.0
clust0058	clustered_cis_ohnolog	chr3	193	24810286	24815286	0	0.0
clust0058	clustered_cis_ohnolog	chr3	194	24815286	24820286	0	0.0
clust0058	clustered_cis_ohnolog	chr3	195	24820286	24825286	0	0.0
clust0058	clustered_cis_ohnolog	chr3	196	24825286	24830286	0	0.0
clust0058	clustered_cis_ohnolog	chr3	197	24830286	24835286	0	0.0
clust0058	clustered_cis_ohnolog	chr3	198	24835286	24840286	0	0.0
clust0058	clustered_cis_ohnolog	chr3	199	24840286	24845286	0	0.0
clust0058	clustered_cis_ohnolog	chr3	200	24845286	24850286	0	0.0
clust0058	clustered_cis_ohnolog	chr3	201	24850286	24855286	0	0.0
clust0058	clustered_cis_ohnolog	chr3	202	24855286	24860286	0	0.0
clust0058	clustered_cis_ohnolog	chr3	203	24860286	24865286	0	0.0
clust0058	clustered_cis_ohnolog	chr3	204	24865286	24870286	0	0.0
clust0058	clustered_cis_ohnolog	chr3	205	24870286	24875286	0	0.0
clust0058	clustered_cis_ohnolog	chr3	206	24875286	24880286	0	0.0
clust0058	clustered_cis_ohnolog	chr3	207	24880286	24885286	0	0.0
clust0058	clustered_cis_ohnolog	chr3	208	24885286	24890286	0	0.0
clust0058	clustered_cis_ohnolog	chr3	209	24890286	24895286	0	0.0
clust0058	clustered_cis_ohnolog	chr3	210	24895286	24900286	0	0.0
clust0058	clustered_cis_ohnolog	chr3	211	24900286	24905286	0	0.0
clust0058	clustered_cis_ohnolog	chr3	212	24905286	24910286	0	0.0
clust0058	clustered_cis_ohnolog	chr3	213	24910286	24915286	0	0.0
clust0058	clustered_cis_ohnolog	chr3	214	24915286	24920286	0	0.0
clust0058	clustered_cis_ohnolog	chr3	215	24920286	24925286	0	0.0
clust0058	clustered_cis_ohnolog	chr3	216	24925286	24930286	0	0.0
clust0058	clustered_cis_ohnolog	chr3	217	24930286	24935286	0	0.0
clust0058	clustered_cis_ohnolog	chr3	218	24935286	24940286	0	0.0
clust0058	clustered_cis_ohnolog	chr3	219	24940286	24945286	0	0.0
clust0058	clustered_cis_ohnolog	chr3	220	24945286	24950286	0	0.0
clust0058	clustered_cis_ohnolog	chr3	221	24950286	24955286	0	0.0
clust0058	clustered_cis_ohnolog	chr3	222	24955286	24960286	0	0.0
clust0058	clustered_cis_ohnolog	chr3	223	24960286	24965286	0	0.0
clust0058	clustered_cis_ohnolog	chr3	224	24965286	24970286	0	0.0
clust0058	clustered_cis_ohnolog	chr3	225	24970286	24975286	0	0.0
clust0058	clustered_cis_ohnolog	chr3	226	24975286	24980286	0	0.0
clust0058	clustered_cis_ohnolog	chr3	227	24980286	24985286	0	0.0
clust0058	clustered_cis_ohnolog	chr3	228	24985286	24990286	0	0.0
clust0058	clustered_cis_ohnolog	chr3	229	24990286	24995286	0	0.0
clust0058	clustered_cis_ohnolog	chr3	230	24995286	25000286	0	0.0
clust0058	clustered_cis_ohnolog	chr3	231	25000286	25005286	0	0.0
clust0058	clustered_cis_ohnolog	chr3	232	25005286	25010286	0	0.0
clust0058	clustered_cis_ohnolog	chr3	233	25010286	25015286	0	0.0
clust0058	clustered_cis_ohnolog	chr3	234	25015286	25020286	0	0.0
clust0058	clustered_cis_ohnolog	chr3	235	25020286	25025286	0	0.0
clust0058	clustered_cis_ohnolog	chr3	236	25025286	25030286	0	0.0
clust0058	clustered_cis_ohnolog	chr3	237	25030286	25035286	0	0.0
clust0058	clustered_cis_ohnolog	chr3	238	25035286	25040286	0	0.0
clust0058	clustered_cis_ohnolog	chr3	239	25040286	25045286	0	0.0
clust0058	clustered_cis_ohnolog	chr3	240	25045286	25050286	0	0.0
clust0058	clustered_cis_ohnolog	chr3	241	25050286	25055286	0	0.0
clust0058	clustered_cis_ohnolog	chr3	242	25055286	25060286	0	0.0
clust0058	clustered_cis_ohnolog	chr3	243	25060286	25065286	0	0.0
clust0058	clustered_cis_ohnolog	chr3	244	25065286	25070286	0	0.0
clust0058	clustered_cis_ohnolog	chr3	245	25070286	25075286	0	0.0
clust0058	clustered_cis_ohnolog	chr3	246	25075286	25080286	0	0.0
clust0058	clustered_cis_ohnolog	chr3	247	25080286	25085286	0	0.0
clust0058	clustered_cis_ohnolog	chr3	248	25085286	25090286	0	0.0
clust0058	clustered_cis_ohnolog	chr3	249	25090286	25095286	0	0.0
clust0058	clustered_cis_ohnolog	chr3	250	25095286	25100286	0	0.0
clust0058	clustered_cis_ohnolog	chr3	251	25100286	25105286	0	0.0
clust0058	clustered_cis_ohnolog	chr3	252	25105286	25110286	0	0.0
clust0058	clustered_cis_ohnolog	chr3	253	25110286	25115286	0	0.0
clust0058	clustered_cis_ohnolog	chr3	254	25115286	25120286	0	0.0
clust0058	clustered_cis_ohnolog	chr3	255	25120286	25125286	0	0.0
clust0058	clustered_cis_ohnolog	chr3	256	25125286	25130286	0	0.0
clust0058	clustered_cis_ohnolog	chr3	257	25130286	25135286	0	0.0
clust0058	clustered_cis_ohnolog	chr3	258	25135286	25140286	0	0.0
clust0058	clustered_cis_ohnolog	chr3	259	25140286	25145286	0	0.0
clust0058	clustered_cis_ohnolog	chr3	260	25145286	25150286	0	0.0
clust0058	clustered_cis_ohnolog	chr3	261	25150286	25155286	0	0.0
clust0058	clustered_cis_ohnolog	chr3	262	25155286	25160286	0	0.0
clust0058	clustered_cis_ohnolog	chr3	263	25160286	25165286	0	0.0
clust0058	clustered_cis_ohnolog	chr3	264	25165286	25170286	0	0.0
clust0058	clustered_cis_ohnolog	chr3	265	25170286	25175286	0	0.0
clust0058	clustered_cis_ohnolog	chr3	266	25175286	25180286	0	0.0
clust0058	clustered_cis_ohnolog	chr3	267	25180286	25185286	0	0.0
clust0058	clustered_cis_ohnolog	chr3	268	25185286	25190286	0	0.0
clust0058	clustered_cis_ohnolog	chr3	269	25190286	25195286	0	0.0
clust0058	clustered_cis_ohnolog	chr3	270	25195286	25200286	0	0.0
clust0058	clustered_cis_ohnolog	chr3	271	25200286	25205286	0	0.0
clust0058	clustered_cis_ohnolog	chr3	272	25205286	25210286	0	0.0
clust0058	clustered_cis_ohnolog	chr3	273	25210286	25215286	0	0.0
clust0058	clustered_cis_ohnolog	chr3	274	25215286	25220286	0	0.0
clust0058	clustered_cis_ohnolog	chr3	275	25220286	25225286	0	0.0
clust0058	clustered_cis_ohnolog	chr3	276	25225286	25230286	0	0.0
clust0058	clustered_cis_ohnolog	chr3	277	25230286	25235286	0	0.0
clust0058	clustered_cis_ohnolog	chr3	278	25235286	25240286	0	0.0
clust0058	clustered_cis_ohnolog	chr3	279	25240286	25245286	0	0.0
clust0058	clustered_cis_ohnolog	chr3	280	25245286	25250286	0	0.0
clust0058	clustered_cis_ohnolog	chr3	281	25250286	25255286	0	0.0
clust0058	clustered_cis_ohnolog	chr3	282	25255286	25260286	0	0.0
clust0058	clustered_cis_ohnolog	chr3	283	25260286	25265286	0	0.0
clust0058	clustered_cis_ohnolog	chr3	284	25265286	25270286	0	0.0
clust0058	clustered_cis_ohnolog	chr3	285	25270286	25275286	0	0.0
clust0058	clustered_cis_ohnolog	chr3	286	25275286	25280286	0	0.0
clust0058	clustered_cis_ohnolog	chr3	287	25280286	25285286	0	0.0
clust0058	clustered_cis_ohnolog	chr3	288	25285286	25290286	0	0.0
clust0058	clustered_cis_ohnolog	chr3	289	25290286	25295286	0	0.0
clust0058	clustered_cis_ohnolog	chr3	290	25295286	25300286	0	0.0
clust0058	clustered_cis_ohnolog	chr3	291	25300286	25305286	0	0.0
clust0058	clustered_cis_ohnolog	chr3	292	25305286	25310286	0	0.0
clust0058	clustered_cis_ohnolog	chr3	293	25310286	25315286	0	0.0
clust0058	clustered_cis_ohnolog	chr3	294	25315286	25320286	0	0.0
clust0058	clustered_cis_ohnolog	chr3	295	25320286	25325286	0	0.0
clust0058	clustered_cis_ohnolog	chr3	296	25325286	25330286	0	0.0
clust0058	clustered_cis_ohnolog	chr3	297	25330286	25335286	0	0.0
clust0058	clustered_cis_ohnolog	chr3	298	25335286	25340286	0	0.0
clust0058	clustered_cis_ohnolog	chr3	299	25340286	25345286	0	0.0
clust0058	clustered_cis_ohnolog	chr3	300	25345286	25350286	0	0.0
clust0058	clustered_cis_ohnolog	chr3	301	25350286	25355286	0	0.0
clust0058	clustered_cis_ohnolog	chr3	302	25355286	25360286	0	0.0
clust0058	clustered_cis_ohnolog	chr3	303	25360286	25365286	0	0.0
clust0058	clustered_cis_ohnolog	chr3	304	25365286	25370286	0	0.0
clust0058	clustered_cis_ohnolog	chr3	305	25370286	25375286	0	0.0
clust0058	clustered_cis_ohnolog	chr3	306	25375286	25380286	0	0.0
clust0058	clustered_cis_ohnolog	chr3	307	25380286	25385286	0	0.0
clust0058	clustered_cis_ohnolog	chr3	308	25385286	25390286	0	0.0
clust0058	clustered_cis_ohnolog	chr3	309	25390286	25395286	0	0.0
clust0058	clustered_cis_ohnolog	chr3	310	25395286	25400286	0	0.0
clust0058	clustered_cis_ohnolog	chr3	311	25400286	25405286	0	0.0
clust0058	clustered_cis_ohnolog	chr3	312	25405286	25410286	0	0.0
clust0058	clustered_cis_ohnolog	chr3	313	25410286	25415286	0	0.0
clust0058	clustered_cis_ohnolog	chr3	314	25415286	25420286	0	0.0
clust0058	clustered_cis_ohnolog	chr3	315	25420286	25425286	0	0.0
clust0058	clustered_cis_ohnolog	chr3	316	25425286	25430286	0	0.0
clust0058	clustered_cis_ohnolog	chr3	317	25430286	25435286	0	0.0
clust0058	clustered_cis_ohnolog	chr3	318	25435286	25440286	0	0.0
clust0058	clustered_cis_ohnolog	chr3	319	25440286	25445286	1	0.126
clust0058	clustered_cis_ohnolog	chr3	320	25445286	25450286	0	0.0
clust0058	clustered_cis_ohnolog	chr3	321	25450286	25455286	0	0.0
clust0058	clustered_cis_ohnolog	chr3	322	25455286	25460286	0	0.0
clust0058	clustered_cis_ohnolog	chr3	323	25460286	25465286	0	0.0
clust0058	clustered_cis_ohnolog	chr3	324	25465286	25470286	0	0.0
clust0058	clustered_cis_ohnolog	chr3	325	25470286	25475286	0	0.0
clust0058	clustered_cis_ohnolog	chr3	326	25475286	25480286	0	0.0
clust0058	clustered_cis_ohnolog	chr3	327	25480286	25485286	0	0.0
clust0058	clustered_cis_ohnolog	chr3	328	25485286	25490286	0	0.0
clust0058	clustered_cis_ohnolog	chr3	329	25490286	25495286	0	0.0
clust0058	clustered_cis_ohnolog	chr3	330	25495286	25500286	0	0.0
clust0058	clustered_cis_ohnolog	chr3	331	25500286	25505286	0	0.0
clust0058	clustered_cis_ohnolog	chr3	332	25505286	25510286	0	0.0
clust0058	clustered_cis_ohnolog	chr3	333	25510286	25515286	0	0.0
clust0058	clustered_cis_ohnolog	chr3	334	25515286	25520286	0	0.0
clust0058	clustered_cis_ohnolog	chr3	335	25520286	25525286	0	0.0
clust0058	clustered_cis_ohnolog	chr3	336	25525286	25530286	0	0.0
clust0058	clustered_cis_ohnolog	chr3	337	25530286	25535286	0	0.0
clust0058	clustered_cis_ohnolog	chr3	338	25535286	25540286	0	0.0
clust0058	clustered_cis_ohnolog	chr3	339	25540286	25545286	0	0.0
clust0058	clustered_cis_ohnolog	chr3	340	25545286	25550286	0	0.0
clust0058	clustered_cis_ohnolog	chr3	341	25550286	25555286	0	0.0
clust0058	clustered_cis_ohnolog	chr3	342	25555286	25560286	0	0.0
clust0058	clustered_cis_ohnolog	chr3	343	25560286	25565286	0	0.0
clust0058	clustered_cis_ohnolog	chr3	344	25565286	25570286	0	0.0
clust0058	clustered_cis_ohnolog	chr3	345	25570286	25575286	0	0.0
clust0058	clustered_cis_ohnolog	chr3	346	25575286	25580286	0	0.0
clust0058	clustered_cis_ohnolog	chr3	347	25580286	25585286	0	0.0
clust0058	clustered_cis_ohnolog	chr3	348	25585286	25590286	0	0.0
clust0058	clustered_cis_ohnolog	chr3	349	25590286	25595286	1	0.126
clust0058	clustered_cis_ohnolog	chr3	350	25595286	25600286	0	0.0
clust0058	clustered_cis_ohnolog	chr3	351	25600286	25605286	0	0.0
clust0058	clustered_cis_ohnolog	chr3	352	25605286	25610286	0	0.0
clust0058	clustered_cis_ohnolog	chr3	353	25610286	25615286	0	0.0
clust0058	clustered_cis_ohnolog	chr3	354	25615286	25620286	0	0.0
clust0058	clustered_cis_ohnolog	chr3	355	25620286	25625286	0	0.0
clust0058	clustered_cis_ohnolog	chr3	356	25625286	25630286	0	0.0
clust0058	clustered_cis_ohnolog	chr3	357	25630286	25635286	0	0.0
clust0058	clustered_cis_ohnolog	chr3	358	25635286	25640286	0	0.0
clust0058	clustered_cis_ohnolog	chr3	359	25640286	25645286	0	0.0
clust0058	clustered_cis_ohnolog	chr3	360	25645286	25650286	2	0.1934
clust0058	clustered_cis_ohnolog	chr3	361	25650286	25655286	0	0.0
clust0058	clustered_cis_ohnolog	chr3	362	25655286	25660286	0	0.0
clust0058	clustered_cis_ohnolog	chr3	363	25660286	25665286	0	0.0
clust0058	clustered_cis_ohnolog	chr3	364	25665286	25670286	0	0.0
clust0058	clustered_cis_ohnolog	chr3	365	25670286	25675286	0	0.0
clust0058	clustered_cis_ohnolog	chr3	366	25675286	25680286	0	0.0
clust0058	clustered_cis_ohnolog	chr3	367	25680286	25685286	0	0.0
clust0058	clustered_cis_ohnolog	chr3	368	25685286	25690286	0	0.0
clust0058	clustered_cis_ohnolog	chr3	369	25690286	25695286	0	0.0
clust0058	clustered_cis_ohnolog	chr3	370	25695286	25697932	0	0.0
clust0023	clustered_cis_ohnolog	chr3	0	44478223	44483223	0	0.0
clust0023	clustered_cis_ohnolog	chr3	1	44483223	44488223	0	0.0
clust0023	clustered_cis_ohnolog	chr3	2	44488223	44493223	0	0.0
clust0023	clustered_cis_ohnolog	chr3	3	44493223	44498223	0	0.0
clust0023	clustered_cis_ohnolog	chr3	4	44498223	44503223	0	0.0
clust0023	clustered_cis_ohnolog	chr3	5	44503223	44508223	0	0.0
clust0023	clustered_cis_ohnolog	chr3	6	44508223	44513223	0	0.0
clust0023	clustered_cis_ohnolog	chr3	7	44513223	44518223	0	0.0
clust0023	clustered_cis_ohnolog	chr3	8	44518223	44523223	0	0.0
clust0023	clustered_cis_ohnolog	chr3	9	44523223	44528223	0	0.0
clust0023	clustered_cis_ohnolog	chr3	10	44528223	44533223	2	0.1846
clust0023	clustered_cis_ohnolog	chr3	11	44533223	44538223	0	0.0674
clust0023	clustered_cis_ohnolog	chr3	12	44538223	44543223	0	0.0
clust0023	clustered_cis_ohnolog	chr3	13	44543223	44548223	0	0.0
clust0023	clustered_cis_ohnolog	chr3	14	44548223	44553223	0	0.0
clust0023	clustered_cis_ohnolog	chr3	15	44553223	44558223	0	0.0
clust0023	clustered_cis_ohnolog	chr3	16	44558223	44563223	0	0.0
clust0023	clustered_cis_ohnolog	chr3	17	44563223	44568223	0	0.0
clust0023	clustered_cis_ohnolog	chr3	18	44568223	44573223	0	0.0
clust0023	clustered_cis_ohnolog	chr3	19	44573223	44578223	0	0.0
clust0023	clustered_cis_ohnolog	chr3	20	44578223	44583223	0	0.0
clust0023	clustered_cis_ohnolog	chr3	21	44583223	44588223	0	0.0
clust0023	clustered_cis_ohnolog	chr3	22	44588223	44593223	0	0.0
clust0023	clustered_cis_ohnolog	chr3	23	44593223	44598223	0	0.0
clust0023	clustered_cis_ohnolog	chr3	24	44598223	44603223	0	0.0
clust0023	clustered_cis_ohnolog	chr3	25	44603223	44608223	0	0.0
clust0023	clustered_cis_ohnolog	chr3	26	44608223	44613223	0	0.0
clust0023	clustered_cis_ohnolog	chr3	27	44613223	44618223	0	0.0
clust0023	clustered_cis_ohnolog	chr3	28	44618223	44623223	0	0.0
clust0023	clustered_cis_ohnolog	chr3	29	44623223	44628223	0	0.0
clust0023	clustered_cis_ohnolog	chr3	30	44628223	44633223	0	0.0
clust0023	clustered_cis_ohnolog	chr3	31	44633223	44638223	0	0.0
clust0023	clustered_cis_ohnolog	chr3	32	44638223	44643223	0	0.0
clust0023	clustered_cis_ohnolog	chr3	33	44643223	44648223	0	0.0
clust0023	clustered_cis_ohnolog	chr3	34	44648223	44653223	0	0.0
clust0023	clustered_cis_ohnolog	chr3	35	44653223	44658223	0	0.0
clust0023	clustered_cis_ohnolog	chr3	36	44658223	44663223	0	0.0
clust0023	clustered_cis_ohnolog	chr3	37	44663223	44668223	0	0.0
clust0023	clustered_cis_ohnolog	chr3	38	44668223	44673223	0	0.0
clust0023	clustered_cis_ohnolog	chr3	39	44673223	44678223	0	0.0
clust0023	clustered_cis_ohnolog	chr3	40	44678223	44683223	0	0.0
clust0023	clustered_cis_ohnolog	chr3	41	44683223	44688223	0	0.0
clust0023	clustered_cis_ohnolog	chr3	42	44688223	44693223	0	0.0
clust0023	clustered_cis_ohnolog	chr3	43	44693223	44698223	0	0.0
clust0023	clustered_cis_ohnolog	chr3	44	44698223	44703223	0	0.0
clust0023	clustered_cis_ohnolog	chr3	45	44703223	44708223	0	0.0
clust0023	clustered_cis_ohnolog	chr3	46	44708223	44713223	0	0.0
clust0023	clustered_cis_ohnolog	chr3	47	44713223	44718223	0	0.0
clust0023	clustered_cis_ohnolog	chr3	48	44718223	44723223	0	0.0
clust0023	clustered_cis_ohnolog	chr3	49	44723223	44728223	0	0.0
clust0023	clustered_cis_ohnolog	chr3	50	44728223	44733223	0	0.0
clust0023	clustered_cis_ohnolog	chr3	51	44733223	44738223	0	0.0
clust0023	clustered_cis_ohnolog	chr3	52	44738223	44743223	0	0.0
clust0023	clustered_cis_ohnolog	chr3	53	44743223	44748223	0	0.0
clust0023	clustered_cis_ohnolog	chr3	54	44748223	44753223	0	0.0
clust0023	clustered_cis_ohnolog	chr3	55	44753223	44758223	0	0.0
clust0023	clustered_cis_ohnolog	chr3	56	44758223	44763223	0	0.0
clust0023	clustered_cis_ohnolog	chr3	57	44763223	44768223	0	0.0
clust0023	clustered_cis_ohnolog	chr3	58	44768223	44773223	0	0.0
clust0023	clustered_cis_ohnolog	chr3	59	44773223	44778223	0	0.0
clust0023	clustered_cis_ohnolog	chr3	60	44778223	44783223	0	0.0
clust0023	clustered_cis_ohnolog	chr3	61	44783223	44788223	0	0.0
clust0023	clustered_cis_ohnolog	chr3	62	44788223	44793223	0	0.0
clust0023	clustered_cis_ohnolog	chr3	63	44793223	44798223	0	0.0
clust0023	clustered_cis_ohnolog	chr3	64	44798223	44803223	0	0.0
clust0023	clustered_cis_ohnolog	chr3	65	44803223	44808223	0	0.0
clust0023	clustered_cis_ohnolog	chr3	66	44808223	44813223	0	0.0
clust0023	clustered_cis_ohnolog	chr3	67	44813223	44818223	0	0.0
clust0023	clustered_cis_ohnolog	chr3	68	44818223	44823223	0	0.0
clust0023	clustered_cis_ohnolog	chr3	69	44823223	44828223	0	0.0
clust0023	clustered_cis_ohnolog	chr3	70	44828223	44833223	0	0.0
clust0023	clustered_cis_ohnolog	chr3	71	44833223	44837083	0	0.0
clust0024	clustered_cis_ohnolog	chr3	0	147286046	147291046	0	0.0
clust0024	clustered_cis_ohnolog	chr3	1	147291046	147296046	0	0.0
clust0024	clustered_cis_ohnolog	chr3	2	147296046	147301046	0	0.0
clust0024	clustered_cis_ohnolog	chr3	3	147301046	147306046	0	0.0
clust0024	clustered_cis_ohnolog	chr3	4	147306046	147311046	0	0.0
clust0024	clustered_cis_ohnolog	chr3	5	147311046	147316046	0	0.0
clust0024	clustered_cis_ohnolog	chr3	6	147316046	147321046	0	0.0
clust0024	clustered_cis_ohnolog	chr3	7	147321046	147326046	0	0.0
clust0024	clustered_cis_ohnolog	chr3	8	147326046	147331046	0	0.0
clust0024	clustered_cis_ohnolog	chr3	9	147331046	147336046	0	0.0
clust0024	clustered_cis_ohnolog	chr3	10	147336046	147341046	0	0.0
clust0024	clustered_cis_ohnolog	chr3	11	147341046	147346046	0	0.0
clust0024	clustered_cis_ohnolog	chr3	12	147346046	147351046	0	0.0
clust0024	clustered_cis_ohnolog	chr3	13	147351046	147356046	0	0.0
clust0024	clustered_cis_ohnolog	chr3	14	147356046	147361046	0	0.0
clust0024	clustered_cis_ohnolog	chr3	15	147361046	147366046	1	0.126
clust0024	clustered_cis_ohnolog	chr3	16	147366046	147371046	0	0.0
clust0024	clustered_cis_ohnolog	chr3	17	147371046	147376046	0	0.0
clust0024	clustered_cis_ohnolog	chr3	18	147376046	147381046	0	0.0
clust0024	clustered_cis_ohnolog	chr3	19	147381046	147386046	0	0.0
clust0024	clustered_cis_ohnolog	chr3	20	147386046	147391046	0	0.0
clust0024	clustered_cis_ohnolog	chr3	21	147391046	147396046	0	0.0
clust0024	clustered_cis_ohnolog	chr3	22	147396046	147401046	0	0.0
clust0024	clustered_cis_ohnolog	chr3	23	147401046	147406046	0	0.0
clust0024	clustered_cis_ohnolog	chr3	24	147406046	147411046	0	0.0
clust0024	clustered_cis_ohnolog	chr3	25	147411046	147416046	0	0.0
clust0024	clustered_cis_ohnolog	chr3	26	147416046	147421046	0	0.0
clust0024	clustered_cis_ohnolog	chr3	27	147421046	147426046	0	0.0
clust0024	clustered_cis_ohnolog	chr3	28	147426046	147431046	0	0.0
clust0024	clustered_cis_ohnolog	chr3	29	147431046	147436046	0	0.0
clust0024	clustered_cis_ohnolog	chr3	30	147436046	147441046	0	0.0
clust0024	clustered_cis_ohnolog	chr3	31	147441046	147446046	0	0.0
clust0024	clustered_cis_ohnolog	chr3	32	147446046	147451046	0	0.0
clust0024	clustered_cis_ohnolog	chr3	33	147451046	147456046	0	0.0
clust0024	clustered_cis_ohnolog	chr3	34	147456046	147461046	0	0.0
clust0024	clustered_cis_ohnolog	chr3	35	147461046	147466046	0	0.0
clust0024	clustered_cis_ohnolog	chr3	36	147466046	147471046	0	0.0
clust0024	clustered_cis_ohnolog	chr3	37	147471046	147476046	0	0.0
clust0024	clustered_cis_ohnolog	chr3	38	147476046	147481046	0	0.0
clust0024	clustered_cis_ohnolog	chr3	39	147481046	147486046	0	0.0
clust0024	clustered_cis_ohnolog	chr3	40	147486046	147491046	0	0.0
clust0024	clustered_cis_ohnolog	chr3	41	147491046	147496046	0	0.0
clust0024	clustered_cis_ohnolog	chr3	42	147496046	147501046	0	0.0
clust0024	clustered_cis_ohnolog	chr3	43	147501046	147506046	0	0.0
clust0024	clustered_cis_ohnolog	chr3	44	147506046	147511046	0	0.0
clust0024	clustered_cis_ohnolog	chr3	45	147511046	147516046	0	0.0
clust0024	clustered_cis_ohnolog	chr3	46	147516046	147521046	0	0.0
clust0024	clustered_cis_ohnolog	chr3	47	147521046	147526046	0	0.0
clust0024	clustered_cis_ohnolog	chr3	48	147526046	147531046	0	0.0
clust0024	clustered_cis_ohnolog	chr3	49	147531046	147536046	0	0.0
clust0024	clustered_cis_ohnolog	chr3	50	147536046	147541046	0	0.0
clust0024	clustered_cis_ohnolog	chr3	51	147541046	147546046	0	0.0
clust0024	clustered_cis_ohnolog	chr3	52	147546046	147551046	0	0.0
clust0024	clustered_cis_ohnolog	chr3	53	147551046	147556046	0	0.0
clust0024	clustered_cis_ohnolog	chr3	54	147556046	147561046	0	0.0
clust0024	clustered_cis_ohnolog	chr3	55	147561046	147566046	0	0.0
clust0024	clustered_cis_ohnolog	chr3	56	147566046	147571046	0	0.0
clust0024	clustered_cis_ohnolog	chr3	57	147571046	147576046	0	0.0
clust0024	clustered_cis_ohnolog	chr3	58	147576046	147581046	0	0.0
clust0024	clustered_cis_ohnolog	chr3	59	147581046	147586046	0	0.0
clust0024	clustered_cis_ohnolog	chr3	60	147586046	147591046	0	0.0
clust0024	clustered_cis_ohnolog	chr3	61	147591046	147596046	0	0.0
clust0024	clustered_cis_ohnolog	chr3	62	147596046	147601046	0	0.0
clust0024	clustered_cis_ohnolog	chr3	63	147601046	147606046	0	0.0
clust0024	clustered_cis_ohnolog	chr3	64	147606046	147610293	0	0.0
clust0052	clustered_cis_ohnolog	chr5	0	1777413	1782413	0	0.0
clust0052	clustered_cis_ohnolog	chr5	1	1782413	1787413	0	0.0
clust0052	clustered_cis_ohnolog	chr5	2	1787413	1792413	0	0.0
clust0052	clustered_cis_ohnolog	chr5	3	1792413	1797413	0	0.0
clust0052	clustered_cis_ohnolog	chr5	4	1797413	1802413	0	0.0
clust0052	clustered_cis_ohnolog	chr5	5	1802413	1807413	0	0.0
clust0052	clustered_cis_ohnolog	chr5	6	1807413	1812413	0	0.0
clust0052	clustered_cis_ohnolog	chr5	7	1812413	1817413	0	0.0
clust0052	clustered_cis_ohnolog	chr5	8	1817413	1822413	0	0.0
clust0052	clustered_cis_ohnolog	chr5	9	1822413	1827413	0	0.0
clust0052	clustered_cis_ohnolog	chr5	10	1827413	1832413	0	0.0
clust0052	clustered_cis_ohnolog	chr5	11	1832413	1837413	0	0.0
clust0052	clustered_cis_ohnolog	chr5	12	1837413	1842413	0	0.0
clust0052	clustered_cis_ohnolog	chr5	13	1842413	1847413	1	0.126
clust0052	clustered_cis_ohnolog	chr5	14	1847413	1852413	0	0.0
clust0052	clustered_cis_ohnolog	chr5	15	1852413	1857413	0	0.0
clust0052	clustered_cis_ohnolog	chr5	16	1857413	1862413	0	0.0
clust0052	clustered_cis_ohnolog	chr5	17	1862413	1867413	0	0.0
clust0052	clustered_cis_ohnolog	chr5	18	1867413	1872413	0	0.0
clust0052	clustered_cis_ohnolog	chr5	19	1872413	1877413	0	0.0
clust0052	clustered_cis_ohnolog	chr5	20	1877413	1882413	0	0.0
clust0052	clustered_cis_ohnolog	chr5	21	1882413	1887413	0	0.0
clust0052	clustered_cis_ohnolog	chr5	22	1887413	1892413	0	0.0
clust0052	clustered_cis_ohnolog	chr5	23	1892413	1897413	0	0.0
clust0052	clustered_cis_ohnolog	chr5	24	1897413	1902413	0	0.0
clust0052	clustered_cis_ohnolog	chr5	25	1902413	1907413	0	0.0
clust0052	clustered_cis_ohnolog	chr5	26	1907413	1912413	0	0.0
clust0052	clustered_cis_ohnolog	chr5	27	1912413	1917413	0	0.0
clust0052	clustered_cis_ohnolog	chr5	28	1917413	1922413	0	0.0
clust0052	clustered_cis_ohnolog	chr5	29	1922413	1927413	0	0.0
clust0052	clustered_cis_ohnolog	chr5	30	1927413	1932413	0	0.0
clust0052	clustered_cis_ohnolog	chr5	31	1932413	1937413	0	0.0
clust0052	clustered_cis_ohnolog	chr5	32	1937413	1942413	0	0.0
clust0052	clustered_cis_ohnolog	chr5	33	1942413	1947413	0	0.0
clust0052	clustered_cis_ohnolog	chr5	34	1947413	1952413	0	0.0
clust0052	clustered_cis_ohnolog	chr5	35	1952413	1957413	0	0.0
clust0052	clustered_cis_ohnolog	chr5	36	1957413	1962413	0	0.0
clust0052	clustered_cis_ohnolog	chr5	37	1962413	1967413	0	0.0
clust0052	clustered_cis_ohnolog	chr5	38	1967413	1972413	0	0.0
clust0052	clustered_cis_ohnolog	chr5	39	1972413	1977413	0	0.0
clust0052	clustered_cis_ohnolog	chr5	40	1977413	1982413	0	0.0
clust0052	clustered_cis_ohnolog	chr5	41	1982413	1987413	0	0.0
clust0052	clustered_cis_ohnolog	chr5	42	1987413	1992413	0	0.0
clust0052	clustered_cis_ohnolog	chr5	43	1992413	1997413	0	0.0
clust0052	clustered_cis_ohnolog	chr5	44	1997413	2002413	0	0.0
clust0052	clustered_cis_ohnolog	chr5	45	2002413	2007413	0	0.0
clust0052	clustered_cis_ohnolog	chr5	46	2007413	2012413	0	0.0
clust0052	clustered_cis_ohnolog	chr5	47	2012413	2017413	0	0.0
clust0052	clustered_cis_ohnolog	chr5	48	2017413	2022413	1	0.126
clust0052	clustered_cis_ohnolog	chr5	49	2022413	2027413	0	0.0
clust0052	clustered_cis_ohnolog	chr5	50	2027413	2032413	0	0.0
clust0052	clustered_cis_ohnolog	chr5	51	2032413	2037413	0	0.0
clust0052	clustered_cis_ohnolog	chr5	52	2037413	2042413	1	0.0906
clust0052	clustered_cis_ohnolog	chr5	53	2042413	2047413	0	0.0
clust0052	clustered_cis_ohnolog	chr5	54	2047413	2052413	0	0.0
clust0052	clustered_cis_ohnolog	chr5	55	2052413	2057413	0	0.0
clust0052	clustered_cis_ohnolog	chr5	56	2057413	2062413	0	0.0
clust0052	clustered_cis_ohnolog	chr5	57	2062413	2067413	0	0.0
clust0052	clustered_cis_ohnolog	chr5	58	2067413	2072413	0	0.0
clust0052	clustered_cis_ohnolog	chr5	59	2072413	2077413	0	0.0
clust0052	clustered_cis_ohnolog	chr5	60	2077413	2082413	0	0.0
clust0052	clustered_cis_ohnolog	chr5	61	2082413	2087413	0	0.0
clust0052	clustered_cis_ohnolog	chr5	62	2087413	2092413	0	0.0
clust0052	clustered_cis_ohnolog	chr5	63	2092413	2097413	0	0.0
clust0052	clustered_cis_ohnolog	chr5	64	2097413	2102413	0	0.0
clust0052	clustered_cis_ohnolog	chr5	65	2102413	2107413	0	0.021
clust0052	clustered_cis_ohnolog	chr5	66	2107413	2112413	2	0.231
clust0052	clustered_cis_ohnolog	chr5	67	2112413	2117413	0	0.0
clust0052	clustered_cis_ohnolog	chr5	68	2117413	2122413	0	0.0
clust0052	clustered_cis_ohnolog	chr5	69	2122413	2127413	0	0.0
clust0052	clustered_cis_ohnolog	chr5	70	2127413	2132413	0	0.0
clust0052	clustered_cis_ohnolog	chr5	71	2132413	2137413	0	0.0
clust0052	clustered_cis_ohnolog	chr5	72	2137413	2142413	0	0.0
clust0052	clustered_cis_ohnolog	chr5	73	2142413	2147413	0	0.0
clust0052	clustered_cis_ohnolog	chr5	74	2147413	2152413	1	0.126
clust0052	clustered_cis_ohnolog	chr5	75	2152413	2157413	0	0.0
clust0052	clustered_cis_ohnolog	chr5	76	2157413	2162413	0	0.0
clust0052	clustered_cis_ohnolog	chr5	77	2162413	2167413	0	0.0
clust0052	clustered_cis_ohnolog	chr5	78	2167413	2172413	0	0.0
clust0052	clustered_cis_ohnolog	chr5	79	2172413	2177413	0	0.0
clust0052	clustered_cis_ohnolog	chr5	80	2177413	2182413	0	0.0
clust0052	clustered_cis_ohnolog	chr5	81	2182413	2187413	0	0.0
clust0052	clustered_cis_ohnolog	chr5	82	2187413	2192413	0	0.0
clust0052	clustered_cis_ohnolog	chr5	83	2192413	2197413	0	0.0
clust0052	clustered_cis_ohnolog	chr5	84	2197413	2202413	0	0.0
clust0052	clustered_cis_ohnolog	chr5	85	2202413	2207413	0	0.0
clust0052	clustered_cis_ohnolog	chr5	86	2207413	2212413	0	0.0
clust0052	clustered_cis_ohnolog	chr5	87	2212413	2217413	0	0.0
clust0052	clustered_cis_ohnolog	chr5	88	2217413	2222413	0	0.0
clust0052	clustered_cis_ohnolog	chr5	89	2222413	2227413	0	0.0
clust0052	clustered_cis_ohnolog	chr5	90	2227413	2232413	0	0.0
clust0052	clustered_cis_ohnolog	chr5	91	2232413	2237413	0	0.0
clust0052	clustered_cis_ohnolog	chr5	92	2237413	2242413	0	0.0
clust0052	clustered_cis_ohnolog	chr5	93	2242413	2247413	0	0.0
clust0052	clustered_cis_ohnolog	chr5	94	2247413	2252413	0	0.0
clust0052	clustered_cis_ohnolog	chr5	95	2252413	2257413	0	0.0
clust0052	clustered_cis_ohnolog	chr5	96	2257413	2262413	0	0.0
clust0052	clustered_cis_ohnolog	chr5	97	2262413	2267413	0	0.0
clust0052	clustered_cis_ohnolog	chr5	98	2267413	2272413	0	0.0
clust0052	clustered_cis_ohnolog	chr5	99	2272413	2277413	0	0.0
clust0052	clustered_cis_ohnolog	chr5	100	2277413	2282413	0	0.0
clust0052	clustered_cis_ohnolog	chr5	101	2282413	2287413	0	0.0
clust0052	clustered_cis_ohnolog	chr5	102	2287413	2292413	0	0.0
clust0052	clustered_cis_ohnolog	chr5	103	2292413	2297413	0	0.0
clust0052	clustered_cis_ohnolog	chr5	104	2297413	2302413	0	0.0
clust0052	clustered_cis_ohnolog	chr5	105	2302413	2307413	0	0.0
clust0052	clustered_cis_ohnolog	chr5	106	2307413	2312413	0	0.0
clust0052	clustered_cis_ohnolog	chr5	107	2312413	2317413	0	0.0
clust0052	clustered_cis_ohnolog	chr5	108	2317413	2322413	0	0.0
clust0052	clustered_cis_ohnolog	chr5	109	2322413	2327413	0	0.0
clust0052	clustered_cis_ohnolog	chr5	110	2327413	2332413	0	0.0
clust0052	clustered_cis_ohnolog	chr5	111	2332413	2337413	0	0.0
clust0052	clustered_cis_ohnolog	chr5	112	2337413	2342413	0	0.0
clust0052	clustered_cis_ohnolog	chr5	113	2342413	2347413	0	0.0
clust0052	clustered_cis_ohnolog	chr5	114	2347413	2352413	0	0.0
clust0052	clustered_cis_ohnolog	chr5	115	2352413	2357413	0	0.0
clust0052	clustered_cis_ohnolog	chr5	116	2357413	2362413	0	0.0
clust0052	clustered_cis_ohnolog	chr5	117	2362413	2367413	0	0.0
clust0052	clustered_cis_ohnolog	chr5	118	2367413	2372413	0	0.0
clust0052	clustered_cis_ohnolog	chr5	119	2372413	2377413	0	0.0
clust0052	clustered_cis_ohnolog	chr5	120	2377413	2382413	0	0.0
clust0052	clustered_cis_ohnolog	chr5	121	2382413	2387413	0	0.0
clust0052	clustered_cis_ohnolog	chr5	122	2387413	2392413	0	0.0
clust0052	clustered_cis_ohnolog	chr5	123	2392413	2397413	0	0.0
clust0052	clustered_cis_ohnolog	chr5	124	2397413	2402413	0	0.0
clust0052	clustered_cis_ohnolog	chr5	125	2402413	2407413	0	0.0
clust0052	clustered_cis_ohnolog	chr5	126	2407413	2412413	0	0.0
clust0052	clustered_cis_ohnolog	chr5	127	2412413	2417413	0	0.0
clust0052	clustered_cis_ohnolog	chr5	128	2417413	2422413	0	0.0
clust0052	clustered_cis_ohnolog	chr5	129	2422413	2427413	0	0.0
clust0052	clustered_cis_ohnolog	chr5	130	2427413	2432413	0	0.0
clust0052	clustered_cis_ohnolog	chr5	131	2432413	2437413	0	0.0
clust0052	clustered_cis_ohnolog	chr5	132	2437413	2442413	0	0.0
clust0052	clustered_cis_ohnolog	chr5	133	2442413	2447413	0	0.0
clust0052	clustered_cis_ohnolog	chr5	134	2447413	2452413	0	0.0
clust0052	clustered_cis_ohnolog	chr5	135	2452413	2457413	0	0.0
clust0052	clustered_cis_ohnolog	chr5	136	2457413	2462413	0	0.0
clust0052	clustered_cis_ohnolog	chr5	137	2462413	2467413	0	0.0
clust0052	clustered_cis_ohnolog	chr5	138	2467413	2472413	0	0.0
clust0052	clustered_cis_ohnolog	chr5	139	2472413	2477413	0	0.0
clust0052	clustered_cis_ohnolog	chr5	140	2477413	2482413	0	0.0
clust0052	clustered_cis_ohnolog	chr5	141	2482413	2487413	0	0.0
clust0052	clustered_cis_ohnolog	chr5	142	2487413	2492413	0	0.0
clust0052	clustered_cis_ohnolog	chr5	143	2492413	2497413	0	0.0
clust0052	clustered_cis_ohnolog	chr5	144	2497413	2502413	0	0.0
clust0052	clustered_cis_ohnolog	chr5	145	2502413	2507413	0	0.0
clust0052	clustered_cis_ohnolog	chr5	146	2507413	2512413	0	0.0
clust0052	clustered_cis_ohnolog	chr5	147	2512413	2517413	0	0.0
clust0052	clustered_cis_ohnolog	chr5	148	2517413	2522413	0	0.0
clust0052	clustered_cis_ohnolog	chr5	149	2522413	2527413	0	0.0
clust0052	clustered_cis_ohnolog	chr5	150	2527413	2532413	0	0.0
clust0052	clustered_cis_ohnolog	chr5	151	2532413	2537413	0	0.0
clust0052	clustered_cis_ohnolog	chr5	152	2537413	2542413	0	0.0
clust0052	clustered_cis_ohnolog	chr5	153	2542413	2547413	0	0.0
clust0052	clustered_cis_ohnolog	chr5	154	2547413	2552413	0	0.0
clust0052	clustered_cis_ohnolog	chr5	155	2552413	2557413	0	0.0
clust0052	clustered_cis_ohnolog	chr5	156	2557413	2562413	0	0.0
clust0052	clustered_cis_ohnolog	chr5	157	2562413	2567413	0	0.0
clust0052	clustered_cis_ohnolog	chr5	158	2567413	2572413	0	0.0
clust0052	clustered_cis_ohnolog	chr5	159	2572413	2577413	0	0.0
clust0052	clustered_cis_ohnolog	chr5	160	2577413	2582413	0	0.0
clust0052	clustered_cis_ohnolog	chr5	161	2582413	2587413	0	0.0
clust0052	clustered_cis_ohnolog	chr5	162	2587413	2592413	0	0.0
clust0052	clustered_cis_ohnolog	chr5	163	2592413	2597413	0	0.0
clust0052	clustered_cis_ohnolog	chr5	164	2597413	2602413	0	0.0
clust0052	clustered_cis_ohnolog	chr5	165	2602413	2607413	0	0.0
clust0052	clustered_cis_ohnolog	chr5	166	2607413	2612413	0	0.0
clust0052	clustered_cis_ohnolog	chr5	167	2612413	2617413	0	0.0
clust0052	clustered_cis_ohnolog	chr5	168	2617413	2622413	0	0.0
clust0052	clustered_cis_ohnolog	chr5	169	2622413	2627413	0	0.0
clust0052	clustered_cis_ohnolog	chr5	170	2627413	2632413	0	0.0
clust0052	clustered_cis_ohnolog	chr5	171	2632413	2637413	0	0.0
clust0052	clustered_cis_ohnolog	chr5	172	2637413	2642413	0	0.0
clust0052	clustered_cis_ohnolog	chr5	173	2642413	2647413	0	0.0
clust0052	clustered_cis_ohnolog	chr5	174	2647413	2652413	0	0.0
clust0052	clustered_cis_ohnolog	chr5	175	2652413	2657413	0	0.0
clust0052	clustered_cis_ohnolog	chr5	176	2657413	2662413	0	0.0
clust0052	clustered_cis_ohnolog	chr5	177	2662413	2667413	0	0.0
clust0052	clustered_cis_ohnolog	chr5	178	2667413	2672413	0	0.0
clust0052	clustered_cis_ohnolog	chr5	179	2672413	2677413	0	0.0
clust0052	clustered_cis_ohnolog	chr5	180	2677413	2682413	0	0.0
clust0052	clustered_cis_ohnolog	chr5	181	2682413	2687413	0	0.0
clust0052	clustered_cis_ohnolog	chr5	182	2687413	2692413	0	0.0
clust0052	clustered_cis_ohnolog	chr5	183	2692413	2697413	0	0.0
clust0052	clustered_cis_ohnolog	chr5	184	2697413	2702413	0	0.0
clust0052	clustered_cis_ohnolog	chr5	185	2702413	2707413	0	0.0
clust0052	clustered_cis_ohnolog	chr5	186	2707413	2712413	0	0.0
clust0052	clustered_cis_ohnolog	chr5	187	2712413	2717413	0	0.0
clust0052	clustered_cis_ohnolog	chr5	188	2717413	2722413	0	0.0
clust0052	clustered_cis_ohnolog	chr5	189	2722413	2727413	0	0.0
clust0052	clustered_cis_ohnolog	chr5	190	2727413	2732413	0	0.0
clust0052	clustered_cis_ohnolog	chr5	191	2732413	2737413	0	0.0
clust0052	clustered_cis_ohnolog	chr5	192	2737413	2742413	0	0.0
clust0052	clustered_cis_ohnolog	chr5	193	2742413	2747413	0	0.0
clust0052	clustered_cis_ohnolog	chr5	194	2747413	2752413	0	0.0
clust0052	clustered_cis_ohnolog	chr5	195	2752413	2757413	0	0.0
clust0052	clustered_cis_ohnolog	chr5	196	2757413	2762413	0	0.0
clust0052	clustered_cis_ohnolog	chr5	197	2762413	2767413	0	0.0
clust0052	clustered_cis_ohnolog	chr5	198	2767413	2772413	0	0.0
clust0052	clustered_cis_ohnolog	chr5	199	2772413	2777413	0	0.0
clust0052	clustered_cis_ohnolog	chr5	200	2777413	2782413	0	0.0
clust0052	clustered_cis_ohnolog	chr5	201	2782413	2787413	0	0.0
clust0052	clustered_cis_ohnolog	chr5	202	2787413	2792413	0	0.0
clust0052	clustered_cis_ohnolog	chr5	203	2792413	2797413	0	0.0
clust0052	clustered_cis_ohnolog	chr5	204	2797413	2802413	0	0.0
clust0052	clustered_cis_ohnolog	chr5	205	2802413	2807413	0	0.0
clust0052	clustered_cis_ohnolog	chr5	206	2807413	2812413	0	0.0
clust0052	clustered_cis_ohnolog	chr5	207	2812413	2817413	0	0.0
clust0052	clustered_cis_ohnolog	chr5	208	2817413	2822413	0	0.0
clust0052	clustered_cis_ohnolog	chr5	209	2822413	2827413	0	0.0
clust0052	clustered_cis_ohnolog	chr5	210	2827413	2832413	0	0.0
clust0052	clustered_cis_ohnolog	chr5	211	2832413	2837413	0	0.0
clust0052	clustered_cis_ohnolog	chr5	212	2837413	2842413	0	0.0
clust0052	clustered_cis_ohnolog	chr5	213	2842413	2847413	0	0.0
clust0052	clustered_cis_ohnolog	chr5	214	2847413	2852413	0	0.0
clust0052	clustered_cis_ohnolog	chr5	215	2852413	2857413	0	0.0
clust0052	clustered_cis_ohnolog	chr5	216	2857413	2862413	0	0.0
clust0052	clustered_cis_ohnolog	chr5	217	2862413	2867413	0	0.0
clust0052	clustered_cis_ohnolog	chr5	218	2867413	2872413	0	0.0
clust0052	clustered_cis_ohnolog	chr5	219	2872413	2877413	0	0.0
clust0052	clustered_cis_ohnolog	chr5	220	2877413	2882413	0	0.0
clust0052	clustered_cis_ohnolog	chr5	221	2882413	2887413	0	0.0
clust0052	clustered_cis_ohnolog	chr5	222	2887413	2892413	0	0.0
clust0052	clustered_cis_ohnolog	chr5	223	2892413	2897413	0	0.0
clust0052	clustered_cis_ohnolog	chr5	224	2897413	2902413	0	0.0
clust0052	clustered_cis_ohnolog	chr5	225	2902413	2907413	0	0.0
clust0052	clustered_cis_ohnolog	chr5	226	2907413	2912413	0	0.0
clust0052	clustered_cis_ohnolog	chr5	227	2912413	2917413	2	0.252
clust0052	clustered_cis_ohnolog	chr5	228	2917413	2922413	0	0.0
clust0052	clustered_cis_ohnolog	chr5	229	2922413	2927413	0	0.0
clust0052	clustered_cis_ohnolog	chr5	230	2927413	2932413	0	0.0
clust0052	clustered_cis_ohnolog	chr5	231	2932413	2937413	0	0.0
clust0052	clustered_cis_ohnolog	chr5	232	2937413	2942413	0	0.0
clust0052	clustered_cis_ohnolog	chr5	233	2942413	2947413	0	0.0
clust0052	clustered_cis_ohnolog	chr5	234	2947413	2952413	0	0.0
clust0052	clustered_cis_ohnolog	chr5	235	2952413	2957413	0	0.0
clust0052	clustered_cis_ohnolog	chr5	236	2957413	2962413	0	0.0
clust0052	clustered_cis_ohnolog	chr5	237	2962413	2967413	0	0.0
clust0052	clustered_cis_ohnolog	chr5	238	2967413	2972413	0	0.0
clust0052	clustered_cis_ohnolog	chr5	239	2972413	2977413	0	0.0
clust0052	clustered_cis_ohnolog	chr5	240	2977413	2982413	0	0.0
clust0052	clustered_cis_ohnolog	chr5	241	2982413	2987413	0	0.0
clust0052	clustered_cis_ohnolog	chr5	242	2987413	2992413	0	0.0
clust0052	clustered_cis_ohnolog	chr5	243	2992413	2997413	0	0.0
clust0052	clustered_cis_ohnolog	chr5	244	2997413	3002413	0	0.0
clust0052	clustered_cis_ohnolog	chr5	245	3002413	3007413	0	0.0
clust0052	clustered_cis_ohnolog	chr5	246	3007413	3012413	0	0.0
clust0052	clustered_cis_ohnolog	chr5	247	3012413	3017413	0	0.0
clust0052	clustered_cis_ohnolog	chr5	248	3017413	3022413	0	0.0
clust0052	clustered_cis_ohnolog	chr5	249	3022413	3027413	0	0.0
clust0052	clustered_cis_ohnolog	chr5	250	3027413	3032413	0	0.0
clust0052	clustered_cis_ohnolog	chr5	251	3032413	3037413	0	0.0
clust0052	clustered_cis_ohnolog	chr5	252	3037413	3042413	0	0.0
clust0052	clustered_cis_ohnolog	chr5	253	3042413	3047413	0	0.0
clust0052	clustered_cis_ohnolog	chr5	254	3047413	3052413	0	0.0
clust0052	clustered_cis_ohnolog	chr5	255	3052413	3057413	0	0.0
clust0052	clustered_cis_ohnolog	chr5	256	3057413	3062413	0	0.0
clust0052	clustered_cis_ohnolog	chr5	257	3062413	3067413	0	0.0
clust0052	clustered_cis_ohnolog	chr5	258	3067413	3072413	0	0.0
clust0052	clustered_cis_ohnolog	chr5	259	3072413	3077413	0	0.0
clust0052	clustered_cis_ohnolog	chr5	260	3077413	3082413	0	0.0
clust0052	clustered_cis_ohnolog	chr5	261	3082413	3087413	0	0.0
clust0052	clustered_cis_ohnolog	chr5	262	3087413	3092413	0	0.0
clust0052	clustered_cis_ohnolog	chr5	263	3092413	3097413	0	0.0
clust0052	clustered_cis_ohnolog	chr5	264	3097413	3102413	0	0.0
clust0052	clustered_cis_ohnolog	chr5	265	3102413	3107413	0	0.0
clust0052	clustered_cis_ohnolog	chr5	266	3107413	3112413	0	0.0
clust0052	clustered_cis_ohnolog	chr5	267	3112413	3117413	0	0.0
clust0052	clustered_cis_ohnolog	chr5	268	3117413	3122413	0	0.0
clust0052	clustered_cis_ohnolog	chr5	269	3122413	3127413	0	0.0
clust0052	clustered_cis_ohnolog	chr5	270	3127413	3132413	0	0.0
clust0052	clustered_cis_ohnolog	chr5	271	3132413	3137413	0	0.0
clust0052	clustered_cis_ohnolog	chr5	272	3137413	3142413	0	0.0
clust0052	clustered_cis_ohnolog	chr5	273	3142413	3147413	0	0.0
clust0052	clustered_cis_ohnolog	chr5	274	3147413	3152413	0	0.0
clust0052	clustered_cis_ohnolog	chr5	275	3152413	3157413	0	0.0
clust0052	clustered_cis_ohnolog	chr5	276	3157413	3162413	0	0.0
clust0052	clustered_cis_ohnolog	chr5	277	3162413	3167413	0	0.0
clust0052	clustered_cis_ohnolog	chr5	278	3167413	3172413	0	0.0
clust0052	clustered_cis_ohnolog	chr5	279	3172413	3177413	0	0.0
clust0052	clustered_cis_ohnolog	chr5	280	3177413	3182413	0	0.0
clust0052	clustered_cis_ohnolog	chr5	281	3182413	3187413	0	0.0
clust0052	clustered_cis_ohnolog	chr5	282	3187413	3192413	0	0.0
clust0052	clustered_cis_ohnolog	chr5	283	3192413	3197413	0	0.0
clust0052	clustered_cis_ohnolog	chr5	284	3197413	3202413	0	0.0
clust0052	clustered_cis_ohnolog	chr5	285	3202413	3207413	0	0.0
clust0052	clustered_cis_ohnolog	chr5	286	3207413	3212413	0	0.0
clust0052	clustered_cis_ohnolog	chr5	287	3212413	3217413	0	0.0
clust0052	clustered_cis_ohnolog	chr5	288	3217413	3222413	0	0.0
clust0052	clustered_cis_ohnolog	chr5	289	3222413	3227413	0	0.0
clust0052	clustered_cis_ohnolog	chr5	290	3227413	3232413	0	0.0
clust0052	clustered_cis_ohnolog	chr5	291	3232413	3237413	0	0.0
clust0052	clustered_cis_ohnolog	chr5	292	3237413	3242413	0	0.0
clust0052	clustered_cis_ohnolog	chr5	293	3242413	3247413	0	0.0
clust0052	clustered_cis_ohnolog	chr5	294	3247413	3252413	0	0.0
clust0052	clustered_cis_ohnolog	chr5	295	3252413	3257413	0	0.0
clust0052	clustered_cis_ohnolog	chr5	296	3257413	3262413	0	0.0
clust0052	clustered_cis_ohnolog	chr5	297	3262413	3267413	0	0.0
clust0052	clustered_cis_ohnolog	chr5	298	3267413	3272413	0	0.0
clust0052	clustered_cis_ohnolog	chr5	299	3272413	3277413	0	0.0
clust0052	clustered_cis_ohnolog	chr5	300	3277413	3282413	0	0.0
clust0052	clustered_cis_ohnolog	chr5	301	3282413	3287413	0	0.0
clust0052	clustered_cis_ohnolog	chr5	302	3287413	3292413	0	0.0
clust0052	clustered_cis_ohnolog	chr5	303	3292413	3297413	0	0.0
clust0052	clustered_cis_ohnolog	chr5	304	3297413	3302413	0	0.0
clust0052	clustered_cis_ohnolog	chr5	305	3302413	3307413	0	0.0
clust0052	clustered_cis_ohnolog	chr5	306	3307413	3312413	0	0.0
clust0052	clustered_cis_ohnolog	chr5	307	3312413	3317413	0	0.0
clust0052	clustered_cis_ohnolog	chr5	308	3317413	3322413	0	0.0
clust0052	clustered_cis_ohnolog	chr5	309	3322413	3327413	0	0.0
clust0052	clustered_cis_ohnolog	chr5	310	3327413	3332413	0	0.0
clust0052	clustered_cis_ohnolog	chr5	311	3332413	3337413	0	0.0
clust0052	clustered_cis_ohnolog	chr5	312	3337413	3342413	0	0.0
clust0052	clustered_cis_ohnolog	chr5	313	3342413	3347413	0	0.0
clust0052	clustered_cis_ohnolog	chr5	314	3347413	3352413	0	0.0
clust0052	clustered_cis_ohnolog	chr5	315	3352413	3357413	0	0.0
clust0052	clustered_cis_ohnolog	chr5	316	3357413	3362413	0	0.0
clust0052	clustered_cis_ohnolog	chr5	317	3362413	3367413	0	0.0
clust0052	clustered_cis_ohnolog	chr5	318	3367413	3372413	0	0.0
clust0052	clustered_cis_ohnolog	chr5	319	3372413	3377413	0	0.0
clust0052	clustered_cis_ohnolog	chr5	320	3377413	3382413	0	0.0
clust0052	clustered_cis_ohnolog	chr5	321	3382413	3387413	0	0.0
clust0052	clustered_cis_ohnolog	chr5	322	3387413	3392413	0	0.0
clust0052	clustered_cis_ohnolog	chr5	323	3392413	3397413	0	0.0
clust0052	clustered_cis_ohnolog	chr5	324	3397413	3402413	0	0.0
clust0052	clustered_cis_ohnolog	chr5	325	3402413	3407413	0	0.0
clust0052	clustered_cis_ohnolog	chr5	326	3407413	3412413	0	0.0
clust0052	clustered_cis_ohnolog	chr5	327	3412413	3417413	0	0.0
clust0052	clustered_cis_ohnolog	chr5	328	3417413	3422413	0	0.0
clust0052	clustered_cis_ohnolog	chr5	329	3422413	3427413	0	0.0
clust0052	clustered_cis_ohnolog	chr5	330	3427413	3432413	0	0.0
clust0052	clustered_cis_ohnolog	chr5	331	3432413	3437413	0	0.0
clust0052	clustered_cis_ohnolog	chr5	332	3437413	3442413	0	0.0
clust0052	clustered_cis_ohnolog	chr5	333	3442413	3447413	0	0.0
clust0052	clustered_cis_ohnolog	chr5	334	3447413	3452413	0	0.0
clust0052	clustered_cis_ohnolog	chr5	335	3452413	3457413	0	0.0
clust0052	clustered_cis_ohnolog	chr5	336	3457413	3462413	0	0.0
clust0052	clustered_cis_ohnolog	chr5	337	3462413	3467413	0	0.0
clust0052	clustered_cis_ohnolog	chr5	338	3467413	3472413	0	0.0
clust0052	clustered_cis_ohnolog	chr5	339	3472413	3477413	0	0.0
clust0052	clustered_cis_ohnolog	chr5	340	3477413	3482413	0	0.0
clust0052	clustered_cis_ohnolog	chr5	341	3482413	3487413	0	0.0
clust0052	clustered_cis_ohnolog	chr5	342	3487413	3492413	0	0.0
clust0052	clustered_cis_ohnolog	chr5	343	3492413	3497413	0	0.0
clust0052	clustered_cis_ohnolog	chr5	344	3497413	3502413	0	0.0
clust0052	clustered_cis_ohnolog	chr5	345	3502413	3507413	0	0.0
clust0052	clustered_cis_ohnolog	chr5	346	3507413	3512413	0	0.0
clust0052	clustered_cis_ohnolog	chr5	347	3512413	3517413	0	0.0
clust0052	clustered_cis_ohnolog	chr5	348	3517413	3522413	0	0.0
clust0052	clustered_cis_ohnolog	chr5	349	3522413	3527413	0	0.0
clust0052	clustered_cis_ohnolog	chr5	350	3527413	3532413	0	0.0
clust0052	clustered_cis_ohnolog	chr5	351	3532413	3537413	0	0.0
clust0052	clustered_cis_ohnolog	chr5	352	3537413	3542413	0	0.0
clust0052	clustered_cis_ohnolog	chr5	353	3542413	3547413	0	0.0
clust0052	clustered_cis_ohnolog	chr5	354	3547413	3552413	0	0.0
clust0052	clustered_cis_ohnolog	chr5	355	3552413	3557413	0	0.0
clust0052	clustered_cis_ohnolog	chr5	356	3557413	3562413	0	0.0
clust0052	clustered_cis_ohnolog	chr5	357	3562413	3567413	0	0.0
clust0052	clustered_cis_ohnolog	chr5	358	3567413	3572413	0	0.0
clust0052	clustered_cis_ohnolog	chr5	359	3572413	3577413	0	0.0
clust0052	clustered_cis_ohnolog	chr5	360	3577413	3582413	0	0.0
clust0052	clustered_cis_ohnolog	chr5	361	3582413	3587413	0	0.0
clust0052	clustered_cis_ohnolog	chr5	362	3587413	3592413	0	0.0
clust0052	clustered_cis_ohnolog	chr5	363	3592413	3597413	0	0.0
clust0052	clustered_cis_ohnolog	chr5	364	3597413	3602413	0	0.0
clust0052	clustered_cis_ohnolog	chr5	365	3602413	3607413	0	0.0
clust0052	clustered_cis_ohnolog	chr5	366	3607413	3612413	0	0.0
clust0052	clustered_cis_ohnolog	chr5	367	3612413	3617413	0	0.0
clust0052	clustered_cis_ohnolog	chr5	368	3617413	3622413	0	0.0
clust0052	clustered_cis_ohnolog	chr5	369	3622413	3627413	0	0.0
clust0052	clustered_cis_ohnolog	chr5	370	3627413	3632413	0	0.0
clust0052	clustered_cis_ohnolog	chr5	371	3632413	3637413	0	0.0
clust0052	clustered_cis_ohnolog	chr5	372	3637413	3642413	0	0.0
clust0052	clustered_cis_ohnolog	chr5	373	3642413	3647413	0	0.0
clust0052	clustered_cis_ohnolog	chr5	374	3647413	3652413	0	0.0
clust0052	clustered_cis_ohnolog	chr5	375	3652413	3657413	0	0.0
clust0052	clustered_cis_ohnolog	chr5	376	3657413	3662413	0	0.0
clust0052	clustered_cis_ohnolog	chr5	377	3662413	3667413	0	0.0
clust0052	clustered_cis_ohnolog	chr5	378	3667413	3672413	0	0.0
clust0052	clustered_cis_ohnolog	chr5	379	3672413	3677413	0	0.0
clust0052	clustered_cis_ohnolog	chr5	380	3677413	3682413	0	0.0
clust0052	clustered_cis_ohnolog	chr5	381	3682413	3687413	0	0.0
clust0052	clustered_cis_ohnolog	chr5	382	3687413	3692413	0	0.0
clust0052	clustered_cis_ohnolog	chr5	383	3692413	3697413	0	0.0
clust0052	clustered_cis_ohnolog	chr5	384	3697413	3701403	0	0.0
clust0036	clustered_cis_ohnolog	chr6	0	1212098	1217098	0	0.0
clust0036	clustered_cis_ohnolog	chr6	1	1217098	1222098	0	0.0
clust0036	clustered_cis_ohnolog	chr6	2	1222098	1227098	0	0.0
clust0036	clustered_cis_ohnolog	chr6	3	1227098	1232098	0	0.0
clust0036	clustered_cis_ohnolog	chr6	4	1232098	1237098	0	0.0
clust0036	clustered_cis_ohnolog	chr6	5	1237098	1242098	0	0.0
clust0036	clustered_cis_ohnolog	chr6	6	1242098	1247098	0	0.0
clust0036	clustered_cis_ohnolog	chr6	7	1247098	1252098	0	0.0
clust0036	clustered_cis_ohnolog	chr6	8	1252098	1257098	0	0.0
clust0036	clustered_cis_ohnolog	chr6	9	1257098	1262098	0	0.0
clust0036	clustered_cis_ohnolog	chr6	10	1262098	1267098	0	0.0
clust0036	clustered_cis_ohnolog	chr6	11	1267098	1272098	0	0.0
clust0036	clustered_cis_ohnolog	chr6	12	1272098	1277098	0	0.0
clust0036	clustered_cis_ohnolog	chr6	13	1277098	1282098	0	0.0
clust0036	clustered_cis_ohnolog	chr6	14	1282098	1287098	0	0.0
clust0036	clustered_cis_ohnolog	chr6	15	1287098	1292098	0	0.0
clust0036	clustered_cis_ohnolog	chr6	16	1292098	1297098	0	0.0
clust0036	clustered_cis_ohnolog	chr6	17	1297098	1302098	0	0.0
clust0036	clustered_cis_ohnolog	chr6	18	1302098	1307098	0	0.0
clust0036	clustered_cis_ohnolog	chr6	19	1307098	1312098	0	0.0
clust0036	clustered_cis_ohnolog	chr6	20	1312098	1317098	0	0.0
clust0036	clustered_cis_ohnolog	chr6	21	1317098	1322098	0	0.0
clust0036	clustered_cis_ohnolog	chr6	22	1322098	1327098	0	0.0
clust0036	clustered_cis_ohnolog	chr6	23	1327098	1332098	0	0.0
clust0036	clustered_cis_ohnolog	chr6	24	1332098	1337098	0	0.0
clust0036	clustered_cis_ohnolog	chr6	25	1337098	1342098	0	0.0
clust0036	clustered_cis_ohnolog	chr6	26	1342098	1347098	0	0.0
clust0036	clustered_cis_ohnolog	chr6	27	1347098	1352098	0	0.0
clust0036	clustered_cis_ohnolog	chr6	28	1352098	1357098	0	0.0
clust0036	clustered_cis_ohnolog	chr6	29	1357098	1362098	0	0.0
clust0036	clustered_cis_ohnolog	chr6	30	1362098	1367098	0	0.0
clust0036	clustered_cis_ohnolog	chr6	31	1367098	1372098	0	0.0
clust0036	clustered_cis_ohnolog	chr6	32	1372098	1377098	0	0.0
clust0036	clustered_cis_ohnolog	chr6	33	1377098	1382098	1	0.077
clust0036	clustered_cis_ohnolog	chr6	34	1382098	1387098	0	0.049
clust0036	clustered_cis_ohnolog	chr6	35	1387098	1392098	0	0.0
clust0036	clustered_cis_ohnolog	chr6	36	1392098	1397098	0	0.0256
clust0036	clustered_cis_ohnolog	chr6	37	1397098	1402098	2	0.178
clust0036	clustered_cis_ohnolog	chr6	38	1402098	1407098	0	0.0
clust0036	clustered_cis_ohnolog	chr6	39	1407098	1412098	0	0.0
clust0036	clustered_cis_ohnolog	chr6	40	1412098	1417098	0	0.0
clust0036	clustered_cis_ohnolog	chr6	41	1417098	1422098	0	0.0
clust0036	clustered_cis_ohnolog	chr6	42	1422098	1427098	0	0.0
clust0036	clustered_cis_ohnolog	chr6	43	1427098	1432098	0	0.0
clust0036	clustered_cis_ohnolog	chr6	44	1432098	1437098	1	0.0416
clust0036	clustered_cis_ohnolog	chr6	45	1437098	1442098	0	0.0
clust0036	clustered_cis_ohnolog	chr6	46	1442098	1447098	0	0.0
clust0036	clustered_cis_ohnolog	chr6	47	1447098	1452098	0	0.0
clust0036	clustered_cis_ohnolog	chr6	48	1452098	1457098	0	0.0
clust0036	clustered_cis_ohnolog	chr6	49	1457098	1462098	0	0.0
clust0036	clustered_cis_ohnolog	chr6	50	1462098	1467098	0	0.0
clust0036	clustered_cis_ohnolog	chr6	51	1467098	1472098	0	0.0
clust0036	clustered_cis_ohnolog	chr6	52	1472098	1477098	0	0.0
clust0036	clustered_cis_ohnolog	chr6	53	1477098	1482098	0	0.0
clust0036	clustered_cis_ohnolog	chr6	54	1482098	1487098	0	0.0
clust0036	clustered_cis_ohnolog	chr6	55	1487098	1492098	0	0.0
clust0036	clustered_cis_ohnolog	chr6	56	1492098	1497098	0	0.0
clust0036	clustered_cis_ohnolog	chr6	57	1497098	1502098	0	0.0
clust0036	clustered_cis_ohnolog	chr6	58	1502098	1507098	0	0.0
clust0036	clustered_cis_ohnolog	chr6	59	1507098	1512098	0	0.0
clust0036	clustered_cis_ohnolog	chr6	60	1512098	1517098	0	0.0
clust0036	clustered_cis_ohnolog	chr6	61	1517098	1522098	0	0.0
clust0036	clustered_cis_ohnolog	chr6	62	1522098	1527098	2	0.1994
clust0036	clustered_cis_ohnolog	chr6	63	1527098	1532098	0	0.0
clust0036	clustered_cis_ohnolog	chr6	64	1532098	1537098	0	0.0
clust0036	clustered_cis_ohnolog	chr6	65	1537098	1542098	0	0.0
clust0036	clustered_cis_ohnolog	chr6	66	1542098	1547098	0	0.0
clust0036	clustered_cis_ohnolog	chr6	67	1547098	1552098	0	0.0
clust0036	clustered_cis_ohnolog	chr6	68	1552098	1557098	3	0.378
clust0036	clustered_cis_ohnolog	chr6	69	1557098	1562098	0	0.0
clust0036	clustered_cis_ohnolog	chr6	70	1562098	1567098	0	0.0
clust0036	clustered_cis_ohnolog	chr6	71	1567098	1572098	0	0.0
clust0036	clustered_cis_ohnolog	chr6	72	1572098	1577098	0	0.0
clust0036	clustered_cis_ohnolog	chr6	73	1577098	1582098	0	0.0
clust0036	clustered_cis_ohnolog	chr6	74	1582098	1587098	0	0.0
clust0036	clustered_cis_ohnolog	chr6	75	1587098	1592098	0	0.0
clust0036	clustered_cis_ohnolog	chr6	76	1592098	1597098	2	0.1908
clust0036	clustered_cis_ohnolog	chr6	77	1597098	1602098	0	0.0
clust0036	clustered_cis_ohnolog	chr6	78	1602098	1607098	2	0.1936
clust0036	clustered_cis_ohnolog	chr6	79	1607098	1612098	0	0.0
clust0036	clustered_cis_ohnolog	chr6	80	1612098	1617098	0	0.0
clust0036	clustered_cis_ohnolog	chr6	81	1617098	1622098	0	0.0
clust0036	clustered_cis_ohnolog	chr6	82	1622098	1627098	0	0.0
clust0036	clustered_cis_ohnolog	chr6	83	1627098	1632098	0	0.0
clust0036	clustered_cis_ohnolog	chr6	84	1632098	1637098	0	0.0
clust0036	clustered_cis_ohnolog	chr6	85	1637098	1642098	0	0.0
clust0036	clustered_cis_ohnolog	chr6	86	1642098	1647098	0	0.0
clust0036	clustered_cis_ohnolog	chr6	87	1647098	1652098	0	0.0
clust0036	clustered_cis_ohnolog	chr6	88	1652098	1657098	0	0.0
clust0036	clustered_cis_ohnolog	chr6	89	1657098	1662098	0	0.0
clust0036	clustered_cis_ohnolog	chr6	90	1662098	1667098	0	0.0
clust0036	clustered_cis_ohnolog	chr6	91	1667098	1672098	0	0.0
clust0036	clustered_cis_ohnolog	chr6	92	1672098	1677098	0	0.0
clust0036	clustered_cis_ohnolog	chr6	93	1677098	1682098	0	0.0
clust0036	clustered_cis_ohnolog	chr6	94	1682098	1687098	0	0.0
clust0036	clustered_cis_ohnolog	chr6	95	1687098	1692098	0	0.0
clust0036	clustered_cis_ohnolog	chr6	96	1692098	1697098	0	0.0
clust0036	clustered_cis_ohnolog	chr6	97	1697098	1702098	0	0.0
clust0036	clustered_cis_ohnolog	chr6	98	1702098	1707098	0	0.0
clust0036	clustered_cis_ohnolog	chr6	99	1707098	1712098	0	0.0
clust0036	clustered_cis_ohnolog	chr6	100	1712098	1713897	0	0.0
clust0001	clustered_cis_ohnolog	chr6	0	50613526	50618526	0	0.0
clust0001	clustered_cis_ohnolog	chr6	1	50618526	50623526	0	0.0
clust0001	clustered_cis_ohnolog	chr6	2	50623526	50628526	0	0.0
clust0001	clustered_cis_ohnolog	chr6	3	50628526	50633526	0	0.0
clust0001	clustered_cis_ohnolog	chr6	4	50633526	50638526	0	0.0
clust0001	clustered_cis_ohnolog	chr6	5	50638526	50643526	0	0.0
clust0001	clustered_cis_ohnolog	chr6	6	50643526	50648526	0	0.0
clust0001	clustered_cis_ohnolog	chr6	7	50648526	50653526	2	0.252
clust0001	clustered_cis_ohnolog	chr6	8	50653526	50658526	0	0.0
clust0001	clustered_cis_ohnolog	chr6	9	50658526	50663526	0	0.0
clust0001	clustered_cis_ohnolog	chr6	10	50663526	50668526	0	0.0
clust0001	clustered_cis_ohnolog	chr6	11	50668526	50673526	0	0.0
clust0001	clustered_cis_ohnolog	chr6	12	50673526	50678526	0	0.0
clust0001	clustered_cis_ohnolog	chr6	13	50678526	50683526	0	0.0
clust0001	clustered_cis_ohnolog	chr6	14	50683526	50688526	0	0.0
clust0001	clustered_cis_ohnolog	chr6	15	50688526	50693526	0	0.0
clust0001	clustered_cis_ohnolog	chr6	16	50693526	50698526	0	0.0
clust0001	clustered_cis_ohnolog	chr6	17	50698526	50703526	0	0.0
clust0001	clustered_cis_ohnolog	chr6	18	50703526	50708526	0	0.0
clust0001	clustered_cis_ohnolog	chr6	19	50708526	50713526	0	0.0
clust0001	clustered_cis_ohnolog	chr6	20	50713526	50718526	0	0.0
clust0001	clustered_cis_ohnolog	chr6	21	50718526	50723526	0	0.0
clust0001	clustered_cis_ohnolog	chr6	22	50723526	50728526	0	0.0
clust0001	clustered_cis_ohnolog	chr6	23	50728526	50733526	0	0.0
clust0001	clustered_cis_ohnolog	chr6	24	50733526	50738526	0	0.0
clust0001	clustered_cis_ohnolog	chr6	25	50738526	50743526	0	0.0
clust0001	clustered_cis_ohnolog	chr6	26	50743526	50748526	0	0.0
clust0001	clustered_cis_ohnolog	chr6	27	50748526	50753526	0	0.0
clust0001	clustered_cis_ohnolog	chr6	28	50753526	50758526	0	0.0
clust0001	clustered_cis_ohnolog	chr6	29	50758526	50763526	0	0.0
clust0001	clustered_cis_ohnolog	chr6	30	50763526	50768526	0	0.0
clust0001	clustered_cis_ohnolog	chr6	31	50768526	50773526	0	0.0
clust0001	clustered_cis_ohnolog	chr6	32	50773526	50778526	0	0.0
clust0001	clustered_cis_ohnolog	chr6	33	50778526	50783526	0	0.0
clust0001	clustered_cis_ohnolog	chr6	34	50783526	50788526	0	0.0
clust0001	clustered_cis_ohnolog	chr6	35	50788526	50793526	1	0.126
clust0001	clustered_cis_ohnolog	chr6	36	50793526	50798526	0	0.0
clust0001	clustered_cis_ohnolog	chr6	37	50798526	50803526	0	0.0
clust0001	clustered_cis_ohnolog	chr6	38	50803526	50808526	0	0.0
clust0001	clustered_cis_ohnolog	chr6	39	50808526	50813526	0	0.0
clust0001	clustered_cis_ohnolog	chr6	40	50813526	50818526	1	0.126
clust0001	clustered_cis_ohnolog	chr6	41	50818526	50823526	0	0.0
clust0001	clustered_cis_ohnolog	chr6	42	50823526	50828526	0	0.0
clust0001	clustered_cis_ohnolog	chr6	43	50828526	50833526	0	0.0
clust0001	clustered_cis_ohnolog	chr6	44	50833526	50838526	0	0.0
clust0001	clustered_cis_ohnolog	chr6	45	50838526	50843526	0	0.0
clust0001	clustered_cis_ohnolog	chr6	46	50843526	50848526	0	0.0
clust0001	clustered_cis_ohnolog	chr6	47	50848526	50853526	0	0.0
clust0001	clustered_cis_ohnolog	chr6	48	50853526	50858526	0	0.0
clust0001	clustered_cis_ohnolog	chr6	49	50858526	50863526	0	0.0
clust0001	clustered_cis_ohnolog	chr6	50	50863526	50868526	0	0.0
clust0001	clustered_cis_ohnolog	chr6	51	50868526	50873526	0	0.0
clust0001	clustered_cis_ohnolog	chr6	52	50873526	50878526	0	0.0
clust0001	clustered_cis_ohnolog	chr6	53	50878526	50883526	0	0.0
clust0001	clustered_cis_ohnolog	chr6	54	50883526	50888526	0	0.0
clust0001	clustered_cis_ohnolog	chr6	55	50888526	50893526	0	0.0
clust0001	clustered_cis_ohnolog	chr6	56	50893526	50898526	0	0.0
clust0001	clustered_cis_ohnolog	chr6	57	50898526	50903526	0	0.0
clust0001	clustered_cis_ohnolog	chr6	58	50903526	50908526	0	0.0
clust0001	clustered_cis_ohnolog	chr6	59	50908526	50913526	0	0.0
clust0001	clustered_cis_ohnolog	chr6	60	50913526	50918526	0	0.0
clust0001	clustered_cis_ohnolog	chr6	61	50918526	50923526	0	0.0
clust0001	clustered_cis_ohnolog	chr6	62	50923526	50928526	0	0.0
clust0001	clustered_cis_ohnolog	chr6	63	50928526	50933526	0	0.0
clust0001	clustered_cis_ohnolog	chr6	64	50933526	50938526	0	0.0
clust0001	clustered_cis_ohnolog	chr6	65	50938526	50943526	0	0.0
clust0001	clustered_cis_ohnolog	chr6	66	50943526	50947619	0	0.0
clust0025	clustered_cis_ohnolog	chr7	0	20682279	20687279	0	0.0
clust0025	clustered_cis_ohnolog	chr7	1	20687279	20692279	0	0.0
clust0025	clustered_cis_ohnolog	chr7	2	20692279	20697279	0	0.0
clust0025	clustered_cis_ohnolog	chr7	3	20697279	20702279	0	0.0
clust0025	clustered_cis_ohnolog	chr7	4	20702279	20707279	0	0.0
clust0025	clustered_cis_ohnolog	chr7	5	20707279	20712279	0	0.0
clust0025	clustered_cis_ohnolog	chr7	6	20712279	20717279	0	0.0
clust0025	clustered_cis_ohnolog	chr7	7	20717279	20722279	0	0.0
clust0025	clustered_cis_ohnolog	chr7	8	20722279	20727279	0	0.0
clust0025	clustered_cis_ohnolog	chr7	9	20727279	20732279	0	0.0
clust0025	clustered_cis_ohnolog	chr7	10	20732279	20737279	0	0.0
clust0025	clustered_cis_ohnolog	chr7	11	20737279	20742279	0	0.0
clust0025	clustered_cis_ohnolog	chr7	12	20742279	20747279	0	0.0
clust0025	clustered_cis_ohnolog	chr7	13	20747279	20752279	0	0.0
clust0025	clustered_cis_ohnolog	chr7	14	20752279	20757279	0	0.0
clust0025	clustered_cis_ohnolog	chr7	15	20757279	20762279	0	0.0
clust0025	clustered_cis_ohnolog	chr7	16	20762279	20767279	0	0.0
clust0025	clustered_cis_ohnolog	chr7	17	20767279	20772279	0	0.0
clust0025	clustered_cis_ohnolog	chr7	18	20772279	20777279	0	0.0
clust0025	clustered_cis_ohnolog	chr7	19	20777279	20782279	0	0.0
clust0025	clustered_cis_ohnolog	chr7	20	20782279	20787279	0	0.0
clust0025	clustered_cis_ohnolog	chr7	21	20787279	20792279	0	0.0
clust0025	clustered_cis_ohnolog	chr7	22	20792279	20797279	0	0.0
clust0025	clustered_cis_ohnolog	chr7	23	20797279	20802279	0	0.0
clust0025	clustered_cis_ohnolog	chr7	24	20802279	20807279	0	0.0
clust0025	clustered_cis_ohnolog	chr7	25	20807279	20812279	0	0.0
clust0025	clustered_cis_ohnolog	chr7	26	20812279	20817279	0	0.0
clust0025	clustered_cis_ohnolog	chr7	27	20817279	20822279	0	0.0
clust0025	clustered_cis_ohnolog	chr7	28	20822279	20827279	0	0.0
clust0025	clustered_cis_ohnolog	chr7	29	20827279	20832279	0	0.0
clust0025	clustered_cis_ohnolog	chr7	30	20832279	20837279	0	0.0
clust0025	clustered_cis_ohnolog	chr7	31	20837279	20842279	0	0.0
clust0025	clustered_cis_ohnolog	chr7	32	20842279	20847279	0	0.0
clust0025	clustered_cis_ohnolog	chr7	33	20847279	20852279	0	0.0
clust0025	clustered_cis_ohnolog	chr7	34	20852279	20857279	0	0.0
clust0025	clustered_cis_ohnolog	chr7	35	20857279	20862279	0	0.0
clust0025	clustered_cis_ohnolog	chr7	36	20862279	20867279	0	0.0
clust0025	clustered_cis_ohnolog	chr7	37	20867279	20872279	0	0.0
clust0025	clustered_cis_ohnolog	chr7	38	20872279	20877279	0	0.0
clust0025	clustered_cis_ohnolog	chr7	39	20877279	20882279	0	0.0
clust0025	clustered_cis_ohnolog	chr7	40	20882279	20887279	0	0.0
clust0025	clustered_cis_ohnolog	chr7	41	20887279	20892279	0	0.0
clust0025	clustered_cis_ohnolog	chr7	42	20892279	20897279	0	0.0
clust0025	clustered_cis_ohnolog	chr7	43	20897279	20902279	0	0.0
clust0025	clustered_cis_ohnolog	chr7	44	20902279	20907279	0	0.0
clust0025	clustered_cis_ohnolog	chr7	45	20907279	20912279	0	0.0
clust0025	clustered_cis_ohnolog	chr7	46	20912279	20917279	0	0.0
clust0025	clustered_cis_ohnolog	chr7	47	20917279	20922279	0	0.0
clust0025	clustered_cis_ohnolog	chr7	48	20922279	20927279	0	0.0
clust0025	clustered_cis_ohnolog	chr7	49	20927279	20932279	0	0.0
clust0025	clustered_cis_ohnolog	chr7	50	20932279	20937279	0	0.0
clust0025	clustered_cis_ohnolog	chr7	51	20937279	20942279	0	0.0
clust0025	clustered_cis_ohnolog	chr7	52	20942279	20947279	0	0.0
clust0025	clustered_cis_ohnolog	chr7	53	20947279	20952279	0	0.0
clust0025	clustered_cis_ohnolog	chr7	54	20952279	20957279	0	0.0
clust0025	clustered_cis_ohnolog	chr7	55	20957279	20962279	0	0.0
clust0025	clustered_cis_ohnolog	chr7	56	20962279	20967279	0	0.0
clust0025	clustered_cis_ohnolog	chr7	57	20967279	20972279	0	0.0
clust0025	clustered_cis_ohnolog	chr7	58	20972279	20977279	0	0.0
clust0025	clustered_cis_ohnolog	chr7	59	20977279	20982279	0	0.0
clust0025	clustered_cis_ohnolog	chr7	60	20982279	20987279	0	0.0
clust0025	clustered_cis_ohnolog	chr7	61	20987279	20992279	0	0.0
clust0025	clustered_cis_ohnolog	chr7	62	20992279	20997279	0	0.0
clust0025	clustered_cis_ohnolog	chr7	63	20997279	21002279	0	0.0
clust0025	clustered_cis_ohnolog	chr7	64	21002279	21007279	1	0.126
clust0025	clustered_cis_ohnolog	chr7	65	21007279	21012279	0	0.0
clust0025	clustered_cis_ohnolog	chr7	66	21012279	21017279	0	0.0
clust0025	clustered_cis_ohnolog	chr7	67	21017279	21022279	0	0.0
clust0025	clustered_cis_ohnolog	chr7	68	21022279	21027279	0	0.0
clust0025	clustered_cis_ohnolog	chr7	69	21027279	21032279	0	0.0
clust0025	clustered_cis_ohnolog	chr7	70	21032279	21037279	0	0.0
clust0025	clustered_cis_ohnolog	chr7	71	21037279	21042279	0	0.0
clust0025	clustered_cis_ohnolog	chr7	72	21042279	21047279	0	0.0
clust0025	clustered_cis_ohnolog	chr7	73	21047279	21052279	0	0.0
clust0025	clustered_cis_ohnolog	chr7	74	21052279	21057279	0	0.0
clust0025	clustered_cis_ohnolog	chr7	75	21057279	21062279	0	0.0
clust0025	clustered_cis_ohnolog	chr7	76	21062279	21067279	0	0.0
clust0025	clustered_cis_ohnolog	chr7	77	21067279	21072279	0	0.0
clust0025	clustered_cis_ohnolog	chr7	78	21072279	21077279	0	0.0
clust0025	clustered_cis_ohnolog	chr7	79	21077279	21082279	0	0.0
clust0025	clustered_cis_ohnolog	chr7	80	21082279	21087279	0	0.0
clust0025	clustered_cis_ohnolog	chr7	81	21087279	21092279	0	0.0
clust0025	clustered_cis_ohnolog	chr7	82	21092279	21097279	0	0.0
clust0025	clustered_cis_ohnolog	chr7	83	21097279	21102279	0	0.0
clust0025	clustered_cis_ohnolog	chr7	84	21102279	21107279	0	0.0
clust0025	clustered_cis_ohnolog	chr7	85	21107279	21112279	0	0.0
clust0025	clustered_cis_ohnolog	chr7	86	21112279	21117279	0	0.0
clust0025	clustered_cis_ohnolog	chr7	87	21117279	21122279	0	0.0
clust0025	clustered_cis_ohnolog	chr7	88	21122279	21127279	0	0.0
clust0025	clustered_cis_ohnolog	chr7	89	21127279	21132279	0	0.0
clust0025	clustered_cis_ohnolog	chr7	90	21132279	21137279	0	0.0
clust0025	clustered_cis_ohnolog	chr7	91	21137279	21142279	0	0.0
clust0025	clustered_cis_ohnolog	chr7	92	21142279	21147279	0	0.0
clust0025	clustered_cis_ohnolog	chr7	93	21147279	21152279	0	0.0
clust0025	clustered_cis_ohnolog	chr7	94	21152279	21157279	0	0.0
clust0025	clustered_cis_ohnolog	chr7	95	21157279	21162279	0	0.0
clust0025	clustered_cis_ohnolog	chr7	96	21162279	21167279	0	0.0
clust0025	clustered_cis_ohnolog	chr7	97	21167279	21172279	0	0.0
clust0025	clustered_cis_ohnolog	chr7	98	21172279	21177279	0	0.0
clust0025	clustered_cis_ohnolog	chr7	99	21177279	21182279	0	0.0
clust0025	clustered_cis_ohnolog	chr7	100	21182279	21187279	0	0.0
clust0025	clustered_cis_ohnolog	chr7	101	21187279	21192279	0	0.0
clust0025	clustered_cis_ohnolog	chr7	102	21192279	21197279	0	0.0
clust0025	clustered_cis_ohnolog	chr7	103	21197279	21202279	0	0.0
clust0025	clustered_cis_ohnolog	chr7	104	21202279	21207279	0	0.0
clust0025	clustered_cis_ohnolog	chr7	105	21207279	21212279	0	0.0
clust0025	clustered_cis_ohnolog	chr7	106	21212279	21217279	0	0.0
clust0025	clustered_cis_ohnolog	chr7	107	21217279	21222279	0	0.0
clust0025	clustered_cis_ohnolog	chr7	108	21222279	21227279	0	0.0
clust0025	clustered_cis_ohnolog	chr7	109	21227279	21232279	0	0.0
clust0025	clustered_cis_ohnolog	chr7	110	21232279	21237279	0	0.0
clust0025	clustered_cis_ohnolog	chr7	111	21237279	21242279	0	0.0
clust0025	clustered_cis_ohnolog	chr7	112	21242279	21247279	0	0.0
clust0025	clustered_cis_ohnolog	chr7	113	21247279	21252279	0	0.0
clust0025	clustered_cis_ohnolog	chr7	114	21252279	21257279	3	0.378
clust0025	clustered_cis_ohnolog	chr7	115	21257279	21262279	2	0.2194
clust0025	clustered_cis_ohnolog	chr7	116	21262279	21267279	0	0.0326
clust0025	clustered_cis_ohnolog	chr7	117	21267279	21272279	0	0.0
clust0025	clustered_cis_ohnolog	chr7	118	21272279	21277279	0	0.0
clust0025	clustered_cis_ohnolog	chr7	119	21277279	21282279	0	0.0
clust0025	clustered_cis_ohnolog	chr7	120	21282279	21287279	0	0.0
clust0025	clustered_cis_ohnolog	chr7	121	21287279	21292279	0	0.0
clust0025	clustered_cis_ohnolog	chr7	122	21292279	21297279	0	0.0
clust0025	clustered_cis_ohnolog	chr7	123	21297279	21302279	0	0.0
clust0025	clustered_cis_ohnolog	chr7	124	21302279	21307279	0	0.0
clust0025	clustered_cis_ohnolog	chr7	125	21307279	21312279	0	0.0
clust0025	clustered_cis_ohnolog	chr7	126	21312279	21317279	0	0.0
clust0025	clustered_cis_ohnolog	chr7	127	21317279	21322279	0	0.0
clust0025	clustered_cis_ohnolog	chr7	128	21322279	21327279	0	0.0
clust0025	clustered_cis_ohnolog	chr7	129	21327279	21332279	0	0.0
clust0025	clustered_cis_ohnolog	chr7	130	21332279	21337279	0	0.0
clust0025	clustered_cis_ohnolog	chr7	131	21337279	21342279	0	0.0
clust0025	clustered_cis_ohnolog	chr7	132	21342279	21347279	0	0.0
clust0025	clustered_cis_ohnolog	chr7	133	21347279	21352279	0	0.0
clust0025	clustered_cis_ohnolog	chr7	134	21352279	21357279	0	0.0
clust0025	clustered_cis_ohnolog	chr7	135	21357279	21362279	0	0.0
clust0025	clustered_cis_ohnolog	chr7	136	21362279	21367279	0	0.0
clust0025	clustered_cis_ohnolog	chr7	137	21367279	21372279	0	0.0
clust0025	clustered_cis_ohnolog	chr7	138	21372279	21377279	0	0.0
clust0025	clustered_cis_ohnolog	chr7	139	21377279	21382279	0	0.0
clust0025	clustered_cis_ohnolog	chr7	140	21382279	21387279	0	0.0
clust0025	clustered_cis_ohnolog	chr7	141	21387279	21392279	0	0.0
clust0025	clustered_cis_ohnolog	chr7	142	21392279	21397279	0	0.0
clust0025	clustered_cis_ohnolog	chr7	143	21397279	21402279	0	0.0
clust0025	clustered_cis_ohnolog	chr7	144	21402279	21407279	0	0.0
clust0025	clustered_cis_ohnolog	chr7	145	21407279	21412279	0	0.0
clust0025	clustered_cis_ohnolog	chr7	146	21412279	21417279	0	0.0
clust0025	clustered_cis_ohnolog	chr7	147	21417279	21422279	0	0.0
clust0025	clustered_cis_ohnolog	chr7	148	21422279	21427279	0	0.0
clust0025	clustered_cis_ohnolog	chr7	149	21427279	21432279	0	0.0
clust0025	clustered_cis_ohnolog	chr7	150	21432279	21437279	0	0.0
clust0025	clustered_cis_ohnolog	chr7	151	21437279	21442279	0	0.0
clust0025	clustered_cis_ohnolog	chr7	152	21442279	21447279	0	0.0
clust0025	clustered_cis_ohnolog	chr7	153	21447279	21452279	0	0.0
clust0025	clustered_cis_ohnolog	chr7	154	21452279	21457279	0	0.0
clust0025	clustered_cis_ohnolog	chr7	155	21457279	21462279	0	0.0
clust0025	clustered_cis_ohnolog	chr7	156	21462279	21467279	0	0.0
clust0025	clustered_cis_ohnolog	chr7	157	21467279	21472279	0	0.0
clust0025	clustered_cis_ohnolog	chr7	158	21472279	21477279	0	0.0
clust0025	clustered_cis_ohnolog	chr7	159	21477279	21482279	0	0.0
clust0025	clustered_cis_ohnolog	chr7	160	21482279	21487279	0	0.0
clust0025	clustered_cis_ohnolog	chr7	161	21487279	21492279	0	0.0
clust0025	clustered_cis_ohnolog	chr7	162	21492279	21497279	0	0.0
clust0025	clustered_cis_ohnolog	chr7	163	21497279	21502279	0	0.0
clust0025	clustered_cis_ohnolog	chr7	164	21502279	21507279	0	0.0
clust0025	clustered_cis_ohnolog	chr7	165	21507279	21512279	2	0.252
clust0025	clustered_cis_ohnolog	chr7	166	21512279	21517279	0	0.0
clust0025	clustered_cis_ohnolog	chr7	167	21517279	21522279	0	0.0
clust0025	clustered_cis_ohnolog	chr7	168	21522279	21527279	2	0.252
clust0025	clustered_cis_ohnolog	chr7	169	21527279	21532279	0	0.0
clust0025	clustered_cis_ohnolog	chr7	170	21532279	21537279	0	0.0
clust0025	clustered_cis_ohnolog	chr7	171	21537279	21542279	0	0.0
clust0025	clustered_cis_ohnolog	chr7	172	21542279	21547279	0	0.0
clust0025	clustered_cis_ohnolog	chr7	173	21547279	21552279	0	0.0
clust0025	clustered_cis_ohnolog	chr7	174	21552279	21557279	0	0.0
clust0025	clustered_cis_ohnolog	chr7	175	21557279	21562279	0	0.0
clust0025	clustered_cis_ohnolog	chr7	176	21562279	21567279	0	0.0
clust0025	clustered_cis_ohnolog	chr7	177	21567279	21572279	0	0.0
clust0025	clustered_cis_ohnolog	chr7	178	21572279	21577279	0	0.0
clust0025	clustered_cis_ohnolog	chr7	179	21577279	21582279	0	0.0
clust0025	clustered_cis_ohnolog	chr7	180	21582279	21587279	0	0.0
clust0025	clustered_cis_ohnolog	chr7	181	21587279	21592279	0	0.0
clust0025	clustered_cis_ohnolog	chr7	182	21592279	21597279	0	0.0
clust0025	clustered_cis_ohnolog	chr7	183	21597279	21602279	0	0.0
clust0025	clustered_cis_ohnolog	chr7	184	21602279	21607279	0	0.0
clust0025	clustered_cis_ohnolog	chr7	185	21607279	21612279	0	0.0
clust0025	clustered_cis_ohnolog	chr7	186	21612279	21614822	0	0.0
clust0053	clustered_cis_ohnolog	chr7	0	96905553	96910553	0	0.0
clust0053	clustered_cis_ohnolog	chr7	1	96910553	96915553	0	0.0
clust0053	clustered_cis_ohnolog	chr7	2	96915553	96920553	0	0.0
clust0053	clustered_cis_ohnolog	chr7	3	96920553	96925553	0	0.0
clust0053	clustered_cis_ohnolog	chr7	4	96925553	96930553	0	0.0
clust0053	clustered_cis_ohnolog	chr7	5	96930553	96935553	0	0.0
clust0053	clustered_cis_ohnolog	chr7	6	96935553	96940553	0	0.0
clust0053	clustered_cis_ohnolog	chr7	7	96940553	96945553	0	0.0
clust0053	clustered_cis_ohnolog	chr7	8	96945553	96950553	0	0.0
clust0053	clustered_cis_ohnolog	chr7	9	96950553	96955553	0	0.0
clust0053	clustered_cis_ohnolog	chr7	10	96955553	96960553	0	0.0
clust0053	clustered_cis_ohnolog	chr7	11	96960553	96965553	0	0.0
clust0053	clustered_cis_ohnolog	chr7	12	96965553	96970553	0	0.0
clust0053	clustered_cis_ohnolog	chr7	13	96970553	96975553	0	0.0
clust0053	clustered_cis_ohnolog	chr7	14	96975553	96980553	0	0.0
clust0053	clustered_cis_ohnolog	chr7	15	96980553	96985553	0	0.0
clust0053	clustered_cis_ohnolog	chr7	16	96985553	96990553	0	0.0
clust0053	clustered_cis_ohnolog	chr7	17	96990553	96995553	0	0.0
clust0053	clustered_cis_ohnolog	chr7	18	96995553	97000553	0	0.0
clust0053	clustered_cis_ohnolog	chr7	19	97000553	97005553	0	0.0
clust0053	clustered_cis_ohnolog	chr7	20	97005553	97010553	0	0.0
clust0053	clustered_cis_ohnolog	chr7	21	97010553	97015553	0	0.0
clust0053	clustered_cis_ohnolog	chr7	22	97015553	97020553	0	0.0
clust0053	clustered_cis_ohnolog	chr7	23	97020553	97025553	0	0.0
clust0053	clustered_cis_ohnolog	chr7	24	97025553	97030553	1	0.0318
clust0053	clustered_cis_ohnolog	chr7	25	97030553	97035553	0	0.0
clust0053	clustered_cis_ohnolog	chr7	26	97035553	97040553	0	0.0
clust0053	clustered_cis_ohnolog	chr7	27	97040553	97045553	0	0.0
clust0053	clustered_cis_ohnolog	chr7	28	97045553	97050553	0	0.0
clust0053	clustered_cis_ohnolog	chr7	29	97050553	97055553	0	0.0
clust0053	clustered_cis_ohnolog	chr7	30	97055553	97060553	0	0.0
clust0053	clustered_cis_ohnolog	chr7	31	97060553	97065553	2	0.1886
clust0053	clustered_cis_ohnolog	chr7	32	97065553	97070553	1	0.0954
clust0053	clustered_cis_ohnolog	chr7	33	97070553	97075553	0	0.0
clust0053	clustered_cis_ohnolog	chr7	34	97075553	97080553	0	0.0
clust0053	clustered_cis_ohnolog	chr7	35	97080553	97085553	0	0.0
clust0053	clustered_cis_ohnolog	chr7	36	97085553	97090553	0	0.0
clust0053	clustered_cis_ohnolog	chr7	37	97090553	97095553	0	0.0
clust0053	clustered_cis_ohnolog	chr7	38	97095553	97100553	0	0.0
clust0053	clustered_cis_ohnolog	chr7	39	97100553	97105553	2	0.252
clust0053	clustered_cis_ohnolog	chr7	40	97105553	97110553	0	0.0
clust0053	clustered_cis_ohnolog	chr7	41	97110553	97115553	0	0.0
clust0053	clustered_cis_ohnolog	chr7	42	97115553	97120553	0	0.0
clust0053	clustered_cis_ohnolog	chr7	43	97120553	97124950	0	0.0
clust0054	clustered_cis_ohnolog	chr8	0	23578697	23583697	0	0.0
clust0054	clustered_cis_ohnolog	chr8	1	23583697	23588697	0	0.0
clust0054	clustered_cis_ohnolog	chr8	2	23588697	23593697	2	0.252
clust0054	clustered_cis_ohnolog	chr8	3	23593697	23598697	0	0.0
clust0054	clustered_cis_ohnolog	chr8	4	23598697	23603697	0	0.0
clust0054	clustered_cis_ohnolog	chr8	5	23603697	23608697	0	0.0
clust0054	clustered_cis_ohnolog	chr8	6	23608697	23613697	0	0.0
clust0054	clustered_cis_ohnolog	chr8	7	23613697	23618697	0	0.0
clust0054	clustered_cis_ohnolog	chr8	8	23618697	23623697	0	0.0
clust0054	clustered_cis_ohnolog	chr8	9	23623697	23628697	0	0.0
clust0054	clustered_cis_ohnolog	chr8	10	23628697	23633697	0	0.0
clust0054	clustered_cis_ohnolog	chr8	11	23633697	23638697	0	0.0
clust0054	clustered_cis_ohnolog	chr8	12	23638697	23643697	0	0.0
clust0054	clustered_cis_ohnolog	chr8	13	23643697	23648697	0	0.0
clust0054	clustered_cis_ohnolog	chr8	14	23648697	23653697	0	0.0
clust0054	clustered_cis_ohnolog	chr8	15	23653697	23658697	0	0.0
clust0054	clustered_cis_ohnolog	chr8	16	23658697	23663697	0	0.0
clust0054	clustered_cis_ohnolog	chr8	17	23663697	23668697	0	0.0
clust0054	clustered_cis_ohnolog	chr8	18	23668697	23673697	0	0.0
clust0054	clustered_cis_ohnolog	chr8	19	23673697	23678697	0	0.0
clust0054	clustered_cis_ohnolog	chr8	20	23678697	23683697	0	0.0
clust0054	clustered_cis_ohnolog	chr8	21	23683697	23688697	0	0.0
clust0054	clustered_cis_ohnolog	chr8	22	23688697	23693697	2	0.179
clust0054	clustered_cis_ohnolog	chr8	23	23693697	23698697	0	0.0
clust0054	clustered_cis_ohnolog	chr8	24	23698697	23703697	0	0.0
clust0054	clustered_cis_ohnolog	chr8	25	23703697	23708697	0	0.0
clust0054	clustered_cis_ohnolog	chr8	26	23708697	23713697	0	0.0
clust0054	clustered_cis_ohnolog	chr8	27	23713697	23718697	0	0.0
clust0054	clustered_cis_ohnolog	chr8	28	23718697	23723697	0	0.0
clust0054	clustered_cis_ohnolog	chr8	29	23723697	23728697	0	0.0
clust0054	clustered_cis_ohnolog	chr8	30	23728697	23733697	0	0.0
clust0054	clustered_cis_ohnolog	chr8	31	23733697	23738697	0	0.0
clust0054	clustered_cis_ohnolog	chr8	32	23738697	23743697	0	0.0
clust0054	clustered_cis_ohnolog	chr8	33	23743697	23748697	0	0.0
clust0054	clustered_cis_ohnolog	chr8	34	23748697	23753697	0	0.0
clust0054	clustered_cis_ohnolog	chr8	35	23753697	23758697	1	0.126
clust0054	clustered_cis_ohnolog	chr8	36	23758697	23763697	0	0.0
clust0054	clustered_cis_ohnolog	chr8	37	23763697	23768697	0	0.0
clust0054	clustered_cis_ohnolog	chr8	38	23768697	23773697	0	0.0
clust0054	clustered_cis_ohnolog	chr8	39	23773697	23778697	0	0.0
clust0054	clustered_cis_ohnolog	chr8	40	23778697	23783697	0	0.0
clust0054	clustered_cis_ohnolog	chr8	41	23783697	23788697	0	0.0
clust0054	clustered_cis_ohnolog	chr8	42	23788697	23793697	0	0.0
clust0054	clustered_cis_ohnolog	chr8	43	23793697	23798697	0	0.0
clust0054	clustered_cis_ohnolog	chr8	44	23798697	23803697	0	0.0
clust0054	clustered_cis_ohnolog	chr8	45	23803697	23806756	0	0.0
clust0028	clustered_cis_ohnolog	chr8	0	143146821	143151821	0	0.0
clust0028	clustered_cis_ohnolog	chr8	1	143151821	143156821	0	0.0
clust0028	clustered_cis_ohnolog	chr8	2	143156821	143161821	0	0.0
clust0028	clustered_cis_ohnolog	chr8	3	143161821	143166821	0	0.0
clust0028	clustered_cis_ohnolog	chr8	4	143166821	143171821	0	0.0
clust0028	clustered_cis_ohnolog	chr8	5	143171821	143176821	0	0.0
clust0028	clustered_cis_ohnolog	chr8	6	143176821	143181821	0	0.0
clust0028	clustered_cis_ohnolog	chr8	7	143181821	143186821	0	0.0
clust0028	clustered_cis_ohnolog	chr8	8	143186821	143191821	0	0.0
clust0028	clustered_cis_ohnolog	chr8	9	143191821	143196821	0	0.0
clust0028	clustered_cis_ohnolog	chr8	10	143196821	143201821	0	0.0
clust0028	clustered_cis_ohnolog	chr8	11	143201821	143206821	0	0.0
clust0028	clustered_cis_ohnolog	chr8	12	143206821	143211821	0	0.0
clust0028	clustered_cis_ohnolog	chr8	13	143211821	143216821	0	0.0
clust0028	clustered_cis_ohnolog	chr8	14	143216821	143221821	0	0.0
clust0028	clustered_cis_ohnolog	chr8	15	143221821	143226821	0	0.0
clust0028	clustered_cis_ohnolog	chr8	16	143226821	143231821	1	0.1572
clust0028	clustered_cis_ohnolog	chr8	17	143231821	143236821	1	0.0948
clust0028	clustered_cis_ohnolog	chr8	18	143236821	143241821	0	0.0
clust0028	clustered_cis_ohnolog	chr8	19	143241821	143246821	0	0.0
clust0028	clustered_cis_ohnolog	chr8	20	143246821	143251821	0	0.0
clust0028	clustered_cis_ohnolog	chr8	21	143251821	143256821	0	0.0
clust0028	clustered_cis_ohnolog	chr8	22	143256821	143261821	0	0.0
clust0028	clustered_cis_ohnolog	chr8	23	143261821	143266821	0	0.0
clust0028	clustered_cis_ohnolog	chr8	24	143266821	143271821	0	0.0
clust0028	clustered_cis_ohnolog	chr8	25	143271821	143276821	1	0.1078
clust0028	clustered_cis_ohnolog	chr8	26	143276821	143281821	2	0.2126
clust0028	clustered_cis_ohnolog	chr8	27	143281821	143286821	2	0.2468
clust0028	clustered_cis_ohnolog	chr8	28	143286821	143291821	2	0.2218
clust0028	clustered_cis_ohnolog	chr8	29	143291821	143296821	0	0.0302
clust0028	clustered_cis_ohnolog	chr8	30	143296821	143301821	0	0.0
clust0028	clustered_cis_ohnolog	chr8	31	143301821	143306821	0	0.0
clust0028	clustered_cis_ohnolog	chr8	32	143306821	143311821	0	0.0
clust0028	clustered_cis_ohnolog	chr8	33	143311821	143316821	1	0.126
clust0028	clustered_cis_ohnolog	chr8	34	143316821	143321821	0	0.0
clust0028	clustered_cis_ohnolog	chr8	35	143321821	143326821	0	0.0
clust0028	clustered_cis_ohnolog	chr8	36	143326821	143331821	0	0.0
clust0028	clustered_cis_ohnolog	chr8	37	143331821	143336821	0	0.0
clust0028	clustered_cis_ohnolog	chr8	38	143336821	143341821	0	0.0
clust0028	clustered_cis_ohnolog	chr8	39	143341821	143346821	0	0.0
clust0028	clustered_cis_ohnolog	chr8	40	143346821	143351821	0	0.0
clust0028	clustered_cis_ohnolog	chr8	41	143351821	143356821	0	0.0
clust0028	clustered_cis_ohnolog	chr8	42	143356821	143361821	0	0.0
clust0028	clustered_cis_ohnolog	chr8	43	143361821	143366821	0	0.0
clust0028	clustered_cis_ohnolog	chr8	44	143366821	143371821	0	0.0
clust0028	clustered_cis_ohnolog	chr8	45	143371821	143376821	0	0.0
clust0028	clustered_cis_ohnolog	chr8	46	143376821	143381821	0	0.0
clust0028	clustered_cis_ohnolog	chr8	47	143381821	143386821	2	0.1934
clust0028	clustered_cis_ohnolog	chr8	48	143386821	143391821	0	0.0
clust0028	clustered_cis_ohnolog	chr8	49	143391821	143396821	0	0.0
clust0028	clustered_cis_ohnolog	chr8	50	143396821	143399952	0	0.0
clust0059	clustered_cis_ohnolog	chr9	0	124381236	124386236	0	0.0
clust0059	clustered_cis_ohnolog	chr9	1	124386236	124391236	0	0.0
clust0059	clustered_cis_ohnolog	chr9	2	124391236	124396236	0	0.0
clust0059	clustered_cis_ohnolog	chr9	3	124396236	124401236	0	0.0
clust0059	clustered_cis_ohnolog	chr9	4	124401236	124406236	0	0.0
clust0059	clustered_cis_ohnolog	chr9	5	124406236	124411236	1	0.126
clust0059	clustered_cis_ohnolog	chr9	6	124411236	124416236	2	0.19
clust0059	clustered_cis_ohnolog	chr9	7	124416236	124421236	2	0.252
clust0059	clustered_cis_ohnolog	chr9	8	124421236	124426236	0	0.0
clust0059	clustered_cis_ohnolog	chr9	9	124426236	124431236	0	0.0
clust0059	clustered_cis_ohnolog	chr9	10	124431236	124436236	0	0.0
clust0059	clustered_cis_ohnolog	chr9	11	124436236	124441236	0	0.0
clust0059	clustered_cis_ohnolog	chr9	12	124441236	124446236	0	0.0
clust0059	clustered_cis_ohnolog	chr9	13	124446236	124451236	1	0.126
clust0059	clustered_cis_ohnolog	chr9	14	124451236	124456236	0	0.0
clust0059	clustered_cis_ohnolog	chr9	15	124456236	124461236	0	0.0
clust0059	clustered_cis_ohnolog	chr9	16	124461236	124466236	0	0.0
clust0059	clustered_cis_ohnolog	chr9	17	124466236	124471236	0	0.0
clust0059	clustered_cis_ohnolog	chr9	18	124471236	124476236	0	0.0
clust0059	clustered_cis_ohnolog	chr9	19	124476236	124481236	0	0.0
clust0059	clustered_cis_ohnolog	chr9	20	124481236	124486236	0	0.0
clust0059	clustered_cis_ohnolog	chr9	21	124486236	124491236	0	0.0
clust0059	clustered_cis_ohnolog	chr9	22	124491236	124496236	0	0.0
clust0059	clustered_cis_ohnolog	chr9	23	124496236	124501236	0	0.0
clust0059	clustered_cis_ohnolog	chr9	24	124501236	124506236	0	0.0
clust0059	clustered_cis_ohnolog	chr9	25	124506236	124511236	0	0.0
clust0059	clustered_cis_ohnolog	chr9	26	124511236	124516236	0	0.0
clust0059	clustered_cis_ohnolog	chr9	27	124516236	124521236	0	0.0
clust0059	clustered_cis_ohnolog	chr9	28	124521236	124526236	0	0.0
clust0059	clustered_cis_ohnolog	chr9	29	124526236	124531236	0	0.0
clust0059	clustered_cis_ohnolog	chr9	30	124531236	124536236	0	0.0
clust0059	clustered_cis_ohnolog	chr9	31	124536236	124541236	3	0.3108
clust0059	clustered_cis_ohnolog	chr9	32	124541236	124546236	0	0.0
clust0059	clustered_cis_ohnolog	chr9	33	124546236	124551236	0	0.0
clust0059	clustered_cis_ohnolog	chr9	34	124551236	124556236	2	0.252
clust0059	clustered_cis_ohnolog	chr9	35	124556236	124561236	0	0.0
clust0059	clustered_cis_ohnolog	chr9	36	124561236	124566236	0	0.0
clust0059	clustered_cis_ohnolog	chr9	37	124566236	124571236	0	0.0
clust0059	clustered_cis_ohnolog	chr9	38	124571236	124576236	0	0.0
clust0059	clustered_cis_ohnolog	chr9	39	124576236	124581236	0	0.0
clust0059	clustered_cis_ohnolog	chr9	40	124581236	124586236	0	0.0
clust0059	clustered_cis_ohnolog	chr9	41	124586236	124591236	0	0.0
clust0059	clustered_cis_ohnolog	chr9	42	124591236	124596236	0	0.0
clust0059	clustered_cis_ohnolog	chr9	43	124596236	124601236	0	0.0
clust0059	clustered_cis_ohnolog	chr9	44	124601236	124606236	0	0.0
clust0059	clustered_cis_ohnolog	chr9	45	124606236	124611236	0	0.0
clust0059	clustered_cis_ohnolog	chr9	46	124611236	124616236	0	0.0
clust0059	clustered_cis_ohnolog	chr9	47	124616236	124621236	2	0.252
clust0059	clustered_cis_ohnolog	chr9	48	124621236	124626236	0	0.0
clust0059	clustered_cis_ohnolog	chr9	49	124626236	124631236	0	0.0
clust0059	clustered_cis_ohnolog	chr9	50	124631236	124636236	0	0.0
clust0059	clustered_cis_ohnolog	chr9	51	124636236	124641236	0	0.0
clust0059	clustered_cis_ohnolog	chr9	52	124641236	124646236	0	0.0
clust0059	clustered_cis_ohnolog	chr9	53	124646236	124651236	0	0.0
clust0059	clustered_cis_ohnolog	chr9	54	124651236	124656236	0	0.0
clust0059	clustered_cis_ohnolog	chr9	55	124656236	124661236	0	0.0
clust0059	clustered_cis_ohnolog	chr9	56	124661236	124666236	0	0.0
clust0059	clustered_cis_ohnolog	chr9	57	124666236	124671236	0	0.0
clust0059	clustered_cis_ohnolog	chr9	58	124671236	124676236	0	0.0
clust0059	clustered_cis_ohnolog	chr9	59	124676236	124681236	0	0.0
clust0059	clustered_cis_ohnolog	chr9	60	124681236	124686236	0	0.0
clust0059	clustered_cis_ohnolog	chr9	61	124686236	124691236	0	0.0
clust0059	clustered_cis_ohnolog	chr9	62	124691236	124696236	0	0.0
clust0059	clustered_cis_ohnolog	chr9	63	124696236	124701236	0	0.0
clust0059	clustered_cis_ohnolog	chr9	64	124701236	124706236	0	0.0
clust0059	clustered_cis_ohnolog	chr9	65	124706236	124711236	0	0.0
clust0059	clustered_cis_ohnolog	chr9	66	124711236	124716236	2	0.2176
clust0059	clustered_cis_ohnolog	chr9	67	124716236	124721236	0	0.0
clust0059	clustered_cis_ohnolog	chr9	68	124721236	124726236	0	0.0
clust0059	clustered_cis_ohnolog	chr9	69	124726236	124731236	0	0.0
clust0059	clustered_cis_ohnolog	chr9	70	124731236	124736236	0	0.0
clust0059	clustered_cis_ohnolog	chr9	71	124736236	124741236	0	0.0
clust0059	clustered_cis_ohnolog	chr9	72	124741236	124746236	0	0.0
clust0059	clustered_cis_ohnolog	chr9	73	124746236	124751236	0	0.0
clust0059	clustered_cis_ohnolog	chr9	74	124751236	124756236	0	0.0
clust0059	clustered_cis_ohnolog	chr9	75	124756236	124761236	0	0.0
clust0059	clustered_cis_ohnolog	chr9	76	124761236	124766236	0	0.0
clust0059	clustered_cis_ohnolog	chr9	77	124766236	124771236	0	0.0
clust0059	clustered_cis_ohnolog	chr9	78	124771236	124776236	3	0.3226
clust0059	clustered_cis_ohnolog	chr9	79	124776236	124781236	0	0.0
clust0059	clustered_cis_ohnolog	chr9	80	124781236	124786236	0	0.0
clust0059	clustered_cis_ohnolog	chr9	81	124786236	124791236	0	0.0
clust0059	clustered_cis_ohnolog	chr9	82	124791236	124796236	0	0.0
clust0059	clustered_cis_ohnolog	chr9	83	124796236	124801236	0	0.0
clust0059	clustered_cis_ohnolog	chr9	84	124801236	124806236	0	0.0
clust0059	clustered_cis_ohnolog	chr9	85	124806236	124811236	0	0.0
clust0059	clustered_cis_ohnolog	chr9	86	124811236	124816236	0	0.0
clust0059	clustered_cis_ohnolog	chr9	87	124816236	124821236	0	0.0
clust0059	clustered_cis_ohnolog	chr9	88	124821236	124826236	0	0.0
clust0059	clustered_cis_ohnolog	chr9	89	124826236	124831236	0	0.0
clust0059	clustered_cis_ohnolog	chr9	90	124831236	124836236	0	0.0
clust0059	clustered_cis_ohnolog	chr9	91	124836236	124841236	0	0.0
clust0059	clustered_cis_ohnolog	chr9	92	124841236	124846236	0	0.0
clust0059	clustered_cis_ohnolog	chr9	93	124846236	124851236	0	0.0
clust0059	clustered_cis_ohnolog	chr9	94	124851236	124856236	2	0.1994
clust0059	clustered_cis_ohnolog	chr9	95	124856236	124861236	0	0.0032
clust0059	clustered_cis_ohnolog	chr9	96	124861236	124866236	2	0.2488
clust0059	clustered_cis_ohnolog	chr9	97	124866236	124871236	0	0.0
clust0059	clustered_cis_ohnolog	chr9	98	124871236	124871311	0	0.0
